{"textures":{"2":"modelengine:entity/undeadcrew5"},"elements":[{"from":[5.9320116,8.0,5.4433336],"to":[9.932012,10.285714,8.871904],"rotation":{"angle":0.0,"axis":"y","origin":[7.981134,8.642858,8.578911]},"faces":{"east":{"uv":[8.7505,4.0005,10.2495,4.9995],"rotation":0,"texture":"#2","tintindex":0},"south":{"uv":[7.7505,3.0005,9.4995,3.9995],"rotation":0,"texture":"#2","tintindex":0},"north":{"uv":[6.0005,4.7505,7.7495,5.7495],"rotation":0,"texture":"#2","tintindex":0},"west":{"uv":[1.7505,9.0005,3.2495,9.9995],"rotation":0,"texture":"#2","tintindex":0},"up":{"uv":[9.4995,9.2495,7.7505,7.7505],"rotation":0,"texture":"#2","tintindex":0},"down":{"uv":[9.4995,1.5005,7.7505,2.9995],"rotation":0,"texture":"#2","tintindex":0}}},{"from":[6.5034404,6.285714,5.4433336],"to":[9.360583,8.0,7.729048],"rotation":{"angle":0.0,"axis":"y","origin":[7.981134,8.642858,8.578911]},"faces":{"east":{"uv":[9.5005,8.2505,10.4995,8.9995],"rotation":0,"texture":"#2","tintindex":0},"south":{"uv":[8.7505,9.2505,9.9995,9.9995],"rotation":0,"texture":"#2","tintindex":0},"north":{"uv":[7.5005,9.2505,8.7495,9.9995],"rotation":0,"texture":"#2","tintindex":0},"west":{"uv":[5.2505,10.0005,6.2495,10.7495],"rotation":0,"texture":"#2","tintindex":0},"up":{"uv":[6.2495,9.9995,5.0005,9.0005],"rotation":0,"texture":"#2","tintindex":0},"down":{"uv":[7.4995,9.0005,6.2505,9.9995],"rotation":0,"texture":"#2","tintindex":0}}},{"from":[7.808547,6.857143,8.820681],"to":[7.808547,11.428572,12.820681],"rotation":{"angle":45.0,"axis":"y","origin":[7.981134,8.642858,8.578911]},"faces":{"east":{"uv":[6.0015626,6.0015626,7.7484374,7.9984374],"rotation":0,"texture":"#2","tintindex":0},"south":{"uv":[-0.0015625,0.0015625,-0.0640625,1.9984375],"rotation":0,"texture":"#2","tintindex":0},"north":{"uv":[-0.0015625,0.0015625,-0.0640625,1.9984375],"rotation":0,"texture":"#2","tintindex":0},"west":{"uv":[7.7484374,6.0015626,6.0015626,7.9984374],"rotation":0,"texture":"#2","tintindex":0},"up":{"uv":[-0.0015625,1.7484375,-0.0640625,0.0015625],"rotation":0,"texture":"#2","tintindex":0},"down":{"uv":[-0.0015625,0.0015625,-0.0640625,1.7484375],"rotation":0,"texture":"#2","tintindex":0}}},{"from":[8.222903,6.857143,8.750926],"to":[8.222903,11.428572,12.750926],"rotation":{"angle":-45.0,"axis":"y","origin":[7.981134,8.642858,8.578911]},"faces":{"east":{"uv":[6.0005,6.0005,7.7495,7.9995],"rotation":0,"texture":"#2","tintindex":0},"south":{"uv":[5.0E-4,5.0E-4,-0.0015625,1.9995],"rotation":0,"texture":"#2","tintindex":0},"north":{"uv":[5.0E-4,5.0E-4,-0.0015625,1.9995],"rotation":0,"texture":"#2","tintindex":0},"west":{"uv":[7.7495,6.0005,6.0005,7.9995],"rotation":0,"texture":"#2","tintindex":0},"up":{"uv":[5.0E-4,1.7495,-0.0015625,5.0E-4],"rotation":0,"texture":"#2","tintindex":0},"down":{"uv":[5.0E-4,5.0E-4,-0.0015625,1.7495],"rotation":0,"texture":"#2","tintindex":0}}}],"display":{"head":{"translation":[0.0,-6.4,0.0],"scale":[4.0,4.0,4.0]}}}