{"textures":{"0":"modelengine:entity/kraken_head"},"elements":[{"from":[-0.57142925,11.42857,7.028571],"to":[16.57143,32.0,20.171429],"rotation":{"angle":22.5,"axis":"x","origin":[2.8571424,18.285713,15.428572]},"faces":{"east":{"uv":[2.125,4.5,3.5625,6.75],"rotation":0,"texture":"#0","tintindex":0},"south":{"uv":[2.125,2.25,4.0,4.5],"rotation":0,"texture":"#0","tintindex":0},"north":{"uv":[2.125,0.0,4.0,2.25],"rotation":0,"texture":"#0","tintindex":0},"west":{"uv":[3.5625,4.6875,5.0,6.9375],"rotation":0,"texture":"#0","tintindex":0},"up":{"uv":[6.875,7.5625,5.0,6.125],"rotation":0,"texture":"#0","tintindex":0},"down":{"uv":[3.25,6.75,1.375,8.1875],"rotation":0,"texture":"#0","tintindex":0}}},{"from":[13.142858,9.714285,2.8571424],"to":[15.428572,14.8571415,8.0],"rotation":{"angle":22.5,"axis":"y","origin":[15.428572,13.714285,2.8571424]},"faces":{"east":{"uv":[6.6875,3.6875,7.25,4.25],"rotation":0,"texture":"#0","tintindex":0},"south":{"uv":[2.125,8.1875,2.375,8.75],"rotation":0,"texture":"#0","tintindex":0},"north":{"uv":[1.875,8.1875,2.125,8.75],"rotation":0,"texture":"#0","tintindex":0},"west":{"uv":[7.25,5.0625,7.8125,5.625],"rotation":0,"texture":"#0","tintindex":0},"up":{"uv":[2.625,8.75,2.375,8.1875],"rotation":0,"texture":"#0","tintindex":0},"down":{"uv":[2.875,8.1875,2.625,8.75],"rotation":0,"texture":"#0","tintindex":0}}},{"from":[1.7142854,18.457142,2.1714282],"to":[14.285715,31.599998,22.742857],"rotation":{"angle":-22.5,"axis":"x","origin":[2.8571424,13.714285,4.5714283]},"faces":{"east":{"uv":[5.0,4.6875,7.25,6.125],"rotation":0,"texture":"#0","tintindex":0},"south":{"uv":[8.125,7.75,9.5,9.1875],"rotation":0,"texture":"#0","tintindex":0},"north":{"uv":[0.0,8.0625,1.375,9.5],"rotation":0,"texture":"#0","tintindex":0},"west":{"uv":[6.125,0.0,8.375,1.4375],"rotation":0,"texture":"#0","tintindex":0},"up":{"uv":[1.375,8.0625,0.0,5.8125],"rotation":0,"texture":"#0","tintindex":0},"down":{"uv":[7.5,1.4375,6.125,3.6875],"rotation":0,"texture":"#0","tintindex":0}}},{"from":[0.5714283,4.5714273,0.5714283],"to":[15.428572,17.142857,15.428572],"rotation":{"angle":0.0,"axis":"y","origin":[3.4285712,13.714285,4.5714283]},"faces":{"east":{"uv":[7.5,1.4375,9.125,2.8125],"rotation":0,"texture":"#0","tintindex":0},"south":{"uv":[4.875,7.5625,6.5,8.9375],"rotation":0,"texture":"#0","tintindex":0},"north":{"uv":[7.25,3.6875,8.875,5.0625],"rotation":0,"texture":"#0","tintindex":0},"west":{"uv":[6.5,7.75,8.125,9.125],"rotation":0,"texture":"#0","tintindex":0},"up":{"uv":[8.5,7.75,6.875,6.125],"rotation":0,"texture":"#0","tintindex":0},"down":{"uv":[4.875,6.9375,3.25,8.5625],"rotation":0,"texture":"#0","tintindex":0}}},{"from":[0.5714283,9.714285,2.8571424],"to":[2.8571424,14.8571415,8.0],"rotation":{"angle":-22.5,"axis":"y","origin":[0.5714283,13.714285,2.8571424]},"faces":{"east":{"uv":[1.375,5.8125,1.9375,6.375],"rotation":0,"texture":"#0","tintindex":0},"south":{"uv":[8.125,2.8125,8.375,3.375],"rotation":0,"texture":"#0","tintindex":0},"north":{"uv":[7.875,2.8125,8.125,3.375],"rotation":0,"texture":"#0","tintindex":0},"west":{"uv":[6.125,3.6875,6.6875,4.25],"rotation":0,"texture":"#0","tintindex":0},"up":{"uv":[1.625,8.75,1.375,8.1875],"rotation":0,"texture":"#0","tintindex":0},"down":{"uv":[1.875,8.1875,1.625,8.75],"rotation":0,"texture":"#0","tintindex":0}}},{"from":[-1.7142859,14.8571415,-0.57142925],"to":[17.714287,29.142857,18.857143],"rotation":{"angle":0.0,"axis":"y","origin":[2.8571424,13.714285,4.5714283]},"faces":{"east":{"uv":[4.0,1.5625,6.125,3.125],"rotation":0,"texture":"#0","tintindex":0},"south":{"uv":[4.0,3.125,6.125,4.6875],"rotation":0,"texture":"#0","tintindex":0},"north":{"uv":[4.0,0.0,6.125,1.5625],"rotation":0,"texture":"#0","tintindex":0},"west":{"uv":[0.0,4.25,2.125,5.8125],"rotation":0,"texture":"#0","tintindex":0},"up":{"uv":[2.125,2.125,0.0,0.0],"rotation":0,"texture":"#0","tintindex":0},"down":{"uv":[2.125,2.125,0.0,4.25],"rotation":0,"texture":"#0","tintindex":0}}},{"from":[-1.4285717,13.485714,1.5999999],"to":[1.9999995,15.771428,7.3142858],"rotation":{"angle":-22.5,"axis":"x","origin":[0.85714245,13.714285,2.8571424]},"faces":{"east":{"uv":[6.125,4.25,6.75,4.5],"rotation":0,"texture":"#0","tintindex":0},"south":{"uv":[7.25,5.625,7.625,5.875],"rotation":0,"texture":"#0","tintindex":0},"north":{"uv":[6.75,4.25,7.125,4.5],"rotation":0,"texture":"#0","tintindex":0},"west":{"uv":[1.375,6.375,2.0,6.625],"rotation":0,"texture":"#0","tintindex":0},"up":{"uv":[7.875,3.4375,7.5,2.8125],"rotation":0,"texture":"#0","tintindex":0},"down":{"uv":[8.1875,5.0625,7.8125,5.6875],"rotation":0,"texture":"#0","tintindex":0}}},{"from":[14.0,13.485714,1.5999999],"to":[17.428572,15.771428,7.3142858],"rotation":{"angle":-22.5,"axis":"x","origin":[15.142858,13.714285,2.8571424]},"faces":{"east":{"uv":[2.0,6.375,1.375,6.625],"rotation":0,"texture":"#0","tintindex":0},"south":{"uv":[7.625,5.625,7.25,5.875],"rotation":0,"texture":"#0","tintindex":0},"north":{"uv":[7.125,4.25,6.75,4.5],"rotation":0,"texture":"#0","tintindex":0},"west":{"uv":[6.75,4.25,6.125,4.5],"rotation":0,"texture":"#0","tintindex":0},"up":{"uv":[7.5,3.4375,7.875,2.8125],"rotation":0,"texture":"#0","tintindex":0},"down":{"uv":[7.8125,5.0625,8.1875,5.6875],"rotation":0,"texture":"#0","tintindex":0}}}],"display":{"head":{"translation":[0.0,-1.8285661,0.0],"scale":[4.0,4.0,4.0]}}}