{"textures":{"0":"modelengine:entity/kraken_head"},"elements":[{"from":[-4.8571434,1.1428566,6.542857],"to":[20.857143,32.0,26.257145],"rotation":{"angle":22.5,"axis":"x","origin":[0.28571415,11.428572,19.142857]},"faces":{"east":{"uv":[2.125,4.5,3.5625,6.75],"rotation":0,"texture":"#0","tintindex":0},"south":{"uv":[2.125,2.25,4.0,4.5],"rotation":0,"texture":"#0","tintindex":0},"north":{"uv":[2.125,0.0,4.0,2.25],"rotation":0,"texture":"#0","tintindex":0},"west":{"uv":[3.5625,4.6875,5.0,6.9375],"rotation":0,"texture":"#0","tintindex":0},"up":{"uv":[6.875,7.5625,5.0,6.125],"rotation":0,"texture":"#0","tintindex":0},"down":{"uv":[3.25,6.75,1.375,8.1875],"rotation":0,"texture":"#0","tintindex":0}}},{"from":[15.714286,-1.4285717,0.28571415],"to":[19.142857,6.285714,8.0],"rotation":{"angle":22.5,"axis":"y","origin":[19.142857,4.5714283,0.28571415]},"faces":{"east":{"uv":[6.6875,3.6875,7.25,4.25],"rotation":0,"texture":"#0","tintindex":0},"south":{"uv":[2.125,8.1875,2.375,8.75],"rotation":0,"texture":"#0","tintindex":0},"north":{"uv":[1.875,8.1875,2.125,8.75],"rotation":0,"texture":"#0","tintindex":0},"west":{"uv":[7.25,5.0625,7.8125,5.625],"rotation":0,"texture":"#0","tintindex":0},"up":{"uv":[2.625,8.75,2.375,8.1875],"rotation":0,"texture":"#0","tintindex":0},"down":{"uv":[2.875,8.1875,2.625,8.75],"rotation":0,"texture":"#0","tintindex":0}}},{"from":[-1.4285717,11.685715,-0.74285793],"to":[17.428572,31.399998,30.114286],"rotation":{"angle":-22.5,"axis":"x","origin":[0.28571415,4.5714283,2.8571424]},"faces":{"east":{"uv":[5.0,4.6875,7.25,6.125],"rotation":0,"texture":"#0","tintindex":0},"south":{"uv":[8.125,7.75,9.5,9.1875],"rotation":0,"texture":"#0","tintindex":0},"north":{"uv":[0.0,8.0625,1.375,9.5],"rotation":0,"texture":"#0","tintindex":0},"west":{"uv":[6.125,0.0,8.375,1.4375],"rotation":0,"texture":"#0","tintindex":0},"up":{"uv":[1.375,8.0625,0.0,5.8125],"rotation":0,"texture":"#0","tintindex":0},"down":{"uv":[7.5,1.4375,6.125,3.6875],"rotation":0,"texture":"#0","tintindex":0}}},{"from":[-3.1428576,-9.1428585,-3.1428576],"to":[19.142857,9.714285,19.142857],"rotation":{"angle":0.0,"axis":"y","origin":[1.1428566,4.5714283,2.8571424]},"faces":{"east":{"uv":[7.5,1.4375,9.125,2.8125],"rotation":0,"texture":"#0","tintindex":0},"south":{"uv":[4.875,7.5625,6.5,8.9375],"rotation":0,"texture":"#0","tintindex":0},"north":{"uv":[7.25,3.6875,8.875,5.0625],"rotation":0,"texture":"#0","tintindex":0},"west":{"uv":[6.5,7.75,8.125,9.125],"rotation":0,"texture":"#0","tintindex":0},"up":{"uv":[8.5,7.75,6.875,6.125],"rotation":0,"texture":"#0","tintindex":0},"down":{"uv":[4.875,6.9375,3.25,8.5625],"rotation":0,"texture":"#0","tintindex":0}}},{"from":[-3.1428576,-1.4285717,0.28571415],"to":[0.28571415,6.285714,8.0],"rotation":{"angle":-22.5,"axis":"y","origin":[-3.1428576,4.5714283,0.28571415]},"faces":{"east":{"uv":[1.375,5.8125,1.9375,6.375],"rotation":0,"texture":"#0","tintindex":0},"south":{"uv":[8.125,2.8125,8.375,3.375],"rotation":0,"texture":"#0","tintindex":0},"north":{"uv":[7.875,2.8125,8.125,3.375],"rotation":0,"texture":"#0","tintindex":0},"west":{"uv":[6.125,3.6875,6.6875,4.25],"rotation":0,"texture":"#0","tintindex":0},"up":{"uv":[1.625,8.75,1.375,8.1875],"rotation":0,"texture":"#0","tintindex":0},"down":{"uv":[1.875,8.1875,1.625,8.75],"rotation":0,"texture":"#0","tintindex":0}}},{"from":[-6.5714293,6.285714,-4.8571434],"to":[22.57143,27.714287,24.285715],"rotation":{"angle":0.0,"axis":"y","origin":[0.28571415,4.5714283,2.8571424]},"faces":{"east":{"uv":[4.0,1.5625,6.125,3.125],"rotation":0,"texture":"#0","tintindex":0},"south":{"uv":[4.0,3.125,6.125,4.6875],"rotation":0,"texture":"#0","tintindex":0},"north":{"uv":[4.0,0.0,6.125,1.5625],"rotation":0,"texture":"#0","tintindex":0},"west":{"uv":[0.0,4.25,2.125,5.8125],"rotation":0,"texture":"#0","tintindex":0},"up":{"uv":[2.125,2.125,0.0,0.0],"rotation":0,"texture":"#0","tintindex":0},"down":{"uv":[2.125,2.125,0.0,4.25],"rotation":0,"texture":"#0","tintindex":0}}},{"from":[-6.1428576,4.228571,-1.6000004],"to":[-1.0,7.6571417,6.9714284],"rotation":{"angle":-22.5,"axis":"x","origin":[-2.7142859,4.5714283,0.28571415]},"faces":{"east":{"uv":[6.125,4.25,6.75,4.5],"rotation":0,"texture":"#0","tintindex":0},"south":{"uv":[7.25,5.625,7.625,5.875],"rotation":0,"texture":"#0","tintindex":0},"north":{"uv":[6.75,4.25,7.125,4.5],"rotation":0,"texture":"#0","tintindex":0},"west":{"uv":[1.375,6.375,2.0,6.625],"rotation":0,"texture":"#0","tintindex":0},"up":{"uv":[7.875,3.4375,7.5,2.8125],"rotation":0,"texture":"#0","tintindex":0},"down":{"uv":[8.1875,5.0625,7.8125,5.6875],"rotation":0,"texture":"#0","tintindex":0}}},{"from":[17.0,4.228571,-1.6000004],"to":[22.142857,7.6571417,6.9714284],"rotation":{"angle":-22.5,"axis":"x","origin":[18.714287,4.5714283,0.28571415]},"faces":{"east":{"uv":[2.0,6.375,1.375,6.625],"rotation":0,"texture":"#0","tintindex":0},"south":{"uv":[7.625,5.625,7.25,5.875],"rotation":0,"texture":"#0","tintindex":0},"north":{"uv":[7.125,4.25,6.75,4.5],"rotation":0,"texture":"#0","tintindex":0},"west":{"uv":[6.75,4.25,6.125,4.5],"rotation":0,"texture":"#0","tintindex":0},"up":{"uv":[7.5,3.4375,7.875,2.8125],"rotation":0,"texture":"#0","tintindex":0},"down":{"uv":[7.8125,5.0625,8.1875,5.6875],"rotation":0,"texture":"#0","tintindex":0}}}],"display":{"head":{"translation":[0.0,48.457146,0.0],"scale":[4.0,4.0,4.0]}}}