{"textures":{"1":"modelengine:entity/darkershell"},"elements":[{"from":[4.9142857,-0.57142925,6.1714287],"to":[10.6285715,8.0,10.742857],"rotation":{"angle":0.0,"axis":"y","origin":[7.3142858,44.800003,24.57143]},"faces":{"east":{"uv":[2.75,11.6875,3.25,12.625],"rotation":0,"texture":"#1","tintindex":0},"south":{"uv":[11.4375,11.3125,12.0625,12.25],"rotation":0,"texture":"#1","tintindex":0},"north":{"uv":[11.4375,10.375,12.0625,11.3125],"rotation":0,"texture":"#1","tintindex":0},"west":{"uv":[3.25,11.6875,3.75,12.625],"rotation":0,"texture":"#1","tintindex":0},"up":{"uv":[12.5625,7.125,11.9375,6.625],"rotation":0,"texture":"#1","tintindex":0},"down":{"uv":[12.5625,7.125,11.9375,7.625],"rotation":0,"texture":"#1","tintindex":0}}}],"display":{"head":{"translation":[0.0,-6.4,0.0],"scale":[4.0,4.0,4.0]}}}