{"textures":{"1":"modelengine:entity/darkershell"},"elements":[{"from":[5.8285713,-0.6857147,6.742857],"to":[9.828571,7.885714,10.742857],"rotation":{"angle":0.0,"axis":"y","origin":[7.428571,62.285717,25.142859]},"faces":{"east":{"uv":[11.6875,4.0,12.125,4.9375],"rotation":0,"texture":"#1","tintindex":0},"south":{"uv":[0.0,11.8125,0.4375,12.75],"rotation":0,"texture":"#1","tintindex":0},"north":{"uv":[3.75,11.6875,4.1875,12.625],"rotation":0,"texture":"#1","tintindex":0},"west":{"uv":[0.4375,11.8125,0.875,12.75],"rotation":0,"texture":"#1","tintindex":0},"up":{"uv":[12.375,8.75,11.9375,8.3125],"rotation":0,"texture":"#1","tintindex":0},"down":{"uv":[12.375,8.75,11.9375,9.1875],"rotation":0,"texture":"#1","tintindex":0}}}],"display":{"head":{"translation":[0.0,-6.4,0.0],"scale":[4.0,4.0,4.0]}}}