{"textures":{"1":"modelengine:entity/darkershell"},"elements":[{"from":[5.771428,0.5714283,6.742857],"to":[9.771429,8.0,9.028571],"rotation":{"angle":0.0,"axis":"y","origin":[7.3714285,62.457146,25.142859]},"faces":{"east":{"uv":[8.4375,9.0,8.6875,9.8125],"rotation":0,"texture":"#1","tintindex":0},"south":{"uv":[7.125,11.875,7.5625,12.6875],"rotation":0,"texture":"#1","tintindex":0},"north":{"uv":[6.6875,11.875,7.125,12.6875],"rotation":0,"texture":"#1","tintindex":0},"west":{"uv":[4.8125,11.9375,5.0625,12.75],"rotation":0,"texture":"#1","tintindex":0},"up":{"uv":[10.75,3.3125,10.3125,3.0625],"rotation":0,"texture":"#1","tintindex":0},"down":{"uv":[11.1875,3.0625,10.75,3.3125],"rotation":0,"texture":"#1","tintindex":0}}}],"display":{"head":{"translation":[0.0,-6.4,0.0],"scale":[4.0,4.0,4.0]}}}