{"textures":{"1":"modelengine:entity/darkershell"},"elements":[{"from":[6.2285714,0.5714283,6.742857],"to":[10.228572,8.0,9.028571],"rotation":{"angle":0.0,"axis":"y","origin":[8.6285715,62.457146,25.142859]},"faces":{"east":{"uv":[5.0625,11.9375,4.8125,12.75],"rotation":0,"texture":"#1","tintindex":0},"south":{"uv":[7.5625,11.875,7.125,12.6875],"rotation":0,"texture":"#1","tintindex":0},"north":{"uv":[7.125,11.875,6.6875,12.6875],"rotation":0,"texture":"#1","tintindex":0},"west":{"uv":[8.6875,9.0,8.4375,9.8125],"rotation":0,"texture":"#1","tintindex":0},"up":{"uv":[10.3125,3.3125,10.75,3.0625],"rotation":0,"texture":"#1","tintindex":0},"down":{"uv":[10.75,3.0625,11.1875,3.3125],"rotation":0,"texture":"#1","tintindex":0}}}],"display":{"head":{"translation":[0.0,-6.4,0.0],"scale":[4.0,4.0,4.0]}}}