{"textures":{"1":"modelengine:entity/darkershell"},"elements":[{"from":[4.5142856,0.0,6.1714287],"to":[11.942858,8.571428,11.885715],"rotation":{"angle":0.0,"axis":"y","origin":[8.742857,19.2,24.57143]},"faces":{"east":{"uv":[12.0,0.0,11.375,0.9375],"rotation":0,"texture":"#1","tintindex":0},"south":{"uv":[3.4375,10.75,2.625,11.6875],"rotation":0,"texture":"#1","tintindex":0},"north":{"uv":[2.625,10.75,1.8125,11.6875],"rotation":0,"texture":"#1","tintindex":0},"west":{"uv":[11.9375,9.4375,11.3125,10.375],"rotation":0,"texture":"#1","tintindex":0},"up":{"uv":[0.9375,12.25,1.75,11.625],"rotation":0,"texture":"#1","tintindex":0},"down":{"uv":[5.0625,11.625,5.875,12.25],"rotation":0,"texture":"#1","tintindex":0}}}],"display":{"head":{"translation":[0.0,-6.4,0.0],"scale":[4.0,4.0,4.0]}}}