{"textures":{"1":"modelengine:entity/darkershell"},"elements":[{"from":[6.2285714,-0.57142925,6.1714287],"to":[10.228572,8.0,10.171429],"rotation":{"angle":0.0,"axis":"y","origin":[8.6285715,53.82857,24.57143]},"faces":{"east":{"uv":[0.875,11.8125,0.4375,12.75],"rotation":0,"texture":"#1","tintindex":0},"south":{"uv":[0.4375,11.8125,0.0,12.75],"rotation":0,"texture":"#1","tintindex":0},"north":{"uv":[4.1875,11.6875,3.75,12.625],"rotation":0,"texture":"#1","tintindex":0},"west":{"uv":[12.125,4.0,11.6875,4.9375],"rotation":0,"texture":"#1","tintindex":0},"up":{"uv":[11.9375,8.75,12.375,8.3125],"rotation":0,"texture":"#1","tintindex":0},"down":{"uv":[11.9375,8.75,12.375,9.1875],"rotation":0,"texture":"#1","tintindex":0}}}],"display":{"head":{"translation":[0.0,-6.4,0.0],"scale":[4.0,4.0,4.0]}}}