{"textures":{"0":"modelengine:entity/gigas"},"elements":[{"from":[-3.7990828,6.70289,6.2839804],"to":[8.7723465,10.131461,9.712552],"rotation":{"angle":0.0,"axis":"y","origin":[9.171429,5.7245307,6.3248672]},"faces":{"east":{"uv":[2.0,9.25,1.625,9.625],"rotation":0,"texture":"#0","tintindex":0},"south":{"uv":[1.375,6.625,0.0,7.0],"rotation":0,"texture":"#0","tintindex":0},"north":{"uv":[5.375,6.5625,4.0,6.9375],"rotation":0,"texture":"#0","tintindex":0},"west":{"uv":[9.5625,8.375,9.1875,8.75],"rotation":0,"texture":"#0","tintindex":0},"up":{"uv":[6.8125,0.875,8.1875,0.5],"rotation":0,"texture":"#0","tintindex":0},"down":{"uv":[6.8125,0.875,8.1875,1.25],"rotation":0,"texture":"#0","tintindex":0}}},{"from":[-3.7990828,5.860708,6.3124475],"to":[8.7723465,8.28928,8.741019],"rotation":{"angle":45.0,"axis":"x","origin":[4.6,6.316162,7.3148165]},"faces":{"east":{"uv":[0.5,9.75,0.25,10.0],"rotation":0,"texture":"#0","tintindex":0},"south":{"uv":[1.375,8.0,0.0,8.25],"rotation":0,"texture":"#0","tintindex":0},"north":{"uv":[9.125,7.875,7.75,8.125],"rotation":0,"texture":"#0","tintindex":0},"west":{"uv":[9.9375,9.5,9.6875,9.75],"rotation":0,"texture":"#0","tintindex":0},"up":{"uv":[1.375,8.25,2.75,8.0],"rotation":0,"texture":"#0","tintindex":0},"down":{"uv":[2.75,8.0,4.125,8.25],"rotation":0,"texture":"#0","tintindex":0}}},{"from":[-3.7990828,10.131461,7.998266],"to":[8.7723465,12.417175,7.998266],"rotation":{"angle":0.0,"axis":"y","origin":[9.171429,9.724531,6.3248672]},"faces":{"east":{"uv":[0.0,0.0,0.0,0.25],"rotation":0,"texture":"#0","tintindex":0},"south":{"uv":[9.5625,1.3125,8.1875,1.5625],"rotation":0,"texture":"#0","tintindex":0},"north":{"uv":[9.5625,1.3125,8.1875,1.5625],"rotation":0,"texture":"#0","tintindex":0},"west":{"uv":[0.0,0.0,0.0,0.25],"rotation":0,"texture":"#0","tintindex":0},"up":{"uv":[0.0,0.0,1.375,0.0],"rotation":0,"texture":"#0","tintindex":0},"down":{"uv":[0.0,0.0,1.375,0.0],"rotation":0,"texture":"#0","tintindex":0}}}],"display":{"head":{"translation":[0.0,-6.4,0.0],"scale":[4.0,4.0,4.0]}}}