{"textures":{"0":"modelengine:entity/gigas"},"elements":[{"from":[4.89684,6.723741,7.1825957],"to":[7.1825542,9.009456,9.46831],"rotation":{"angle":-45.0,"axis":"x","origin":[6.4034176,8.018751,8.285714]},"faces":{"east":{"uv":[9.8125,2.5625,10.0625,2.8125],"rotation":0,"texture":"#0","tintindex":0},"south":{"uv":[9.8125,2.8125,10.0625,3.0625],"rotation":0,"texture":"#0","tintindex":0},"north":{"uv":[9.8125,1.6875,10.0625,1.9375],"rotation":0,"texture":"#0","tintindex":0},"west":{"uv":[4.875,9.8125,5.125,10.0625],"rotation":0,"texture":"#0","tintindex":0},"up":{"uv":[5.375,10.0625,5.125,9.8125],"rotation":0,"texture":"#0","tintindex":0},"down":{"uv":[10.0625,5.25,9.8125,5.5],"rotation":0,"texture":"#0","tintindex":0}}},{"from":[0.3704481,5.223237,7.343681],"to":[4.9418774,9.794665,9.6293955],"rotation":{"angle":0.0,"axis":"y","origin":[13.260561,-0.55267715,15.142858]},"faces":{"east":{"uv":[4.625,9.4375,4.875,9.9375],"rotation":0,"texture":"#0","tintindex":0},"south":{"uv":[8.75,2.5625,9.25,3.0625],"rotation":0,"texture":"#0","tintindex":0},"north":{"uv":[0.0,8.6875,0.5,9.1875],"rotation":0,"texture":"#0","tintindex":0},"west":{"uv":[8.6875,9.4375,8.9375,9.9375],"rotation":0,"texture":"#0","tintindex":0},"up":{"uv":[9.9375,9.25,9.4375,9.0],"rotation":0,"texture":"#0","tintindex":0},"down":{"uv":[9.9375,9.25,9.4375,9.5],"rotation":0,"texture":"#0","tintindex":0}}},{"from":[-5.9201736,6.9530506,7.628931],"to":[0.93696976,10.381622,9.343217],"rotation":{"angle":0.0,"axis":"y","origin":[10.974846,-0.55267715,15.142858]},"faces":{"east":{"uv":[9.625,2.5625,9.8125,2.9375],"rotation":0,"texture":"#0","tintindex":0},"south":{"uv":[3.75,8.4375,4.5,8.8125],"rotation":0,"texture":"#0","tintindex":0},"north":{"uv":[7.75,8.375,8.5,8.75],"rotation":0,"texture":"#0","tintindex":0},"west":{"uv":[2.6875,9.625,2.875,10.0],"rotation":0,"texture":"#0","tintindex":0},"up":{"uv":[8.125,0.5,7.375,0.3125],"rotation":0,"texture":"#0","tintindex":0},"down":{"uv":[4.875,8.0,4.125,8.1875],"rotation":0,"texture":"#0","tintindex":0}}}],"display":{"head":{"translation":[0.0,-6.4,0.0],"scale":[4.0,4.0,4.0]}}}