{"textures":{"0":"modelengine:entity/gigas"},"elements":[{"from":[5.577769,7.067913,6.3822136],"to":[7.8634834,9.353627,8.667928],"rotation":{"angle":-45.0,"axis":"x","origin":[6.974846,8.018751,7.857143]},"faces":{"east":{"uv":[1.25,9.75,1.5,10.0],"rotation":0,"texture":"#0","tintindex":0},"south":{"uv":[9.75,3.9375,10.0,4.1875],"rotation":0,"texture":"#0","tintindex":0},"north":{"uv":[1.0,9.75,1.25,10.0],"rotation":0,"texture":"#0","tintindex":0},"west":{"uv":[9.75,4.75,10.0,5.0],"rotation":0,"texture":"#0","tintindex":0},"up":{"uv":[10.0,5.25,9.75,5.0],"rotation":0,"texture":"#0","tintindex":0},"down":{"uv":[10.0,8.6875,9.75,8.9375],"rotation":0,"texture":"#0","tintindex":0}}},{"from":[-3.5650892,5.205433,5.7722692],"to":[5.577769,9.776861,9.200841],"rotation":{"angle":0.0,"axis":"y","origin":[13.831989,-1.5526781,14.714286]},"faces":{"east":{"uv":[9.0625,9.0,9.4375,9.5],"rotation":0,"texture":"#0","tintindex":0},"south":{"uv":[2.0,7.25,3.0,7.75],"rotation":0,"texture":"#0","tintindex":0},"north":{"uv":[1.0,7.125,2.0,7.625],"rotation":0,"texture":"#0","tintindex":0},"west":{"uv":[9.125,4.375,9.5,4.875],"rotation":0,"texture":"#0","tintindex":0},"up":{"uv":[8.5625,5.75,7.5625,5.375],"rotation":0,"texture":"#0","tintindex":0},"down":{"uv":[2.0,7.625,1.0,8.0],"rotation":0,"texture":"#0","tintindex":0}}},{"from":[-4.859186,8.062576,6.1644297],"to":[-2.4591866,9.776861,8.6215725],"rotation":{"angle":45.0,"axis":"y","origin":[-3.5128994,9.018751,7.349093]},"faces":{"east":{"uv":[9.75,4.1875,10.0,4.375],"rotation":0,"texture":"#0","tintindex":0},"south":{"uv":[9.8125,8.5,10.0625,8.6875],"rotation":0,"texture":"#0","tintindex":0},"north":{"uv":[9.0625,2.0625,9.3125,2.25],"rotation":0,"texture":"#0","tintindex":0},"west":{"uv":[9.875,6.625,10.125,6.8125],"rotation":0,"texture":"#0","tintindex":0},"up":{"uv":[9.9375,10.0,9.6875,9.75],"rotation":0,"texture":"#0","tintindex":0},"down":{"uv":[10.0625,1.4375,9.8125,1.6875],"rotation":0,"texture":"#0","tintindex":0}}},{"from":[-4.1365175,9.776861,7.4865546],"to":[5.577769,12.062576,7.4865546],"rotation":{"angle":0.0,"axis":"y","origin":[13.831989,-1.5526781,14.714286]},"faces":{"east":{"uv":[0.0,0.0,0.0,0.25],"rotation":0,"texture":"#0","tintindex":0},"south":{"uv":[8.5,4.875,9.5625,5.125],"rotation":0,"texture":"#0","tintindex":0},"north":{"uv":[8.5,4.875,9.5625,5.125],"rotation":0,"texture":"#0","tintindex":0},"west":{"uv":[0.0,0.0,0.0,0.25],"rotation":0,"texture":"#0","tintindex":0},"up":{"uv":[1.0625,0.0,0.0,0.0],"rotation":0,"texture":"#0","tintindex":0},"down":{"uv":[1.0625,0.0,0.0,0.0],"rotation":0,"texture":"#0","tintindex":0}}}],"display":{"head":{"translation":[0.0,-6.4,0.0],"scale":[4.0,4.0,4.0]}}}