{"textures":{"0":"modelengine:entity/gigas"},"elements":[{"from":[6.1986856,6.92341,7.15294],"to":[10.198686,9.209125,12.295797],"rotation":{"angle":0.0,"axis":"y","origin":[5.142857,6.857143,6.285714]},"faces":{"east":{"uv":[9.25,2.9375,9.8125,3.1875],"rotation":0,"texture":"#0","tintindex":0},"south":{"uv":[9.5625,0.5,10.0,0.75],"rotation":0,"texture":"#0","tintindex":0},"north":{"uv":[9.5625,0.25,10.0,0.5],"rotation":0,"texture":"#0","tintindex":0},"west":{"uv":[9.25,5.375,9.8125,5.625],"rotation":0,"texture":"#0","tintindex":0},"up":{"uv":[4.9375,9.4375,4.5,8.875],"rotation":0,"texture":"#0","tintindex":0},"down":{"uv":[7.4375,8.875,7.0,9.4375],"rotation":0,"texture":"#0","tintindex":0}}},{"from":[7.9129715,7.4948387,11.724369],"to":[9.627257,8.637695,14.010083],"rotation":{"angle":0.0,"axis":"y","origin":[5.142857,6.857143,9.714286]},"faces":{"east":{"uv":[6.3125,8.5,6.5625,8.625],"rotation":0,"texture":"#0","tintindex":0},"south":{"uv":[9.5625,1.4375,9.75,1.5625],"rotation":0,"texture":"#0","tintindex":0},"north":{"uv":[9.4375,5.625,9.625,5.75],"rotation":0,"texture":"#0","tintindex":0},"west":{"uv":[7.4375,8.875,7.6875,9.0],"rotation":0,"texture":"#0","tintindex":0},"up":{"uv":[5.5625,10.0625,5.375,9.8125],"rotation":0,"texture":"#0","tintindex":0},"down":{"uv":[3.0625,9.875,2.875,10.125],"rotation":0,"texture":"#0","tintindex":0}}}],"display":{"head":{"translation":[0.0,-6.4,0.0],"scale":[4.0,4.0,4.0]}}}