{"textures":{"0":"modelengine:entity/wyvern_ender"},"elements":[{"from":[9.285714,6.664244,1.4901032],"to":[9.285714,7.8071012,4.9186745],"rotation":{"angle":0.0,"axis":"y","origin":[8.0,9.780256,6.73103]},"faces":{"east":{"uv":[7.375,9.625,7.0,9.75],"rotation":0,"texture":"#0","tintindex":0},"south":{"uv":[9.1875,6.5625,9.1875,6.6875],"rotation":0,"texture":"#0","tintindex":0},"north":{"uv":[9.125,6.5625,9.125,6.6875],"rotation":0,"texture":"#0","tintindex":0},"west":{"uv":[7.0,9.625,7.375,9.75],"rotation":0,"texture":"#0","tintindex":0},"up":{"uv":[4.6875,10.3125,4.6875,9.9375],"rotation":0,"texture":"#0","tintindex":0},"down":{"uv":[6.0625,9.9375,6.0625,10.3125],"rotation":0,"texture":"#0","tintindex":0}}},{"from":[5.735714,8.02874,7.216455],"to":[10.264286,11.457311,10.073598],"rotation":{"angle":22.5,"axis":"x","origin":[8.0,9.780256,6.73103]},"faces":{"east":{"uv":[6.375,9.125,6.6875,9.5],"rotation":0,"texture":"#0","tintindex":0},"south":{"uv":[8.5,7.0625,9.0,7.4375],"rotation":0,"texture":"#0","tintindex":0},"north":{"uv":[8.5,7.0625,9.0,7.4375],"rotation":0,"texture":"#0","tintindex":0},"west":{"uv":[9.1875,1.125,9.5,1.5],"rotation":0,"texture":"#0","tintindex":0},"up":{"uv":[3.375,9.0,2.875,8.6875],"rotation":0,"texture":"#0","tintindex":0},"down":{"uv":[3.375,9.0,2.875,8.6875],"rotation":0,"texture":"#0","tintindex":0}}},{"from":[6.2824874,9.472506,8.47506],"to":[6.2824874,11.758221,13.04649],"rotation":{"angle":-22.5,"axis":"y","origin":[8.0,9.780256,6.73103]},"faces":{"east":{"uv":[3.375,9.0625,2.875,9.3125],"rotation":0,"texture":"#0","tintindex":0},"south":{"uv":[1.375,8.75,1.375,9.0],"rotation":0,"texture":"#0","tintindex":0},"north":{"uv":[3.4375,8.6875,3.4375,8.9375],"rotation":0,"texture":"#0","tintindex":0},"west":{"uv":[2.875,9.0625,3.375,9.3125],"rotation":0,"texture":"#0","tintindex":0},"up":{"uv":[4.9375,10.1875,4.9375,9.6875],"rotation":0,"texture":"#0","tintindex":0},"down":{"uv":[5.0,9.6875,5.0,10.1875],"rotation":0,"texture":"#0","tintindex":0}}},{"from":[6.2824874,6.6153626,8.47506],"to":[6.2824874,8.901077,13.04649],"rotation":{"angle":-22.5,"axis":"y","origin":[8.0,9.780256,6.73103]},"faces":{"east":{"uv":[9.625,2.125,9.125,2.375],"rotation":0,"texture":"#0","tintindex":0},"south":{"uv":[3.5,10.0,3.5,10.25],"rotation":0,"texture":"#0","tintindex":0},"north":{"uv":[3.4375,10.0,3.4375,10.25],"rotation":0,"texture":"#0","tintindex":0},"west":{"uv":[9.125,2.125,9.625,2.375],"rotation":0,"texture":"#0","tintindex":0},"up":{"uv":[3.5625,10.5,3.5625,10.0],"rotation":0,"texture":"#0","tintindex":0},"down":{"uv":[3.625,10.0,3.625,10.5],"rotation":0,"texture":"#0","tintindex":0}}},{"from":[7.0839133,8.043934,8.954149],"to":[7.0839133,10.329649,13.5255785],"rotation":{"angle":-45.0,"axis":"y","origin":[8.0,9.780256,6.73103]},"faces":{"east":{"uv":[9.5,3.125,9.0,3.375],"rotation":0,"texture":"#0","tintindex":0},"south":{"uv":[5.375,8.5625,5.375,8.8125],"rotation":0,"texture":"#0","tintindex":0},"north":{"uv":[8.5,7.5,8.5,7.75],"rotation":0,"texture":"#0","tintindex":0},"west":{"uv":[9.0,3.125,9.5,3.375],"rotation":0,"texture":"#0","tintindex":0},"up":{"uv":[5.6875,9.5625,5.6875,9.0625],"rotation":0,"texture":"#0","tintindex":0},"down":{"uv":[5.75,9.0625,5.75,9.5625],"rotation":0,"texture":"#0","tintindex":0}}},{"from":[9.717512,6.6153626,8.47506],"to":[9.717512,8.901077,13.04649],"rotation":{"angle":22.5,"axis":"y","origin":[8.0,9.780256,6.73103]},"faces":{"east":{"uv":[9.625,2.125,9.125,2.375],"rotation":0,"texture":"#0","tintindex":0},"south":{"uv":[3.5,10.0,3.5,10.25],"rotation":0,"texture":"#0","tintindex":0},"north":{"uv":[3.4375,10.0,3.4375,10.25],"rotation":0,"texture":"#0","tintindex":0},"west":{"uv":[9.125,2.125,9.625,2.375],"rotation":0,"texture":"#0","tintindex":0},"up":{"uv":[3.5625,10.5,3.5625,10.0],"rotation":0,"texture":"#0","tintindex":0},"down":{"uv":[3.625,10.0,3.625,10.5],"rotation":0,"texture":"#0","tintindex":0}}},{"from":[8.916087,8.043934,8.954149],"to":[8.916087,10.329649,13.5255785],"rotation":{"angle":45.0,"axis":"y","origin":[8.0,9.780256,6.73103]},"faces":{"east":{"uv":[9.5,3.125,9.0,3.375],"rotation":0,"texture":"#0","tintindex":0},"south":{"uv":[5.375,8.5625,5.375,8.8125],"rotation":0,"texture":"#0","tintindex":0},"north":{"uv":[8.5,7.5,8.5,7.75],"rotation":0,"texture":"#0","tintindex":0},"west":{"uv":[9.0,3.125,9.5,3.375],"rotation":0,"texture":"#0","tintindex":0},"up":{"uv":[5.6875,9.5625,5.6875,9.0625],"rotation":0,"texture":"#0","tintindex":0},"down":{"uv":[5.75,9.0625,5.75,9.5625],"rotation":0,"texture":"#0","tintindex":0}}},{"from":[9.717512,9.472506,8.47506],"to":[9.717512,11.758221,13.04649],"rotation":{"angle":22.5,"axis":"y","origin":[8.0,9.780256,6.73103]},"faces":{"east":{"uv":[3.375,9.0625,2.875,9.3125],"rotation":0,"texture":"#0","tintindex":0},"south":{"uv":[1.375,8.75,1.375,9.0],"rotation":0,"texture":"#0","tintindex":0},"north":{"uv":[3.4375,8.6875,3.4375,8.9375],"rotation":0,"texture":"#0","tintindex":0},"west":{"uv":[2.875,9.0625,3.375,9.3125],"rotation":0,"texture":"#0","tintindex":0},"up":{"uv":[4.9375,10.1875,4.9375,9.6875],"rotation":0,"texture":"#0","tintindex":0},"down":{"uv":[5.0,9.6875,5.0,10.1875],"rotation":0,"texture":"#0","tintindex":0}}},{"from":[5.714286,7.4309874,4.2601347],"to":[10.285714,10.859559,8.260135],"rotation":{"angle":-22.5,"axis":"x","origin":[8.0,9.780256,6.73103]},"faces":{"east":{"uv":[6.5,2.1875,6.9375,2.5625],"rotation":0,"texture":"#0","tintindex":0},"south":{"uv":[8.5625,2.125,9.0625,2.5],"rotation":0,"texture":"#0","tintindex":0},"north":{"uv":[8.5625,2.125,9.0625,2.5],"rotation":0,"texture":"#0","tintindex":0},"west":{"uv":[2.375,8.6875,2.8125,9.0625],"rotation":0,"texture":"#0","tintindex":0},"up":{"uv":[2.0,8.5625,1.5,8.125],"rotation":0,"texture":"#0","tintindex":0},"down":{"uv":[2.0,8.5625,1.5,8.125],"rotation":0,"texture":"#0","tintindex":0}}},{"from":[5.7285714,8.896463,7.237726],"to":[7.4428573,10.610749,10.09487],"rotation":{"angle":-45.0,"axis":"x","origin":[8.0,9.780256,6.73103]},"faces":{"east":{"uv":[9.4375,3.4375,9.75,3.625],"rotation":0,"texture":"#0","tintindex":0},"south":{"uv":[7.4375,9.1875,7.625,9.375],"rotation":0,"texture":"#0","tintindex":0},"north":{"uv":[4.125,7.5,4.3125,7.6875],"rotation":0,"texture":"#0","tintindex":0},"west":{"uv":[7.4375,9.4375,7.75,9.625],"rotation":0,"texture":"#0","tintindex":0},"up":{"uv":[4.3125,7.4375,4.125,7.125],"rotation":0,"texture":"#0","tintindex":0},"down":{"uv":[7.0,8.5625,6.8125,8.875],"rotation":0,"texture":"#0","tintindex":0}}},{"from":[8.097178,10.927822,9.129053],"to":[9.240036,12.642108,11.986196],"rotation":{"angle":-45.0,"axis":"y","origin":[8.0,9.780256,6.73103]},"faces":{"east":{"uv":[9.4375,8.0,9.75,8.1875],"rotation":0,"texture":"#0","tintindex":0},"south":{"uv":[2.6875,9.125,2.8125,9.3125],"rotation":0,"texture":"#0","tintindex":0},"north":{"uv":[7.5,5.25,7.625,5.4375],"rotation":0,"texture":"#0","tintindex":0},"west":{"uv":[3.4375,9.5,3.75,9.6875],"rotation":0,"texture":"#0","tintindex":0},"up":{"uv":[2.0625,9.9375,1.9375,9.625],"rotation":0,"texture":"#0","tintindex":0},"down":{"uv":[4.875,9.6875,4.75,10.0],"rotation":0,"texture":"#0","tintindex":0}}},{"from":[4.5571427,13.874863,7.762499],"to":[5.7,17.303434,8.905355],"rotation":{"angle":45.0,"axis":"x","origin":[8.0,9.780256,6.73103]},"faces":{"east":{"uv":[6.0625,9.5,6.1875,9.875],"rotation":0,"texture":"#0","tintindex":0},"south":{"uv":[9.5625,1.125,9.6875,1.5],"rotation":0,"texture":"#0","tintindex":0},"north":{"uv":[7.8125,9.4375,7.9375,9.8125],"rotation":0,"texture":"#0","tintindex":0},"west":{"uv":[9.5625,1.5625,9.6875,1.9375],"rotation":0,"texture":"#0","tintindex":0},"up":{"uv":[8.5,2.6875,8.375,2.5625],"rotation":0,"texture":"#0","tintindex":0},"down":{"uv":[3.625,8.375,3.5,8.5],"rotation":0,"texture":"#0","tintindex":0}}},{"from":[10.3,13.874863,7.762499],"to":[11.442858,17.303434,8.905355],"rotation":{"angle":45.0,"axis":"x","origin":[8.0,9.780256,6.73103]},"faces":{"east":{"uv":[5.0625,9.5625,5.1875,9.9375],