{"textures":{"0":"modelengine:entity/wyvern_ender"},"elements":[{"from":[6.248005,6.5836735,6.331773],"to":[9.676577,8.297959,8.617487],"rotation":{"angle":0.0,"axis":"y","origin":[8.248005,11.697959,8.046059]},"faces":{"east":{"uv":[9.8125,6.125,9.5625,6.3125],"rotation":0,"texture":"#0","tintindex":0},"south":{"uv":[0.4375,9.3125,0.8125,9.5],"rotation":0,"texture":"#0","tintindex":0},"north":{"uv":[0.4375,9.3125,0.8125,9.5],"rotation":0,"texture":"#0","tintindex":0},"west":{"uv":[9.5625,6.125,9.8125,6.3125],"rotation":0,"texture":"#0","tintindex":0},"up":{"uv":[9.5625,8.5625,9.1875,8.3125],"rotation":0,"texture":"#0","tintindex":0},"down":{"uv":[9.625,6.5625,9.25,6.8125],"rotation":0,"texture":"#0","tintindex":0}}},{"from":[6.248005,6.5693874,2.0460582],"to":[6.248005,8.283673,4.331773],"rotation":{"angle":22.5,"axis":"y","origin":[7.962291,7.426531,4.4746294]},"faces":{"east":{"uv":[9.875,0.5625,9.625,0.75],"rotation":0,"texture":"#0","tintindex":0},"south":{"uv":[8.0,9.4375,8.0,9.625],"rotation":0,"texture":"#0","tintindex":0},"north":{"uv":[4.9375,8.3125,4.9375,8.5],"rotation":0,"texture":"#0","tintindex":0},"west":{"uv":[9.625,0.5625,9.875,0.75],"rotation":0,"texture":"#0","tintindex":0},"up":{"uv":[1.3125,10.125,1.3125,9.875],"rotation":0,"texture":"#0","tintindex":0},"down":{"uv":[1.375,9.875,1.375,10.125],"rotation":0,"texture":"#0","tintindex":0}}},{"from":[5.676576,6.5693874,4.331773],"to":[6.819433,8.283673,6.0460587],"rotation":{"angle":22.5,"axis":"y","origin":[7.962291,7.426531,4.4746294]},"faces":{"east":{"uv":[3.4375,9.75,3.625,9.9375],"rotation":0,"texture":"#0","tintindex":0},"south":{"uv":[5.25,9.8125,5.375,10.0],"rotation":0,"texture":"#0","tintindex":0},"north":{"uv":[9.8125,5.0,9.9375,5.1875],"rotation":0,"texture":"#0","tintindex":0},"west":{"uv":[9.75,5.25,9.9375,5.4375],"rotation":0,"texture":"#0","tintindex":0},"up":{"uv":[5.5625,10.0,5.4375,9.8125],"rotation":0,"texture":"#0","tintindex":0},"down":{"uv":[5.75,9.8125,5.625,10.0],"rotation":0,"texture":"#0","tintindex":0}}},{"from":[9.819433,6.5693874,2.0460582],"to":[9.819433,8.283673,4.331773],"rotation":{"angle":-22.5,"axis":"y","origin":[7.962291,7.426531,4.4746294]},"faces":{"east":{"uv":[9.875,0.5625,9.625,0.75],"rotation":0,"texture":"#0","tintindex":0},"south":{"uv":[0.8125,9.9375,0.8125,10.125],"rotation":0,"texture":"#0","tintindex":0},"north":{"uv":[7.9375,9.875,7.9375,10.0625],"rotation":0,"texture":"#0","tintindex":0},"west":{"uv":[9.625,0.5625,9.875,0.75],"rotation":0,"texture":"#0","tintindex":0},"up":{"uv":[0.875,10.1875,0.875,9.9375],"rotation":0,"texture":"#0","tintindex":0},"down":{"uv":[0.9375,9.9375,0.9375,10.1875],"rotation":0,"texture":"#0","tintindex":0}}},{"from":[7.962291,6.5693874,2.3317728],"to":[7.962291,8.283673,4.617487],"rotation":{"angle":0.0,"axis":"y","origin":[7.962291,7.426531,4.4746294]},"faces":{"east":{"uv":[9.875,0.5625,9.625,0.75],"rotation":0,"texture":"#0","tintindex":0},"south":{"uv":[8.0,9.4375,8.0,9.625],"rotation":0,"texture":"#0","tintindex":0},"north":{"uv":[4.9375,8.3125,4.9375,8.5],"rotation":0,"texture":"#0","tintindex":0},"west":{"uv":[9.625,0.5625,9.875,0.75],"rotation":0,"texture":"#0","tintindex":0},"up":{"uv":[1.3125,10.125,1.3125,9.875],"rotation":0,"texture":"#0","tintindex":0},"down":{"uv":[1.375,9.875,1.375,10.125],"rotation":0,"texture":"#0","tintindex":0}}},{"from":[7.390862,6.5693874,4.617487],"to":[8.533719,8.283673,6.331773],"rotation":{"angle":0.0,"axis":"y","origin":[7.962291,7.426531,4.4746294]},"faces":{"east":{"uv":[3.4375,9.75,3.625,9.9375],"rotation":0,"texture":"#0","tintindex":0},"south":{"uv":[5.25,9.8125,5.375,10.0],"rotation":0,"texture":"#0","tintindex":0},"north":{"uv":[9.8125,5.0,9.9375,5.1875],"rotation":0,"texture":"#0","tintindex":0},"west":{"uv":[9.75,5.25,9.9375,5.4375],"rotation":0,"texture":"#0","tintindex":0},"up":{"uv":[5.5625,10.0,5.4375,9.8125],"rotation":0,"texture":"#0","tintindex":0},"down":{"uv":[5.75,9.8125,5.625,10.0],"rotation":0,"texture":"#0","tintindex":0}}},{"from":[9.215977,6.5693874,5.0642195],"to":[10.358833,8.283673,6.778505],"rotation":{"angle":-22.5,"axis":"y","origin":[9.787405,7.426531,4.921362]},"faces":{"east":{"uv":[3.4375,9.75,3.625,9.9375],"rotation":0,"texture":"#0","tintindex":0},"south":{"uv":[5.25,9.8125,5.375,10.0],"rotation":0,"texture":"#0","tintindex":0},"north":{"uv":[9.8125,5.0,9.9375,5.1875],"rotation":0,"texture":"#0","tintindex":0},"west":{"uv":[9.75,5.25,9.9375,5.4375],"rotation":0,"texture":"#0","tintindex":0},"up":{"uv":[5.5625,10.0,5.4375,9.8125],"rotation":0,"texture":"#0","tintindex":0},"down":{"uv":[5.75,9.8125,5.625,10.0],"rotation":0,"texture":"#0","tintindex":0}}}],"display":{"head":{"translation":[0.0,-6.4,0.0],"scale":[4.0,4.0,4.0]}}}