{"textures":{"0":"modelengine:entity/wyvern_ender"},"elements":[{"from":[-0.60719395,7.589796,13.2819],"to":[9.107092,8.161224,14.996185],"rotation":{"angle":22.5,"axis":"y","origin":[-7.540699,8.018368,12.23003]},"faces":{"east":{"uv":[7.1875,2.0625,7.375,2.125],"rotation":0,"texture":"#0","tintindex":0},"south":{"uv":[9.375,7.625,10.4375,7.6875],"rotation":0,"texture":"#0","tintindex":0},"north":{"uv":[9.375,7.5,10.4375,7.5625],"rotation":0,"texture":"#0","tintindex":0},"west":{"uv":[7.4375,2.0625,7.625,2.125],"rotation":0,"texture":"#0","tintindex":0},"up":{"uv":[9.125,8.5625,8.0625,8.375],"rotation":0,"texture":"#0","tintindex":0},"down":{"uv":[9.125,8.375,8.0625,8.5625],"rotation":0,"texture":"#0","tintindex":0}}},{"from":[-0.20272732,8.146938,6.3387847],"to":[8.94013,8.146938,29.767357],"rotation":{"angle":0.0,"axis":"y","origin":[-7.540699,8.018368,12.23003]},"faces":{"east":{"uv":[9.6875,2.375,12.25,2.375],"rotation":0,"texture":"#0","tintindex":0},"south":{"uv":[9.9375,0.875,10.9375,0.875],"rotation":0,"texture":"#0","tintindex":0},"north":{"uv":[8.5,5.25,9.5,5.25],"rotation":0,"texture":"#0","tintindex":0},"west":{"uv":[9.9375,0.9375,12.5,0.9375],"rotation":0,"texture":"#0","tintindex":0},"up":{"uv":[5.375,2.5625,4.375,0.0],"rotation":0,"texture":"#0","tintindex":0},"down":{"uv":[5.375,0.0,4.375,2.5625],"rotation":0,"texture":"#0","tintindex":0}}}],"display":{"head":{"translation":[0.0,-6.4,0.0],"scale":[4.0,4.0,4.0]}}}