{"textures":{"0":"modelengine:entity/wyvern_ender"},"elements":[{"from":[4.562003,7.6380954,7.0809717],"to":[14.847717,8.209524,8.795258],"rotation":{"angle":-22.5,"axis":"y","origin":[9.169525,8.023809,14.462672]},"faces":{"east":{"uv":[9.875,6.75,9.6875,6.8125],"rotation":0,"texture":"#0","tintindex":0},"south":{"uv":[10.5,4.125,9.375,4.1875],"rotation":0,"texture":"#0","tintindex":0},"north":{"uv":[10.5,4.0,9.375,4.0625],"rotation":0,"texture":"#0","tintindex":0},"west":{"uv":[9.8125,2.75,9.625,2.8125],"rotation":0,"texture":"#0","tintindex":0},"up":{"uv":[8.25,3.6875,9.375,3.5],"rotation":0,"texture":"#0","tintindex":0},"down":{"uv":[8.25,3.5,9.375,3.6875],"rotation":0,"texture":"#0","tintindex":0}}},{"from":[11.590636,7.595238,5.469919],"to":[24.162066,8.195238,7.184205],"rotation":{"angle":-45.0,"axis":"y","origin":[9.169525,8.023809,14.462671]},"faces":{"east":{"uv":[10.0625,2.75,9.875,2.8125],"rotation":0,"texture":"#0","tintindex":0},"south":{"uv":[10.4375,3.0,9.0625,3.0625],"rotation":0,"texture":"#0","tintindex":0},"north":{"uv":[10.4375,2.875,9.0625,2.9375],"rotation":0,"texture":"#0","tintindex":0},"west":{"uv":[10.0,3.875,9.8125,3.9375],"rotation":0,"texture":"#0","tintindex":0},"up":{"uv":[7.75,1.3125,9.125,1.125],"rotation":0,"texture":"#0","tintindex":0},"down":{"uv":[7.75,1.125,9.125,1.3125],"rotation":0,"texture":"#0","tintindex":0}}},{"from":[8.002982,8.180952,5.714284],"to":[27.431555,8.180952,32.0],"rotation":{"angle":0.0,"axis":"y","origin":[2.2825322,12.886158,9.051407]},"faces":{"east":{"uv":[12.8125,8.3125,9.9375,8.3125],"rotation":0,"texture":"#0","tintindex":0},"south":{"uv":[12.0625,8.25,9.9375,8.25],"rotation":0,"texture":"#0","tintindex":0},"north":{"uv":[12.0625,6.75,9.9375,6.75],"rotation":0,"texture":"#0","tintindex":0},"west":{"uv":[12.8125,6.8125,9.9375,6.8125],"rotation":0,"texture":"#0","tintindex":0},"up":{"uv":[0.0,2.875,2.125,0.0],"rotation":0,"texture":"#0","tintindex":0},"down":{"uv":[0.0,0.0,2.125,2.875],"rotation":0,"texture":"#0","tintindex":0}}}],"display":{"head":{"translation":[0.0,-6.4,4.9440994],"scale":[4.0,4.0,4.0]}}}