{"textures":{"0":"modelengine:entity/wyvern_ender"},"elements":[{"from":[8.0,8.037642,8.885885],"to":[8.0,12.609071,19.743029],"rotation":{"angle":22.5,"axis":"x","origin":[8.285714,9.813166,5.594981]},"faces":{"east":{"uv":[3.9375,5.875,2.75,6.375],"rotation":0,"texture":"#0","tintindex":0},"south":{"uv":[9.25,9.8125,9.25,10.3125],"rotation":0,"texture":"#0","tintindex":0},"north":{"uv":[6.0,9.8125,6.0,10.3125],"rotation":0,"texture":"#0","tintindex":0},"west":{"uv":[2.75,5.875,3.9375,6.375],"rotation":0,"texture":"#0","tintindex":0},"up":{"uv":[9.3125,11.0,9.3125,9.8125],"rotation":0,"texture":"#0","tintindex":0},"down":{"uv":[0.1875,9.875,0.1875,11.0625],"rotation":0,"texture":"#0","tintindex":0}}},{"from":[7.142857,8.037642,8.314456],"to":[8.857143,10.323357,15.743029],"rotation":{"angle":22.5,"axis":"x","origin":[7.428571,9.813166,5.594981]},"faces":{"east":{"uv":[2.625,8.375,3.4375,8.625],"rotation":0,"texture":"#0","tintindex":0},"south":{"uv":[1.6875,9.625,1.875,9.875],"rotation":0,"texture":"#0","tintindex":0},"north":{"uv":[1.6875,9.625,1.875,9.875],"rotation":0,"texture":"#0","tintindex":0},"west":{"uv":[8.375,6.75,9.1875,7.0],"rotation":0,"texture":"#0","tintindex":0},"up":{"uv":[1.3125,9.5625,1.125,8.75],"rotation":0,"texture":"#0","tintindex":0},"down":{"uv":[1.3125,9.5625,1.125,8.75],"rotation":0,"texture":"#0","tintindex":0}}}],"display":{"head":{"translation":[0.0,-6.4,0.0],"scale":[4.0,4.0,4.0]}}}