{"textures":{"0":"modelengine:entity/bear_black"},"elements":[{"from":[6.5714283,6.857143,4.5714283],"to":[9.428572,8.0,9.714286],"rotation":{"angle":0.0,"axis":"y","origin":[7.428571,0.0,10.857143]},"faces":{"east":{"uv":[5.25,5.125,5.8125,5.25],"rotation":0,"texture":"#0","tintindex":0},"south":{"uv":[7.375,7.0,7.6875,7.125],"rotation":0,"texture":"#0","tintindex":0},"north":{"uv":[6.875,5.5625,7.1875,5.6875],"rotation":0,"texture":"#0","tintindex":0},"west":{"uv":[6.8125,6.4375,7.375,6.5625],"rotation":0,"texture":"#0","tintindex":0},"up":{"uv":[4.5,2.8125,4.1875,2.25],"rotation":0,"texture":"#0","tintindex":0},"down":{"uv":[4.5625,7.375,4.25,7.9375],"rotation":0,"texture":"#0","tintindex":0}}},{"from":[8.857143,8.0,4.5714283],"to":[8.857143,8.571428,5.714286],"rotation":{"angle":0.0,"axis":"y","origin":[7.428571,0.0,10.857143]},"faces":{"east":{"uv":[11.125,4.75,11.25,4.8125],"rotation":0,"texture":"#0","tintindex":0},"south":{"uv":[13.25,6.625,13.25,6.6875],"rotation":0,"texture":"#0","tintindex":0},"north":{"uv":[12.75,5.1875,12.75,5.25],"rotation":0,"texture":"#0","tintindex":0},"west":{"uv":[12.6875,6.0625,12.8125,6.125],"rotation":0,"texture":"#0","tintindex":0},"up":{"uv":[10.0625,2.0,10.0625,1.875],"rotation":0,"texture":"#0","tintindex":0},"down":{"uv":[10.125,7.0,10.125,7.125],"rotation":0,"texture":"#0","tintindex":0}}},{"from":[7.142857,8.0,4.5714283],"to":[8.857143,8.571428,4.5714283],"rotation":{"angle":0.0,"axis":"y","origin":[7.428571,0.0,10.857143]},"faces":{"east":{"uv":[11.125,4.75,11.125,4.8125],"rotation":0,"texture":"#0","tintindex":0},"south":{"uv":[13.25,6.625,13.4375,6.6875],"rotation":0,"texture":"#0","tintindex":0},"north":{"uv":[12.75,5.1875,12.9375,5.25],"rotation":0,"texture":"#0","tintindex":0},"west":{"uv":[12.6875,6.0625,12.6875,6.125],"rotation":0,"texture":"#0","tintindex":0},"up":{"uv":[10.0625,1.875,10.25,1.875],"rotation":0,"texture":"#0","tintindex":0},"down":{"uv":[10.125,7.0,10.3125,7.0],"rotation":0,"texture":"#0","tintindex":0}}},{"from":[7.142857,8.0,4.5714283],"to":[7.142857,8.571428,5.714286],"rotation":{"angle":0.0,"axis":"y","origin":[7.428571,0.0,10.857143]},"faces":{"east":{"uv":[11.125,4.75,11.25,4.8125],"rotation":0,"texture":"#0","tintindex":0},"south":{"uv":[13.25,6.625,13.25,6.6875],"rotation":0,"texture":"#0","tintindex":0},"north":{"uv":[12.75,5.1875,12.75,5.25],"rotation":0,"texture":"#0","tintindex":0},"west":{"uv":[12.6875,6.0625,12.8125,6.125],"rotation":0,"texture":"#0","tintindex":0},"up":{"uv":[10.0625,2.0,10.0625,1.875],"rotation":0,"texture":"#0","tintindex":0},"down":{"uv":[10.125,7.0,10.125,7.125],"rotation":0,"texture":"#0","tintindex":0}}},{"from":[8.0,5.142857,4.5714283],"to":[8.0,6.857143,9.714286],"rotation":{"angle":0.0,"axis":"y","origin":[7.428571,0.0,10.857143]},"faces":{"east":{"uv":[8.5625,1.0,8.0,1.1875],"rotation":0,"texture":"#0","tintindex":0},"south":{"uv":[0.0,0.0,0.0,0.1875],"rotation":0,"texture":"#0","tintindex":0},"north":{"uv":[0.0,0.0,0.0,0.1875],"rotation":0,"texture":"#0","tintindex":0},"west":{"uv":[8.0,1.0,8.5625,1.1875],"rotation":0,"texture":"#0","tintindex":0},"up":{"uv":[0.0,0.5625,0.0,0.0],"rotation":0,"texture":"#0","tintindex":0},"down":{"uv":[0.0,0.0,0.0,0.5625],"rotation":0,"texture":"#0","tintindex":0}}}],"display":{"head":{"translation":[0.0,-6.4,0.0],"scale":[4.0,4.0,4.0]}}}