{"textures":{"0":"modelengine:entity/saintpatrick_pot"},"elements":[{"from":[6.18826,21.142857,5.648443],"to":[10.759688,22.285715,10.219872],"rotation":{"angle":0.0,"axis":"y","origin":[4.18826,10.0,3.362729]},"faces":{"east":{"uv":[10.0625,0.0,10.5625,0.125],"rotation":0,"texture":"#0","tintindex":0},"south":{"uv":[10.0625,5.125,10.5625,5.25],"rotation":0,"texture":"#0","tintindex":0},"north":{"uv":[10.0,8.625,10.5,8.75],"rotation":0,"texture":"#0","tintindex":0},"west":{"uv":[10.0625,5.25,10.5625,5.375],"rotation":0,"texture":"#0","tintindex":0},"up":{"uv":[10.3125,8.5,9.8125,8.0],"rotation":0,"texture":"#0","tintindex":0},"down":{"uv":[2.1875,9.875,1.6875,10.375],"rotation":0,"texture":"#0","tintindex":0}}},{"from":[4.7596884,23.035715,9.648443],"to":[9.331118,24.178572,14.219872],"rotation":{"angle":-45.0,"axis":"y","origin":[8.473974,23.607143,11.362729]},"faces":{"east":{"uv":[10.0625,7.0625,10.5625,7.1875],"rotation":0,"texture":"#0","tintindex":0},"south":{"uv":[10.0625,9.625,10.5625,9.75],"rotation":0,"texture":"#0","tintindex":0},"north":{"uv":[10.0625,5.375,10.5625,5.5],"rotation":0,"texture":"#0","tintindex":0},"west":{"uv":[10.0625,9.75,10.5625,9.875],"rotation":0,"texture":"#0","tintindex":0},"up":{"uv":[4.5,10.375,4.0,9.875],"rotation":0,"texture":"#0","tintindex":0},"down":{"uv":[6.125,9.875,5.625,10.375],"rotation":0,"texture":"#0","tintindex":0}}},{"from":[7.0454025,21.928572,9.934158],"to":[11.616832,23.07143,14.505587],"rotation":{"angle":0.0,"axis":"y","origin":[4.18826,10.0,3.362729]},"faces":{"east":{"uv":[10.125,0.875,10.625,1.0],"rotation":0,"texture":"#0","tintindex":0},"south":{"uv":[10.125,1.0,10.625,1.125],"rotation":0,"texture":"#0","tintindex":0},"north":{"uv":[10.125,0.75,10.625,0.875],"rotation":0,"texture":"#0","tintindex":0},"west":{"uv":[10.125,1.125,10.625,1.25],"rotation":0,"texture":"#0","tintindex":0},"up":{"uv":[9.625,10.375,9.125,9.875],"rotation":0,"texture":"#0","tintindex":0},"down":{"uv":[1.0,9.9375,0.5,10.4375],"rotation":0,"texture":"#0","tintindex":0}}},{"from":[3.045403,21.892857,2.219872],"to":[7.6168313,23.035715,6.791301],"rotation":{"angle":0.0,"axis":"y","origin":[4.18826,10.0,3.362729]},"faces":{"east":{"uv":[10.125,1.375,10.625,1.5],"rotation":0,"texture":"#0","tintindex":0},"south":{"uv":[10.125,1.5,10.625,1.625],"rotation":0,"texture":"#0","tintindex":0},"north":{"uv":[10.125,1.25,10.625,1.375],"rotation":0,"texture":"#0","tintindex":0},"west":{"uv":[10.125,9.875,10.625,10.0],"rotation":0,"texture":"#0","tintindex":0},"up":{"uv":[5.0,10.4375,4.5,9.9375],"rotation":0,"texture":"#0","tintindex":0},"down":{"uv":[7.75,9.9375,7.25,10.4375],"rotation":0,"texture":"#0","tintindex":0}}},{"from":[2.4739742,21.892857,7.327015],"to":[7.0454025,23.035715,11.898443],"rotation":{"angle":22.5,"axis":"y","origin":[5.3311167,22.464287,11.077015]},"faces":{"east":{"uv":[10.125,10.125,10.625,10.25],"rotation":0,"texture":"#0","tintindex":0},"south":{"uv":[10.125,10.25,10.625,10.375],"rotation":0,"texture":"#0","tintindex":0},"north":{"uv":[10.125,10.0,10.625,10.125],"rotation":0,"texture":"#0","tintindex":0},"west":{"uv":[10.3125,7.9375,10.8125,8.0625],"rotation":0,"texture":"#0","tintindex":0},"up":{"uv":[9.0625,10.4375,8.5625,9.9375],"rotation":0,"texture":"#0","tintindex":0},"down":{"uv":[10.125,9.9375,9.625,10.4375],"rotation":0,"texture":"#0","tintindex":0}}},{"from":[7.6168313,21.892857,1.0770144],"to":[12.18826,23.035715,5.648443],"rotation":{"angle":-45.0,"axis":"y","origin":[11.045403,22.464287,4.505586]},"faces":{"east":{"uv":[10.3125,8.1875,10.8125,8.3125],"rotation":0,"texture":"#0","tintindex":0},"south":{"uv":[10.3125,8.3125,10.8125,8.4375],"rotation":0,"texture":"#0","tintindex":0},"north":{"uv":[10.3125,8.0625,10.8125,8.1875],"rotation":0,"texture":"#0","tintindex":0},"west":{"uv":[1.5,10.375,2.0,10.5],"rotation":0,"texture":"#0","tintindex":0},"up":{"uv":[0.5,10.5,0.0,10.0],"rotation":0,"texture":"#0","tintindex":0},"down":{"uv":[10.5,0.125,10.0,0.625],"rotation":0,"texture":"#0","tintindex":0}}},{"from":[8.18826,23.035715,3.6484432],"to":[12.759689,24.178572,8.219872],"rotation":{"angle":0.0,"axis":"y","origin":[11.045403,22.464287,4.505586]},"faces":{"east":{"uv":[5.5,10.375,6.0,10.5],"rotation":0,"texture":"#0","tintindex":0},"south":{"uv":[9.0625,10.375,9.5625,10.5],"rotation":0,"texture":"#0","tintindex":0},"north":{"uv":[3.6875,10.375,4.1875,10.5],"rotation":0,"texture":"#0","tintindex":0},"west":{"uv":[10.125,10.375,10.625,10.5],"rotation":0,"texture":"#0","tintindex":0},"up":{"uv":[1.5,10.5,1.0,10.0],"rotation":0,"texture":"#0","tintindex":0},"down":{"uv":[10.5,1.625,10.0,2.125],"rotation":0,"texture":"#0","tintindex":0}}},{"from":[13.902546,8.178572,17.077015],"to":[18.473974,9.321428,21.648445],"rotation":{"angle":-45.0,"axis":"y","origin":[20.18826,8.75,19.36273]},"faces":{"east":{"uv":[4.1875,10.4375,4.6875,10.5625],"rotation":0,"texture":"#0","tintindex":0},"south":{"uv":[7.125,10.4375,7.625,10.5625],"rotation":0,"texture":"#0","tintindex":0},"north":{"uv":[0.5,10.4375,1.0,10.5625],"rotation":0,"texture":"#0","tintindex":0},"west":{"uv":[8.5625,10.4375,9.0625,10.5625],"rotation":0,"texture":"#0","tintindex":0},"up":{"uv":[2.6875,10.5,2.1875,10.0],"rotation":0,"texture":"#0","tintindex":0},"down":{"uv":[3.1875,10.0,2.6875,10.5],"rotation":0,"texture":"#0","tintindex":0}}},{"from":[13.902546,9.321428,15.36273],"to":[18.473974,10.464286,19.934158],"rotation":{"angle":0.0,"axis":"y","origin":[20.18826,8.75,19.36273]},"faces":{"east":{"uv":[0.0,10.5,0.5,10.625],"rotation":0,"texture":"#0","tintindex":0},"south":{"uv":[10.5,0.125,11.0,0.25],"rotation":0,"texture":"#0","tintindex":0},"north":{"uv":[9.5625,10.4375,10.0625,10.5625],"rotation":0,"texture":"#0","tintindex":0},"west":{"uv":[10.5,0.25,11.0,0.375],"rotation":0,"texture":"#0","tintindex":0},"up":{"uv":[3.6875,10.5,3.1875,10.0],"rotation":0,"texture":"#0","tintindex":0},"down":{"uv":[5.5,10.0,5.0,10.5],"rotation":0,"texture":"#0","tintindex":0}}},{"from":[14.265997,8.178572,-3.9341593],"to":[18.837425,9.321428,0.63727045],"rotation":{"angle":0.0,"axis":"y","origin":[16.551712,8.75,-1.6484442]},"faces":{"east":{"uv":[10.5,0.5,11.0,0.625],"rotation":0,"texture":"#0","tintindex":0},"south":{"uv":[1.0,10.5,1.5,10.625],"rotation":0,"texture":"#0","tintindex":0},"north":{"uv":[10.5,0.375,11.0,0.5],"rotation":0,"texture":"#0","tintindex":0},"west":{"uv":[1.5,10.5,2.0,10.625],"rotation":0,"texture":"#0","tintindex":0},"up":{"uv":[10.5,6.0625,10.0,5.5625],"rotation":0,"texture":"#0","tintindex":0},"down":{"uv":[10.5,6.0625,10.0,6.5625],"rotation":0,"texture":"#0","tintindex":0}}},{"from":[-4.8768606,8.178572,13.494413],"to":[-0.30543232,9.321428,18.065842],"rotation":{"angle":-45.0,"axis":"y","origin":[-2.5911465,8.75,19.208698]},"faces":{"east":{"uv":[10.5,1.75,11.0,1.875],"rotation":0,"texture":"#0","tintindex":0},"south":{"uv":[10.5,1.875,11.0,2.0],"rotation":0,"texture":"#0","tintindex":0},"north":{"uv":[10.5,1.625,11.0,1.75],"rotation":0,"texture":"#0","tintindex":0},"west":{"uv":[2.0,10.5,2.5,10.625],"rotation":0,"texture":"#0","tintindex":0},"up":{"uv":[6.625,10.5,6.125,10.0],"rotation":0,"texture":"#0","tintindex":0},"down":{"uv":[7.125,10.0,6.625,10.5],"rotation":0,"texture":"#0","tintindex":0}}},{"from":[-2.5911465,8.178572,-3.9341593],"to":[1.9802823,9.321428,0.63727045],"rotation":{"angle":-45.0,"axis":"y","origin":[-2.5911465,8.75,-1.6484442]},"faces":{"east":{"uv":[2.5,10.5,3.0,10.625],"rotation":0,"texture":"#0","tintindex":0},"south":{"uv":[3.0,10.5,3.5,10.625],"rotation":0,"texture":"#0","tintindex":0},"north":{"uv":[10.5,2.0,11.0,2.125],"rotation":0,"texture":"#0","tintindex":0},"west":{"uv":[3.5,10.5,4.0,10.625],"rotation":0,"texture":"#0","tintindex":0},"up":{"uv":[10.5,7.6875,10.0,7.1875],"rotation":0,"texture":"#0","tintindex":0},"down":{"uv":[10.5625,2.125,10.0625,2.625],"rotation":0,"texture":"#0","tintindex":0}}},{"from":[-3.5197182,10.464286,-1.6484442],"to":[1.0517106,11.607143,2.922985],