{"textures":{"0":"modelengine:entity/saintpatrick_pot"},"elements":[{"from":[31.0,6.6860104,1.8289104],"to":[32.0,18.633804,2.8789105],"rotation":{"angle":45.0,"axis":"z","origin":[25.738487,6.5123844,2.7539105]},"faces":{"east":{"uv":[10.0625,10.5,10.25,12.0],"rotation":0,"texture":"#0","tintindex":0},"south":{"uv":[10.25,10.5,10.4375,12.0],"rotation":0,"texture":"#0","tintindex":0},"north":{"uv":[9.25,10.5,9.4375,12.0],"rotation":0,"texture":"#0","tintindex":0},"west":{"uv":[10.4375,10.5,10.625,12.0],"rotation":0,"texture":"#0","tintindex":0},"up":{"uv":[4.5,2.25,4.25,2.0],"rotation":90,"texture":"#missing","tintindex":0},"down":{"uv":[4.5,2.25,4.25,2.5],"rotation":270,"texture":"#missing","tintindex":0}}},{"from":[-5.6090355,-16.0,1.8289104],"to":[-4.6090355,-6.4522057,2.8789105],"rotation":{"angle":-45.0,"axis":"z","origin":[25.738487,6.5123844,2.7539105]},"faces":{"east":{"uv":[0.6875,10.5625,0.875,12.0625],"rotation":0,"texture":"#0","tintindex":0},"south":{"uv":[10.5625,2.125,10.75,3.625],"rotation":0,"texture":"#0","tintindex":0},"north":{"uv":[0.5,10.5625,0.6875,12.0625],"rotation":0,"texture":"#0","tintindex":0},"west":{"uv":[10.5625,3.625,10.75,5.125],"rotation":0,"texture":"#0","tintindex":0},"up":{"uv":[4.75,2.25,4.5,2.0],"rotation":90,"texture":"#missing","tintindex":0},"down":{"uv":[4.75,2.25,4.5,2.5],"rotation":270,"texture":"#missing","tintindex":0}}},{"from":[-11.837965,-11.837963,1.8289104],"to":[-10.837965,-2.2901688,2.8789105],"rotation":{"angle":-22.5,"axis":"z","origin":[25.738487,6.5123844,2.7539105]},"faces":{"east":{"uv":[4.375,10.5625,4.5625,12.0625],"rotation":0,"texture":"#0","tintindex":0},"south":{"uv":[7.0625,10.5625,7.25,12.0625],"rotation":0,"texture":"#0","tintindex":0},"north":{"uv":[4.1875,10.5625,4.375,12.0625],"rotation":0,"texture":"#0","tintindex":0},"west":{"uv":[7.25,10.5625,7.4375,12.0625],"rotation":0,"texture":"#0","tintindex":0},"up":{"uv":[7.0,1.5,6.75,1.25],"rotation":90,"texture":"#missing","tintindex":0},"down":{"uv":[7.0,1.5,6.75,1.75],"rotation":270,"texture":"#missing","tintindex":0}}},{"from":[-16.0,-3.1090317,1.8289104],"to":[-15.0,3.9387608,2.8789105],"rotation":{"angle":0.0,"axis":"y","origin":[25.738487,6.5123844,2.7539105]},"faces":{"east":{"uv":[1.3125,12.5,1.5,13.625],"rotation":0,"texture":"#0","tintindex":0},"south":{"uv":[1.5,12.5,1.6875,13.625],"rotation":0,"texture":"#0","tintindex":0},"north":{"uv":[1.125,12.5,1.3125,13.625],"rotation":0,"texture":"#0","tintindex":0},"west":{"uv":[12.5,1.5,12.6875,2.625],"rotation":0,"texture":"#0","tintindex":0},"up":{"uv":[7.0,2.0,6.75,1.75],"rotation":90,"texture":"#missing","tintindex":0},"down":{"uv":[0.4375,5.6875,0.25,5.875],"rotation":0,"texture":"#0","tintindex":0}}},{"from":[7.388139,15.935935,1.8289104],"to":[16.935932,16.935936,2.8789105],"rotation":{"angle":-22.5,"axis":"z","origin":[25.738487,6.5123844,2.7539105]},"faces":{"east":{"uv":[6.75,2.25,7.0,2.5],"rotation":0,"texture":"#missing","tintindex":0},"south":{"uv":[10.5,7.375,12.0,7.5625],"rotation":0,"texture":"#0","tintindex":0},"north":{"uv":[10.5,7.1875,12.0,7.375],"rotation":0,"texture":"#0","tintindex":0},"west":{"uv":[7.0,1.25,7.25,1.5],"rotation":0,"texture":"#missing","tintindex":0},"up":{"uv":[12.0,8.8125,10.5,8.625],"rotation":0,"texture":"#0","tintindex":0},"down":{"uv":[12.0625,5.125,10.5625,5.3125],"rotation":0,"texture":"#0","tintindex":0}}},{"from":[3.2261028,22.164864,1.8289104],"to":[12.773896,23.164864,2.8789105],"rotation":{"angle":0.0,"axis":"y","origin":[25.738487,6.5123844,2.7539105]},"faces":{"east":{"uv":[7.0,1.5,7.25,1.75],"rotation":0,"texture":"#missing","tintindex":0},"south":{"uv":[10.5625,6.5,12.0625,6.6875],"rotation":0,"texture":"#0","tintindex":0},"north":{"uv":[10.5625,5.3125,12.0625,5.5],"rotation":0,"texture":"#0","tintindex":0},"west":{"uv":[7.0,1.75,7.25,2.0],"rotation":0,"texture":"#missing","tintindex":0},"up":{"uv":[12.0625,6.875,10.5625,6.6875],"rotation":0,"texture":"#0","tintindex":0},"down":{"uv":[12.0625,6.875,10.5625,7.0625],"rotation":0,"texture":"#0","tintindex":0}}},{"from":[1.7645893,29.512384,1.8289104],"to":[11.312383,30.512384,2.8789105],"rotation":{"angle":22.5,"axis":"z","origin":[25.738487,6.5123844,2.7539105]},"faces":{"east":{"uv":[7.0,2.0,7.25,2.25],"rotation":0,"texture":"#missing","tintindex":0},"south":{"uv":[10.625,0.75,12.125,0.9375],"rotation":0,"texture":"#0","tintindex":0},"north":{"uv":[10.5625,9.625,12.0625,9.8125],"rotation":0,"texture":"#0","tintindex":0},"west":{"uv":[7.0,2.25,7.25,2.5],"rotation":0,"texture":"#missing","tintindex":0},"up":{"uv":[2.375,10.8125,0.875,10.625],"rotation":0,"texture":"#0","tintindex":0},"down":{"uv":[12.125,0.9375,10.625,1.125],"rotation":0,"texture":"#0","tintindex":0}}}],"display":{"head":{"translation":[-24.026817,-98.84954,0.0],"scale":[4.0,4.0,4.0]}}}