{"textures":{"0":"modelengine:entity/saintpatrick_pot"},"elements":[{"from":[-2.0241966,5.785714,-9.4587],"to":[1.2578578,14.5,-7.101557],"rotation":{"angle":-45.0,"axis":"y","origin":[-0.38316917,13.714286,-1.2086992]},"faces":{"east":{"uv":[6.0,0.0,6.25,0.9375],"rotation":0,"texture":"#0","tintindex":0},"south":{"uv":[1.1875,3.5625,1.5625,4.5],"rotation":0,"texture":"#0","tintindex":0},"north":{"uv":[0.75,3.5625,1.125,4.5],"rotation":0,"texture":"#0","tintindex":0},"west":{"uv":[6.0,1.0,6.25,1.9375],"rotation":0,"texture":"#0","tintindex":0},"up":{"uv":[8.875,4.0625,8.5,3.8125],"rotation":0,"texture":"#0","tintindex":0},"down":{"uv":[8.875,4.125,8.5,4.375],"rotation":0,"texture":"#0","tintindex":0}}},{"from":[-2.0241966,5.785714,-9.4587],"to":[1.2578578,14.5,-7.101557],"rotation":{"angle":-22.5,"axis":"y","origin":[-0.38316917,13.714286,-1.2086992]},"faces":{"east":{"uv":[3.5625,6.0,3.8125,6.9375],"rotation":0,"texture":"#0","tintindex":0},"south":{"uv":[2.0625,3.5625,2.4375,4.5],"rotation":0,"texture":"#0","tintindex":0},"north":{"uv":[1.625,3.5625,2.0,4.5],"rotation":0,"texture":"#0","tintindex":0},"west":{"uv":[3.875,6.0,4.125,6.9375],"rotation":0,"texture":"#0","tintindex":0},"up":{"uv":[8.875,4.6875,8.5,4.4375],"rotation":0,"texture":"#0","tintindex":0},"down":{"uv":[8.875,4.75,8.5,5.0],"rotation":0,"texture":"#0","tintindex":0}}},{"from":[-2.0241966,5.785714,-9.4587],"to":[1.2578578,14.5,-7.101557],"rotation":{"angle":0.0,"axis":"y","origin":[-0.38316917,13.714286,-1.2086992]},"faces":{"east":{"uv":[4.1875,6.0,4.4375,6.9375],"rotation":0,"texture":"#0","tintindex":0},"south":{"uv":[2.9375,3.5625,3.3125,4.5],"rotation":0,"texture":"#0","tintindex":0},"north":{"uv":[2.5,3.5625,2.875,4.5],"rotation":0,"texture":"#0","tintindex":0},"west":{"uv":[6.0625,2.0,6.3125,2.9375],"rotation":0,"texture":"#0","tintindex":0},"up":{"uv":[5.375,8.75,5.0,8.5],"rotation":0,"texture":"#0","tintindex":0},"down":{"uv":[8.875,5.0625,8.5,5.3125],"rotation":0,"texture":"#0","tintindex":0}}},{"from":[-2.0241966,5.785714,-9.4587],"to":[1.2578578,14.5,-7.101557],"rotation":{"angle":22.5,"axis":"y","origin":[-0.38316917,13.714286,-1.2086992]},"faces":{"east":{"uv":[6.0625,3.0,6.3125,3.9375],"rotation":0,"texture":"#0","tintindex":0},"south":{"uv":[3.75,0.0,4.125,0.9375],"rotation":0,"texture":"#0","tintindex":0},"north":{"uv":[3.375,3.5625,3.75,4.5],"rotation":0,"texture":"#0","tintindex":0},"west":{"uv":[4.5,6.1875,4.75,7.125],"rotation":0,"texture":"#0","tintindex":0},"up":{"uv":[8.875,5.625,8.5,5.375],"rotation":0,"texture":"#0","tintindex":0},"down":{"uv":[5.8125,8.5,5.4375,8.75],"rotation":0,"texture":"#0","tintindex":0}}},{"from":[-2.0241966,5.785714,-9.4587],"to":[1.2578578,14.5,-7.101557],"rotation":{"angle":45.0,"axis":"y","origin":[-0.38316917,13.714286,-1.2086992]},"faces":{"east":{"uv":[4.8125,6.1875,5.0625,7.125],"rotation":0,"texture":"#0","tintindex":0},"south":{"uv":[3.75,2.0,4.125,2.9375],"rotation":0,"texture":"#0","tintindex":0},"north":{"uv":[3.75,1.0,4.125,1.9375],"rotation":0,"texture":"#0","tintindex":0},"west":{"uv":[6.25,4.0,6.5,4.9375],"rotation":0,"texture":"#0","tintindex":0},"up":{"uv":[8.875,5.9375,8.5,5.6875],"rotation":0,"texture":"#0","tintindex":0},"down":{"uv":[6.6875,8.5,6.3125,8.75],"rotation":0,"texture":"#0","tintindex":0}}},{"from":[-2.0241966,5.785714,4.6841574],"to":[1.2578578,14.5,7.041301],"rotation":{"angle":-45.0,"axis":"y","origin":[-0.38316917,13.714286,-1.2086992]},"faces":{"east":{"uv":[6.25,5.0,6.5,5.9375],"rotation":0,"texture":"#0","tintindex":0},"south":{"uv":[3.8125,4.0,4.1875,4.9375],"rotation":0,"texture":"#0","tintindex":0},"north":{"uv":[3.8125,3.0,4.1875,3.9375],"rotation":0,"texture":"#0","tintindex":0},"west":{"uv":[6.25,6.0,6.5,6.9375],"rotation":0,"texture":"#0","tintindex":0},"up":{"uv":[4.625,8.8125,4.25,8.5625],"rotation":0,"texture":"#0","tintindex":0},"down":{"uv":[8.9375,6.0,8.5625,6.25],"rotation":0,"texture":"#0","tintindex":0}}},{"from":[-2.0241966,5.785714,4.6841574],"to":[1.2578578,14.5,7.041301],"rotation":{"angle":-22.5,"axis":"y","origin":[-0.38316917,13.714286,-1.2086992]},"faces":{"east":{"uv":[6.3125,0.0,6.5625,0.9375],"rotation":0,"texture":"#0","tintindex":0},"south":{"uv":[4.1875,1.0,4.5625,1.9375],"rotation":0,"texture":"#0","tintindex":0},"north":{"uv":[4.1875,0.0,4.5625,0.9375],"rotation":0,"texture":"#0","tintindex":0},"west":{"uv":[6.3125,1.0,6.5625,1.9375],"rotation":0,"texture":"#0","tintindex":0},"up":{"uv":[8.9375,6.5625,8.5625,6.3125],"rotation":0,"texture":"#0","tintindex":0},"down":{"uv":[8.9375,6.625,8.5625,6.875],"rotation":0,"texture":"#0","tintindex":0}}},{"from":[-2.0241966,5.785714,4.6841574],"to":[1.2578578,14.5,7.041301],"rotation":{"angle":0.0,"axis":"y","origin":[-0.38316917,13.714286,-1.2086992]},"faces":{"east":{"uv":[6.375,2.0,6.625,2.9375],"rotation":0,"texture":"#0","tintindex":0},"south":{"uv":[4.25,3.0,4.625,3.9375],"rotation":0,"texture":"#0","tintindex":0},"north":{"uv":[4.1875,2.0,4.5625,2.9375],"rotation":0,"texture":"#0","tintindex":0},"west":{"uv":[6.375,3.0,6.625,3.9375],"rotation":0,"texture":"#0","tintindex":0},"up":{"uv":[8.9375,7.1875,8.5625,6.9375],"rotation":0,"texture":"#0","tintindex":0},"down":{"uv":[8.9375,8.125,8.5625,8.375],"rotation":0,"texture":"#0","tintindex":0}}},{"from":[-2.0241966,5.785714,4.6841574],"to":[1.2578578,14.5,7.041301],"rotation":{"angle":22.5,"axis":"y","origin":[-0.38316917,13.714286,-1.2086992]},"faces":{"east":{"uv":[6.5625,4.0,6.8125,4.9375],"rotation":0,"texture":"#0","tintindex":0},"south":{"uv":[0.75,4.5625,1.125,5.5],"rotation":0,"texture":"#0","tintindex":0},"north":{"uv":[4.25,4.0,4.625,4.9375],"rotation":0,"texture":"#0","tintindex":0},"west":{"uv":[6.5625,5.0,6.8125,5.9375],"rotation":0,"texture":"#0","tintindex":0},"up":{"uv":[8.9375,8.6875,8.5625,8.4375],"rotation":0,"texture":"#0","tintindex":0},"down":{"uv":[9.0,0.0,8.625,0.25],"rotation":0,"texture":"#0","tintindex":0}}},{"from":[-2.0241966,5.785714,4.6841574],"to":[1.2578578,14.5,7.041301],"rotation":{"angle":45.0,"axis":"y","origin":[-0.38316917,13.714286,-1.2086992]},"faces":{"east":{"uv":[6.5625,6.0,6.8125,6.9375],"rotation":0,"texture":"#0","tintindex":0},"south":{"uv":[1.625,4.5625,2.0,5.5],"rotation":0,"texture":"#0","tintindex":0},"north":{"uv":[1.1875,4.5625,1.5625,5.5],"rotation":0,"texture":"#0","tintindex":0},"west":{"uv":[6.625,0.0,6.875,0.9375],"rotation":0,"texture":"#0","tintindex":0},"up":{"uv":[9.0,0.5625,8.625,0.3125],"rotation":0,"texture":"#0","tintindex":0},"down":{"uv":[9.0,0.625,8.625,0.875],"rotation":0,"texture":"#0","tintindex":0}}},{"from":[-8.633169,5.785714,-2.8497267],"to":[-6.2760267,14.5,0.43232727],"rotation":{"angle":-22.5,"axis":"y","origin":[-0.38316917,13.714286,-1.2086992]},"faces":{"east":{"uv":[2.0625,4.5625,2.4375,5.5],"rotation":0,"texture":"#0","tintindex":0},"south":{"uv":[6.6875,2.0,6.9375,2.9375],"rotation":0,"texture":"#0","tintindex":0},"north":{"uv":[6.625,1.0,6.875,1.9375],"rotation":0,"texture":"#0","tintindex":0},"west":{"uv":[2.5,4.5625,2.875,5.5],"rotation":0,"texture":"#0","tintindex":0},"up":{"uv":[7.25,3.8125,7.0,3.4375],"rotation":0,"texture":"#0","tintindex":0},"down":{"uv":[6.625,7.6875,6.375,8.0625],"rotation":0,"texture":"#0","tintindex":0}}},{"from":[-8.633169,5.785714,-2.8497267],"to":[-6.2760267,14.5,0.43232727],"rotation":{"angle":0.0,"axis":"y","origin":[-0.38316917,13.714286,-1.2086992]},"faces":{"east":{"uv":[2.9375,4.5625,3.3125,5.5],"rotation":0,"texture":"#0","tintindex":0},"south":{"uv":[0.625,6.75,0.875,7.6875],"rotation":0,"texture":"#0","tintindex":0},"north":{"uv":[6.6875,3.0,6.9375,3.9375],"rotation":0,"texture":"#0","tintindex":0},"west":{"uv":[3.375,4.5625,3.75,5.5],"rotation":0,"texture":"#0","tintindex":0},"up":{"uv":[4.9375,8.9375,4.6875,8.5625],"rotation":0,"texture":"#0","tintindex":0},"down":{"uv":[7.0,8.625,6.75,9.0],"rotation":0,"texture":"#0","tintindex":0}}},{"from":[-8.633169,5.785714,-2.8497267],"to":[-6.2760267,14.5,0.43232727],"rotation":{"angle":22.5,