{"textures":{"0":"modelengine:entity/saintpatrick_pot"},"elements":[{"from":[-1.5169697,14.6,-6.9087],"to":[0.75063133,16.828571,-5.2801275],"rotation":{"angle":-45.0,"axis":"y","origin":[-0.38316917,16.285715,-1.2086992]},"faces":{"east":{"uv":[3.5625,5.5625,3.75,5.8125],"rotation":0,"texture":"#0","tintindex":0},"south":{"uv":[0.9375,9.1875,1.1875,9.4375],"rotation":0,"texture":"#0","tintindex":0},"north":{"uv":[0.625,9.1875,0.875,9.4375],"rotation":0,"texture":"#0","tintindex":0},"west":{"uv":[6.0,7.125,6.1875,7.375],"rotation":0,"texture":"#0","tintindex":0},"up":{"uv":[7.0,9.5625,6.75,9.375],"rotation":0,"texture":"#0","tintindex":0},"down":{"uv":[9.625,6.75,9.375,6.9375],"rotation":0,"texture":"#0","tintindex":0}}},{"from":[-1.5169697,14.6,-6.9087],"to":[0.75063133,16.828571,-5.2801275],"rotation":{"angle":-22.5,"axis":"y","origin":[-0.38316917,16.285715,-1.2086992]},"faces":{"east":{"uv":[7.0625,9.375,7.25,9.625],"rotation":0,"texture":"#0","tintindex":0},"south":{"uv":[1.5625,9.1875,1.8125,9.4375],"rotation":0,"texture":"#0","tintindex":0},"north":{"uv":[1.25,9.1875,1.5,9.4375],"rotation":0,"texture":"#0","tintindex":0},"west":{"uv":[7.3125,9.375,7.5,9.625],"rotation":0,"texture":"#0","tintindex":0},"up":{"uv":[7.8125,9.5625,7.5625,9.375],"rotation":0,"texture":"#0","tintindex":0},"down":{"uv":[9.625,7.9375,9.375,8.125],"rotation":0,"texture":"#0","tintindex":0}}},{"from":[-1.5169697,14.6,-6.9087],"to":[0.75063133,16.828571,-5.2801275],"rotation":{"angle":0.0,"axis":"y","origin":[-0.38316917,16.285715,-1.2086992]},"faces":{"east":{"uv":[7.875,9.375,8.0625,9.625],"rotation":0,"texture":"#0","tintindex":0},"south":{"uv":[2.1875,9.1875,2.4375,9.4375],"rotation":0,"texture":"#0","tintindex":0},"north":{"uv":[1.875,9.1875,2.125,9.4375],"rotation":0,"texture":"#0","tintindex":0},"west":{"uv":[9.375,8.1875,9.5625,8.4375],"rotation":0,"texture":"#0","tintindex":0},"up":{"uv":[9.625,8.6875,9.375,8.5],"rotation":0,"texture":"#0","tintindex":0},"down":{"uv":[9.625,8.75,9.375,8.9375],"rotation":0,"texture":"#0","tintindex":0}}},{"from":[-1.5169697,14.6,-6.9087],"to":[0.75063133,16.828571,-5.2801275],"rotation":{"angle":22.5,"axis":"y","origin":[-0.38316917,16.285715,-1.2086992]},"faces":{"east":{"uv":[9.375,9.0,9.5625,9.25],"rotation":0,"texture":"#0","tintindex":0},"south":{"uv":[2.8125,9.1875,3.0625,9.4375],"rotation":0,"texture":"#0","tintindex":0},"north":{"uv":[2.5,9.1875,2.75,9.4375],"rotation":0,"texture":"#0","tintindex":0},"west":{"uv":[9.0625,9.375,9.25,9.625],"rotation":0,"texture":"#0","tintindex":0},"up":{"uv":[9.5625,9.5625,9.3125,9.375],"rotation":0,"texture":"#0","tintindex":0},"down":{"uv":[9.6875,0.0,9.4375,0.1875],"rotation":0,"texture":"#0","tintindex":0}}},{"from":[-1.5169697,14.6,-6.9087],"to":[0.75063133,16.828571,-5.2801275],"rotation":{"angle":45.0,"axis":"y","origin":[-0.38316917,16.285715,-1.2086992]},"faces":{"east":{"uv":[9.4375,0.25,9.625,0.5],"rotation":0,"texture":"#0","tintindex":0},"south":{"uv":[9.1875,7.1875,9.4375,7.4375],"rotation":0,"texture":"#0","tintindex":0},"north":{"uv":[9.1875,3.3125,9.4375,3.5625],"rotation":0,"texture":"#0","tintindex":0},"west":{"uv":[9.4375,0.5625,9.625,0.8125],"rotation":0,"texture":"#0","tintindex":0},"up":{"uv":[9.6875,2.6875,9.4375,2.5],"rotation":0,"texture":"#0","tintindex":0},"down":{"uv":[9.6875,2.75,9.4375,2.9375],"rotation":0,"texture":"#0","tintindex":0}}},{"from":[-1.5169697,14.6,2.862729],"to":[0.75063133,16.828571,4.4913006],"rotation":{"angle":-45.0,"axis":"y","origin":[-0.38316917,16.285715,-1.2086992]},"faces":{"east":{"uv":[9.4375,3.0,9.625,3.25],"rotation":0,"texture":"#0","tintindex":0},"south":{"uv":[9.25,3.9375,9.5,4.1875],"rotation":0,"texture":"#0","tintindex":0},"north":{"uv":[9.25,3.625,9.5,3.875],"rotation":0,"texture":"#0","tintindex":0},"west":{"uv":[9.4375,7.5,9.625,7.75],"rotation":0,"texture":"#0","tintindex":0},"up":{"uv":[8.375,9.625,8.125,9.4375],"rotation":0,"texture":"#0","tintindex":0},"down":{"uv":[8.6875,9.4375,8.4375,9.625],"rotation":0,"texture":"#0","tintindex":0}}},{"from":[-1.5169697,14.6,2.862729],"to":[0.75063133,16.828571,4.4913006],"rotation":{"angle":-22.5,"axis":"y","origin":[-0.38316917,16.285715,-1.2086992]},"faces":{"east":{"uv":[8.75,9.4375,8.9375,9.6875],"rotation":0,"texture":"#0","tintindex":0},"south":{"uv":[9.25,4.25,9.5,4.5],"rotation":0,"texture":"#0","tintindex":0},"north":{"uv":[4.0625,9.25,4.3125,9.5],"rotation":0,"texture":"#0","tintindex":0},"west":{"uv":[0.625,9.5,0.8125,9.75],"rotation":0,"texture":"#0","tintindex":0},"up":{"uv":[1.125,9.6875,0.875,9.5],"rotation":0,"texture":"#0","tintindex":0},"down":{"uv":[1.4375,9.5,1.1875,9.6875],"rotation":0,"texture":"#0","tintindex":0}}},{"from":[-1.5169697,14.6,2.862729],"to":[0.75063133,16.828571,4.4913006],"rotation":{"angle":0.0,"axis":"y","origin":[-0.38316917,16.285715,-1.2086992]},"faces":{"east":{"uv":[1.5,9.5,1.6875,9.75],"rotation":0,"texture":"#0","tintindex":0},"south":{"uv":[9.25,4.875,9.5,5.125],"rotation":0,"texture":"#0","tintindex":0},"north":{"uv":[9.25,4.5625,9.5,4.8125],"rotation":0,"texture":"#0","tintindex":0},"west":{"uv":[1.75,9.5,1.9375,9.75],"rotation":0,"texture":"#0","tintindex":0},"up":{"uv":[2.25,9.6875,2.0,9.5],"rotation":0,"texture":"#0","tintindex":0},"down":{"uv":[2.5625,9.5,2.3125,9.6875],"rotation":0,"texture":"#0","tintindex":0}}},{"from":[-1.5169697,14.6,2.862729],"to":[0.75063133,16.828571,4.4913006],"rotation":{"angle":22.5,"axis":"y","origin":[-0.38316917,16.285715,-1.2086992]},"faces":{"east":{"uv":[2.625,9.5,2.8125,9.75],"rotation":0,"texture":"#0","tintindex":0},"south":{"uv":[9.25,5.5,9.5,5.75],"rotation":0,"texture":"#0","tintindex":0},"north":{"uv":[9.25,5.1875,9.5,5.4375],"rotation":0,"texture":"#0","tintindex":0},"west":{"uv":[2.875,9.5,3.0625,9.75],"rotation":0,"texture":"#0","tintindex":0},"up":{"uv":[9.75,3.5,9.5,3.3125],"rotation":0,"texture":"#0","tintindex":0},"down":{"uv":[4.0,9.5,3.75,9.6875],"rotation":0,"texture":"#0","tintindex":0}}},{"from":[-1.5169697,14.6,2.862729],"to":[0.75063133,16.828571,4.4913006],"rotation":{"angle":45.0,"axis":"y","origin":[-0.38316917,16.285715,-1.2086992]},"faces":{"east":{"uv":[4.6875,9.5,4.875,9.75],"rotation":0,"texture":"#0","tintindex":0},"south":{"uv":[9.3125,0.9375,9.5625,1.1875],"rotation":0,"texture":"#0","tintindex":0},"north":{"uv":[0.0,9.3125,0.25,9.5625],"rotation":0,"texture":"#0","tintindex":0},"west":{"uv":[4.9375,9.5,5.125,9.75],"rotation":0,"texture":"#0","tintindex":0},"up":{"uv":[5.4375,9.6875,5.1875,9.5],"rotation":0,"texture":"#0","tintindex":0},"down":{"uv":[6.3125,9.5,6.0625,9.6875],"rotation":0,"texture":"#0","tintindex":0}}},{"from":[-6.08317,14.6,-2.3425007],"to":[-4.4545984,16.828571,-0.07489967],"rotation":{"angle":-22.5,"axis":"y","origin":[-0.38316917,16.285715,-1.2086992]},"faces":{"east":{"uv":[9.3125,1.25,9.5625,1.5],"rotation":0,"texture":"#0","tintindex":0},"south":{"uv":[9.5,7.0,9.6875,7.25],"rotation":0,"texture":"#0","tintindex":0},"north":{"uv":[5.5,9.5,5.6875,9.75],"rotation":0,"texture":"#0","tintindex":0},"west":{"uv":[9.3125,1.5625,9.5625,1.8125],"rotation":0,"texture":"#0","tintindex":0},"up":{"uv":[0.5,9.8125,0.3125,9.5625],"rotation":0,"texture":"#0","tintindex":0},"down":{"uv":[9.75,3.5625,9.5625,3.8125],"rotation":0,"texture":"#0","tintindex":0}}},{"from":[-6.08317,14.6,-2.3425007],"to":[-4.4545984,16.828571,-0.07489967],"rotation":{"angle":0.0,"axis":"y","origin":[-0.38316917,16.285715,-1.2086992]},"faces":{"east":{"uv":[4.375,9.3125,4.625,9.5625],"rotation":0,"texture":"#0","tintindex":0},"south":{"uv":[4.0625,9.5625,4.25,9.8125],"rotation":0,"texture":"#0","tintindex":0},"north":{"uv":[9.5625,3.875,9.75,4.125],"rotation":0,"texture":"#0","tintindex":0},"west":{"uv":[9.375,1.875,9.625,2.125],"rotation":0,"texture":"#0","tintindex":0},"up":{"uv":[9.75,4.4375,9.5625,4.1875],"rotation":0,"texture":"#0","tintindex":0},"down":{"uv":[9.75,4.5,9.5625,4.75],"rotation":0,"texture":"#0","tintindex":0}}},{"from":[-6.08317,14.6,-2.3425007],