{"textures":{"0":"modelengine:entity/saintpatrick_pot"},"elements":[{"from":[31.0,6.286009,3.9289103],"to":[32.0,18.633804,4.9789104],"rotation":{"angle":45.0,"axis":"z","origin":[25.738487,6.5123844,4.8539104]},"faces":{"east":{"uv":[11.75,10.9375,11.9375,12.4375],"rotation":0,"texture":"#0","tintindex":0},"south":{"uv":[11.875,3.0625,12.0625,4.5625],"rotation":0,"texture":"#0","tintindex":0},"north":{"uv":[11.6875,3.0625,11.875,4.5625],"rotation":0,"texture":"#0","tintindex":0},"west":{"uv":[11.9375,10.9375,12.125,12.4375],"rotation":0,"texture":"#0","tintindex":0},"up":{"uv":[12.0,10.5,11.75,10.25],"rotation":90,"texture":"#missing","tintindex":0},"down":{"uv":[12.0,10.5,11.75,10.75],"rotation":270,"texture":"#missing","tintindex":0}}},{"from":[-5.6090355,-16.0,3.9289103],"to":[-4.6090355,-6.4522057,4.9789104],"rotation":{"angle":-45.0,"axis":"z","origin":[25.738487,6.5123844,4.8539104]},"faces":{"east":{"uv":[6.625,12.0,6.8125,13.5],"rotation":0,"texture":"#0","tintindex":0},"south":{"uv":[6.8125,12.0,7.0,13.5],"rotation":0,"texture":"#0","tintindex":0},"north":{"uv":[3.875,12.0,4.0625,13.5],"rotation":0,"texture":"#0","tintindex":0},"west":{"uv":[8.9375,12.0,9.125,13.5],"rotation":0,"texture":"#0","tintindex":0},"up":{"uv":[12.0,11.0,11.75,10.75],"rotation":90,"texture":"#missing","tintindex":0},"down":{"uv":[12.0,11.25,11.75,11.5],"rotation":270,"texture":"#missing","tintindex":0}}},{"from":[-11.837965,-11.837963,3.9289103],"to":[-10.837965,-2.2901688,4.9789104],"rotation":{"angle":-22.5,"axis":"z","origin":[25.738487,6.5123844,4.8539104]},"faces":{"east":{"uv":[10.0,12.0,10.1875,13.5],"rotation":0,"texture":"#0","tintindex":0},"south":{"uv":[10.1875,12.0,10.375,13.5],"rotation":0,"texture":"#0","tintindex":0},"north":{"uv":[9.125,12.0,9.3125,13.5],"rotation":0,"texture":"#0","tintindex":0},"west":{"uv":[10.375,12.0,10.5625,13.5],"rotation":0,"texture":"#0","tintindex":0},"up":{"uv":[12.0,11.75,11.75,11.5],"rotation":90,"texture":"#missing","tintindex":0},"down":{"uv":[12.0,11.75,11.75,12.0],"rotation":270,"texture":"#missing","tintindex":0}}},{"from":[-16.0,-1.6090336,3.9289103],"to":[-15.0,3.9387608,4.9789104],"rotation":{"angle":0.0,"axis":"y","origin":[25.738487,6.5123844,4.8539104]},"faces":{"east":{"uv":[1.6875,12.5,1.875,13.375],"rotation":0,"texture":"#0","tintindex":0},"south":{"uv":[1.875,12.5,2.0625,13.375],"rotation":0,"texture":"#0","tintindex":0},"north":{"uv":[0.5625,5.875,0.75,6.75],"rotation":0,"texture":"#0","tintindex":0},"west":{"uv":[2.0625,12.5,2.25,13.375],"rotation":0,"texture":"#0","tintindex":0},"up":{"uv":[12.25,0.25,12.0,0.0],"rotation":90,"texture":"#missing","tintindex":0},"down":{"uv":[7.125,3.8125,6.9375,4.0],"rotation":0,"texture":"#0","tintindex":0}}},{"from":[7.388139,15.935935,3.9289103],"to":[16.935932,16.935936,4.9789104],"rotation":{"angle":-22.5,"axis":"z","origin":[25.738487,6.5123844,4.8539104]},"faces":{"east":{"uv":[12.0,0.5,12.25,0.75],"rotation":0,"texture":"#missing","tintindex":0},"south":{"uv":[11.0,6.0625,12.5,6.25],"rotation":0,"texture":"#0","tintindex":0},"north":{"uv":[11.0,5.875,12.5,6.0625],"rotation":0,"texture":"#0","tintindex":0},"west":{"uv":[12.0,0.75,12.25,1.0],"rotation":0,"texture":"#missing","tintindex":0},"up":{"uv":[12.5,6.4375,11.0,6.25],"rotation":0,"texture":"#0","tintindex":0},"down":{"uv":[13.5,7.0625,12.0,7.25],"rotation":0,"texture":"#0","tintindex":0}}},{"from":[3.2261028,22.164864,3.9289103],"to":[12.773896,23.164864,4.9789104],"rotation":{"angle":0.0,"axis":"y","origin":[25.738487,6.5123844,4.8539104]},"faces":{"east":{"uv":[12.0,1.0,12.25,1.25],"rotation":0,"texture":"#missing","tintindex":0},"south":{"uv":[12.0,8.5,13.5,8.6875],"rotation":0,"texture":"#0","tintindex":0},"north":{"uv":[12.0,7.25,13.5,7.4375],"rotation":0,"texture":"#0","tintindex":0},"west":{"uv":[12.0,1.25,12.25,1.5],"rotation":0,"texture":"#missing","tintindex":0},"up":{"uv":[13.5625,3.25,12.0625,3.0625],"rotation":0,"texture":"#0","tintindex":0},"down":{"uv":[13.5625,3.25,12.0625,3.4375],"rotation":0,"texture":"#0","tintindex":0}}},{"from":[1.7645893,29.512384,3.9289103],"to":[11.312383,30.512384,4.9789104],"rotation":{"angle":22.5,"axis":"z","origin":[25.738487,6.5123844,4.8539104]},"faces":{"east":{"uv":[12.0,1.5,12.25,1.75],"rotation":0,"texture":"#missing","tintindex":0},"south":{"uv":[12.0625,3.625,13.5625,3.8125],"rotation":0,"texture":"#0","tintindex":0},"north":{"uv":[12.0625,3.4375,13.5625,3.625],"rotation":0,"texture":"#0","tintindex":0},"west":{"uv":[12.0,1.75,12.25,2.0],"rotation":0,"texture":"#missing","tintindex":0},"up":{"uv":[13.5625,4.0,12.0625,3.8125],"rotation":0,"texture":"#0","tintindex":0},"down":{"uv":[13.5625,4.0,12.0625,4.1875],"rotation":0,"texture":"#0","tintindex":0}}}],"display":{"head":{"translation":[-24.026817,-94.84954,0.0],"scale":[4.0,4.0,4.0]}}}