{"textures":{"0":"modelengine:entity/pot"},"elements":[{"from":[-2.1882982,7.2357144,-10.283699],"to":[1.4219608,13.05,-7.6908426],"rotation":{"angle":-45.0,"axis":"y","origin":[-0.38316917,14.071428,-1.2086992]},"faces":{"east":{"uv":[4.75,7.1875,5.0625,7.8125],"rotation":0,"texture":"#0","tintindex":0},"south":{"uv":[6.875,4.6875,7.25,5.3125],"rotation":0,"texture":"#0","tintindex":0},"north":{"uv":[6.875,4.0,7.25,4.625],"rotation":0,"texture":"#0","tintindex":0},"west":{"uv":[3.875,7.6875,4.1875,8.3125],"rotation":0,"texture":"#0","tintindex":0},"up":{"uv":[8.5,6.5,8.125,6.1875],"rotation":0,"texture":"#0","tintindex":0},"down":{"uv":[6.75,8.125,6.375,8.4375],"rotation":0,"texture":"#0","tintindex":0}}},{"from":[-2.1882982,7.2357144,-10.283699],"to":[1.4219608,13.05,-7.6908426],"rotation":{"angle":-22.5,"axis":"y","origin":[-0.38316917,14.071428,-1.2086992]},"faces":{"east":{"uv":[6.0,7.6875,6.3125,8.3125],"rotation":0,"texture":"#0","tintindex":0},"south":{"uv":[6.875,6.0625,7.25,6.6875],"rotation":0,"texture":"#0","tintindex":0},"north":{"uv":[6.875,5.375,7.25,6.0],"rotation":0,"texture":"#0","tintindex":0},"west":{"uv":[0.4375,7.75,0.75,8.375],"rotation":0,"texture":"#0","tintindex":0},"up":{"uv":[8.5,6.875,8.125,6.5625],"rotation":0,"texture":"#0","tintindex":0},"down":{"uv":[8.5,6.9375,8.125,7.25],"rotation":0,"texture":"#0","tintindex":0}}},{"from":[-2.1882982,7.2357144,-10.283699],"to":[1.4219608,13.05,-7.6908426],"rotation":{"angle":0.0,"axis":"y","origin":[-0.38316917,14.071428,-1.2086992]},"faces":{"east":{"uv":[0.8125,7.75,1.125,8.375],"rotation":0,"texture":"#0","tintindex":0},"south":{"uv":[6.9375,0.0,7.3125,0.625],"rotation":0,"texture":"#0","tintindex":0},"north":{"uv":[6.875,6.75,7.25,7.375],"rotation":0,"texture":"#0","tintindex":0},"west":{"uv":[1.1875,7.75,1.5,8.375],"rotation":0,"texture":"#0","tintindex":0},"up":{"uv":[8.5625,0.3125,8.1875,0.0],"rotation":0,"texture":"#0","tintindex":0},"down":{"uv":[8.5625,0.375,8.1875,0.6875],"rotation":0,"texture":"#0","tintindex":0}}},{"from":[-2.1882982,7.2357144,-10.283699],"to":[1.4219608,13.05,-7.6908426],"rotation":{"angle":22.5,"axis":"y","origin":[-0.38316917,14.071428,-1.2086992]},"faces":{"east":{"uv":[1.5625,7.75,1.875,8.375],"rotation":0,"texture":"#0","tintindex":0},"south":{"uv":[7.0,1.375,7.375,2.0],"rotation":0,"texture":"#0","tintindex":0},"north":{"uv":[6.9375,0.6875,7.3125,1.3125],"rotation":0,"texture":"#0","tintindex":0},"west":{"uv":[1.9375,7.75,2.25,8.375],"rotation":0,"texture":"#0","tintindex":0},"up":{"uv":[8.5625,1.0625,8.1875,0.75],"rotation":0,"texture":"#0","tintindex":0},"down":{"uv":[8.625,1.125,8.25,1.4375],"rotation":0,"texture":"#0","tintindex":0}}},{"from":[-2.1882982,7.2357144,-10.283699],"to":[1.4219608,13.05,-7.6908426],"rotation":{"angle":45.0,"axis":"y","origin":[-0.38316917,14.071428,-1.2086992]},"faces":{"east":{"uv":[2.3125,7.75,2.625,8.375],"rotation":0,"texture":"#0","tintindex":0},"south":{"uv":[7.0,2.75,7.375,3.375],"rotation":0,"texture":"#0","tintindex":0},"north":{"uv":[7.0,2.0625,7.375,2.6875],"rotation":0,"texture":"#0","tintindex":0},"west":{"uv":[2.6875,7.75,3.0,8.375],"rotation":0,"texture":"#0","tintindex":0},"up":{"uv":[8.625,1.8125,8.25,1.5],"rotation":0,"texture":"#0","tintindex":0},"down":{"uv":[8.625,1.875,8.25,2.1875],"rotation":0,"texture":"#0","tintindex":0}}},{"from":[-2.1882982,7.2357144,5.273443],"to":[1.4219608,13.05,7.8663006],"rotation":{"angle":-45.0,"axis":"y","origin":[-0.38316917,14.071428,-1.2086992]},"faces":{"east":{"uv":[3.0625,7.75,3.375,8.375],"rotation":0,"texture":"#0","tintindex":0},"south":{"uv":[3.875,7.0,4.25,7.625],"rotation":0,"texture":"#0","tintindex":0},"north":{"uv":[3.4375,7.0,3.8125,7.625],"rotation":0,"texture":"#0","tintindex":0},"west":{"uv":[7.75,3.4375,8.0625,4.0625],"rotation":0,"texture":"#0","tintindex":0},"up":{"uv":[8.625,2.5625,8.25,2.25],"rotation":0,"texture":"#0","tintindex":0},"down":{"uv":[8.625,2.625,8.25,2.9375],"rotation":0,"texture":"#0","tintindex":0}}},{"from":[-2.1882982,7.2357144,5.273443],"to":[1.4219608,13.05,7.8663006],"rotation":{"angle":-22.5,"axis":"y","origin":[-0.38316917,14.071428,-1.2086992]},"faces":{"east":{"uv":[7.75,4.125,8.0625,4.75],"rotation":0,"texture":"#0","tintindex":0},"south":{"uv":[0.0,7.125,0.375,7.75],"rotation":0,"texture":"#0","tintindex":0},"north":{"uv":[6.25,7.0,6.625,7.625],"rotation":0,"texture":"#0","tintindex":0},"west":{"uv":[7.75,4.8125,8.0625,5.4375],"rotation":0,"texture":"#0","tintindex":0},"up":{"uv":[8.625,3.3125,8.25,3.0],"rotation":0,"texture":"#0","tintindex":0},"down":{"uv":[7.1875,8.25,6.8125,8.5625],"rotation":0,"texture":"#0","tintindex":0}}},{"from":[-2.1882982,7.2357144,5.273443],"to":[1.4219608,13.05,7.8663006],"rotation":{"angle":0.0,"axis":"y","origin":[-0.38316917,14.071428,-1.2086992]},"faces":{"east":{"uv":[7.75,5.5,8.0625,6.125],"rotation":0,"texture":"#0","tintindex":0},"south":{"uv":[5.5625,7.125,5.9375,7.75],"rotation":0,"texture":"#0","tintindex":0},"north":{"uv":[5.125,7.125,5.5,7.75],"rotation":0,"texture":"#0","tintindex":0},"west":{"uv":[7.75,6.1875,8.0625,6.8125],"rotation":0,"texture":"#0","tintindex":0},"up":{"uv":[7.625,8.5625,7.25,8.25],"rotation":0,"texture":"#0","tintindex":0},"down":{"uv":[8.0625,8.25,7.6875,8.5625],"rotation":0,"texture":"#0","tintindex":0}}},{"from":[-2.1882982,7.2357144,5.273443],"to":[1.4219608,13.05,7.8663006],"rotation":{"angle":22.5,"axis":"y","origin":[-0.38316917,14.071428,-1.2086992]},"faces":{"east":{"uv":[7.75,6.875,8.0625,7.5],"rotation":0,"texture":"#0","tintindex":0},"south":{"uv":[7.3125,3.4375,7.6875,4.0625],"rotation":0,"texture":"#0","tintindex":0},"north":{"uv":[4.3125,7.1875,4.6875,7.8125],"rotation":0,"texture":"#0","tintindex":0},"west":{"uv":[0.0,7.8125,0.3125,8.4375],"rotation":0,"texture":"#0","tintindex":0},"up":{"uv":[8.5,8.5625,8.125,8.25],"rotation":0,"texture":"#0","tintindex":0},"down":{"uv":[3.8125,8.375,3.4375,8.6875],"rotation":0,"texture":"#0","tintindex":0}}},{"from":[-2.1882982,7.2357144,5.273443],"to":[1.4219608,13.05,7.8663006],"rotation":{"angle":45.0,"axis":"y","origin":[-0.38316917,14.071428,-1.2086992]},"faces":{"east":{"uv":[7.8125,0.0,8.125,0.625],"rotation":0,"texture":"#0","tintindex":0},"south":{"uv":[7.3125,4.8125,7.6875,5.4375],"rotation":0,"texture":"#0","tintindex":0},"north":{"uv":[7.3125,4.125,7.6875,4.75],"rotation":0,"texture":"#0","tintindex":0},"west":{"uv":[7.8125,0.6875,8.125,1.3125],"rotation":0,"texture":"#0","tintindex":0},"up":{"uv":[6.25,8.6875,5.875,8.375],"rotation":0,"texture":"#0","tintindex":0},"down":{"uv":[8.75,7.3125,8.375,7.625],"rotation":0,"texture":"#0","tintindex":0}}},{"from":[-9.45817,7.2357144,-3.0138292],"to":[-6.8653126,13.05,0.5964303],"rotation":{"angle":-22.5,"axis":"y","origin":[-0.38316917,14.071428,-1.2086992]},"faces":{"east":{"uv":[7.3125,5.5,7.6875,6.125],"rotation":0,"texture":"#0","tintindex":0},"south":{"uv":[5.5,7.8125,5.8125,8.4375],"rotation":0,"texture":"#0","tintindex":0},"north":{"uv":[5.125,7.8125,5.4375,8.4375],"rotation":0,"texture":"#0","tintindex":0},"west":{"uv":[7.3125,6.1875,7.6875,6.8125],"rotation":0,"texture":"#0","tintindex":0},"up":{"uv":[4.1875,8.75,3.875,8.375],"rotation":0,"texture":"#0","tintindex":0},"down":{"uv":[8.6875,7.6875,8.375,8.0625],"rotation":0,"texture":"#0","tintindex":0}}},{"from":[-9.45817,7.2357144,-3.0138292],"to":[-6.8653126,13.05,0.5964303],"rotation":{"angle":0.0,"axis":"y","origin":[-0.38316917,14.071428,-1.2086992]},"faces":{"east":{"uv":[7.3125,6.875,7.6875,7.5],"rotation":0,"texture":"#0","tintindex":0},"south":{"uv":[7.875,2.0625,8.1875,2.6875],"rotation":0,"texture":"#0","tintindex":0},"north":{"uv":[7.875,1.375,8.1875,2.0],"rotation":0,"texture":"#0","tintindex":0},"west":{"uv":[7.375,0.0,7.75,0.625],"rotation":0,"texture":"#0","tintindex":0},"up":{"uv":[0.6875,8.8125,0.375,8.4375],"rotation":0,"texture":"#0","tintindex":0},"down":{"uv":[1.0625,8.4375,0.75,8.8125],"rotation":0,"texture":"#0",