{"textures":{"0":"modelengine:entity/emeraldgolem"},"elements":[{"from":[-0.1632185,-3.9530287,-5.052909],"to":[5.8367815,2.8469706,4.947092],"rotation":{"angle":0.0,"axis":"y","origin":[18.223442,3.5148215,9.128984]},"faces":{"east":{"uv":[6.5,4.5,8.0625,5.5625],"rotation":0,"texture":"#0","tintindex":0},"south":{"uv":[9.375,3.6875,10.3125,4.75],"rotation":0,"texture":"#0","tintindex":0},"north":{"uv":[6.8125,9.25,7.75,10.3125],"rotation":0,"texture":"#0","tintindex":0},"west":{"uv":[7.0,1.625,8.5625,2.6875],"rotation":0,"texture":"#0","tintindex":0},"up":{"uv":[2.0625,9.0625,1.125,7.5],"rotation":0,"texture":"#0","tintindex":0},"down":{"uv":[3.0,7.5,2.0625,9.0625],"rotation":0,"texture":"#0","tintindex":0}}},{"from":[0.1157341,4.8,-6.9635744],"to":[10.515734,8.4,-3.7635736],"rotation":{"angle":45.0,"axis":"y","origin":[18.223442,3.5148215,9.128984]},"faces":{"east":{"uv":[13.375,7.25,12.8125,7.75],"rotation":270,"texture":"#0","tintindex":0},"south":{"uv":[9.75,0.0,10.3125,1.625],"rotation":270,"texture":"#0","tintindex":0},"north":{"uv":[0.0,9.625,0.5625,11.25],"rotation":90,"texture":"#0","tintindex":0},"west":{"uv":[5.9375,13.3125,5.375,12.8125],"rotation":270,"texture":"#0","tintindex":0},"up":{"uv":[10.3125,3.0625,10.8125,4.6875],"rotation":270,"texture":"#0","tintindex":0},"down":{"uv":[6.6875,10.3125,7.1875,11.9375],"rotation":270,"texture":"#0","tintindex":0}}},{"from":[-1.3632183,0.41972494,-1.5204029],"to":[7.036782,6.4197254,7.6795974],"rotation":{"angle":-45.0,"axis":"x","origin":[18.223442,3.5148215,9.128984]},"faces":{"east":{"uv":[4.375,7.5625,5.8125,8.5],"rotation":0,"texture":"#0","tintindex":0},"south":{"uv":[7.25,8.3125,8.5625,9.25],"rotation":0,"texture":"#0","tintindex":0},"north":{"uv":[8.0625,4.0625,9.375,5.0],"rotation":0,"texture":"#0","tintindex":0},"west":{"uv":[5.8125,7.5625,7.25,8.5],"rotation":0,"texture":"#0","tintindex":0},"up":{"uv":[6.1875,7.5625,4.875,6.125],"rotation":0,"texture":"#0","tintindex":0},"down":{"uv":[7.5,6.125,6.1875,7.5625],"rotation":0,"texture":"#0","tintindex":0}}},{"from":[9.161714,20.307775,0.7999997],"to":[14.361713,30.707775,5.2],"rotation":{"angle":45.0,"axis":"z","origin":[18.223442,3.5148215,9.128984]},"faces":{"east":{"uv":[0.8125,9.0625,1.5,10.6875],"rotation":0,"texture":"#0","tintindex":0},"south":{"uv":[0.0,8.0,0.8125,9.625],"rotation":0,"texture":"#0","tintindex":0},"north":{"uv":[3.0,7.875,3.8125,9.5],"rotation":0,"texture":"#0","tintindex":0},"west":{"uv":[1.5,9.0625,2.1875,10.6875],"rotation":0,"texture":"#0","tintindex":0},"up":{"uv":[1.375,12.25,0.5625,11.5625],"rotation":0,"texture":"#0","tintindex":0},"down":{"uv":[2.1875,11.5625,1.375,12.25],"rotation":0,"texture":"#0","tintindex":0}}},{"from":[-2.1632185,2.8469706,-3.4529076],"to":[7.836782,14.04697,7.7470922],"rotation":{"angle":0.0,"axis":"y","origin":[18.223442,3.5148215,9.128984]},"faces":{"east":{"uv":[2.25,2.875,4.0,4.625],"rotation":0,"texture":"#0","tintindex":0},"south":{"uv":[4.5,0.0,6.0625,1.75],"rotation":0,"texture":"#0","tintindex":0},"north":{"uv":[4.0,2.875,5.5625,4.625],"rotation":0,"texture":"#0","tintindex":0},"west":{"uv":[0.0,3.25,1.75,5.0],"rotation":0,"texture":"#0","tintindex":0},"up":{"uv":[3.3125,6.375,1.75,4.625],"rotation":0,"texture":"#0","tintindex":0},"down":{"uv":[4.875,4.625,3.3125,6.375],"rotation":0,"texture":"#0","tintindex":0}}}],"display":{"head":{"translation":[0.0,-6.4,0.0],"scale":[4.0,4.0,4.0]}}}