{"textures":{"0":"modelengine:entity/stiched_texture"},"elements":[{"from":[7.142857,6.285714,7.142857],"to":[8.857143,8.0,8.857143],"rotation":{"angle":0.0,"axis":"y","origin":[9.428572,6.285714,8.0]},"faces":{"east":{"uv":[12.25,3.25,12.0625,3.4375],"rotation":0,"texture":"#0","tintindex":0},"south":{"uv":[12.0625,2.3125,12.25,2.5],"rotation":0,"texture":"#0","tintindex":0},"north":{"uv":[9.1875,4.0625,9.375,4.25],"rotation":0,"texture":"#0","tintindex":0},"west":{"uv":[12.0625,3.25,12.25,3.4375],"rotation":0,"texture":"#0","tintindex":0},"up":{"uv":[12.25,3.625,12.0625,3.4375],"rotation":0,"texture":"#0","tintindex":0},"down":{"uv":[8.1875,4.125,8.0,4.3125],"rotation":0,"texture":"#0","tintindex":0}}},{"from":[7.142857,6.285714,6.0],"to":[8.857143,7.428571,7.142857],"rotation":{"angle":0.0,"axis":"y","origin":[9.428572,6.285714,8.0]},"faces":{"east":{"uv":[12.3125,0.625,12.1875,0.75],"rotation":0,"texture":"#0","tintindex":0},"south":{"uv":[12.125,3.625,12.3125,3.75],"rotation":0,"texture":"#0","tintindex":0},"north":{"uv":[10.6875,4.125,10.875,4.25],"rotation":0,"texture":"#0","tintindex":0},"west":{"uv":[12.1875,0.625,12.3125,0.75],"rotation":0,"texture":"#0","tintindex":0},"up":{"uv":[12.3125,3.875,12.125,3.75],"rotation":0,"texture":"#0","tintindex":0},"down":{"uv":[12.0625,4.125,11.875,4.25],"rotation":0,"texture":"#0","tintindex":0}}}],"display":{"head":{"translation":[0.0,-6.4,0.0],"scale":[4.0,4.0,4.0]}}}