{"textures":{"0":"modelengine:entity/stiched_texture"},"elements":[{"from":[6.857143,6.142857,6.904762],"to":[9.142858,8.571428,9.190476],"rotation":{"angle":0.0,"axis":"y","origin":[9.428572,4.5714283,8.047619]},"faces":{"east":{"uv":[11.875,1.8125,12.125,2.0625],"rotation":0,"texture":"#0","tintindex":0},"south":{"uv":[11.375,3.75,11.625,4.0],"rotation":0,"texture":"#0","tintindex":0},"north":{"uv":[11.875,1.0,12.125,1.25],"rotation":0,"texture":"#0","tintindex":0},"west":{"uv":[11.875,3.6875,12.125,3.9375],"rotation":0,"texture":"#0","tintindex":0},"up":{"uv":[12.1875,0.5,11.9375,0.25],"rotation":0,"texture":"#0","tintindex":0},"down":{"uv":[12.1875,0.5,11.9375,0.75],"rotation":0,"texture":"#0","tintindex":0}}}],"display":{"head":{"translation":[0.0,-6.4,0.0],"scale":[4.0,4.0,4.0]}}}