{"textures":{"0":"modelengine:entity/schoolbus_balloon_transparent"},"elements":[{"from":[0.68571377,15.335783,10.957394],"to":[2.514285,15.608578,12.328822],"rotation":{"angle":-45.0,"axis":"x","origin":[4.342857,15.472181,11.643108]},"faces":{"east":{"uv":[10.15625,0.1875,9.96875,0.1875],"rotation":0,"texture":"#0","tintindex":0},"south":{"uv":[10.40625,0.1875,10.15625,0.1875],"rotation":0,"texture":"#0","tintindex":0},"north":{"uv":[9.96875,0.1875,9.71875,0.1875],"rotation":0,"texture":"#0","tintindex":0},"west":{"uv":[9.71875,0.1875,9.53125,0.1875],"rotation":0,"texture":"#0","tintindex":0},"up":{"uv":[9.71875,0.1875,9.96875,0.0],"rotation":0,"texture":"#0","tintindex":0},"down":{"uv":[9.96875,0.0,10.21875,0.1875],"rotation":0,"texture":"#0","tintindex":0}}},{"from":[0.68571377,15.335783,10.957394],"to":[2.514285,15.608578,12.328822],"rotation":{"angle":-22.5,"axis":"x","origin":[4.342857,15.472181,11.643108]},"faces":{"east":{"uv":[10.15625,0.1875,9.96875,0.1875],"rotation":0,"texture":"#0","tintindex":0},"south":{"uv":[10.40625,0.1875,10.15625,0.1875],"rotation":0,"texture":"#0","tintindex":0},"north":{"uv":[9.96875,0.1875,9.71875,0.1875],"rotation":0,"texture":"#0","tintindex":0},"west":{"uv":[9.71875,0.1875,9.53125,0.1875],"rotation":0,"texture":"#0","tintindex":0},"up":{"uv":[9.71875,0.1875,9.96875,0.0],"rotation":0,"texture":"#0","tintindex":0},"down":{"uv":[9.96875,0.0,10.21875,0.1875],"rotation":0,"texture":"#0","tintindex":0}}},{"from":[0.68571377,15.335783,10.957394],"to":[2.514285,15.608578,12.328822],"rotation":{"angle":0.0,"axis":"y","origin":[4.342857,15.472181,11.643108]},"faces":{"east":{"uv":[10.15625,0.1875,9.96875,0.1875],"rotation":0,"texture":"#0","tintindex":0},"south":{"uv":[10.40625,0.1875,10.15625,0.1875],"rotation":0,"texture":"#0","tintindex":0},"north":{"uv":[9.96875,0.1875,9.71875,0.1875],"rotation":0,"texture":"#0","tintindex":0},"west":{"uv":[9.71875,0.1875,9.53125,0.1875],"rotation":0,"texture":"#0","tintindex":0},"up":{"uv":[9.71875,0.1875,9.96875,0.0],"rotation":0,"texture":"#0","tintindex":0},"down":{"uv":[9.96875,0.0,10.21875,0.1875],"rotation":0,"texture":"#0","tintindex":0}}},{"from":[0.68571377,15.335783,10.957394],"to":[2.514285,15.608578,12.328822],"rotation":{"angle":22.5,"axis":"x","origin":[4.342857,15.472181,11.643108]},"faces":{"east":{"uv":[10.15625,0.1875,9.96875,0.1875],"rotation":0,"texture":"#0","tintindex":0},"south":{"uv":[10.40625,0.1875,10.15625,0.1875],"rotation":0,"texture":"#0","tintindex":0},"north":{"uv":[9.96875,0.1875,9.71875,0.1875],"rotation":0,"texture":"#0","tintindex":0},"west":{"uv":[9.71875,0.1875,9.53125,0.1875],"rotation":0,"texture":"#0","tintindex":0},"up":{"uv":[9.71875,0.1875,9.96875,0.0],"rotation":0,"texture":"#0","tintindex":0},"down":{"uv":[9.96875,0.0,10.21875,0.1875],"rotation":0,"texture":"#0","tintindex":0}}},{"from":[0.68571377,15.335783,10.957394],"to":[2.514285,15.608578,12.328822],"rotation":{"angle":45.0,"axis":"x","origin":[4.342857,15.472181,11.643108]},"faces":{"east":{"uv":[10.15625,0.1875,9.96875,0.22479607],"rotation":0,"texture":"#0","tintindex":0},"south":{"uv":[10.40625,0.1875,10.15625,0.22479607],"rotation":0,"texture":"#0","tintindex":0},"north":{"uv":[9.96875,0.1875,9.71875,0.22479607],"rotation":0,"texture":"#0","tintindex":0},"west":{"uv":[9.71875,0.1875,9.53125,0.22479607],"rotation":0,"texture":"#0","tintindex":0},"up":{"uv":[9.71875,0.1875,9.96875,0.0],"rotation":0,"texture":"#0","tintindex":0},"down":{"uv":[9.96875,0.0,10.21875,0.1875],"rotation":0,"texture":"#0","tintindex":0}}},{"from":[0.68571377,14.786467,11.506711],"to":[2.514285,16.157894,11.779505],"rotation":{"angle":-22.5,"axis":"x","origin":[4.342857,15.472181,11.643108]},"faces":{"east":{"uv":[9.96875,0.0,9.96875,0.1875],"rotation":0,"texture":"#0","tintindex":0},"south":{"uv":[10.21875,0.0,9.96875,0.1875],"rotation":0,"texture":"#0","tintindex":0},"north":{"uv":[9.96875,0.0,9.71875,0.1875],"rotation":0,"texture":"#0","tintindex":0},"west":{"uv":[9.71875,0.0,9.71875,0.1875],"rotation":0,"texture":"#0","tintindex":0},"up":{"uv":[9.71875,0.0,9.96875,0.0],"rotation":0,"texture":"#0","tintindex":0},"down":{"uv":[9.96875,0.0,10.21875,0.0],"rotation":0,"texture":"#0","tintindex":0}}},{"from":[0.68571377,14.786467,11.506711],"to":[2.514285,16.157894,11.779505],"rotation":{"angle":0.0,"axis":"y","origin":[4.342857,15.472181,11.643108]},"faces":{"east":{"uv":[9.96875,0.0,9.96875,0.1875],"rotation":0,"texture":"#0","tintindex":0},"south":{"uv":[10.21875,0.0,9.96875,0.1875],"rotation":0,"texture":"#0","tintindex":0},"north":{"uv":[9.96875,0.0,9.71875,0.1875],"rotation":0,"texture":"#0","tintindex":0},"west":{"uv":[9.71875,0.0,9.71875,0.1875],"rotation":0,"texture":"#0","tintindex":0},"up":{"uv":[9.71875,0.0,9.96875,0.0],"rotation":0,"texture":"#0","tintindex":0},"down":{"uv":[9.96875,0.0,10.21875,0.0],"rotation":0,"texture":"#0","tintindex":0}}},{"from":[0.68571377,14.786467,11.506711],"to":[2.514285,16.157894,11.779505],"rotation":{"angle":22.5,"axis":"x","origin":[4.342857,15.472181,11.643108]},"faces":{"east":{"uv":[9.96875,0.0,9.96875,0.1875],"rotation":0,"texture":"#0","tintindex":0},"south":{"uv":[10.21875,0.0,9.96875,0.1875],"rotation":0,"texture":"#0","tintindex":0},"north":{"uv":[9.96875,0.0,9.71875,0.1875],"rotation":0,"texture":"#0","tintindex":0},"west":{"uv":[9.71875,0.0,9.71875,0.1875],"rotation":0,"texture":"#0","tintindex":0},"up":{"uv":[9.71875,0.0,9.96875,0.0],"rotation":0,"texture":"#0","tintindex":0},"down":{"uv":[9.96875,0.0,10.21875,0.0],"rotation":0,"texture":"#0","tintindex":0}}}],"display":{"head":{"translation":[0.0,-6.4,0.0],"scale":[4.0,4.0,4.0]}}}