{"textures":{"0":"modelengine:entity/schoolbus_balloon_transparent"},"elements":[{"from":[7.0857143,11.67864,7.3002505],"to":[8.914286,11.951435,8.6716795],"rotation":{"angle":-45.0,"axis":"x","origin":[8.0,11.815038,7.985965]},"faces":{"east":{"uv":[9.53125,0.1875,9.71875,0.1875],"rotation":0,"texture":"#0","tintindex":0},"south":{"uv":[10.15625,0.1875,10.40625,0.1875],"rotation":0,"texture":"#0","tintindex":0},"north":{"uv":[9.71875,0.1875,9.96875,0.1875],"rotation":0,"texture":"#0","tintindex":0},"west":{"uv":[9.96875,0.1875,10.15625,0.1875],"rotation":0,"texture":"#0","tintindex":0},"up":{"uv":[9.96875,0.1875,9.71875,0.0],"rotation":0,"texture":"#0","tintindex":0},"down":{"uv":[10.21875,0.0,9.96875,0.1875],"rotation":0,"texture":"#0","tintindex":0}}},{"from":[7.0857143,11.67864,7.3002505],"to":[8.914286,11.951435,8.6716795],"rotation":{"angle":-22.5,"axis":"x","origin":[8.0,11.815038,7.985965]},"faces":{"east":{"uv":[9.53125,0.1875,9.71875,0.1875],"rotation":0,"texture":"#0","tintindex":0},"south":{"uv":[10.15625,0.1875,10.40625,0.1875],"rotation":0,"texture":"#0","tintindex":0},"north":{"uv":[9.71875,0.1875,9.96875,0.1875],"rotation":0,"texture":"#0","tintindex":0},"west":{"uv":[9.96875,0.1875,10.15625,0.1875],"rotation":0,"texture":"#0","tintindex":0},"up":{"uv":[9.96875,0.1875,9.71875,0.0],"rotation":0,"texture":"#0","tintindex":0},"down":{"uv":[10.21875,0.0,9.96875,0.1875],"rotation":0,"texture":"#0","tintindex":0}}},{"from":[7.0857143,11.67864,7.3002505],"to":[8.914286,11.951435,8.6716795],"rotation":{"angle":0.0,"axis":"y","origin":[8.0,11.815038,7.985965]},"faces":{"east":{"uv":[9.53125,0.1875,9.71875,0.1875],"rotation":0,"texture":"#0","tintindex":0},"south":{"uv":[10.15625,0.1875,10.40625,0.1875],"rotation":0,"texture":"#0","tintindex":0},"north":{"uv":[9.71875,0.1875,9.96875,0.1875],"rotation":0,"texture":"#0","tintindex":0},"west":{"uv":[9.96875,0.1875,10.15625,0.1875],"rotation":0,"texture":"#0","tintindex":0},"up":{"uv":[9.96875,0.1875,9.71875,0.0],"rotation":0,"texture":"#0","tintindex":0},"down":{"uv":[10.21875,0.0,9.96875,0.1875],"rotation":0,"texture":"#0","tintindex":0}}},{"from":[7.0857143,11.67864,7.3002505],"to":[8.914286,11.951435,8.6716795],"rotation":{"angle":22.5,"axis":"x","origin":[8.0,11.815038,7.985965]},"faces":{"east":{"uv":[9.53125,0.1875,9.71875,0.1875],"rotation":0,"texture":"#0","tintindex":0},"south":{"uv":[10.15625,0.1875,10.40625,0.1875],"rotation":0,"texture":"#0","tintindex":0},"north":{"uv":[9.71875,0.1875,9.96875,0.1875],"rotation":0,"texture":"#0","tintindex":0},"west":{"uv":[9.96875,0.1875,10.15625,0.1875],"rotation":0,"texture":"#0","tintindex":0},"up":{"uv":[9.96875,0.1875,9.71875,0.0],"rotation":0,"texture":"#0","tintindex":0},"down":{"uv":[10.21875,0.0,9.96875,0.1875],"rotation":0,"texture":"#0","tintindex":0}}},{"from":[7.0857143,11.67864,7.3002505],"to":[8.914286,11.951435,8.6716795],"rotation":{"angle":45.0,"axis":"x","origin":[8.0,11.815038,7.985965]},"faces":{"east":{"uv":[9.53125,0.1875,9.71875,0.22479607],"rotation":0,"texture":"#0","tintindex":0},"south":{"uv":[10.15625,0.1875,10.40625,0.22479607],"rotation":0,"texture":"#0","tintindex":0},"north":{"uv":[9.71875,0.1875,9.96875,0.22479607],"rotation":0,"texture":"#0","tintindex":0},"west":{"uv":[9.96875,0.1875,10.15625,0.22479607],"rotation":0,"texture":"#0","tintindex":0},"up":{"uv":[9.96875,0.1875,9.71875,0.0],"rotation":0,"texture":"#0","tintindex":0},"down":{"uv":[10.21875,0.0,9.96875,0.1875],"rotation":0,"texture":"#0","tintindex":0}}},{"from":[7.0857143,11.129324,7.849568],"to":[8.914286,12.5007515,8.122362],"rotation":{"angle":-22.5,"axis":"x","origin":[8.0,11.815038,7.985965]},"faces":{"east":{"uv":[9.71875,0.0,9.71875,0.1875],"rotation":0,"texture":"#0","tintindex":0},"south":{"uv":[9.96875,0.0,10.21875,0.1875],"rotation":0,"texture":"#0","tintindex":0},"north":{"uv":[9.71875,0.0,9.96875,0.1875],"rotation":0,"texture":"#0","tintindex":0},"west":{"uv":[9.96875,0.0,9.96875,0.1875],"rotation":0,"texture":"#0","tintindex":0},"up":{"uv":[9.96875,0.0,9.71875,0.0],"rotation":0,"texture":"#0","tintindex":0},"down":{"uv":[10.21875,0.0,9.96875,0.0],"rotation":0,"texture":"#0","tintindex":0}}},{"from":[7.0857143,11.129324,7.849568],"to":[8.914286,12.5007515,8.122362],"rotation":{"angle":0.0,"axis":"y","origin":[8.0,11.815038,7.985965]},"faces":{"east":{"uv":[9.71875,0.0,9.71875,0.1875],"rotation":0,"texture":"#0","tintindex":0},"south":{"uv":[9.96875,0.0,10.21875,0.1875],"rotation":0,"texture":"#0","tintindex":0},"north":{"uv":[9.71875,0.0,9.96875,0.1875],"rotation":0,"texture":"#0","tintindex":0},"west":{"uv":[9.96875,0.0,9.96875,0.1875],"rotation":0,"texture":"#0","tintindex":0},"up":{"uv":[9.96875,0.0,9.71875,0.0],"rotation":0,"texture":"#0","tintindex":0},"down":{"uv":[10.21875,0.0,9.96875,0.0],"rotation":0,"texture":"#0","tintindex":0}}},{"from":[7.0857143,11.129324,7.849568],"to":[8.914286,12.5007515,8.122362],"rotation":{"angle":22.5,"axis":"x","origin":[8.0,11.815038,7.985965]},"faces":{"east":{"uv":[9.71875,0.0,9.71875,0.1875],"rotation":0,"texture":"#0","tintindex":0},"south":{"uv":[9.96875,0.0,10.21875,0.1875],"rotation":0,"texture":"#0","tintindex":0},"north":{"uv":[9.71875,0.0,9.96875,0.1875],"rotation":0,"texture":"#0","tintindex":0},"west":{"uv":[9.96875,0.0,9.96875,0.1875],"rotation":0,"texture":"#0","tintindex":0},"up":{"uv":[9.96875,0.0,9.71875,0.0],"rotation":0,"texture":"#0","tintindex":0},"down":{"uv":[10.21875,0.0,9.96875,0.0],"rotation":0,"texture":"#0","tintindex":0}}}],"display":{"head":{"translation":[0.0,-6.4,0.0],"scale":[4.0,4.0,4.0]}}}