{"textures":{"0":"modelengine:entity/jupiterguard"},"elements":[{"from":[4.6285715,8.571428,5.485714],"to":[11.828571,14.285715,9.3714285],"rotation":{"angle":0.0,"axis":"y","origin":[8.514286,-3.0857143,7.428571]},"faces":{"east":{"uv":[5.625,1.125,6.0625,1.75],"rotation":0,"texture":"#0","tintindex":0},"south":{"uv":[3.5,3.125,4.28125,3.75],"rotation":0,"texture":"#0","tintindex":0},"north":{"uv":[3.5,2.5,4.28125,3.125],"rotation":0,"texture":"#0","tintindex":0},"west":{"uv":[2.4375,5.625,2.875,6.25],"rotation":0,"texture":"#0","tintindex":0},"up":{"uv":[3.40625,4.9375,2.625,4.5],"rotation":0,"texture":"#0","tintindex":0},"down":{"uv":[5.40625,0.375,4.625,0.8125],"rotation":0,"texture":"#0","tintindex":0}}},{"from":[3.9428568,8.0,5.142857],"to":[12.514286,10.857143,9.714286],"rotation":{"angle":0.0,"axis":"y","origin":[7.9428573,8.0,8.0]},"faces":{"east":{"uv":[7.3125,5.875,7.8125,6.1875],"rotation":0,"texture":"#0","tintindex":0},"south":{"uv":[4.625,5.1875,5.5625,5.5],"rotation":0,"texture":"#0","tintindex":0},"north":{"uv":[4.875,3.75,5.8125,4.0625],"rotation":0,"texture":"#0","tintindex":0},"west":{"uv":[7.375,0.0,7.875,0.3125],"rotation":0,"texture":"#0","tintindex":0},"up":{"uv":[0.9375,4.4375,0.0,3.9375],"rotation":0,"texture":"#0","tintindex":0},"down":{"uv":[1.875,3.9375,0.9375,4.4375],"rotation":0,"texture":"#0","tintindex":0}}},{"from":[5.3714285,8.057143,4.685714],"to":[11.085714,10.914286,9.257143],"rotation":{"angle":0.0,"axis":"y","origin":[7.9428573,8.0,8.0]},"faces":{"east":{"uv":[1.4375,7.375,1.9375,7.6875],"rotation":0,"texture":"#0","tintindex":0},"south":{"uv":[6.75,0.0,7.375,0.3125],"rotation":0,"texture":"#0","tintindex":0},"north":{"uv":[5.5625,0.0,6.1875,0.3125],"rotation":0,"texture":"#0","tintindex":0},"west":{"uv":[7.375,1.4375,7.875,1.75],"rotation":0,"texture":"#0","tintindex":0},"up":{"uv":[5.5,3.75,4.875,3.25],"rotation":0,"texture":"#0","tintindex":0},"down":{"uv":[5.5625,1.75,4.9375,2.25],"rotation":0,"texture":"#0","tintindex":0}}},{"from":[5.3714285,8.057143,5.6],"to":[11.085714,10.914286,10.171429],"rotation":{"angle":0.0,"axis":"y","origin":[7.9428573,8.0,6.857143]},"faces":{"east":{"uv":[1.9375,7.375,1.4375,7.6875],"rotation":0,"texture":"#0","tintindex":0},"south":{"uv":[6.1875,0.0,5.5625,0.3125],"rotation":0,"texture":"#0","tintindex":0},"north":{"uv":[7.375,0.0,6.75,0.3125],"rotation":0,"texture":"#0","tintindex":0},"west":{"uv":[7.875,1.4375,7.375,1.75],"rotation":0,"texture":"#0","tintindex":0},"up":{"uv":[5.5,3.25,4.875,3.75],"rotation":0,"texture":"#0","tintindex":0},"down":{"uv":[5.5625,2.25,4.9375,1.75],"rotation":0,"texture":"#0","tintindex":0}}},{"from":[9.828571,4.5142856,5.0857143],"to":[12.457144,9.885715,9.771429],"rotation":{"angle":22.5,"axis":"z","origin":[12.857143,10.742857,7.428571]},"faces":{"east":{"uv":[5.125,1.125,5.625,1.71875],"rotation":0,"texture":"#0","tintindex":0},"south":{"uv":[3.9375,7.125,4.21875,7.71875],"rotation":0,"texture":"#0","tintindex":0},"north":{"uv":[3.625,7.125,3.90625,7.71875],"rotation":0,"texture":"#0","tintindex":0},"west":{"uv":[3.625,5.125,4.125,5.71875],"rotation":0,"texture":"#0","tintindex":0},"up":{"uv":[3.46875,3.0,3.1875,2.5],"rotation":0,"texture":"#0","tintindex":0},"down":{"uv":[4.53125,7.6875,4.25,8.1875],"rotation":0,"texture":"#0","tintindex":0}}},{"from":[4.0,4.5142856,5.0857143],"to":[6.6285715,9.885715,9.771429],"rotation":{"angle":-22.5,"axis":"z","origin":[3.6,10.742857,7.428571]},"faces":{"east":{"uv":[4.125,5.125,4.625,5.71875],"rotation":0,"texture":"#0","tintindex":0},"south":{"uv":[7.1875,2.5625,7.46875,3.15625],"rotation":0,"texture":"#0","tintindex":0},"north":{"uv":[1.125,7.1875,1.40625,7.78125],"rotation":0,"texture":"#0","tintindex":0},"west":{"uv":[1.5,5.1875,2.0,5.78125],"rotation":0,"texture":"#0","tintindex":0},"up":{"uv":[7.96875,5.4375,7.6875,4.9375],"rotation":0,"texture":"#0","tintindex":0},"down":{"uv":[6.53125,7.6875,6.25,8.1875],"rotation":0,"texture":"#0","tintindex":0}}},{"from":[6.2285714,2.2857141,4.9714284],"to":[10.228572,8.057143,5.542857],"rotation":{"angle":0.0,"axis":"y","origin":[7.9428573,8.0,8.0]},"faces":{"east":{"uv":[2.5625,7.375,2.625,8.0],"rotation":0,"texture":"#0","tintindex":0},"south":{"uv":[3.625,5.75,4.0625,6.375],"rotation":0,"texture":"#0","tintindex":0},"north":{"uv":[5.75,2.4375,6.1875,3.0625],"rotation":0,"texture":"#0","tintindex":0},"west":{"uv":[5.9375,8.1875,6.0,8.8125],"rotation":0,"texture":"#0","tintindex":0},"up":{"uv":[3.1875,1.4375,2.75,1.375],"rotation":0,"texture":"#0","tintindex":0},"down":{"uv":[6.0,0.3125,5.5625,0.375],"rotation":0,"texture":"#0","tintindex":0}}},{"from":[6.2285714,2.2857141,9.314285],"to":[10.228572,8.057143,9.885715],"rotation":{"angle":0.0,"axis":"y","origin":[8.228572,5.1714287,9.6]},"faces":{"east":{"uv":[2.125,8.9375,2.1875,9.5625],"rotation":0,"texture":"#0","tintindex":0},"south":{"uv":[1.3125,5.8125,1.75,6.4375],"rotation":0,"texture":"#0","tintindex":0},"north":{"uv":[4.0625,5.75,4.5,6.375],"rotation":0,"texture":"#0","tintindex":0},"west":{"uv":[1.3125,9.0625,1.375,9.6875],"rotation":0,"texture":"#0","tintindex":0},"up":{"uv":[6.5,1.6875,6.0625,1.625],"rotation":0,"texture":"#0","tintindex":0},"down":{"uv":[6.5,1.6875,6.0625,1.75],"rotation":0,"texture":"#0","tintindex":0}}}],"display":{"head":{"translation":[0.0,-6.4,0.0],"scale":[4.0,4.0,4.0]}}}