{"textures":{"0":"modelengine:entity/jupiterguard"},"elements":[{"from":[4.1142855,7.885714,4.1142855],"to":[11.885715,15.657143,11.885715],"rotation":{"angle":0.0,"axis":"y","origin":[8.0,-15.428572,8.0]},"faces":{"east":{"uv":[0.875,2.375,1.71875,3.21875],"rotation":0,"texture":"#0","tintindex":0},"south":{"uv":[2.75,0.0,3.59375,0.84375],"rotation":0,"texture":"#0","tintindex":0},"north":{"uv":[0.0,2.375,0.84375,3.21875],"rotation":0,"texture":"#0","tintindex":0},"west":{"uv":[1.75,3.0625,2.59375,3.90625],"rotation":0,"texture":"#0","tintindex":0},"up":{"uv":[3.46875,3.90625,2.625,3.0625],"rotation":0,"texture":"#0","tintindex":0},"down":{"uv":[4.03125,0.875,3.1875,1.71875],"rotation":0,"texture":"#0","tintindex":0}}},{"from":[3.2057137,18.941843,-6.415884],"to":[12.794287,21.91584,0.7639799],"rotation":{"angle":22.5,"axis":"x","origin":[18.862858,-9.169876,-9.407448]},"faces":{"east":{"uv":[6.0625,1.3125,6.84375,1.625],"rotation":0,"texture":"#0","tintindex":0},"south":{"uv":[4.625,4.125,5.6875,4.4375],"rotation":0,"texture":"#0","tintindex":0},"north":{"uv":[4.625,0.8125,5.6875,1.125],"rotation":0,"texture":"#0","tintindex":0},"west":{"uv":[6.1875,4.8125,6.96875,5.125],"rotation":0,"texture":"#0","tintindex":0},"up":{"uv":[3.1875,2.21875,2.125,1.4375],"rotation":0,"texture":"#0","tintindex":0},"down":{"uv":[3.1875,2.25,2.125,3.03125],"rotation":0,"texture":"#0","tintindex":0}}},{"from":[7.2,19.91327,-0.13016987],"to":[8.8,23.458698,1.3354087],"rotation":{"angle":22.5,"axis":"x","origin":[19.428572,-8.7698765,-9.407448]},"faces":{"east":{"uv":[9.125,4.375,9.28125,4.75],"rotation":0,"texture":"#0","tintindex":0},"south":{"uv":[0.4375,6.125,0.625,6.5],"rotation":0,"texture":"#0","tintindex":0},"north":{"uv":[2.25,5.875,2.4375,6.25],"rotation":0,"texture":"#0","tintindex":0},"west":{"uv":[9.125,5.125,9.28125,5.5],"rotation":0,"texture":"#0","tintindex":0},"up":{"uv":[9.5,8.65625,9.3125,8.5],"rotation":0,"texture":"#0","tintindex":0},"down":{"uv":[9.5,8.6875,9.3125,8.84375],"rotation":0,"texture":"#0","tintindex":0}}},{"from":[7.2,19.056128,-6.9873133],"to":[8.8,23.172983,-5.521734],"rotation":{"angle":22.5,"axis":"x","origin":[19.428572,-8.7698765,-9.407448]},"faces":{"east":{"uv":[5.375,8.9375,5.53125,9.375],"rotation":0,"texture":"#0","tintindex":0},"south":{"uv":[8.875,0.4375,9.0625,0.875],"rotation":0,"texture":"#0","tintindex":0},"north":{"uv":[8.8125,8.8125,9.0,9.25],"rotation":0,"texture":"#0","tintindex":0},"west":{"uv":[1.375,9.0,1.53125,9.4375],"rotation":0,"texture":"#0","tintindex":0},"up":{"uv":[9.5,9.03125,9.3125,8.875],"rotation":0,"texture":"#0","tintindex":0},"down":{"uv":[9.1875,9.3125,9.0,9.46875],"rotation":0,"texture":"#0","tintindex":0}}},{"from":[6.9142857,24.4847,-6.2444563],"to":[9.085714,25.172983,0.9354086],"rotation":{"angle":22.5,"axis":"x","origin":[19.142857,-7.341305,-12.664591]},"faces":{"east":{"uv":[4.875,4.0625,5.65625,4.125],"rotation":0,"texture":"#0","tintindex":0},"south":{"uv":[1.5,4.4375,1.75,4.5],"rotation":0,"texture":"#0","tintindex":0},"north":{"uv":[3.1875,3.0,3.4375,3.0625],"rotation":0,"texture":"#0","tintindex":0},"west":{"uv":[8.75,6.5625,9.53125,6.625],"rotation":0,"texture":"#0","tintindex":0},"up":{"uv":[2.1875,7.21875,1.9375,6.4375],"rotation":0,"texture":"#0","tintindex":0},"down":{"uv":[1.125,6.5,0.875,7.28125],"rotation":0,"texture":"#0","tintindex":0}}},{"from":[6.942857,13.168915,11.817868],"to":[9.057143,17.491636,12.506151],"rotation":{"angle":-22.5,"axis":"x","origin":[7.8285713,17.082073,12.41985]},"faces":{"east":{"uv":[6.0625,9.125,6.125,9.59375],"rotation":0,"texture":"#0","tintindex":0},"south":{"uv":[1.9375,8.4375,2.15625,8.90625],"rotation":0,"texture":"#0","tintindex":0},"north":{"uv":[0.0,8.4375,0.21875,8.90625],"rotation":0,"texture":"#0","tintindex":0},"west":{"uv":[1.875,9.1875,1.9375,9.65625],"rotation":0,"texture":"#0","tintindex":0},"up":{"uv":[7.90625,7.1875,7.6875,7.125],"rotation":0,"texture":"#0","tintindex":0},"down":{"uv":[7.96875,4.875,7.75,4.9375],"rotation":0,"texture":"#0","tintindex":0}}},{"from":[6.9714284,9.660147,10.36619],"to":[9.028571,13.697153,11.054473],"rotation":{"angle":-45.0,"axis":"x","origin":[7.8,17.082073,12.41985]},"faces":{"east":{"uv":[4.3125,3.3125,4.375,3.75],"rotation":0,"texture":"#0","tintindex":0},"south":{"uv":[0.75,8.6875,0.96875,9.125],"rotation":0,"texture":"#0","tintindex":0},"north":{"uv":[8.25,8.625,8.46875,9.0625],"rotation":0,"texture":"#0","tintindex":0},"west":{"uv":[3.4375,4.5,3.5,4.9375],"rotation":0,"texture":"#0","tintindex":0},"up":{"uv":[8.34375,2.8125,8.125,2.75],"rotation":0,"texture":"#0","tintindex":0},"down":{"uv":[8.40625,4.625,8.1875,4.6875],"rotation":0,"texture":"#0","tintindex":0}}},{"from":[6.885714,22.071556,14.392206],"to":[9.114285,22.759838,18.1435],"rotation":{"angle":-22.5,"axis":"x","origin":[19.114286,-9.754448,18.257786]},"faces":{"east":{"uv":[6.375,4.75,6.78125,4.8125],"rotation":0,"texture":"#0","tintindex":0},"south":{"uv":[1.75,5.8125,2.0,5.875],"rotation":0,"texture":"#0","tintindex":0},"north":{"uv":[5.4375,0.75,5.6875,0.8125],"rotation":0,"texture":"#0","tintindex":0},"west":{"uv":[8.75,7.25,9.15625,7.3125],"rotation":0,"texture":"#0","tintindex":0},"up":{"uv":[4.3125,8.90625,4.0625,8.5],"rotation":0,"texture":"#0","tintindex":0},"down":{"uv":[8.75,8.125,8.5,8.53125],"rotation":0,"texture":"#0","tintindex":0}}},{"from":[11.885715,7.3142858,7.542857],"to":[12.8,12.457142,11.885715],"rotation":{"angle":0.0,"axis":"y","origin":[15.771429,-19.200003,8.0]},"faces":{"east":{"uv":[5.9375,5.3125,6.40625,5.875],"rotation":0,"texture":"#0","tintindex":0},"south":{"uv":[0.875,9.125,0.96875,9.6875],"rotation":0,"texture":"#0","tintindex":0},"north":{"uv":[8.375,9.0625,8.46875,9.625],"rotation":0,"texture":"#0","tintindex":0},"west":{"uv":[5.9375,5.875,6.40625,6.4375],"rotation":0,"texture":"#0","tintindex":0},"up":{"uv":[3.09375,9.71875,3.0,9.25],"rotation":0,"texture":"#0","tintindex":0},"down":{"uv":[3.21875,9.25,3.125,9.71875],"rotation":0,"texture":"#0","tintindex":0}}},{"from":[3.1999998,7.3142858,11.885715],"to":[12.8,15.657144,12.800001],"rotation":{"angle":0.0,"axis":"y","origin":[15.771429,-19.200003,7.7714286]},"faces":{"east":{"uv":[0.4375,8.75,0.53125,9.65625],"rotation":0,"texture":"#0","tintindex":0},"south":{"uv":[1.0625,1.4375,2.125,2.34375],"rotation":0,"texture":"#0","tintindex":0},"north":{"uv":[0.0,1.4375,1.0625,2.34375],"rotation":0,"texture":"#0","tintindex":0},"west":{"uv":[0.5625,8.8125,0.65625,9.71875],"rotation":0,"texture":"#0","tintindex":0},"up":{"uv":[9.25,6.71875,8.1875,6.625],"rotation":0,"texture":"#0","tintindex":0},"down":{"uv":[9.5,7.3125,8.4375,7.40625],"rotation":0,"texture":"#0","tintindex":0}}},{"from":[3.1999998,7.3142858,7.542857],"to":[4.1142855,12.457142,11.885715],"rotation":{"angle":0.0,"axis":"y","origin":[0.22857094,-19.200003,8.0]},"faces":{"east":{"uv":[6.0,1.75,6.46875,2.3125],"rotation":0,"texture":"#0","tintindex":0},"south":{"uv":[6.5,9.125,6.59375,9.6875],"rotation":0,"texture":"#0","tintindex":0},"north":{"uv":[5.9375,9.125,6.03125,9.6875],"rotation":0,"texture":"#0","tintindex":0},"west":{"uv":[6.0625,0.75,6.53125,1.3125],"rotation":0,"texture":"#0","tintindex":0},"up":{"uv":[3.46875,9.71875,3.375,9.25],"rotation":0,"texture":"#0","tintindex":0},"down":{"uv":[3.59375,9.25,3.5,9.71875],"rotation":0,"texture":"#0","tintindex":0}}},{"from":[3.1999998,12.457144,3.1999993],"to":[12.8,15.657143,4.1142855],"rotation":{"angle":0.0,"axis":"y","origin":[15.771429,-15.428572,0.22857094]},"faces":{"east":{"uv":[5.5625,8.375,5.65625,8.71875],"rotation":0,"texture":"#0","tintindex":0},"south":{"uv":[4.5,0.0,5.5625,0.34375],"rotation":0,"texture":"#0","tintindex":0},"north":{"uv":[4.0625,1.375,5.125,1.71875],"rotation":0,"texture":"#0","tintindex":0},"west":{"uv":[6.125,8.375,6.21875,8.71875],"rotation":0,"texture":"#0","tintindex":0},"up":{"uv":[9.5625,2.40625,8.5,2.3125],"rotation":0,"texture":"#0","tintindex":0},"down":{"uv":[9.5625,2.4375,8.5,2.53125],