{"textures":{"0":"modelengine:entity/jupiterguard"},"elements":[{"from":[5.8285713,3.1999998,6.0571427],"to":[9.714286,8.571429,9.942858],"rotation":{"angle":0.0,"axis":"y","origin":[13.6,-14.742857,8.0]},"faces":{"east":{"uv":[2.25,6.25,2.6875,6.84375],"rotation":0,"texture":"#0","tintindex":0},"south":{"uv":[6.3125,0.0,6.75,0.59375],"rotation":0,"texture":"#0","tintindex":0},"north":{"uv":[5.375,6.1875,5.8125,6.78125],"rotation":0,"texture":"#0","tintindex":0},"west":{"uv":[6.3125,3.625,6.75,4.21875],"rotation":0,"texture":"#0","tintindex":0},"up":{"uv":[7.1875,4.0625,6.75,3.625],"rotation":0,"texture":"#0","tintindex":0},"down":{"uv":[4.8125,6.8125,4.375,7.25],"rotation":0,"texture":"#0","tintindex":0}}},{"from":[5.832,6.7467985,-6.391301],"to":[9.710857,9.494414,-3.6436863],"rotation":{"angle":45.0,"axis":"x","origin":[13.603429,-10.053202,-4.4484444]},"faces":{"east":{"uv":[8.5625,7.4375,8.875,7.75],"rotation":0,"texture":"#0","tintindex":0},"south":{"uv":[5.0,7.75,5.4375,8.0625],"rotation":0,"texture":"#0","tintindex":0},"north":{"uv":[4.5625,7.75,5.0,8.0625],"rotation":0,"texture":"#0","tintindex":0},"west":{"uv":[8.5,8.5625,8.8125,8.875],"rotation":0,"texture":"#0","tintindex":0},"up":{"uv":[8.25,2.375,7.8125,2.0625],"rotation":0,"texture":"#0","tintindex":0},"down":{"uv":[8.25,5.75,7.8125,6.0625],"rotation":0,"texture":"#0","tintindex":0}}}],"display":{"head":{"translation":[0.0,-6.4,0.0],"scale":[4.0,4.0,4.0]}}}