{"textures":{"0":"modelengine:entity/jupiterguard"},"elements":[{"from":[6.114286,5.8285704,7.657143],"to":[9.142858,7.9428573,10.4],"rotation":{"angle":0.0,"axis":"y","origin":[7.2,30.285715,14.285715]},"faces":{"east":{"uv":[9.0,8.375,9.3125,8.59375],"rotation":0,"texture":"#0","tintindex":0},"south":{"uv":[8.875,7.4375,9.21875,7.65625],"rotation":0,"texture":"#0","tintindex":0},"north":{"uv":[8.875,1.75,9.21875,1.96875],"rotation":0,"texture":"#0","tintindex":0},"west":{"uv":[9.0,8.625,9.3125,8.84375],"rotation":0,"texture":"#0","tintindex":0},"up":{"uv":[8.78125,3.0625,8.4375,2.75],"rotation":0,"texture":"#0","tintindex":0},"down":{"uv":[8.78125,3.5625,8.4375,3.875],"rotation":0,"texture":"#0","tintindex":0}}},{"from":[6.114286,5.8285704,4.8],"to":[9.142858,7.9428573,7.428571],"rotation":{"angle":0.0,"axis":"y","origin":[7.2,30.285715,14.285715]},"faces":{"east":{"uv":[9.0625,4.125,9.34375,4.34375],"rotation":0,"texture":"#0","tintindex":0},"south":{"uv":[7.625,8.9375,7.96875,9.15625],"rotation":0,"texture":"#0","tintindex":0},"north":{"uv":[8.9375,4.875,9.28125,5.09375],"rotation":0,"texture":"#0","tintindex":0},"west":{"uv":[4.4375,9.0625,4.71875,9.28125],"rotation":0,"texture":"#0","tintindex":0},"up":{"uv":[8.96875,3.34375,8.625,3.0625],"rotation":0,"texture":"#0","tintindex":0},"down":{"uv":[7.96875,8.625,7.625,8.90625],"rotation":0,"texture":"#0","tintindex":0}}}],"display":{"head":{"translation":[0.0,-6.4,0.0],"scale":[4.0,4.0,4.0]}}}