{"textures":{"0":"modelengine:entity/jupiterguard"},"elements":[{"from":[-6.105587,1.0198717,6.060571],"to":[-3.7579718,3.367487,9.939428],"rotation":{"angle":45.0,"axis":"z","origin":[-4.16273,20.167488,13.832001]},"faces":{"east":{"uv":[4.625,1.125,5.0625,1.375],"rotation":0,"texture":"#0","tintindex":0},"south":{"uv":[6.75,0.3125,7.0,0.5625],"rotation":0,"texture":"#0","tintindex":0},"north":{"uv":[0.625,5.625,0.875,5.875],"rotation":0,"texture":"#0","tintindex":0},"west":{"uv":[8.1875,4.375,8.625,4.625],"rotation":0,"texture":"#0","tintindex":0},"up":{"uv":[8.5,8.625,8.25,8.1875],"rotation":0,"texture":"#0","tintindex":0},"down":{"uv":[0.5,8.3125,0.25,8.75],"rotation":0,"texture":"#0","tintindex":0}}},{"from":[6.342857,0.9714279,6.0571427],"to":[9.657143,6.9142857,9.942858],"rotation":{"angle":0.0,"axis":"y","origin":[8.285714,24.857143,13.828571]},"faces":{"east":{"uv":[2.0,5.1875,2.4375,5.84375],"rotation":0,"texture":"#0","tintindex":0},"south":{"uv":[2.6875,6.375,3.0625,7.03125],"rotation":0,"texture":"#0","tintindex":0},"north":{"uv":[1.75,2.375,2.125,3.03125],"rotation":0,"texture":"#0","tintindex":0},"west":{"uv":[0.875,5.25,1.3125,5.90625],"rotation":0,"texture":"#0","tintindex":0},"up":{"uv":[7.375,7.625,7.0,7.1875],"rotation":0,"texture":"#0","tintindex":0},"down":{"uv":[4.625,7.25,4.25,7.6875],"rotation":0,"texture":"#0","tintindex":0}}},{"from":[5.8285713,3.0285711,5.542857],"to":[7.428571,4.3999996,8.285714],"rotation":{"angle":0.0,"axis":"y","origin":[8.285714,24.857143,13.828571]},"faces":{"east":{"uv":[6.5625,1.125,6.875,1.28125],"rotation":0,"texture":"#0","tintindex":0},"south":{"uv":[9.3125,3.8125,9.5,3.96875],"rotation":0,"texture":"#0","tintindex":0},"north":{"uv":[9.3125,3.3125,9.5,3.46875],"rotation":0,"texture":"#0","tintindex":0},"west":{"uv":[9.125,5.9375,9.4375,6.09375],"rotation":0,"texture":"#0","tintindex":0},"up":{"uv":[9.25,6.5625,9.0625,6.25],"rotation":0,"texture":"#0","tintindex":0},"down":{"uv":[6.5,9.0625,6.3125,9.375],"rotation":0,"texture":"#0","tintindex":0}}},{"from":[6.2,3.1142855,5.9142857],"to":[9.8,7.0571427,10.085714],"rotation":{"angle":0.0,"axis":"y","origin":[8.285714,24.857143,13.828571]},"faces":{"east":{"uv":[6.875,4.0625,7.3125,4.46875],"rotation":0,"texture":"#0","tintindex":0},"south":{"uv":[7.375,1.75,7.75,2.15625],"rotation":0,"texture":"#0","tintindex":0},"north":{"uv":[0.0,7.375,0.375,7.78125],"rotation":0,"texture":"#0","tintindex":0},"west":{"uv":[6.875,5.125,7.3125,5.53125],"rotation":0,"texture":"#0","tintindex":0},"up":{"uv":[6.625,7.6875,6.25,7.25],"rotation":0,"texture":"#0","tintindex":0},"down":{"uv":[7.0,7.25,6.625,7.6875],"rotation":0,"texture":"#0","tintindex":0}}}],"display":{"head":{"translation":[0.0,-6.4,0.0],"scale":[4.0,4.0,4.0]}}}