{"textures":{"0":"modelengine:entity/flyingdutchman"},"elements":[{"from":[13.714285,-3.4285717,29.714285],"to":[15.999999,19.42857,32.0],"rotation":{"angle":0.0,"axis":"y","origin":[7.42857,-20.57143,0.5714264]},"faces":{"east":{"uv":[6.1875,6.3125,6.3125,7.5625],"rotation":0,"texture":"#0","tintindex":0},"south":{"uv":[6.3125,6.3125,6.4375,7.5625],"rotation":0,"texture":"#0","tintindex":0},"north":{"uv":[3.1875,6.3125,3.3125,7.5625],"rotation":0,"texture":"#0","tintindex":0},"west":{"uv":[6.4375,5.1875,6.5625,6.4375],"rotation":0,"texture":"#0","tintindex":0},"up":{"uv":[5.6875,7.75,5.5625,7.625],"rotation":0,"texture":"#0","tintindex":0},"down":{"uv":[5.8125,7.625,5.6875,7.75],"rotation":0,"texture":"#0","tintindex":0}}},{"from":[14.285713,19.42857,30.285713],"to":[15.42857,32.0,31.42857],"rotation":{"angle":0.0,"axis":"y","origin":[7.42857,-20.57143,0.5714264]},"faces":{"east":{"uv":[2.5625,7.375,2.625,8.0625],"rotation":0,"texture":"#0","tintindex":0},"south":{"uv":[2.625,7.375,2.6875,8.0625],"rotation":0,"texture":"#0","tintindex":0},"north":{"uv":[0.9375,7.375,1.0,8.0625],"rotation":0,"texture":"#0","tintindex":0},"west":{"uv":[2.8125,7.375,2.875,8.0625],"rotation":0,"texture":"#0","tintindex":0},"up":{"uv":[7.25,1.9375,7.1875,1.875],"rotation":0,"texture":"#0","tintindex":0},"down":{"uv":[7.0,7.1875,6.9375,7.25],"rotation":0,"texture":"#0","tintindex":0}}},{"from":[-2.285716,24.285713,26.571428],"to":[32.0,26.0,28.285713],"rotation":{"angle":0.0,"axis":"y","origin":[7.42857,-20.57143,0.5714264]},"faces":{"east":{"uv":[7.5625,7.625,7.6875,7.75],"rotation":0,"texture":"#0","tintindex":0},"south":{"uv":[5.5625,3.75,7.4375,3.875],"rotation":0,"texture":"#0","tintindex":0},"north":{"uv":[5.5625,3.625,7.4375,3.75],"rotation":0,"texture":"#0","tintindex":0},"west":{"uv":[7.6875,0.375,7.8125,0.5],"rotation":0,"texture":"#0","tintindex":0},"up":{"uv":[7.5625,2.625,5.6875,2.5],"rotation":0,"texture":"#0","tintindex":0},"down":{"uv":[7.5625,2.625,5.6875,2.75],"rotation":0,"texture":"#0","tintindex":0}}},{"from":[-2.285716,5.714285,26.571428],"to":[32.0,7.4285717,28.285713],"rotation":{"angle":0.0,"axis":"y","origin":[7.42857,-20.57143,0.5714264]},"faces":{"east":{"uv":[7.5625,7.625,7.6875,7.75],"rotation":0,"texture":"#0","tintindex":0},"south":{"uv":[5.5625,3.75,7.4375,3.875],"rotation":0,"texture":"#0","tintindex":0},"north":{"uv":[5.5625,3.625,7.4375,3.75],"rotation":0,"texture":"#0","tintindex":0},"west":{"uv":[7.6875,0.375,7.8125,0.5],"rotation":0,"texture":"#0","tintindex":0},"up":{"uv":[7.5625,2.625,5.6875,2.5],"rotation":0,"texture":"#0","tintindex":0},"down":{"uv":[7.5625,2.625,5.6875,2.75],"rotation":0,"texture":"#0","tintindex":0}}}],"display":{"head":{"translation":[2.2857208,107.88572,29.714294],"scale":[4.0,4.0,4.0]}}}