{"textures":{"0":"modelengine:entity/flyingdutchman"},"elements":[{"from":[8.0,0.5714283,8.0],"to":[12.571428,15.428572,19.314285],"rotation":{"angle":0.0,"axis":"y","origin":[24.0,-1.7142859,-24.857143]},"faces":{"east":{"uv":[0.8125,4.8125,1.4375,5.625],"rotation":0,"texture":"#0","tintindex":0},"south":{"uv":[4.875,5.8125,5.125,6.625],"rotation":0,"texture":"#0","tintindex":0},"north":{"uv":[4.625,5.8125,4.875,6.625],"rotation":0,"texture":"#0","tintindex":0},"west":{"uv":[1.4375,4.8125,2.0625,5.625],"rotation":0,"texture":"#0","tintindex":0},"up":{"uv":[1.1875,6.9375,0.9375,6.3125],"rotation":0,"texture":"#0","tintindex":0},"down":{"uv":[1.4375,6.3125,1.1875,6.9375],"rotation":0,"texture":"#0","tintindex":0}}},{"from":[6.7409325,15.428572,8.261013],"to":[9.026647,17.714287,19.575298],"rotation":{"angle":0.0,"axis":"y","origin":[24.0,-1.7142859,-24.857143]},"faces":{"east":{"uv":[6.9375,6.0,7.5625,6.125],"rotation":0,"texture":"#0","tintindex":0},"south":{"uv":[4.5,7.625,4.625,7.75],"rotation":0,"texture":"#0","tintindex":0},"north":{"uv":[4.125,7.625,4.25,7.75],"rotation":0,"texture":"#0","tintindex":0},"west":{"uv":[7.0,0.25,7.625,0.375],"rotation":0,"texture":"#0","tintindex":0},"up":{"uv":[1.6875,7.625,1.5625,7.0],"rotation":0,"texture":"#0","tintindex":0},"down":{"uv":[1.8125,7.0,1.6875,7.625],"rotation":0,"texture":"#0","tintindex":0}}},{"from":[7.379169,17.714287,10.518136],"to":[8.522026,21.142857,11.660993],"rotation":{"angle":0.0,"axis":"y","origin":[23.952522,-1.7142859,-23.17145]},"faces":{"east":{"uv":[7.0,7.6875,7.0625,7.875],"rotation":0,"texture":"#0","tintindex":0},"south":{"uv":[7.0625,7.6875,7.125,7.875],"rotation":0,"texture":"#0","tintindex":0},"north":{"uv":[7.6875,6.9375,7.75,7.125],"rotation":0,"texture":"#0","tintindex":0},"west":{"uv":[7.125,7.6875,7.1875,7.875],"rotation":0,"texture":"#0","tintindex":0},"up":{"uv":[6.5625,1.625,6.5,1.5625],"rotation":0,"texture":"#0","tintindex":0},"down":{"uv":[6.5625,3.0,6.5,3.0625],"rotation":0,"texture":"#0","tintindex":0}}},{"from":[7.379169,17.714287,13.946707],"to":[8.522026,21.142857,15.089564],"rotation":{"angle":0.0,"axis":"y","origin":[23.952522,-1.7142859,-23.17145]},"faces":{"east":{"uv":[7.0,7.6875,7.0625,7.875],"rotation":0,"texture":"#0","tintindex":0},"south":{"uv":[7.0625,7.6875,7.125,7.875],"rotation":0,"texture":"#0","tintindex":0},"north":{"uv":[7.6875,6.9375,7.75,7.125],"rotation":0,"texture":"#0","tintindex":0},"west":{"uv":[7.125,7.6875,7.1875,7.875],"rotation":0,"texture":"#0","tintindex":0},"up":{"uv":[6.5625,1.625,6.5,1.5625],"rotation":0,"texture":"#0","tintindex":0},"down":{"uv":[6.5625,3.0,6.5,3.0625],"rotation":0,"texture":"#0","tintindex":0}}},{"from":[7.3791695,21.142857,8.232422],"to":[8.522026,22.285715,17.375278],"rotation":{"angle":0.0,"axis":"y","origin":[24.066809,-1.7142859,-24.314308]},"faces":{"east":{"uv":[6.0,1.5625,6.5,1.625],"rotation":0,"texture":"#0","tintindex":0},"south":{"uv":[2.0,6.6875,2.0625,6.75],"rotation":0,"texture":"#0","tintindex":0},"north":{"uv":[1.9375,6.6875,2.0,6.75],"rotation":0,"texture":"#0","tintindex":0},"west":{"uv":[7.25,4.3125,7.75,4.375],"rotation":0,"texture":"#0","tintindex":0},"up":{"uv":[3.0,6.3125,2.9375,5.8125],"rotation":0,"texture":"#0","tintindex":0},"down":{"uv":[7.375,7.5,7.3125,8.0],"rotation":0,"texture":"#0","tintindex":0}}}],"display":{"head":{"translation":[0.0,-6.4,0.0],"scale":[4.0,4.0,4.0]}}}