{"textures":{"0":"modelengine:entity/nocsy_fpv2_ghost"},"elements":[{"from":[5.714286,5.2191615,3.96345],"to":[10.285714,8.076304,7.9634504],"rotation":{"angle":0.0,"axis":"y","origin":[8.0,6.647733,5.9634504]},"faces":{"east":{"uv":[1.5,10.0,2.375,10.625],"rotation":0,"texture":"#0","tintindex":0},"south":{"uv":[9.0,9.25,10.0,9.875],"rotation":0,"texture":"#0","tintindex":0},"north":{"uv":[6.25,9.25,7.25,9.875],"rotation":0,"texture":"#0","tintindex":0},"west":{"uv":[10.0,6.125,10.875,6.75],"rotation":0,"texture":"#0","tintindex":0},"up":{"uv":[9.0,7.0,8.0,6.125],"rotation":0,"texture":"#0","tintindex":0},"down":{"uv":[9.0,7.125,8.0,8.0],"rotation":0,"texture":"#0","tintindex":0}}},{"from":[10.285714,4.0763044,7.9634504],"to":[10.285714,8.076304,10.249165],"rotation":{"angle":0.0,"axis":"y","origin":[8.0,6.647733,5.9634504]},"faces":{"east":{"uv":[7.375,9.25,7.875,10.125],"rotation":0,"texture":"#0","tintindex":0},"south":{"uv":[2.875,11.125,2.875,12.0],"rotation":0,"texture":"#0","tintindex":0},"north":{"uv":[2.75,11.125,2.75,12.0],"rotation":0,"texture":"#0","tintindex":0},"west":{"uv":[0.0,10.0,0.5,10.875],"rotation":0,"texture":"#0","tintindex":0},"up":{"uv":[3.625,8.0,3.625,7.5],"rotation":0,"texture":"#0","tintindex":0},"down":{"uv":[1.375,10.125,1.375,10.625],"rotation":0,"texture":"#0","tintindex":0}}},{"from":[10.285714,4.0763044,6.4205933],"to":[10.285714,8.647733,10.992022],"rotation":{"angle":22.5,"axis":"y","origin":[8.0,6.647733,5.9634504]},"faces":{"east":{"uv":[2.0,7.5,3.0,8.5],"rotation":0,"texture":"#0","tintindex":0},"south":{"uv":[3.125,11.125,3.125,12.125],"rotation":0,"texture":"#0","tintindex":0},"north":{"uv":[3.0,11.125,3.0,12.125],"rotation":0,"texture":"#0","tintindex":0},"west":{"uv":[7.625,0.0,8.625,1.0],"rotation":0,"texture":"#0","tintindex":0},"up":{"uv":[3.25,12.125,3.25,11.125],"rotation":0,"texture":"#0","tintindex":0},"down":{"uv":[3.375,11.125,3.375,12.125],"rotation":0,"texture":"#0","tintindex":0}}},{"from":[5.714286,4.0763044,6.4205933],"to":[5.714286,8.647733,10.992022],"rotation":{"angle":-22.5,"axis":"y","origin":[8.0,6.647733,5.9634504]},"faces":{"east":{"uv":[7.875,1.125,8.875,2.125],"rotation":0,"texture":"#0","tintindex":0},"south":{"uv":[3.625,11.125,3.625,12.125],"rotation":0,"texture":"#0","tintindex":0},"north":{"uv":[3.5,11.125,3.5,12.125],"rotation":0,"texture":"#0","tintindex":0},"west":{"uv":[7.875,2.25,8.875,3.25],"rotation":0,"texture":"#0","tintindex":0},"up":{"uv":[3.75,12.125,3.75,11.125],"rotation":0,"texture":"#0","tintindex":0},"down":{"uv":[3.875,11.125,3.875,12.125],"rotation":0,"texture":"#0","tintindex":0}}},{"from":[5.714286,9.497172,3.6809359],"to":[10.285714,9.497172,7.680936],"rotation":{"angle":-22.5,"axis":"x","origin":[8.0,9.497172,7.3952217]},"faces":{"east":{"uv":[11.0,0.625,11.875,0.625],"rotation":0,"texture":"#0","tintindex":0},"south":{"uv":[11.0,2.0,12.0,2.0],"rotation":0,"texture":"#0","tintindex":0},"north":{"uv":[11.0,0.5,12.0,0.5],"rotation":0,"texture":"#0","tintindex":0},"west":{"uv":[11.0,9.5,11.875,9.5],"rotation":0,"texture":"#0","tintindex":0},"up":{"uv":[4.125,9.0,3.125,8.125],"rotation":0,"texture":"#0","tintindex":0},"down":{"uv":[9.0,8.125,8.0,9.0],"rotation":0,"texture":"#0","tintindex":0}}},{"from":[5.714286,9.759346,7.4618225],"to":[10.285714,9.759346,13.176108],"rotation":{"angle":22.5,"axis":"x","origin":[8.0,9.187918,7.176108]},"faces":{"east":{"uv":[11.125,6.25,12.375,6.25],"rotation":0,"texture":"#0","tintindex":0},"south":{"uv":[11.125,6.375,12.125,6.375],"rotation":0,"texture":"#0","tintindex":0},"north":{"uv":[11.125,6.125,12.125,6.125],"rotation":0,"texture":"#0","tintindex":0},"west":{"uv":[11.125,6.5,12.375,6.5],"rotation":0,"texture":"#0","tintindex":0},"up":{"uv":[4.75,8.0,3.75,6.75],"rotation":0,"texture":"#0","tintindex":0},"down":{"uv":[5.875,7.0,4.875,8.25],"rotation":0,"texture":"#0","tintindex":0}}},{"from":[5.792857,4.304876,4.0205927],"to":[10.207143,5.447733,4.0205927],"rotation":{"angle":0.0,"axis":"y","origin":[7.992857,6.8763046,6.020593]},"faces":{"east":{"uv":[7.625,1.125,7.625,1.375],"rotation":0,"texture":"#0","tintindex":0},"south":{"uv":[10.625,2.125,11.625,2.375],"rotation":0,"texture":"#0","tintindex":0},"north":{"uv":[7.5,10.5,8.5,10.75],"rotation":0,"texture":"#0","tintindex":0},"west":{"uv":[7.75,1.125,7.75,1.375],"rotation":0,"texture":"#0","tintindex":0},"up":{"uv":[12.125,6.625,11.125,6.625],"rotation":0,"texture":"#0","tintindex":0},"down":{"uv":[12.125,6.75,11.125,6.75],"rotation":0,"texture":"#0","tintindex":0}}},{"from":[5.792857,0.87630415,4.0205927],"to":[10.207143,4.304876,4.0205927],"rotation":{"angle":0.0,"axis":"y","origin":[8.0,2.59059,4.0205927]},"faces":{"east":{"uv":[4.0,11.125,4.0,11.875],"rotation":0,"texture":"#0","tintindex":0},"south":{"uv":[8.75,4.25,9.75,5.0],"rotation":0,"texture":"#0","tintindex":0},"north":{"uv":[8.75,3.375,9.75,4.125],"rotation":0,"texture":"#0","tintindex":0},"west":{"uv":[4.125,11.125,4.125,11.875],"rotation":0,"texture":"#0","tintindex":0},"up":{"uv":[12.125,8.125,11.125,8.125],"rotation":0,"texture":"#0","tintindex":0},"down":{"uv":[12.125,8.25,11.125,8.25],"rotation":0,"texture":"#0","tintindex":0}}},{"from":[5.792857,2.0191617,4.0205927],"to":[5.792857,5.447733,7.949165],"rotation":{"angle":0.0,"axis":"y","origin":[8.178572,6.8763046,5.9491644]},"faces":{"east":{"uv":[8.0,9.125,8.875,9.875],"rotation":0,"texture":"#0","tintindex":0},"south":{"uv":[4.375,11.125,4.375,11.875],"rotation":0,"texture":"#0","tintindex":0},"north":{"uv":[4.25,11.125,4.25,11.875],"rotation":0,"texture":"#0","tintindex":0},"west":{"uv":[9.125,8.375,10.0,9.125],"rotation":0,"texture":"#0","tintindex":0},"up":{"uv":[4.5,12.0,4.5,11.125],"rotation":0,"texture":"#0","tintindex":0},"down":{"uv":[4.625,11.125,4.625,12.0],"rotation":0,"texture":"#0","tintindex":0}}},{"from":[10.206572,2.0191617,4.020593],"to":[10.206572,5.447733,7.9205933],"rotation":{"angle":0.0,"axis":"y","origin":[7.820857,6.8763046,5.9205933]},"faces":{"east":{"uv":[4.25,9.25,5.125,10.0],"rotation":0,"texture":"#0","tintindex":0},"south":{"uv":[4.875,11.125,4.875,11.875],"rotation":0,"texture":"#0","tintindex":0},"north":{"uv":[4.75,11.125,4.75,11.875],"rotation":0,"texture":"#0","tintindex":0},"west":{"uv":[5.25,9.25,6.125,10.0],"rotation":0,"texture":"#0","tintindex":0},"up":{"uv":[6.25,12.0,6.25,11.125],"rotation":0,"texture":"#0","tintindex":0},"down":{"uv":[6.375,11.125,6.375,12.0],"rotation":0,"texture":"#0","tintindex":0}}}],"display":{"head":{"translation":[0.0,-6.4,0.0],"scale":[4.0,4.0,4.0]}}}