{"textures":{"0":"modelengine:entity/nocsy_fpv2_ghost"},"elements":[{"from":[6.857143,5.626696,7.1350946],"to":[9.714286,7.9124107,12.277952],"rotation":{"angle":22.5,"axis":"x","origin":[8.0,6.483839,9.992238]},"faces":{"east":{"uv":[9.75,0.875,10.875,1.375],"rotation":0,"texture":"#0","tintindex":0},"south":{"uv":[4.25,10.125,4.875,10.625],"rotation":0,"texture":"#0","tintindex":0},"north":{"uv":[0.625,10.125,1.25,10.625],"rotation":0,"texture":"#0","tintindex":0},"west":{"uv":[9.75,1.5,10.875,2.0],"rotation":0,"texture":"#0","tintindex":0},"up":{"uv":[1.375,10.0,0.75,8.875],"rotation":0,"texture":"#0","tintindex":0},"down":{"uv":[9.625,0.875,9.0,2.0],"rotation":0,"texture":"#0","tintindex":0}}},{"from":[6.857143,8.0,7.2661815],"to":[9.714286,8.0,12.409039],"rotation":{"angle":0.0,"axis":"y","origin":[8.285714,6.857143,9.83761]},"faces":{"east":{"uv":[10.875,7.375,12.0,7.375],"rotation":0,"texture":"#0","tintindex":0},"south":{"uv":[1.0,7.375,1.625,7.375],"rotation":0,"texture":"#0","tintindex":0},"north":{"uv":[1.0,7.25,1.625,7.25],"rotation":0,"texture":"#0","tintindex":0},"west":{"uv":[10.875,7.5,12.0,7.5],"rotation":0,"texture":"#0","tintindex":0},"up":{"uv":[9.625,3.25,9.0,2.125],"rotation":0,"texture":"#0","tintindex":0},"down":{"uv":[3.375,9.125,2.75,10.25],"rotation":0,"texture":"#0","tintindex":0}}},{"from":[9.714286,2.198125,7.1350946],"to":[9.714286,5.626696,12.277952],"rotation":{"angle":22.5,"axis":"x","origin":[8.0,6.483839,9.992238]},"faces":{"east":{"uv":[4.25,8.375,5.375,9.125],"rotation":0,"texture":"#0","tintindex":0},"south":{"uv":[7.875,6.125,7.875,6.875],"rotation":0,"texture":"#0","tintindex":0},"north":{"uv":[7.75,6.125,7.75,6.875],"rotation":0,"texture":"#0","tintindex":0},"west":{"uv":[5.5,8.375,6.625,9.125],"rotation":0,"texture":"#0","tintindex":0},"up":{"uv":[8.5,12.0,8.5,10.875],"rotation":0,"texture":"#0","tintindex":0},"down":{"uv":[0.0,11.0,0.0,12.125],"rotation":0,"texture":"#0","tintindex":0}}},{"from":[6.857143,2.198125,7.1350946],"to":[6.857143,5.626696,12.277952],"rotation":{"angle":22.5,"axis":"x","origin":[8.571428,6.483839,9.992238]},"faces":{"east":{"uv":[6.75,8.375,7.875,9.125],"rotation":0,"texture":"#0","tintindex":0},"south":{"uv":[0.25,11.0,0.25,11.75],"rotation":0,"texture":"#0","tintindex":0},"north":{"uv":[0.125,11.0,0.125,11.75],"rotation":0,"texture":"#0","tintindex":0},"west":{"uv":[8.75,0.0,9.875,0.75],"rotation":0,"texture":"#0","tintindex":0},"up":{"uv":[0.375,12.125,0.375,11.0],"rotation":0,"texture":"#0","tintindex":0},"down":{"uv":[0.5,11.0,0.5,12.125],"rotation":0,"texture":"#0","tintindex":0}}},{"from":[8.285714,1.9614582,6.0423083],"to":[8.285714,5.3900294,14.613737],"rotation":{"angle":22.5,"axis":"x","origin":[8.285714,3.561458,10.328023]},"faces":{"east":{"uv":[5.75,6.125,7.625,6.875],"rotation":0,"texture":"#0","tintindex":0},"south":{"uv":[5.0,11.0,5.0,11.75],"rotation":0,"texture":"#0","tintindex":0},"north":{"uv":[11.0,0.875,11.0,1.625],"rotation":0,"texture":"#0","tintindex":0},"west":{"uv":[1.75,6.625,3.625,7.375],"rotation":0,"texture":"#0","tintindex":0},"up":{"uv":[5.125,12.875,5.125,11.0],"rotation":0,"texture":"#0","tintindex":0},"down":{"uv":[5.25,11.0,5.25,12.875],"rotation":0,"texture":"#0","tintindex":0}}},{"from":[9.714286,2.198125,12.277952],"to":[9.714286,7.9124107,16.277952],"rotation":{"angle":22.5,"axis":"x","origin":[8.0,6.483839,9.992238]},"faces":{"east":{"uv":[6.0,7.0,6.875,8.25],"rotation":0,"texture":"#0","tintindex":0},"south":{"uv":[5.5,11.0,5.5,12.25],"rotation":0,"texture":"#0","tintindex":0},"north":{"uv":[5.375,11.0,5.375,12.25],"rotation":0,"texture":"#0","tintindex":0},"west":{"uv":[7.0,7.0,7.875,8.25],"rotation":0,"texture":"#0","tintindex":0},"up":{"uv":[5.625,11.875,5.625,11.0],"rotation":0,"texture":"#0","tintindex":0},"down":{"uv":[5.75,11.0,5.75,11.875],"rotation":0,"texture":"#0","tintindex":0}}},{"from":[6.857143,2.198125,12.277952],"to":[6.857143,7.9124107,16.277952],"rotation":{"angle":22.5,"axis":"x","origin":[8.571428,6.483839,9.992238]},"faces":{"east":{"uv":[0.0,7.25,0.875,8.5],"rotation":0,"texture":"#0","tintindex":0},"south":{"uv":[8.625,11.0,8.625,12.25],"rotation":0,"texture":"#0","tintindex":0},"north":{"uv":[11.0,8.125,11.0,9.375],"rotation":0,"texture":"#0","tintindex":0},"west":{"uv":[1.0,7.5,1.875,8.75],"rotation":0,"texture":"#0","tintindex":0},"up":{"uv":[8.75,11.875,8.75,11.0],"rotation":0,"texture":"#0","tintindex":0},"down":{"uv":[8.875,11.0,8.875,11.875],"rotation":0,"texture":"#0","tintindex":0}}}],"display":{"head":{"translation":[0.0,-6.4,0.0],"scale":[4.0,4.0,4.0]}}}