{"textures":{"0":"modelengine:entity/jupiterarcher"},"elements":[{"from":[4.1142855,8.6285715,5.485714],"to":[11.885715,14.571428,10.514286],"rotation":{"angle":0.0,"axis":"y","origin":[8.0,-8.742857,8.0]},"faces":{"east":{"uv":[4.1875,1.25,4.75,1.90625],"rotation":0,"texture":"#0","tintindex":0},"south":{"uv":[2.625,2.5,3.46875,3.15625],"rotation":0,"texture":"#0","tintindex":0},"north":{"uv":[2.125,0.875,2.96875,1.53125],"rotation":0,"texture":"#0","tintindex":0},"west":{"uv":[4.5625,2.1875,5.125,2.84375],"rotation":0,"texture":"#0","tintindex":0},"up":{"uv":[3.84375,0.5625,3.0,0.0],"rotation":0,"texture":"#0","tintindex":0},"down":{"uv":[3.84375,0.5625,3.0,1.125],"rotation":0,"texture":"#0","tintindex":0}}},{"from":[4.12,1.7627287,-6.061325],"to":[11.88,5.3184667,-2.5055866],"rotation":{"angle":45.0,"axis":"x","origin":[8.005714,-8.742857,8.0]},"faces":{"east":{"uv":[0.75,7.8125,1.125,8.1875],"rotation":0,"texture":"#0","tintindex":0},"south":{"uv":[4.75,0.9375,5.59375,1.3125],"rotation":0,"texture":"#0","tintindex":0},"north":{"uv":[4.75,0.5625,5.59375,0.9375],"rotation":0,"texture":"#0","tintindex":0},"west":{"uv":[7.8125,2.875,8.1875,3.25],"rotation":0,"texture":"#0","tintindex":0},"up":{"uv":[5.59375,1.6875,4.75,1.3125],"rotation":0,"texture":"#0","tintindex":0},"down":{"uv":[4.96875,4.9375,4.125,5.3125],"rotation":0,"texture":"#0","tintindex":0}}},{"from":[4.3714285,5.714286,6.5142856],"to":[4.3714285,9.085714,10.285714],"rotation":{"angle":-22.5,"axis":"x","origin":[7.9714284,8.0,8.0]},"faces":{"east":{"uv":[0.40625,7.5625,0.0,7.9375],"rotation":0,"texture":"#0","tintindex":0},"south":{"uv":[0.0,0.0,0.0,0.375],"rotation":0,"texture":"#0","tintindex":0},"north":{"uv":[0.0,0.0,0.0,0.375],"rotation":0,"texture":"#0","tintindex":0},"west":{"uv":[6.46875,7.5,6.0625,7.875],"rotation":0,"texture":"#0","tintindex":0},"up":{"uv":[0.0,0.40625,0.0,0.0],"rotation":0,"texture":"#0","tintindex":0},"down":{"uv":[0.0,0.0,0.0,0.40625],"rotation":0,"texture":"#0","tintindex":0}}},{"from":[11.6285715,5.714286,6.5142856],"to":[11.6285715,9.085714,10.285714],"rotation":{"angle":-22.5,"axis":"x","origin":[8.028571,8.0,8.0]},"faces":{"east":{"uv":[1.96875,7.5625,1.5625,7.9375],"rotation":0,"texture":"#0","tintindex":0},"south":{"uv":[0.0,0.0,0.0,0.375],"rotation":0,"texture":"#0","tintindex":0},"north":{"uv":[0.0,0.0,0.0,0.375],"rotation":0,"texture":"#0","tintindex":0},"west":{"uv":[1.53125,7.5625,1.125,7.9375],"rotation":0,"texture":"#0","tintindex":0},"up":{"uv":[0.0,0.40625,0.0,0.0],"rotation":0,"texture":"#0","tintindex":0},"down":{"uv":[0.0,0.0,0.0,0.40625],"rotation":0,"texture":"#0","tintindex":0}}},{"from":[5.575634,13.975634,10.857143],"to":[9.232777,16.375633,13.3714285],"rotation":{"angle":-22.5,"axis":"z","origin":[5.575634,8.604205,5.028571]},"faces":{"east":{"uv":[9.21875,5.25,8.9375,5.5],"rotation":0,"texture":"#0","tintindex":0},"south":{"uv":[8.90625,6.4375,8.5,6.6875],"rotation":0,"texture":"#0","tintindex":0},"north":{"uv":[8.90625,6.1875,8.5,6.4375],"rotation":0,"texture":"#0","tintindex":0},"west":{"uv":[9.21875,5.0,8.9375,5.25],"rotation":0,"texture":"#0","tintindex":0},"up":{"uv":[8.25,3.46875,8.65625,3.1875],"rotation":0,"texture":"#0","tintindex":0},"down":{"uv":[8.25,7.375,8.65625,7.65625],"rotation":0,"texture":"#0","tintindex":0}}},{"from":[5.6899195,7.118491,10.971429],"to":[9.118491,16.261349,13.257143],"rotation":{"angle":-22.5,"axis":"z","origin":[5.575634,8.604205,5.028571]},"faces":{"east":{"uv":[4.1875,6.5,3.9375,7.5],"rotation":0,"texture":"#0","tintindex":0},"south":{"uv":[2.875,4.5,2.5,5.5],"rotation":0,"texture":"#0","tintindex":0},"north":{"uv":[4.75,0.25,4.375,1.25],"rotation":0,"texture":"#0","tintindex":0},"west":{"uv":[3.9375,6.5,3.6875,7.5],"rotation":0,"texture":"#0","tintindex":0},"up":{"uv":[8.6875,8.5,9.0625,8.25],"rotation":0,"texture":"#0","tintindex":0},"down":{"uv":[8.6875,8.5,9.0625,8.75],"rotation":0,"texture":"#0","tintindex":0}}},{"from":[9.085714,7.6,11.885715],"to":[11.3714285,23.028572,11.885715],"rotation":{"angle":-22.5,"axis":"z","origin":[10.285714,13.6,11.828571]},"faces":{"east":{"uv":[0.0,0.0,0.0,1.6875],"rotation":0,"texture":"#0","tintindex":0},"south":{"uv":[1.0,3.9375,0.75,5.625],"rotation":0,"texture":"#0","tintindex":0},"north":{"uv":[4.125,3.8125,3.875,5.5],"rotation":0,"texture":"#0","tintindex":0},"west":{"uv":[0.0,0.0,0.0,1.6875],"rotation":0,"texture":"#0","tintindex":0},"up":{"uv":[0.0,0.0,0.25,0.0],"rotation":0,"texture":"#0","tintindex":0},"down":{"uv":[0.0,0.0,0.25,0.0],"rotation":0,"texture":"#0","tintindex":0}}},{"from":[7.9428573,6.457143,12.228572],"to":[10.228572,21.885715,12.228572],"rotation":{"angle":-22.5,"axis":"z","origin":[9.142858,12.457144,12.171429]},"faces":{"east":{"uv":[0.0,0.0,0.0,1.6875],"rotation":0,"texture":"#0","tintindex":0},"south":{"uv":[1.5,3.9375,1.25,5.625],"rotation":0,"texture":"#0","tintindex":0},"north":{"uv":[1.25,3.9375,1.0,5.625],"rotation":0,"texture":"#0","tintindex":0},"west":{"uv":[0.0,0.0,0.0,1.6875],"rotation":0,"texture":"#0","tintindex":0},"up":{"uv":[0.0,0.0,0.25,0.0],"rotation":0,"texture":"#0","tintindex":0},"down":{"uv":[0.0,0.0,0.25,0.0],"rotation":0,"texture":"#0","tintindex":0}}},{"from":[7.9428573,6.457143,12.8],"to":[10.228572,21.885715,12.8],"rotation":{"angle":-22.5,"axis":"z","origin":[9.142858,12.457144,12.742857]},"faces":{"east":{"uv":[0.0,0.0,0.0,1.6875],"rotation":0,"texture":"#0","tintindex":0},"south":{"uv":[2.0,3.9375,1.75,5.625],"rotation":0,"texture":"#0","tintindex":0},"north":{"uv":[1.75,3.9375,1.5,5.625],"rotation":0,"texture":"#0","tintindex":0},"west":{"uv":[0.0,0.0,0.0,1.6875],"rotation":0,"texture":"#0","tintindex":0},"up":{"uv":[0.0,0.0,0.25,0.0],"rotation":0,"texture":"#0","tintindex":0},"down":{"uv":[0.0,0.0,0.25,0.0],"rotation":0,"texture":"#0","tintindex":0}}},{"from":[7.9428573,7.6,11.885715],"to":[10.228572,23.028572,11.885715],"rotation":{"angle":-22.5,"axis":"z","origin":[8.571428,13.6,11.828571]},"faces":{"east":{"uv":[0.0,0.0,0.0,1.6875],"rotation":0,"texture":"#0","tintindex":0},"south":{"uv":[2.5,3.9375,2.25,5.625],"rotation":0,"texture":"#0","tintindex":0},"north":{"uv":[2.25,3.9375,2.0,5.625],"rotation":0,"texture":"#0","tintindex":0},"west":{"uv":[0.0,0.0,0.0,1.6875],"rotation":0,"texture":"#0","tintindex":0},"up":{"uv":[0.0,0.0,0.25,0.0],"rotation":0,"texture":"#0","tintindex":0},"down":{"uv":[0.0,0.0,0.25,0.0],"rotation":0,"texture":"#0","tintindex":0}}},{"from":[5.575634,7.004205,10.857143],"to":[9.232777,9.404205,13.3714285],"rotation":{"angle":-22.5,"axis":"z","origin":[5.575634,8.604205,5.028571]},"faces":{"east":{"uv":[9.21875,6.3125,8.9375,6.5625],"rotation":0,"texture":"#0","tintindex":0},"south":{"uv":[8.96875,2.0,8.5625,2.25],"rotation":0,"texture":"#0","tintindex":0},"north":{"uv":[1.53125,8.5625,1.125,8.8125],"rotation":0,"texture":"#0","tintindex":0},"west":{"uv":[9.21875,6.0625,8.9375,6.3125],"rotation":0,"texture":"#0","tintindex":0},"up":{"uv":[7.5625,8.53125,7.96875,8.25],"rotation":0,"texture":"#0","tintindex":0},"down":{"uv":[8.0,8.25,8.40625,8.53125],"rotation":0,"texture":"#0","tintindex":0}}}],"display":{"head":{"translation":[0.0,-6.4,0.0],"scale":[4.0,4.0,4.0]}}}