{"textures":{"0":"modelengine:entity/jupiterarcher"},"elements":[{"from":[7.5142856,10.205538,-7.923687],"to":[8.485714,11.176967,-4.895116],"rotation":{"angle":22.5,"axis":"x","origin":[8.0,8.110322,8.252177]},"faces":{"east":{"uv":[9.90625,6.1875,9.5625,6.28125],"rotation":0,"texture":"#0","tintindex":0},"south":{"uv":[8.34375,9.75,8.25,9.84375],"rotation":0,"texture":"#0","tintindex":0},"north":{"uv":[7.65625,9.75,7.5625,9.84375],"rotation":0,"texture":"#0","tintindex":0},"west":{"uv":[9.90625,6.0625,9.5625,6.15625],"rotation":0,"texture":"#0","tintindex":0},"up":{"uv":[6.1875,9.90625,6.28125,9.5625],"rotation":0,"texture":"#0","tintindex":0},"down":{"uv":[9.5625,6.625,9.65625,6.96875],"rotation":0,"texture":"#0","tintindex":0}}},{"from":[7.3142858,6.11767,5.171816],"to":[8.685715,7.260527,8.028959],"rotation":{"angle":22.5,"axis":"x","origin":[8.0,8.110322,8.252177]},"faces":{"east":{"uv":[7.1875,2.125,6.875,2.25],"rotation":0,"texture":"#0","tintindex":0},"south":{"uv":[9.90625,0.125,9.75,0.25],"rotation":0,"texture":"#0","tintindex":0},"north":{"uv":[9.90625,0.0,9.75,0.125],"rotation":0,"texture":"#0","tintindex":0},"west":{"uv":[6.6875,4.5,6.375,4.625],"rotation":0,"texture":"#0","tintindex":0},"up":{"uv":[4.1875,9.5625,4.34375,9.25],"rotation":0,"texture":"#0","tintindex":0},"down":{"uv":[4.375,9.25,4.53125,9.5625],"rotation":0,"texture":"#0","tintindex":0}}},{"from":[7.3428574,8.830428,2.6159945],"to":[8.657143,9.687571,5.473138],"rotation":{"angle":-22.5,"axis":"x","origin":[8.0,8.110322,8.252177]},"faces":{"east":{"uv":[9.9375,0.8125,9.625,0.90625],"rotation":0,"texture":"#0","tintindex":0},"south":{"uv":[6.46875,9.75,6.3125,9.84375],"rotation":0,"texture":"#0","tintindex":0},"north":{"uv":[6.03125,9.75,5.875,9.84375],"rotation":0,"texture":"#0","tintindex":0},"west":{"uv":[9.3125,2.125,9.0,2.21875],"rotation":0,"texture":"#0","tintindex":0},"up":{"uv":[9.25,5.3125,9.40625,5.0],"rotation":0,"texture":"#0","tintindex":0},"down":{"uv":[5.125,9.25,5.28125,9.5625],"rotation":0,"texture":"#0","tintindex":0}}},{"from":[7.4857144,4.8837094,-5.067892],"to":[8.514286,5.912281,-2.039321],"rotation":{"angle":45.0,"axis":"x","origin":[8.0,8.110322,8.252177]},"faces":{"east":{"uv":[4.96875,4.5,4.625,4.625],"rotation":0,"texture":"#0","tintindex":0},"south":{"uv":[9.25,7.4375,9.125,7.5625],"rotation":0,"texture":"#0","tintindex":0},"north":{"uv":[2.125,7.5625,2.0,7.6875],"rotation":0,"texture":"#0","tintindex":0},"west":{"uv":[3.34375,1.4375,3.0,1.5625],"rotation":0,"texture":"#0","tintindex":0},"up":{"uv":[5.0,9.65625,5.125,9.3125],"rotation":0,"texture":"#0","tintindex":0},"down":{"uv":[9.0625,9.3125,9.1875,9.65625],"rotation":0,"texture":"#0","tintindex":0}}},{"from":[7.4,5.5191574,1.8727298],"to":[8.6,7.3477287,4.329873],"rotation":{"angle":22.5,"axis":"x","origin":[8.0,8.110322,8.252177]},"faces":{"east":{"uv":[9.46875,5.6875,9.1875,5.875],"rotation":0,"texture":"#0","tintindex":0},"south":{"uv":[1.25,7.375,1.125,7.5625],"rotation":0,"texture":"#0","tintindex":0},"north":{"uv":[5.3125,1.6875,5.1875,1.875],"rotation":0,"texture":"#0","tintindex":0},"west":{"uv":[3.90625,9.1875,3.625,9.375],"rotation":0,"texture":"#0","tintindex":0},"up":{"uv":[9.5,1.96875,9.625,1.6875],"rotation":0,"texture":"#0","tintindex":0},"down":{"uv":[9.5,2.375,9.625,2.65625],"rotation":0,"texture":"#0","tintindex":0}}},{"from":[7.4285717,13.100037,3.6281176],"to":[8.571428,16.128609,5.113832],"rotation":{"angle":-45.0,"axis":"x","origin":[8.0,8.110322,8.252177]},"faces":{"east":{"uv":[1.78125,9.1875,1.625,9.53125],"rotation":0,"texture":"#0","tintindex":0},"south":{"uv":[3.5625,9.375,3.4375,9.71875],"rotation":0,"texture":"#0","tintindex":0},"north":{"uv":[9.5,2.375,9.375,2.71875],"rotation":0,"texture":"#0","tintindex":0},"west":{"uv":[1.59375,9.1875,1.4375,9.53125],"rotation":0,"texture":"#0","tintindex":0},"up":{"uv":[9.0625,9.84375,9.1875,9.6875],"rotation":0,"texture":"#0","tintindex":0},"down":{"uv":[9.4375,9.6875,9.5625,9.84375],"rotation":0,"texture":"#0","tintindex":0}}},{"from":[7.3714285,7.428571,3.7243156],"to":[8.6285715,9.142858,6.5814586],"rotation":{"angle":0.0,"axis":"y","origin":[8.0,8.110322,8.252177]},"faces":{"east":{"uv":[1.5625,6.9375,1.25,7.125],"rotation":0,"texture":"#0","tintindex":0},"south":{"uv":[7.3125,8.3125,7.1875,8.5],"rotation":0,"texture":"#0","tintindex":0},"north":{"uv":[4.3125,8.3125,4.1875,8.5],"rotation":0,"texture":"#0","tintindex":0},"west":{"uv":[6.875,0.6875,6.5625,0.875],"rotation":0,"texture":"#0","tintindex":0},"up":{"uv":[5.3125,7.4375,5.4375,7.125],"rotation":0,"texture":"#0","tintindex":0},"down":{"uv":[9.375,0.0,9.5,0.3125],"rotation":0,"texture":"#0","tintindex":0}}},{"from":[7.142857,7.428571,6.5814586],"to":[8.857143,9.142858,8.295745],"rotation":{"angle":0.0,"axis":"y","origin":[8.0,8.110322,8.252177]},"faces":{"east":{"uv":[3.25,8.4375,3.0625,8.625],"rotation":0,"texture":"#0","tintindex":0},"south":{"uv":[6.5,7.875,6.3125,8.0625],"rotation":0,"texture":"#0","tintindex":0},"north":{"uv":[4.375,1.0625,4.1875,1.25],"rotation":0,"texture":"#0","tintindex":0},"west":{"uv":[6.8125,3.0625,6.625,3.25],"rotation":0,"texture":"#0","tintindex":0},"up":{"uv":[9.375,3.3125,9.5625,3.125],"rotation":0,"texture":"#0","tintindex":0},"down":{"uv":[9.4375,6.4375,9.625,6.625],"rotation":0,"texture":"#0","tintindex":0}}},{"from":[7.457143,13.748701,1.1973524],"to":[8.542857,16.777273,2.2830667],"rotation":{"angle":-22.5,"axis":"x","origin":[8.0,8.110322,8.252177]},"faces":{"east":{"uv":[4.1875,9.375,4.0625,9.71875],"rotation":0,"texture":"#0","tintindex":0},"south":{"uv":[3.9375,9.375,3.8125,9.71875],"rotation":0,"texture":"#0","tintindex":0},"north":{"uv":[3.6875,9.375,3.5625,9.71875],"rotation":0,"texture":"#0","tintindex":0},"west":{"uv":[3.8125,9.375,3.6875,9.71875],"rotation":0,"texture":"#0","tintindex":0},"up":{"uv":[9.125,9.0,9.25,8.875],"rotation":0,"texture":"#0","tintindex":0},"down":{"uv":[9.3125,8.75,9.4375,8.875],"rotation":0,"texture":"#0","tintindex":0}}}],"display":{"head":{"translation":[0.0,-6.4,0.0],"scale":[4.0,4.0,4.0]}}}