{"textures":{"0":"modelengine:entity/voras"},"elements":[{"name":"cube","from":[-2.5000005,0.2997098,1.399997],"to":[17.900002,15.899711,19.399998],"rotation":{"angle":0.0,"axis":"x","origin":[7.7,8.99971,15.199997]},"faces":{"down":{"uv":[2.12125,1.87875,0.00375,3.74625],"rotation":0,"texture":"#0","tintindex":0},"east":{"uv":[2.12875,3.25375,3.99625,4.87125],"rotation":0,"texture":"#0","tintindex":0},"north":{"uv":[2.12875,0.00375,4.24625,1.62125],"rotation":0,"texture":"#0","tintindex":0},"south":{"uv":[2.12875,1.62875,4.24625,3.24625],"rotation":0,"texture":"#0","tintindex":0},"up":{"uv":[2.12125,1.87125,0.00375,0.00375],"rotation":0,"texture":"#0","tintindex":0},"west":{"uv":[0.00375,3.75375,1.87125,5.37125],"rotation":0,"texture":"#0","tintindex":0}}},{"name":"cube","from":[-1.4393401,0.2997098,18.960659],"to":[-1.4393401,15.899711,21.960659],"rotation":{"angle":45.0,"axis":"y","origin":[-1.4393401,8.09971,20.460659]},"faces":{"down":{"uv":[0.00375,0.00375,0.00375,0.30875],"rotation":0,"texture":"#0","tintindex":0},"east":{"uv":[3.30875,6.69125,3.00375,8.30875],"rotation":0,"texture":"#0","tintindex":0},"north":{"uv":[0.00375,0.00375,0.00375,1.62125],"rotation":0,"texture":"#0","tintindex":0},"south":{"uv":[0.00375,0.00375,0.00375,1.62125],"rotation":0,"texture":"#0","tintindex":0},"up":{"uv":[0.00375,0.30875,0.00375,0.00375],"rotation":0,"texture":"#0","tintindex":0},"west":{"uv":[3.00375,6.69125,3.30875,8.30875],"rotation":0,"texture":"#0","tintindex":0}}},{"name":"cube","from":[-2.5000005,0.2997098,7.999996],"to":[-2.5000005,15.899711,10.999997],"rotation":{"angle":-22.5,"axis":"y","origin":[-2.5000005,8.09971,7.999996]},"faces":{"down":{"uv":[0.00375,0.00375,0.00375,0.30875],"rotation":0,"texture":"#0","tintindex":0},"east":{"uv":[5.81625,7.06625,6.12125,8.68375],"rotation":0,"texture":"#0","tintindex":0},"north":{"uv":[0.00375,0.00375,0.00375,1.62125],"rotation":0,"texture":"#0","tintindex":0},"south":{"uv":[0.00375,0.00375,0.00375,1.62125],"rotation":0,"texture":"#0","tintindex":0},"up":{"uv":[0.00375,0.30875,0.00375,0.00375],"rotation":0,"texture":"#0","tintindex":0},"west":{"uv":[6.12125,7.06625,5.81625,8.68375],"rotation":0,"texture":"#0","tintindex":0}}},{"name":"cube","from":[-1.4393401,-2.2609506,1.399997],"to":[-1.4393401,0.7390497,19.399998],"rotation":{"angle":45.0,"axis":"z","origin":[-1.4393401,-0.7609503,10.399997]},"faces":{"down":{"uv":[0.00375,0.00375,0.00375,1.87125],"rotation":0,"texture":"#0","tintindex":0},"east":{"uv":[0.75375,7.00375,2.62125,7.30875],"rotation":0,"texture":"#0","tintindex":0},"north":{"uv":[0.00375,0.00375,0.00375,0.30875],"rotation":0,"texture":"#0","tintindex":0},"south":{"uv":[0.00375,0.00375,0.00375,0.30875],"rotation":0,"texture":"#0","tintindex":0},"up":{"uv":[0.00375,1.87125,0.00375,0.00375],"rotation":0,"texture":"#0","tintindex":0},"west":{"uv":[0.75375,7.00375,2.62125,7.30875],"rotation":0,"texture":"#0","tintindex":0}}},{"name":"cube","from":[17.900002,0.2997098,7.999996],"to":[17.900002,15.899711,10.999997],"rotation":{"angle":22.5,"axis":"y","origin":[17.900002,8.09971,7.999996]},"faces":{"down":{"uv":[0.00375,0.00375,0.00375,0.30875],"rotation":0,"texture":"#0","tintindex":0},"east":{"uv":[5.81625,7.06625,6.12125,8.68375],"rotation":0,"texture":"#0","tintindex":0},"north":{"uv":[0.00375,0.00375,0.00375,1.62125],"rotation":0,"texture":"#0","tintindex":0},"south":{"uv":[0.00375,0.00375,0.00375,1.62125],"rotation":0,"texture":"#0","tintindex":0},"up":{"uv":[0.00375,0.30875,0.00375,0.00375],"rotation":0,"texture":"#0","tintindex":0},"west":{"uv":[6.12125,7.06625,5.81625,8.68375],"rotation":0,"texture":"#0","tintindex":0}}},{"name":"cube","from":[16.83934,0.2997098,18.960659],"to":[16.83934,15.899711,21.960659],"rotation":{"angle":-45.0,"axis":"y","origin":[16.83934,8.09971,20.460659]},"faces":{"down":{"uv":[0.00375,0.00375,0.00375,0.30875],"rotation":0,"texture":"#0","tintindex":0},"east":{"uv":[3.30875,6.69125,3.00375,8.30875],"rotation":0,"texture":"#0","tintindex":0},"north":{"uv":[0.00375,0.00375,0.00375,1.62125],"rotation":0,"texture":"#0","tintindex":0},"south":{"uv":[0.00375,0.00375,0.00375,1.62125],"rotation":0,"texture":"#0","tintindex":0},"up":{"uv":[0.00375,0.30875,0.00375,0.00375],"rotation":0,"texture":"#0","tintindex":0},"west":{"uv":[3.00375,6.69125,3.30875,8.30875],"rotation":0,"texture":"#0","tintindex":0}}},{"name":"cube","from":[16.83934,-2.2609506,1.399997],"to":[16.83934,0.7390497,19.399998],"rotation":{"angle":-45.0,"axis":"z","origin":[16.83934,-0.7609503,10.399997]},"faces":{"down":{"uv":[0.00375,0.00375,0.00375,1.87125],"rotation":0,"texture":"#0","tintindex":0},"east":{"uv":[2.62125,7.00375,0.75375,7.30875],"rotation":0,"texture":"#0","tintindex":0},"north":{"uv":[0.00375,0.00375,0.00375,0.30875],"rotation":0,"texture":"#0","tintindex":0},"south":{"uv":[0.00375,0.00375,0.00375,0.30875],"rotation":0,"texture":"#0","tintindex":0},"up":{"uv":[0.00375,1.87125,0.00375,0.00375],"rotation":0,"texture":"#0","tintindex":0},"west":{"uv":[2.62125,7.00375,0.75375,7.30875],"rotation":0,"texture":"#0","tintindex":0}}},{"name":"cube","from":[-0.7000003,16.49971,7.3999968],"to":[16.1,18.29971,23.599998],"rotation":{"angle":0.0,"axis":"x","origin":[7.7,8.99971,15.199997]},"faces":{"down":{"uv":[5.99625,0.00375,4.25375,1.68375],"rotation":0,"texture":"#0","tintindex":0},"east":{"uv":[8.00375,0.50375,9.68375,0.68375],"rotation":0,"texture":"#0","tintindex":0},"north":{"uv":[7.87875,7.12875,9.62125,7.30875],"rotation":0,"texture":"#0","tintindex":0},"south":{"uv":[8.00375,0.31625,9.74625,0.49625],"rotation":0,"texture":"#0","tintindex":0},"up":{"uv":[5.74625,4.93375,4.00375,3.25375],"rotation":0,"texture":"#0","tintindex":0},"west":{"uv":[8.00375,0.69125,9.68375,0.87125],"rotation":0,"texture":"#0","tintindex":0}}},{"name":"cube","from":[1.6999998,16.49971,23.599998],"to":[13.7,18.29971,29.599998],"rotation":{"angle":0.0,"axis":"x","origin":[7.7,8.99971,15.199997]},"faces":{"down":{"uv":[7.43375,4.87875,6.19125,5.49625],"rotation":0,"texture":"#0","tintindex":0},"east":{"uv":[6.00375,1.50375,6.62125,1.68375],"rotation":0,"texture":"#0","tintindex":0},"north":{"uv":[8.37875,7.62875,9.62125,7.80875],"rotation":0,"texture":"#0","tintindex":0},"south":{"uv":[8.44125,6.12875,9.68375,6.30875],"rotation":0,"texture":"#0","tintindex":0},"up":{"uv":[3.12125,6.68375,1.87875,6.06625],"rotation":0,"texture":"#0","tintindex":0},"west":{"uv":[9.00375,1.12875,9.62125,1.30875],"rotation":0,"texture":"#0","tintindex":0}}},{"name":"cube","from":[13.7,15.899711,23.599998],"to":[16.1,18.899712,32.0],"rotation":{"angle":0.0,"axis":"x","origin":[7.7,8.99971,15.199997]},"faces":{"down":{"uv":[3.30875,8.31625,3.06625,9.18375],"rotation":0,"texture":"#0","tintindex":0},"east":{"uv":[8.12875,1.12875,8.99625,1.43375],"rotation":0,"texture":"#0","tintindex":0},"north":{"uv":[1.87875,9.19125,2.12125,9.49625],"rotation":0,"texture":"#0","tintindex":0},"south":{"uv":[2.12875,9.19125,2.37125,9.49625],"rotation":0,"texture":"#0","tintindex":0},"up":{"uv":[2.12125,4.62125,1.87875,3.75375],"rotation":0,"texture":"#0","tintindex":0},"west":{"uv":[8.12875,3.06625,8.99625,3.37125],"rotation":0,"texture":"#0","tintindex":0}}},{"name":"cube","from":[-0.7000003,15.899711,23.599998],"to":[1.6999998,18.899712,32.0],"rotation":{"angle":0.0,"axis":"x","origin":[7.7,8.99971,15.199997]},"faces":{"down":{"uv":[8.93375,1.44125,8.69125,2.30875],"rotation":0,"texture":"#0","tintindex":0},"east":{"uv":[8.12875,3.37875,8.99625,3.68375],"rotation":0,"texture":"#0","tintindex":0},"north":{"uv":[9.19125,2.25375,9.43375,2.55875],"rotation":0,"texture":"#0","tintindex":0},"south":{"uv":[2.37875,9.19125,2.62125,9.49625],"rotation":0,"texture":"#0","tintindex":0},"up":{"uv":[8.80875,6.12125,8.56625,5.25375],"rotation":0,"texture":"#0","tintindex":0},"west":{"uv":[8.19125,7.94125,9.05875,8.24625],"rotation":0,"texture":"#0","tintindex":0}}},{"name":"cube","from":[-3.1000004,15.899711,7.3999968],"to":[-0.7000003,18.899712,26.0],