{"textures":{"0":"modelengine:entity/voras"},"elements":[{"name":"cube","from":[6.05,2.8999999,5.6000004],"to":[10.25,8.9,9.8],"rotation":{"angle":0.0,"axis":"x","origin":[9.65,8.3,5.6000004]},"faces":{"down":{"uv":[0.43375,8.75375,0.00375,9.18375],"rotation":0,"texture":"#0","tintindex":0},"east":{"uv":[0.00375,8.12875,0.43375,8.74625],"rotation":0,"texture":"#0","tintindex":0},"north":{"uv":[6.44125,8.06625,6.87125,8.68375],"rotation":0,"texture":"#0","tintindex":0},"south":{"uv":[6.87875,8.25375,7.30875,8.87125],"rotation":0,"texture":"#0","tintindex":0},"up":{"uv":[6.49625,9.12125,6.06625,8.69125],"rotation":0,"texture":"#0","tintindex":0},"west":{"uv":[7.31625,8.25375,7.74625,8.87125],"rotation":0,"texture":"#0","tintindex":0}}},{"name":"cube","from":[6.05,1.1685076,5.944415],"to":[10.25,2.9685082,5.944415],"rotation":{"angle":-22.5,"axis":"x","origin":[8.15,2.0685077,5.944415]},"faces":{"down":{"uv":[0.43375,0.00375,0.00375,0.00375],"rotation":0,"texture":"#0","tintindex":0},"east":{"uv":[0.00375,0.00375,0.00375,0.18375],"rotation":0,"texture":"#0","tintindex":0},"north":{"uv":[6.62875,1.50375,7.05875,1.68375],"rotation":0,"texture":"#0","tintindex":0},"south":{"uv":[6.62875,1.50375,7.05875,1.68375],"rotation":0,"texture":"#0","tintindex":0},"up":{"uv":[0.43375,0.00375,0.00375,0.00375],"rotation":0,"texture":"#0","tintindex":0},"west":{"uv":[0.00375,0.00375,0.00375,0.18375],"rotation":0,"texture":"#0","tintindex":0}}},{"name":"cube","from":[5.8374434,2.8999999,4.4882927],"to":[5.8374434,8.9,5.6882925],"rotation":{"angle":45.0,"axis":"y","origin":[5.8374434,5.8999996,5.388293]},"faces":{"down":{"uv":[0.00375,0.00375,0.00375,0.12125],"rotation":0,"texture":"#0","tintindex":0},"east":{"uv":[6.75375,9.19125,6.87125,9.80875],"rotation":0,"texture":"#0","tintindex":0},"north":{"uv":[0.00375,0.00375,0.00375,0.62125],"rotation":0,"texture":"#0","tintindex":0},"south":{"uv":[0.00375,0.00375,0.00375,0.62125],"rotation":0,"texture":"#0","tintindex":0},"up":{"uv":[0.00375,0.12125,0.00375,0.00375],"rotation":0,"texture":"#0","tintindex":0},"west":{"uv":[6.75375,9.19125,6.87125,9.80875],"rotation":0,"texture":"#0","tintindex":0}}},{"name":"cube","from":[7.85,1.0999997,6.8],"to":[7.85,4.7,11.6],"rotation":{"angle":0.0,"axis":"x","origin":[9.65,8.3,5.6000004]},"faces":{"down":{"uv":[0.00375,0.00375,0.00375,0.49625],"rotation":0,"texture":"#0","tintindex":0},"east":{"uv":[2.44125,8.81625,2.93375,9.18375],"rotation":0,"texture":"#0","tintindex":0},"north":{"uv":[0.00375,0.00375,0.00375,0.37125],"rotation":0,"texture":"#0","tintindex":0},"south":{"uv":[0.00375,0.00375,0.00375,0.37125],"rotation":0,"texture":"#0","tintindex":0},"up":{"uv":[0.00375,0.49625,0.00375,0.00375],"rotation":0,"texture":"#0","tintindex":0},"west":{"uv":[2.93375,8.81625,2.44125,9.18375],"rotation":0,"texture":"#0","tintindex":0}}}],"display":{"head":{"translation":[0.0,-6.4,0.0],"rotation":[0.0,0.0,0.0],"scale":[3.8095,3.8095,3.8095]}}}