{"textures":{"0":"modelengine:entity/voras"},"elements":[{"from":[4.5714283,8.142858,1.7142854],"to":[6.857143,10.428572,4.0],"rotation":{"angle":0.0,"axis":"y","origin":[5.714286,9.285714,2.8571424]},"faces":{"east":{"uv":[9.31625,8.19125,9.55875,8.43375],"rotation":0,"texture":"#0","tintindex":0},"south":{"uv":[9.31625,8.44125,9.55875,8.68375],"rotation":0,"texture":"#0","tintindex":0},"north":{"uv":[1.87875,4.62875,2.12125,4.87125],"rotation":0,"texture":"#0","tintindex":0},"west":{"uv":[9.37875,0.00375,9.62125,0.24625],"rotation":0,"texture":"#0","tintindex":0},"up":{"uv":[4.55875,9.62125,4.31625,9.37875],"rotation":0,"texture":"#0","tintindex":0},"down":{"uv":[9.62125,4.50375,9.37875,4.74625],"rotation":0,"texture":"#0","tintindex":0}}},{"from":[9.142858,8.142858,1.7142854],"to":[11.428572,10.428572,4.0],"rotation":{"angle":0.0,"axis":"y","origin":[10.857143,9.285714,2.8571424]},"faces":{"east":{"uv":[9.62125,0.00375,9.37875,0.24625],"rotation":0,"texture":"#0","tintindex":0},"south":{"uv":[9.55875,8.44125,9.31625,8.68375],"rotation":0,"texture":"#0","tintindex":0},"north":{"uv":[2.12125,4.62875,1.87875,4.87125],"rotation":0,"texture":"#0","tintindex":0},"west":{"uv":[9.55875,8.19125,9.31625,8.43375],"rotation":0,"texture":"#0","tintindex":0},"up":{"uv":[4.31625,9.62125,4.55875,9.37875],"rotation":0,"texture":"#0","tintindex":0},"down":{"uv":[9.37875,4.50375,9.62125,4.74625],"rotation":0,"texture":"#0","tintindex":0}}},{"from":[4.8571424,5.5714283,2.2857141],"to":[11.142858,10.142858,8.0],"rotation":{"angle":0.0,"axis":"y","origin":[1.7142854,7.857143,5.142857]},"faces":{"east":{"uv":[8.06625,1.56625,8.68375,2.05875],"rotation":0,"texture":"#0","tintindex":0},"south":{"uv":[7.87875,6.62875,8.55875,7.12125],"rotation":0,"texture":"#0","tintindex":0},"north":{"uv":[7.75375,6.12875,8.43375,6.62125],"rotation":0,"texture":"#0","tintindex":0},"west":{"uv":[1.94125,8.06625,2.55875,8.55875],"rotation":0,"texture":"#0","tintindex":0},"up":{"uv":[7.12125,8.05875,6.44125,7.44125],"rotation":0,"texture":"#0","tintindex":0},"down":{"uv":[0.68375,7.50375,0.00375,8.12125],"rotation":0,"texture":"#0","tintindex":0}}},{"from":[8.285714,2.142857,1.7142854],"to":[8.285714,5.5714283,7.428571],"rotation":{"angle":45.0,"axis":"y","origin":[8.285714,3.8571424,5.142857]},"faces":{"east":{"uv":[7.75375,8.50375,8.37125,8.87125],"rotation":0,"texture":"#0","tintindex":0},"south":{"uv":[0.00375,0.00375,0.00375,0.37125],"rotation":0,"texture":"#0","tintindex":0},"north":{"uv":[0.00375,0.00375,0.00375,0.37125],"rotation":0,"texture":"#0","tintindex":0},"west":{"uv":[8.37125,8.50375,7.75375,8.87125],"rotation":0,"texture":"#0","tintindex":0},"up":{"uv":[0.00375,0.62125,0.00375,0.00375],"rotation":0,"texture":"#0","tintindex":0},"down":{"uv":[0.00375,0.00375,0.00375,0.62125],"rotation":0,"texture":"#0","tintindex":0}}}],"display":{"head":{"translation":[0.0,-6.4,0.0],"scale":[4.0,4.0,4.0]}}}