{"textures":{"0":"modelengine:entity/voras"},"elements":[{"name":"cube","from":[6.5,-1.6000004,6.5],"to":[9.5,3.1999998,9.5],"rotation":{"angle":0.0,"axis":"x","origin":[8.9,3.1999998,6.5]},"faces":{"down":{"uv":[9.49625,1.31625,9.19125,1.62125],"rotation":0,"texture":"#0","tintindex":0},"east":{"uv":[8.56625,8.87875,8.87125,9.37125],"rotation":0,"texture":"#0","tintindex":0},"north":{"uv":[8.56625,8.87875,8.87125,9.37125],"rotation":0,"texture":"#0","tintindex":0},"south":{"uv":[8.56625,8.87875,8.87125,9.37125],"rotation":0,"texture":"#0","tintindex":0},"up":{"uv":[9.37125,0.30875,9.06625,0.00375],"rotation":0,"texture":"#0","tintindex":0},"west":{"uv":[8.56625,8.87875,8.87125,9.37125],"rotation":0,"texture":"#0","tintindex":0}}},{"name":"cube","from":[8.0,3.7999997,7.1],"to":[8.0,8.0,8.9],"rotation":{"angle":0.0,"axis":"x","origin":[0.7999997,5.0,-25.0]},"faces":{"down":{"uv":[0.00375,0.00375,0.00375,0.18375],"rotation":0,"texture":"#0","tintindex":0},"east":{"uv":[1.87125,9.19125,1.69125,9.62125],"rotation":0,"texture":"#0","tintindex":0},"north":{"uv":[0.00375,0.00375,0.00375,0.43375],"rotation":0,"texture":"#0","tintindex":0},"south":{"uv":[0.00375,0.00375,0.00375,0.43375],"rotation":0,"texture":"#0","tintindex":0},"up":{"uv":[0.00375,0.18375,0.00375,0.00375],"rotation":0,"texture":"#0","tintindex":0},"west":{"uv":[1.69125,9.19125,1.87125,9.62125],"rotation":0,"texture":"#0","tintindex":0}}},{"name":"cube","from":[7.1,3.1999998,8.0],"to":[8.9,4.3999996,8.0],"rotation":{"angle":0.0,"axis":"x","origin":[9.5,3.1999998,6.8]},"faces":{"down":{"uv":[0.18375,0.00375,0.00375,0.00375],"rotation":0,"texture":"#0","tintindex":0},"east":{"uv":[0.00375,0.00375,0.00375,0.12125],"rotation":0,"texture":"#0","tintindex":0},"north":{"uv":[8.81625,8.25375,8.99625,8.37125],"rotation":0,"texture":"#0","tintindex":0},"south":{"uv":[8.81625,8.37875,8.99625,8.49625],"rotation":0,"texture":"#0","tintindex":0},"up":{"uv":[0.18375,0.00375,0.00375,0.00375],"rotation":0,"texture":"#0","tintindex":0},"west":{"uv":[0.00375,0.00375,0.00375,0.12125],"rotation":0,"texture":"#0","tintindex":0}}}],"display":{"head":{"translation":[0.0,-6.4,0.0],"rotation":[0.0,0.0,0.0],"scale":[3.8095,3.8095,3.8095]}}}