{"textures":{"0":"modelengine:entity/voras"},"elements":[{"from":[6.5714283,-1.1428576,6.5714283],"to":[9.428572,3.4285712,9.428572],"rotation":{"angle":0.0,"axis":"y","origin":[8.857143,3.4285712,6.5714283]},"faces":{"east":{"uv":[8.56625,8.87875,8.87125,9.37125],"rotation":0,"texture":"#0","tintindex":0},"south":{"uv":[8.56625,8.87875,8.87125,9.37125],"rotation":0,"texture":"#0","tintindex":0},"north":{"uv":[8.56625,8.87875,8.87125,9.37125],"rotation":0,"texture":"#0","tintindex":0},"west":{"uv":[8.56625,8.87875,8.87125,9.37125],"rotation":0,"texture":"#0","tintindex":0},"up":{"uv":[9.37125,0.30875,9.06625,0.00375],"rotation":0,"texture":"#0","tintindex":0},"down":{"uv":[9.49625,1.31625,9.19125,1.62125],"rotation":0,"texture":"#0","tintindex":0}}},{"from":[8.0,4.0,7.142857],"to":[8.0,8.0,8.857143],"rotation":{"angle":0.0,"axis":"y","origin":[1.1428566,5.142857,-23.428574]},"faces":{"east":{"uv":[1.87125,9.19125,1.69125,9.62125],"rotation":0,"texture":"#0","tintindex":0},"south":{"uv":[0.00375,0.00375,0.00375,0.43375],"rotation":0,"texture":"#0","tintindex":0},"north":{"uv":[0.00375,0.00375,0.00375,0.43375],"rotation":0,"texture":"#0","tintindex":0},"west":{"uv":[1.69125,9.19125,1.87125,9.62125],"rotation":0,"texture":"#0","tintindex":0},"up":{"uv":[0.00375,0.18375,0.00375,0.00375],"rotation":0,"texture":"#0","tintindex":0},"down":{"uv":[0.00375,0.00375,0.00375,0.18375],"rotation":0,"texture":"#0","tintindex":0}}},{"from":[7.142857,3.4285712,8.0],"to":[8.857143,4.5714283,8.0],"rotation":{"angle":0.0,"axis":"y","origin":[9.428572,3.4285712,6.857143]},"faces":{"east":{"uv":[0.00375,0.00375,0.00375,0.12125],"rotation":0,"texture":"#0","tintindex":0},"south":{"uv":[8.81625,8.37875,8.99625,8.49625],"rotation":0,"texture":"#0","tintindex":0},"north":{"uv":[8.81625,8.25375,8.99625,8.37125],"rotation":0,"texture":"#0","tintindex":0},"west":{"uv":[0.00375,0.00375,0.00375,0.12125],"rotation":0,"texture":"#0","tintindex":0},"up":{"uv":[0.18375,0.00375,0.00375,0.00375],"rotation":0,"texture":"#0","tintindex":0},"down":{"uv":[0.18375,0.00375,0.00375,0.00375],"rotation":0,"texture":"#0","tintindex":0}}}],"display":{"head":{"translation":[0.0,-6.4,0.0],"scale":[4.0,4.0,4.0]}}}