{"textures":{"0":"modelengine:entity/voras"},"elements":[{"name":"cube","from":[-1.1038818,-2.6269588,8.6],"to":[4.896118,3.3730407,8.6],"rotation":{"angle":0.0,"axis":"x","origin":[2.4961183,-2.026959,8.0]},"faces":{"down":{"uv":[0.00375,0.00375,0.62125,0.00375],"rotation":0,"texture":"#0","tintindex":0},"east":{"uv":[0.00375,0.00375,0.00375,0.62125],"rotation":0,"texture":"#0","tintindex":0},"north":{"uv":[4.93375,7.75375,4.31625,8.37125],"rotation":0,"texture":"#0","tintindex":0},"south":{"uv":[4.31625,7.75375,4.93375,8.37125],"rotation":0,"texture":"#0","tintindex":0},"up":{"uv":[0.00375,0.00375,0.62125,0.00375],"rotation":0,"texture":"#0","tintindex":0},"west":{"uv":[0.00375,0.00375,0.00375,0.62125],"rotation":0,"texture":"#0","tintindex":0}}},{"name":"cube","from":[3.0961185,-2.6269588,8.0],"to":[4.896118,3.3730407,9.2],"rotation":{"angle":0.0,"axis":"x","origin":[2.4961183,-2.026959,8.0]},"faces":{"down":{"uv":[9.00375,1.31625,9.18375,1.43375],"rotation":0,"texture":"#0","tintindex":0},"east":{"uv":[9.43375,5.50375,9.31625,6.12125],"rotation":0,"texture":"#0","tintindex":0},"north":{"uv":[3.30875,6.06625,3.12875,6.68375],"rotation":0,"texture":"#0","tintindex":0},"south":{"uv":[4.30875,9.06625,4.12875,9.68375],"rotation":0,"texture":"#0","tintindex":0},"up":{"uv":[8.87875,7.93375,9.05875,7.81625],"rotation":0,"texture":"#0","tintindex":0},"west":{"uv":[9.24625,9.25375,9.12875,9.87125],"rotation":0,"texture":"#0","tintindex":0}}},{"name":"cube","from":[-1.1038818,-2.6269588,8.0],"to":[3.0961185,-1.4269595,9.2],"rotation":{"angle":0.0,"axis":"x","origin":[2.4961183,-2.026959,8.0]},"faces":{"down":{"uv":[9.37875,4.75375,9.80875,4.87125],"rotation":0,"texture":"#0","tintindex":0},"east":{"uv":[9.55875,5.87875,9.44125,5.99625],"rotation":0,"texture":"#0","tintindex":0},"north":{"uv":[8.99625,7.00375,8.56625,7.12125],"rotation":0,"texture":"#0","tintindex":0},"south":{"uv":[9.62125,2.56625,9.19125,2.68375],"rotation":0,"texture":"#0","tintindex":0},"up":{"uv":[9.31625,3.37125,9.74625,3.25375],"rotation":0,"texture":"#0","tintindex":0},"west":{"uv":[9.55875,5.75375,9.44125,5.87125],"rotation":0,"texture":"#0","tintindex":0}}},{"name":"cube","from":[1.7622396,1.6624945,7.4],"to":[4.7622395,7.062495,9.8],"rotation":{"angle":22.5,"axis":"z","origin":[3.2622397,4.3624954,9.2]},"faces":{"down":{"uv":[6.87875,9.31625,7.18375,9.55875],"rotation":0,"texture":"#0","tintindex":0},"east":{"uv":[9.18375,3.69125,8.94125,4.24625],"rotation":0,"texture":"#0","tintindex":0},"north":{"uv":[5.49625,8.87875,5.19125,9.43375],"rotation":0,"texture":"#0","tintindex":0},"south":{"uv":[5.80875,8.87875,5.50375,9.43375],"rotation":0,"texture":"#0","tintindex":0},"up":{"uv":[9.31625,3.24625,9.62125,3.00375],"rotation":0,"texture":"#0","tintindex":0},"west":{"uv":[9.18375,1.44125,8.94125,1.99625],"rotation":0,"texture":"#0","tintindex":0}}},{"name":"cube","from":[3.5622396,1.6624945,6.8],"to":[3.5622396,7.062495,7.4],"rotation":{"angle":22.5,"axis":"z","origin":[3.2622397,4.3624954,9.2]},"faces":{"down":{"uv":[0.00375,0.00375,0.00375,0.05875],"rotation":0,"texture":"#0","tintindex":0},"east":{"uv":[0.43375,9.19125,0.37875,9.74625],"rotation":0,"texture":"#0","tintindex":0},"north":{"uv":[0.00375,0.00375,0.00375,0.55875],"rotation":0,"texture":"#0","tintindex":0},"south":{"uv":[0.00375,0.00375,0.00375,0.55875],"rotation":0,"texture":"#0","tintindex":0},"up":{"uv":[0.00375,0.05875,0.00375,0.00375],"rotation":0,"texture":"#0","tintindex":0},"west":{"uv":[0.74625,7.50375,0.69125,8.05875],"rotation":0,"texture":"#0","tintindex":0}}},{"name":"cube","from":[3.5622396,1.6624945,9.8],"to":[3.5622396,7.062495,10.4],"rotation":{"angle":22.5,"axis":"z","origin":[3.2622397,4.3624954,9.2]},"faces":{"down":{"uv":[0.00375,0.00375,0.00375,0.05875],"rotation":0,"texture":"#0","tintindex":0},"east":{"uv":[8.87125,9.37875,8.81625,9.93375],"rotation":0,"texture":"#0","tintindex":0},"north":{"uv":[0.00375,0.00375,0.00375,0.55875],"rotation":0,"texture":"#0","tintindex":0},"south":{"uv":[0.00375,0.00375,0.00375,0.55875],"rotation":0,"texture":"#0","tintindex":0},"up":{"uv":[0.00375,0.05875,0.00375,0.00375],"rotation":0,"texture":"#0","tintindex":0},"west":{"uv":[2.93375,9.19125,2.87875,9.74625],"rotation":0,"texture":"#0","tintindex":0}}},{"name":"cube","from":[4.2114563,-1.8094273,7.4],"to":[4.2114563,0.5905733,9.8],"rotation":{"angle":45.0,"axis":"z","origin":[2.711456,3.2905736,9.2]},"faces":{"down":{"uv":[0.00375,0.00375,0.00375,0.24625],"rotation":0,"texture":"#0","tintindex":0},"east":{"uv":[8.68375,9.37875,8.44125,9.62125],"rotation":0,"texture":"#0","tintindex":0},"north":{"uv":[0.00375,0.00375,0.00375,0.24625],"rotation":0,"texture":"#0","tintindex":0},"south":{"uv":[0.00375,0.00375,0.00375,0.24625],"rotation":0,"texture":"#0","tintindex":0},"up":{"uv":[0.00375,0.24625,0.00375,0.00375],"rotation":0,"texture":"#0","tintindex":0},"west":{"uv":[8.68375,9.37875,8.44125,9.62125],"rotation":0,"texture":"#0","tintindex":0}}},{"name":"cube","from":[3.7999997,6.5,8.0],"to":[8.600001,8.9,9.2],"rotation":{"angle":22.5,"axis":"z","origin":[7.4,7.7,8.0]},"faces":{"down":{"uv":[7.56625,1.56625,8.05875,1.68375],"rotation":0,"texture":"#0","tintindex":0},"east":{"uv":[7.37125,4.62875,7.25375,4.87125],"rotation":0,"texture":"#0","tintindex":0},"north":{"uv":[9.43375,2.00375,8.94125,2.24625],"rotation":0,"texture":"#0","tintindex":0},"south":{"uv":[9.43375,4.25375,8.94125,4.49625],"rotation":0,"texture":"#0","tintindex":0},"up":{"uv":[7.06625,1.68375,7.55875,1.56625],"rotation":0,"texture":"#0","tintindex":0},"west":{"uv":[6.37125,6.75375,6.25375,6.99625],"rotation":0,"texture":"#0","tintindex":0}}},{"name":"cube","from":[3.7999997,7.7,9.2],"to":[8.600001,7.7,10.4],"rotation":{"angle":22.5,"axis":"z","origin":[7.4,7.7,8.0]},"faces":{"down":{"uv":[8.37875,7.81625,8.87125,7.93375],"rotation":0,"texture":"#0","tintindex":0},"east":{"uv":[0.12125,0.00375,0.00375,0.00375],"rotation":0,"texture":"#0","tintindex":0},"north":{"uv":[0.49625,0.00375,0.00375,0.00375],"rotation":0,"texture":"#0","tintindex":0},"south":{"uv":[0.49625,0.00375,0.00375,0.00375],"rotation":0,"texture":"#0","tintindex":0},"up":{"uv":[8.12875,1.55875,8.62125,1.44125],"rotation":0,"texture":"#0","tintindex":0},"west":{"uv":[0.12125,0.00375,0.00375,0.00375],"rotation":0,"texture":"#0","tintindex":0}}}],"display":{"head":{"translation":[0.0,-6.4,0.0],"rotation":[0.0,0.0,0.0],"scale":[3.8095,3.8095,3.8095]}}}