{"textures":{"0":"modelengine:entity/voras"},"elements":[{"name":"cube","from":[7.9865713,4.958519,8.0],"to":[10.986572,8.558519,10.4],"rotation":{"angle":0.0,"axis":"x","origin":[-8.813429,4.958519,-1.0000005]},"faces":{"down":{"uv":[9.25375,0.87875,9.55875,1.12125],"rotation":0,"texture":"#0","tintindex":0},"east":{"uv":[9.43375,1.62875,9.19125,1.99625],"rotation":0,"texture":"#0","tintindex":0},"north":{"uv":[4.12125,9.06625,3.81625,9.43375],"rotation":0,"texture":"#0","tintindex":0},"south":{"uv":[9.37125,6.31625,9.06625,6.68375],"rotation":0,"texture":"#0","tintindex":0},"up":{"uv":[7.44125,5.49625,7.74625,5.25375],"rotation":0,"texture":"#0","tintindex":0},"west":{"uv":[6.43375,5.50375,6.19125,5.87125],"rotation":0,"texture":"#0","tintindex":0}}},{"name":"cube","from":[8.586572,-0.4414811,8.0],"to":[10.986572,4.958519,10.4],"rotation":{"angle":0.0,"axis":"x","origin":[-8.813429,4.958519,-1.0000005]},"faces":{"down":{"uv":[8.19125,9.37875,8.43375,9.62125],"rotation":0,"texture":"#0","tintindex":0},"east":{"uv":[1.68375,8.94125,1.44125,9.49625],"rotation":0,"texture":"#0","tintindex":0},"north":{"uv":[0.93375,8.94125,0.69125,9.49625],"rotation":0,"texture":"#0","tintindex":0},"south":{"uv":[1.43375,8.94125,1.19125,9.49625],"rotation":0,"texture":"#0","tintindex":0},"up":{"uv":[7.94125,9.62125,8.18375,9.37875],"rotation":0,"texture":"#0","tintindex":0},"west":{"uv":[1.18375,8.94125,0.94125,9.49625],"rotation":0,"texture":"#0","tintindex":0}}},{"name":"cube","from":[7.3865714,-0.4414811,9.2],"to":[8.586572,6.158519,9.2],"rotation":{"angle":0.0,"axis":"x","origin":[-8.813429,4.958519,-1.0000005]},"faces":{"down":{"uv":[0.00375,0.00375,0.12125,0.00375],"rotation":0,"texture":"#0","tintindex":0},"east":{"uv":[0.00375,0.00375,0.00375,0.68375],"rotation":0,"texture":"#0","tintindex":0},"north":{"uv":[6.49625,9.12875,6.37875,9.80875],"rotation":0,"texture":"#0","tintindex":0},"south":{"uv":[6.49625,9.12875,6.37875,9.80875],"rotation":0,"texture":"#0","tintindex":0},"up":{"uv":[0.00375,0.00375,0.12125,0.00375],"rotation":0,"texture":"#0","tintindex":0},"west":{"uv":[0.00375,0.00375,0.00375,0.68375],"rotation":0,"texture":"#0","tintindex":0}}},{"name":"cube","from":[10.986572,-1.041481,9.2],"to":[12.186572,4.958519,9.2],"rotation":{"angle":-22.5,"axis":"y","origin":[9.7865715,1.958519,9.2]},"faces":{"down":{"uv":[0.00375,0.00375,0.12125,0.00375],"rotation":0,"texture":"#0","tintindex":0},"east":{"uv":[0.00375,0.00375,0.00375,0.62125],"rotation":0,"texture":"#0","tintindex":0},"north":{"uv":[5.18375,9.25375,5.06625,9.87125],"rotation":0,"texture":"#0","tintindex":0},"south":{"uv":[5.18375,9.25375,5.06625,9.87125],"rotation":0,"texture":"#0","tintindex":0},"up":{"uv":[0.00375,0.00375,0.12125,0.00375],"rotation":0,"texture":"#0","tintindex":0},"west":{"uv":[0.00375,0.00375,0.00375,0.62125],"rotation":0,"texture":"#0","tintindex":0}}},{"name":"cube","from":[8.586572,-4.641481,7.4],"to":[11.586572,-0.4414811,11.0],"rotation":{"angle":0.0,"axis":"x","origin":[-8.813429,4.958519,-1.0000005]},"faces":{"down":{"uv":[6.06625,9.12875,6.37125,9.49625],"rotation":0,"texture":"#0","tintindex":0},"east":{"uv":[7.62125,8.87875,7.25375,9.30875],"rotation":0,"texture":"#0","tintindex":0},"north":{"uv":[9.30875,3.00375,9.00375,3.43375],"rotation":0,"texture":"#0","tintindex":0},"south":{"uv":[9.30875,8.25375,9.00375,8.68375],"rotation":0,"texture":"#0","tintindex":0},"up":{"uv":[9.06625,8.18375,9.37125,7.81625],"rotation":0,"texture":"#0","tintindex":0},"west":{"uv":[7.24625,8.87875,6.87875,9.30875],"rotation":0,"texture":"#0","tintindex":0}}}],"display":{"head":{"translation":[0.0,-6.4,0.0],"rotation":[0.0,0.0,0.0],"scale":[3.8095,3.8095,3.8095]}}}
