{"textures":{"0":"modelengine:entity/voras"},"elements":[{"from":[5.1556463,5.1033516,8.0],"to":[8.012789,8.531923,10.285714],"rotation":{"angle":0.0,"axis":"y","origin":[24.01279,5.1033516,-0.57142925]},"faces":{"east":{"uv":[6.19125,5.50375,6.43375,5.87125],"rotation":0,"texture":"#0","tintindex":0},"south":{"uv":[9.06625,6.31625,9.37125,6.68375],"rotation":0,"texture":"#0","tintindex":0},"north":{"uv":[3.81625,9.06625,4.12125,9.43375],"rotation":0,"texture":"#0","tintindex":0},"west":{"uv":[9.19125,1.62875,9.43375,1.99625],"rotation":0,"texture":"#0","tintindex":0},"up":{"uv":[7.74625,5.49625,7.44125,5.25375],"rotation":0,"texture":"#0","tintindex":0},"down":{"uv":[9.55875,0.87875,9.25375,1.12125],"rotation":0,"texture":"#0","tintindex":0}}},{"from":[5.1556463,-0.03950596,8.0],"to":[7.4413605,5.1033516,10.285714],"rotation":{"angle":0.0,"axis":"y","origin":[24.01279,5.1033516,-0.57142925]},"faces":{"east":{"uv":[0.94125,8.94125,1.18375,9.49625],"rotation":0,"texture":"#0","tintindex":0},"south":{"uv":[1.19125,8.94125,1.43375,9.49625],"rotation":0,"texture":"#0","tintindex":0},"north":{"uv":[0.69125,8.94125,0.93375,9.49625],"rotation":0,"texture":"#0","tintindex":0},"west":{"uv":[1.44125,8.94125,1.68375,9.49625],"rotation":0,"texture":"#0","tintindex":0},"up":{"uv":[8.18375,9.62125,7.94125,9.37875],"rotation":0,"texture":"#0","tintindex":0},"down":{"uv":[8.43375,9.37875,8.19125,9.62125],"rotation":0,"texture":"#0","tintindex":0}}},{"from":[7.4413605,-0.03950596,9.142858],"to":[8.584218,6.2462087,9.142858],"rotation":{"angle":0.0,"axis":"y","origin":[24.01279,5.1033516,-0.57142925]},"faces":{"east":{"uv":[0.00375,0.00375,0.00375,0.68375],"rotation":0,"texture":"#0","tintindex":0},"south":{"uv":[6.37875,9.12875,6.49625,9.80875],"rotation":0,"texture":"#0","tintindex":0},"north":{"uv":[6.37875,9.12875,6.49625,9.80875],"rotation":0,"texture":"#0","tintindex":0},"west":{"uv":[0.00375,0.00375,0.00375,0.68375],"rotation":0,"texture":"#0","tintindex":0},"up":{"uv":[0.12125,0.00375,0.00375,0.00375],"rotation":0,"texture":"#0","tintindex":0},"down":{"uv":[0.12125,0.00375,0.00375,0.00375],"rotation":0,"texture":"#0","tintindex":0}}},{"from":[4.012789,-0.61093426,9.142858],"to":[5.1556463,5.1033516,9.142858],"rotation":{"angle":22.5,"axis":"y","origin":[6.2985034,2.2462087,9.142858]},"faces":{"east":{"uv":[0.00375,0.00375,0.00375,0.62125],"rotation":0,"texture":"#0","tintindex":0},"south":{"uv":[5.06625,9.25375,5.18375,9.87125],"rotation":0,"texture":"#0","tintindex":0},"north":{"uv":[5.06625,9.25375,5.18375,9.87125],"rotation":0,"texture":"#0","tintindex":0},"west":{"uv":[0.00375,0.00375,0.00375,0.62125],"rotation":0,"texture":"#0","tintindex":0},"up":{"uv":[0.12125,0.00375,0.00375,0.00375],"rotation":0,"texture":"#0","tintindex":0},"down":{"uv":[0.12125,0.00375,0.00375,0.00375],"rotation":0,"texture":"#0","tintindex":0}}},{"from":[4.5842175,-4.039507,7.428571],"to":[7.4413605,-0.03950596,10.857143],"rotation":{"angle":0.0,"axis":"y","origin":[24.01279,5.1033516,-0.57142925]},"faces":{"east":{"uv":[6.87875,8.87875,7.24625,9.30875],"rotation":0,"texture":"#0","tintindex":0},"south":{"uv":[9.00375,8.25375,9.30875,8.68375],"rotation":0,"texture":"#0","tintindex":0},"north":{"uv":[9.00375,3.00375,9.30875,3.43375],"rotation":0,"texture":"#0","tintindex":0},"west":{"uv":[7.25375,8.87875,7.62125,9.30875],"rotation":0,"texture":"#0","tintindex":0},"up":{"uv":[9.37125,8.18375,9.06625,7.81625],"rotation":0,"texture":"#0","tintindex":0},"down":{"uv":[6.37125,9.12875,6.06625,9.49625],"rotation":0,"texture":"#0","tintindex":0}}}],"display":{"head":{"translation":[0.0,-6.4,0.0],"scale":[4.0,4.0,4.0]}}}