{"textures":{"0":"modelengine:entity/voras"},"elements":[{"from":[8.0,5.142857,8.571428],"to":[8.0,9.714286,14.285715],"rotation":{"angle":0.0,"axis":"y","origin":[8.0,13.714286,16.0]},"faces":{"east":{"uv":[8.06625,2.06625,8.68375,2.55875],"rotation":0,"texture":"#0","tintindex":0},"south":{"uv":[0.00375,0.00375,0.00375,0.49625],"rotation":0,"texture":"#0","tintindex":0},"north":{"uv":[0.00375,0.00375,0.00375,0.49625],"rotation":0,"texture":"#0","tintindex":0},"west":{"uv":[8.68375,2.06625,8.06625,2.55875],"rotation":0,"texture":"#0","tintindex":0},"up":{"uv":[0.00375,0.62125,0.00375,0.00375],"rotation":0,"texture":"#0","tintindex":0},"down":{"uv":[0.00375,0.00375,0.00375,0.62125],"rotation":0,"texture":"#0","tintindex":0}}},{"from":[7.428571,5.142857,7.428571],"to":[8.571428,8.571428,8.571428],"rotation":{"angle":0.0,"axis":"y","origin":[8.0,13.714286,16.0]},"faces":{"east":{"uv":[9.55875,1.62875,9.44125,1.99625],"rotation":0,"texture":"#0","tintindex":0},"south":{"uv":[9.49625,9.12875,9.37875,9.49625],"rotation":0,"texture":"#0","tintindex":0},"north":{"uv":[4.68375,9.37875,4.56625,9.74625],"rotation":0,"texture":"#0","tintindex":0},"west":{"uv":[8.80875,9.37875,8.69125,9.74625],"rotation":0,"texture":"#0","tintindex":0},"up":{"uv":[9.44125,5.62125,9.55875,5.50375],"rotation":0,"texture":"#0","tintindex":0},"down":{"uv":[5.56625,9.44125,5.68375,9.55875],"rotation":0,"texture":"#0","tintindex":0}}},{"from":[7.428571,5.142857,8.571428],"to":[8.571428,6.285714,12.0],"rotation":{"angle":0.0,"axis":"y","origin":[8.0,13.714286,16.0]},"faces":{"east":{"uv":[9.74625,8.06625,9.37875,8.18375],"rotation":0,"texture":"#0","tintindex":0},"south":{"uv":[5.80875,9.44125,5.69125,9.55875],"rotation":0,"texture":"#0","tintindex":0},"north":{"uv":[9.55875,5.62875,9.44125,5.74625],"rotation":0,"texture":"#0","tintindex":0},"west":{"uv":[9.37125,7.00375,9.00375,7.12125],"rotation":0,"texture":"#0","tintindex":0},"up":{"uv":[9.44125,2.37125,9.55875,2.00375],"rotation":0,"texture":"#0","tintindex":0},"down":{"uv":[9.44125,3.62875,9.55875,3.99625],"rotation":0,"texture":"#0","tintindex":0}}}],"display":{"head":{"translation":[0.0,-6.4,0.0],"scale":[4.0,4.0,4.0]}}}