{"textures":{"0":"modelengine:entity/voras"},"elements":[{"name":"cube","from":[6.2,6.2,1.9999998],"to":[9.8,9.8,8.0],"rotation":{"angle":0.0,"axis":"x","origin":[8.0,8.0,5.0]},"faces":{"down":{"uv":[2.06625,8.56625,2.43375,9.18375],"rotation":0,"texture":"#0","tintindex":0},"east":{"uv":[1.68375,8.56625,1.06625,8.93375],"rotation":0,"texture":"#0","tintindex":0},"north":{"uv":[9.24625,4.87875,8.87875,5.24625],"rotation":0,"texture":"#0","tintindex":0},"south":{"uv":[9.24625,8.87875,8.87875,9.24625],"rotation":0,"texture":"#0","tintindex":0},"up":{"uv":[1.69125,9.18375,2.05875,8.56625],"rotation":0,"texture":"#0","tintindex":0},"west":{"uv":[1.05875,8.56625,0.44125,8.93375],"rotation":0,"texture":"#0","tintindex":0}}},{"name":"cube","from":[5.6,9.8250675,0.33953118],"to":[10.4,9.8250675,4.539531],"rotation":{"angle":22.5,"axis":"x","origin":[8.0,9.285068,4.539531]},"faces":{"down":{"uv":[8.69125,2.31625,9.18375,2.74625],"rotation":0,"texture":"#0","tintindex":0},"east":{"uv":[0.43375,0.00375,0.00375,0.00375],"rotation":0,"texture":"#0","tintindex":0},"north":{"uv":[0.49625,0.00375,0.00375,0.00375],"rotation":0,"texture":"#0","tintindex":0},"south":{"uv":[0.49625,0.00375,0.00375,0.00375],"rotation":0,"texture":"#0","tintindex":0},"up":{"uv":[9.18375,2.74625,8.69125,2.31625],"rotation":0,"texture":"#0","tintindex":0},"west":{"uv":[0.43375,0.00375,0.00375,0.00375],"rotation":0,"texture":"#0","tintindex":0}}},{"name":"cube","from":[6.8,6.8,-2.8000002],"to":[9.2,9.2,1.9999998],"rotation":{"angle":0.0,"axis":"x","origin":[8.0,8.0,5.0]},"faces":{"down":{"uv":[3.56625,9.06625,3.80875,9.55875],"rotation":0,"texture":"#0","tintindex":0},"east":{"uv":[9.30875,5.87875,8.81625,6.12125],"rotation":0,"texture":"#0","tintindex":0},"north":{"uv":[9.62125,6.31625,9.37875,6.55875],"rotation":0,"texture":"#0","tintindex":0},"south":{"uv":[9.62125,6.56625,9.37875,6.80875],"rotation":0,"texture":"#0","tintindex":0},"up":{"uv":[3.31625,9.55875,3.55875,9.06625],"rotation":0,"texture":"#0","tintindex":0},"west":{"uv":[7.24625,4.62875,6.75375,4.87125],"rotation":0,"texture":"#0","tintindex":0}}},{"name":"cube","from":[8.0,9.2,-2.8000002],"to":[8.0,11.0,1.9999998],"rotation":{"angle":-22.5,"axis":"z","origin":[7.4,8.0,-0.40000033]},"faces":{"down":{"uv":[0.00375,0.00375,0.00375,0.49625],"rotation":0,"texture":"#0","tintindex":0},"east":{"uv":[9.00375,3.44125,9.49625,3.62125],"rotation":0,"texture":"#0","tintindex":0},"north":{"uv":[0.00375,0.00375,0.00375,0.18375],"rotation":0,"texture":"#0","tintindex":0},"south":{"uv":[0.00375,0.00375,0.00375,0.18375],"rotation":0,"texture":"#0","tintindex":0},"up":{"uv":[0.00375,0.49625,0.00375,0.00375],"rotation":0,"texture":"#0","tintindex":0},"west":{"uv":[9.49625,3.44125,9.00375,3.62125],"rotation":0,"texture":"#0","tintindex":0}}},{"name":"cube","from":[6.8,9.658666,-5.108886],"to":[9.2,9.658666,-2.7088861],"rotation":{"angle":22.5,"axis":"x","origin":[8.0,9.658666,-3.908886]},"faces":{"down":{"uv":[7.44125,9.37875,7.68375,9.62125],"rotation":0,"texture":"#0","tintindex":0},"east":{"uv":[0.24625,0.00375,0.00375,0.00375],"rotation":0,"texture":"#0","tintindex":0},"north":{"uv":[0.24625,0.00375,0.00375,0.00375],"rotation":0,"texture":"#0","tintindex":0},"south":{"uv":[0.24625,0.00375,0.00375,0.00375],"rotation":0,"texture":"#0","tintindex":0},"up":{"uv":[7.44125,9.62125,7.68375,9.37875],"rotation":0,"texture":"#0","tintindex":0},"west":{"uv":[0.24625,0.00375,0.00375,0.00375],"rotation":0,"texture":"#0","tintindex":0}}}],"display":{"head":{"translation":[0.0,-6.4,0.0],"rotation":[0.0,0.0,0.0],"scale":[3.8095,3.8095,3.8095]}}}
