{"textures":{"0":"modelengine:entity/voras"},"elements":[{"from":[6.285714,6.285714,2.2857141],"to":[9.714286,9.714286,8.0],"rotation":{"angle":0.0,"axis":"y","origin":[8.0,8.0,5.142857]},"faces":{"east":{"uv":[0.44125,8.56625,1.05875,8.93375],"rotation":0,"texture":"#0","tintindex":0},"south":{"uv":[8.87875,8.87875,9.24625,9.24625],"rotation":0,"texture":"#0","tintindex":0},"north":{"uv":[8.87875,4.87875,9.24625,5.24625],"rotation":0,"texture":"#0","tintindex":0},"west":{"uv":[1.06625,8.56625,1.68375,8.93375],"rotation":0,"texture":"#0","tintindex":0},"up":{"uv":[2.05875,9.18375,1.69125,8.56625],"rotation":0,"texture":"#0","tintindex":0},"down":{"uv":[2.43375,8.56625,2.06625,9.18375],"rotation":0,"texture":"#0","tintindex":0}}},{"from":[5.714286,9.738159,0.7043147],"to":[10.285714,9.738159,4.704315],"rotation":{"angle":22.5,"axis":"x","origin":[8.0,9.223873,4.704315]},"faces":{"east":{"uv":[0.00375,0.00375,0.43375,0.00375],"rotation":0,"texture":"#0","tintindex":0},"south":{"uv":[0.00375,0.00375,0.49625,0.00375],"rotation":0,"texture":"#0","tintindex":0},"north":{"uv":[0.00375,0.00375,0.49625,0.00375],"rotation":0,"texture":"#0","tintindex":0},"west":{"uv":[0.00375,0.00375,0.43375,0.00375],"rotation":0,"texture":"#0","tintindex":0},"up":{"uv":[8.69125,2.74625,9.18375,2.31625],"rotation":0,"texture":"#0","tintindex":0},"down":{"uv":[9.18375,2.31625,8.69125,2.74625],"rotation":0,"texture":"#0","tintindex":0}}},{"from":[6.857143,6.857143,-2.285715],"to":[9.142858,9.142858,2.2857141],"rotation":{"angle":0.0,"axis":"y","origin":[8.0,8.0,5.142857]},"faces":{"east":{"uv":[6.75375,4.62875,7.24625,4.87125],"rotation":0,"texture":"#0","tintindex":0},"south":{"uv":[9.37875,6.56625,9.62125,6.80875],"rotation":0,"texture":"#0","tintindex":0},"north":{"uv":[9.37875,6.31625,9.62125,6.55875],"rotation":0,"texture":"#0","tintindex":0},"west":{"uv":[8.81625,5.87875,9.30875,6.12125],"rotation":0,"texture":"#0","tintindex":0},"up":{"uv":[3.55875,9.55875,3.31625,9.06625],"rotation":0,"texture":"#0","tintindex":0},"down":{"uv":[3.80875,9.06625,3.56625,9.55875],"rotation":0,"texture":"#0","tintindex":0}}},{"from":[8.0,9.142858,-2.285715],"to":[8.0,10.857143,2.2857141],"rotation":{"angle":22.5,"axis":"z","origin":[8.571428,8.0,0.0]},"faces":{"east":{"uv":[9.00375,3.44125,9.49625,3.62125],"rotation":0,"texture":"#0","tintindex":0},"south":{"uv":[0.00375,0.00375,0.00375,0.18375],"rotation":0,"texture":"#0","tintindex":0},"north":{"uv":[0.00375,0.00375,0.00375,0.18375],"rotation":0,"texture":"#0","tintindex":0},"west":{"uv":[9.49625,3.44125,9.00375,3.62125],"rotation":0,"texture":"#0","tintindex":0},"up":{"uv":[0.00375,0.49625,0.00375,0.00375],"rotation":0,"texture":"#0","tintindex":0},"down":{"uv":[0.00375,0.00375,0.00375,0.49625],"rotation":0,"texture":"#0","tintindex":0}}},{"from":[6.857143,9.579681,-4.4846535],"to":[9.142858,9.579681,-2.1989393],"rotation":{"angle":22.5,"axis":"x","origin":[8.0,9.579681,-3.341796]},"faces":{"east":{"uv":[0.00375,0.00375,0.24625,0.00375],"rotation":0,"texture":"#0","tintindex":0},"south":{"uv":[0.00375,0.00375,0.24625,0.00375],"rotation":0,"texture":"#0","tintindex":0},"north":{"uv":[0.00375,0.00375,0.24625,0.00375],"rotation":0,"texture":"#0","tintindex":0},"west":{"uv":[0.00375,0.00375,0.24625,0.00375],"rotation":0,"texture":"#0","tintindex":0},"up":{"uv":[7.68375,9.62125,7.44125,9.37875],"rotation":0,"texture":"#0","tintindex":0},"down":{"uv":[7.68375,9.37875,7.44125,9.62125],"rotation":0,"texture":"#0","tintindex":0}}}],"display":{"head":{"translation":[0.0,-6.4,0.0],"scale":[4.0,4.0,4.0]}}}