{"textures":{"0":"modelengine:entity/voras"},"elements":[{"from":[7.428571,8.0,6.857143],"to":[8.571428,9.714286,8.0],"rotation":{"angle":0.0,"axis":"y","origin":[8.0,9.142858,15.428572]},"faces":{"east":{"uv":[8.44125,6.31625,8.55875,6.49625],"rotation":0,"texture":"#0","tintindex":0},"south":{"uv":[2.44125,8.56625,2.55875,8.74625],"rotation":0,"texture":"#0","tintindex":0},"north":{"uv":[2.56625,8.06625,2.68375,8.24625],"rotation":0,"texture":"#0","tintindex":0},"west":{"uv":[5.19125,9.44125,5.30875,9.62125],"rotation":0,"texture":"#0","tintindex":0},"up":{"uv":[8.55875,6.62125,8.44125,6.50375],"rotation":0,"texture":"#0","tintindex":0},"down":{"uv":[9.55875,4.37875,9.44125,4.49625],"rotation":0,"texture":"#0","tintindex":0}}},{"from":[6.857143,2.8571424,6.285714],"to":[9.142858,8.0,8.0],"rotation":{"angle":0.0,"axis":"y","origin":[8.0,9.142858,15.428572]},"faces":{"east":{"uv":[0.00375,9.19125,0.18375,9.74625],"rotation":0,"texture":"#0","tintindex":0},"south":{"uv":[0.44125,8.94125,0.68375,9.49625],"rotation":0,"texture":"#0","tintindex":0},"north":{"uv":[5.56625,7.75375,5.80875,8.30875],"rotation":0,"texture":"#0","tintindex":0},"west":{"uv":[0.19125,9.19125,0.37125,9.74625],"rotation":0,"texture":"#0","tintindex":0},"up":{"uv":[7.12125,8.24625,6.87875,8.06625],"rotation":0,"texture":"#0","tintindex":0},"down":{"uv":[0.68375,8.12875,0.44125,8.30875],"rotation":0,"texture":"#0","tintindex":0}}},{"from":[8.0,2.8571424,5.142857],"to":[8.0,8.0,6.285714],"rotation":{"angle":22.5,"axis":"y","origin":[8.0,5.142857,7.428571]},"faces":{"east":{"uv":[7.19125,9.31625,7.30875,9.87125],"rotation":0,"texture":"#0","tintindex":0},"south":{"uv":[0.00375,0.00375,0.00375,0.55875],"rotation":0,"texture":"#0","tintindex":0},"north":{"uv":[0.00375,0.00375,0.00375,0.55875],"rotation":0,"texture":"#0","tintindex":0},"west":{"uv":[7.19125,9.31625,7.30875,9.87125],"rotation":0,"texture":"#0","tintindex":0},"up":{"uv":[0.00375,0.12125,0.00375,0.00375],"rotation":0,"texture":"#0","tintindex":0},"down":{"uv":[0.00375,0.00375,0.00375,0.12125],"rotation":0,"texture":"#0","tintindex":0}}}],"display":{"head":{"translation":[0.0,-6.4,0.0],"scale":[4.0,4.0,4.0]}}}