{"textures":{"0":"modelengine:entity/voras"},"elements":[{"name":"cube","from":[2.8999999,8.257214,0.12449336],"to":[13.1,12.457214,7.924494],"rotation":{"angle":0.0,"axis":"x","origin":[8.0,10.657214,7.024493]},"faces":{"down":{"uv":[6.43375,5.94125,5.37875,6.74625],"rotation":0,"texture":"#0","tintindex":0},"east":{"uv":[7.75375,5.25375,8.55875,5.68375],"rotation":0,"texture":"#0","tintindex":0},"north":{"uv":[7.06625,1.12875,8.12125,1.55875],"rotation":0,"texture":"#0","tintindex":0},"south":{"uv":[1.44125,7.31625,2.49625,7.74625],"rotation":0,"texture":"#0","tintindex":0},"up":{"uv":[5.37125,6.74625,4.31625,5.94125],"rotation":0,"texture":"#0","tintindex":0},"west":{"uv":[7.75375,5.69125,8.55875,6.12125],"rotation":0,"texture":"#0","tintindex":0}}},{"name":"cube","from":[2.8999999,15.234192,0.28832173],"to":[13.1,15.234192,7.4883223],"rotation":{"angle":-22.5,"axis":"x","origin":[8.0,13.434192,7.188322]},"faces":{"down":{"uv":[6.00375,0.00375,7.05875,0.74625],"rotation":0,"texture":"#0","tintindex":0},"east":{"uv":[0.00375,0.00375,0.74625,0.00375],"rotation":0,"texture":"#0","tintindex":0},"north":{"uv":[0.00375,0.00375,1.05875,0.00375],"rotation":0,"texture":"#0","tintindex":0},"south":{"uv":[0.00375,0.00375,1.05875,0.00375],"rotation":0,"texture":"#0","tintindex":0},"up":{"uv":[7.05875,0.74625,6.00375,0.00375],"rotation":0,"texture":"#0","tintindex":0},"west":{"uv":[0.00375,0.00375,0.74625,0.00375],"rotation":0,"texture":"#0","tintindex":0}}},{"name":"cube","from":[0.5915737,11.997439,0.12449336],"to":[2.9915738,11.997439,7.924494],"rotation":{"angle":22.5,"axis":"z","origin":[1.7915736,11.997439,4.024493]},"faces":{"down":{"uv":[8.69125,3.69125,8.93375,4.49625],"rotation":0,"texture":"#0","tintindex":0},"east":{"uv":[0.00375,0.00375,0.80875,0.00375],"rotation":0,"texture":"#0","tintindex":0},"north":{"uv":[0.00375,0.00375,0.24625,0.00375],"rotation":0,"texture":"#0","tintindex":0},"south":{"uv":[0.00375,0.00375,0.24625,0.00375],"rotation":0,"texture":"#0","tintindex":0},"up":{"uv":[8.93375,4.49625,8.69125,3.69125],"rotation":0,"texture":"#0","tintindex":0},"west":{"uv":[0.00375,0.00375,0.80875,0.00375],"rotation":0,"texture":"#0","tintindex":0}}},{"name":"cube","from":[13.054098,11.767829,0.12449336],"to":[15.454098,11.767829,7.924494],"rotation":{"angle":-22.5,"axis":"z","origin":[14.808427,11.997439,4.024493]},"faces":{"down":{"uv":[8.93375,3.69125,8.69125,4.49625],"rotation":0,"texture":"#0","tintindex":0},"east":{"uv":[0.80875,0.00375,0.00375,0.00375],"rotation":0,"texture":"#0","tintindex":0},"north":{"uv":[0.24625,0.00375,0.00375,0.00375],"rotation":0,"texture":"#0","tintindex":0},"south":{"uv":[0.24625,0.00375,0.00375,0.00375],"rotation":0,"texture":"#0","tintindex":0},"up":{"uv":[8.69125,4.49625,8.93375,3.69125],"rotation":0,"texture":"#0","tintindex":0},"west":{"uv":[0.80875,0.00375,0.00375,0.00375],"rotation":0,"texture":"#0","tintindex":0}}},{"name":"cube","from":[3.4999998,2.209658,0.31664538],"to":[12.5,7.6096582,12.916646],"rotation":{"angle":22.5,"axis":"x","origin":[2.6,6.409658,11.116646]},"faces":{"down":{"uv":[1.87125,5.37875,0.94125,6.68375],"rotation":0,"texture":"#0","tintindex":0},"east":{"uv":[6.44125,5.50375,7.74625,6.05875],"rotation":0,"texture":"#0","tintindex":0},"north":{"uv":[7.06625,0.00375,7.99625,0.55875],"rotation":0,"texture":"#0","tintindex":0},"south":{"uv":[7.06625,0.56625,7.99625,1.12125],"rotation":0,"texture":"#0","tintindex":0},"up":{"uv":[0.93375,6.68375,0.00375,5.37875],"rotation":0,"texture":"#0","tintindex":0},"west":{"uv":[6.44125,6.06625,7.74625,6.62125],"rotation":0,"texture":"#0","tintindex":0}}},{"name":"cube","from":[4.1,7.6096582,5.1166453],"to":[11.3,10.009659,12.916646],"rotation":{"angle":22.5,"axis":"x","origin":[2.6,6.409658,11.116646]},"faces":{"down":{"uv":[0.74625,6.69125,0.00375,7.49625],"rotation":0,"texture":"#0","tintindex":0},"east":{"uv":[8.56625,6.75375,9.37125,6.99625],"rotation":0,"texture":"#0","tintindex":0},"north":{"uv":[8.69125,2.75375,9.43375,2.99625],"rotation":0,"texture":"#0","tintindex":0},"south":{"uv":[8.81625,5.25375,9.55875,5.49625],"rotation":0,"texture":"#0","tintindex":0},"up":{"uv":[7.18375,7.43375,6.44125,6.62875],"rotation":0,"texture":"#0","tintindex":0},"west":{"uv":[8.62875,7.31625,9.43375,7.55875],"rotation":0,"texture":"#0","tintindex":0}}}],"display":{"head":{"translation":[0.0,-6.4,0.0],"rotation":[0.0,0.0,0.0],"scale":[3.8095,3.8095,3.8095]}}}