{"textures":{"0":"modelengine:entity/voras"},"elements":[{"from":[3.142857,8.244966,0.49951744],"to":[12.857143,12.244966,7.928089],"rotation":{"angle":0.0,"axis":"y","origin":[8.0,10.53068,7.070946]},"faces":{"east":{"uv":[7.75375,5.25375,8.55875,5.68375],"rotation":0,"texture":"#0","tintindex":0},"south":{"uv":[1.44125,7.31625,2.49625,7.74625],"rotation":0,"texture":"#0","tintindex":0},"north":{"uv":[7.06625,1.12875,8.12125,1.55875],"rotation":0,"texture":"#0","tintindex":0},"west":{"uv":[7.75375,5.69125,8.55875,6.12125],"rotation":0,"texture":"#0","tintindex":0},"up":{"uv":[5.37125,6.74625,4.31625,5.94125],"rotation":0,"texture":"#0","tintindex":0},"down":{"uv":[6.43375,5.94125,5.37875,6.74625],"rotation":0,"texture":"#0","tintindex":0}}},{"from":[3.142857,14.889707,0.6555443],"to":[12.857143,14.889707,7.5126877],"rotation":{"angle":-22.5,"axis":"x","origin":[8.0,13.175421,7.2269735]},"faces":{"east":{"uv":[0.00375,0.00375,0.74625,0.00375],"rotation":0,"texture":"#0","tintindex":0},"south":{"uv":[0.00375,0.00375,1.05875,0.00375],"rotation":0,"texture":"#0","tintindex":0},"north":{"uv":[0.00375,0.00375,1.05875,0.00375],"rotation":0,"texture":"#0","tintindex":0},"west":{"uv":[0.00375,0.00375,0.74625,0.00375],"rotation":0,"texture":"#0","tintindex":0},"up":{"uv":[7.05875,0.74625,6.00375,0.00375],"rotation":0,"texture":"#0","tintindex":0},"down":{"uv":[6.00375,0.00375,7.05875,0.74625],"rotation":0,"texture":"#0","tintindex":0}}},{"from":[0.94435596,11.807085,0.49951744],"to":[3.23007,11.807085,7.928089],"rotation":{"angle":22.5,"axis":"z","origin":[2.087213,11.807085,4.2138033]},"faces":{"east":{"uv":[0.00375,0.00375,0.80875,0.00375],"rotation":0,"texture":"#0","tintindex":0},"south":{"uv":[0.00375,0.00375,0.24625,0.00375],"rotation":0,"texture":"#0","tintindex":0},"north":{"uv":[0.00375,0.00375,0.24625,0.00375],"rotation":0,"texture":"#0","tintindex":0},"west":{"uv":[0.00375,0.00375,0.80875,0.00375],"rotation":0,"texture":"#0","tintindex":0},"up":{"uv":[8.93375,4.49625,8.69125,3.69125],"rotation":0,"texture":"#0","tintindex":0},"down":{"uv":[8.69125,3.69125,8.93375,4.49625],"rotation":0,"texture":"#0","tintindex":0}}},{"from":[12.813427,11.588408,0.49951744],"to":[15.099142,11.588408,7.928089],"rotation":{"angle":-22.5,"axis":"z","origin":[14.484216,11.807085,4.2138033]},"faces":{"east":{"uv":[0.80875,0.00375,0.00375,0.00375],"rotation":0,"texture":"#0","tintindex":0},"south":{"uv":[0.24625,0.00375,0.00375,0.00375],"rotation":0,"texture":"#0","tintindex":0},"north":{"uv":[0.24625,0.00375,0.00375,0.00375],"rotation":0,"texture":"#0","tintindex":0},"west":{"uv":[0.80875,0.00375,0.00375,0.00375],"rotation":0,"texture":"#0","tintindex":0},"up":{"uv":[8.69125,4.49625,8.93375,3.69125],"rotation":0,"texture":"#0","tintindex":0},"down":{"uv":[8.93375,3.69125,8.69125,4.49625],"rotation":0,"texture":"#0","tintindex":0}}},{"from":[3.7142854,2.4853883,0.68251944],"to":[12.285715,7.628246,12.68252],"rotation":{"angle":22.5,"axis":"x","origin":[2.8571424,6.4853888,10.968234]},"faces":{"east":{"uv":[6.44125,5.50375,7.74625,6.05875],"rotation":0,"texture":"#0","tintindex":0},"south":{"uv":[7.06625,0.56625,7.99625,1.12125],"rotation":0,"texture":"#0","tintindex":0},"north":{"uv":[7.06625,0.00375,7.99625,0.55875],"rotation":0,"texture":"#0","tintindex":0},"west":{"uv":[6.44125,6.06625,7.74625,6.62125],"rotation":0,"texture":"#0","tintindex":0},"up":{"uv":[0.93375,6.68375,0.00375,5.37875],"rotation":0,"texture":"#0","tintindex":0},"down":{"uv":[1.87125,5.37875,0.94125,6.68375],"rotation":0,"texture":"#0","tintindex":0}}},{"from":[4.285714,7.628246,5.253948],"to":[11.142858,9.91396,12.68252],"rotation":{"angle":22.5,"axis":"x","origin":[2.8571424,6.4853888,10.968234]},"faces":{"east":{"uv":[8.56625,6.75375,9.37125,6.99625],"rotation":0,"texture":"#0","tintindex":0},"south":{"uv":[8.81625,5.25375,9.55875,5.49625],"rotation":0,"texture":"#0","tintindex":0},"north":{"uv":[8.69125,2.75375,9.43375,2.99625],"rotation":0,"texture":"#0","tintindex":0},"west":{"uv":[8.62875,7.31625,9.43375,7.55875],"rotation":0,"texture":"#0","tintindex":0},"up":{"uv":[7.18375,7.43375,6.44125,6.62875],"rotation":0,"texture":"#0","tintindex":0},"down":{"uv":[0.74625,6.69125,0.00375,7.49625],"rotation":0,"texture":"#0","tintindex":0}}}],"display":{"head":{"translation":[0.0,-6.4,0.0],"scale":[4.0,4.0,4.0]}}}