{"textures":{"1":"modelengine:entity/stpatrickcrate"},"elements":[{"from":[8.711948,7.5141945,9.426653],"to":[9.151948,7.8284802,10.118082],"rotation":{"angle":0.0,"axis":"y","origin":[9.183376,9.541337,10.06907]},"faces":{"east":{"uv":[5.0,8.75,5.6875,9.0625],"rotation":0,"texture":"#1","tintindex":0},"south":{"uv":[4.125,9.0,4.5625,9.3125],"rotation":0,"texture":"#1","tintindex":0},"north":{"uv":[1.25,9.125,1.6875,9.4375],"rotation":0,"texture":"#1","tintindex":0},"west":{"uv":[5.25,4.75,5.9375,5.0625],"rotation":0,"texture":"#1","tintindex":0},"up":{"uv":[8.375,5.375,8.8125,6.0625],"rotation":0,"texture":"#1","tintindex":0},"down":{"uv":[8.375,6.8125,8.8125,6.125],"rotation":0,"texture":"#1","tintindex":0}}}],"display":{"head":{"translation":[0.0,-6.4,0.0],"scale":[4.0,4.0,4.0]}}}