{"textures":{"1":"modelengine:entity/stpatrickcrate"},"elements":[{"from":[7.4161353,-0.08234787,11.640058],"to":[7.4789925,-0.019491196,12.142915],"rotation":{"angle":0.0,"axis":"y","origin":[7.326234,-1.1729488,8.611927]},"faces":{"east":{"uv":[5.75,9.375,5.25,9.4375],"rotation":0,"texture":"#1","tintindex":0},"south":{"uv":[3.1875,8.125,3.125,8.1875],"rotation":0,"texture":"#1","tintindex":0},"north":{"uv":[3.0625,8.375,3.0,8.4375],"rotation":0,"texture":"#1","tintindex":0},"west":{"uv":[6.25,9.375,5.75,9.4375],"rotation":0,"texture":"#1","tintindex":0},"up":{"uv":[3.1875,7.625,3.125,8.125],"rotation":0,"texture":"#1","tintindex":0},"down":{"uv":[1.9375,8.625,1.875,8.125],"rotation":0,"texture":"#1","tintindex":0}}},{"from":[7.353278,-0.08234787,12.142915],"to":[7.5418496,0.10622311,12.331486],"rotation":{"angle":0.0,"axis":"y","origin":[7.326234,-1.1729488,8.611927]},"faces":{"east":{"uv":[2.9375,9.375,2.75,9.5625],"rotation":0,"texture":"#1","tintindex":0},"south":{"uv":[2.6875,9.375,2.5,9.5625],"rotation":0,"texture":"#1","tintindex":0},"north":{"uv":[9.5625,3.25,9.375,3.4375],"rotation":0,"texture":"#1","tintindex":0},"west":{"uv":[9.5625,3.5,9.375,3.6875],"rotation":0,"texture":"#1","tintindex":0},"up":{"uv":[9.5625,3.75,9.375,3.9375],"rotation":0,"texture":"#1","tintindex":0},"down":{"uv":[4.3125,9.5625,4.125,9.375],"rotation":0,"texture":"#1","tintindex":0}}}],"display":{"head":{"translation":[0.0,-6.4,0.0],"scale":[4.0,4.0,4.0]}}}