{"textures":{"0":"modelengine:entity/elf"},"elements":[{"from":[7.285714,5.714286,6.632303],"to":[9.0,8.571428,7.7751603],"rotation":{"angle":0.0,"axis":"y","origin":[5.5714283,3.4285712,7.7751603]},"faces":{"east":{"uv":[5.008,11.508,5.492,12.742],"rotation":0,"texture":"#0","tintindex":0},"south":{"uv":[8.508,11.508,9.242,12.742],"rotation":0,"texture":"#0","tintindex":0},"north":{"uv":[11.508,6.508,12.242,7.742],"rotation":0,"texture":"#0","tintindex":0},"west":{"uv":[10.758,11.508,11.242,12.742],"rotation":0,"texture":"#0","tintindex":0},"up":{"uv":[13.242,5.242,12.508,4.758],"rotation":0,"texture":"#0","tintindex":0},"down":{"uv":[13.242,5.258,12.508,5.742],"rotation":0,"texture":"#0","tintindex":0}}},{"from":[7.2285714,6.0,6.589446],"to":[9.057143,6.5714283,7.8180175],"rotation":{"angle":0.0,"axis":"y","origin":[5.5714283,3.4285712,7.4894457]},"faces":{"east":{"uv":[13.258,3.258,13.742,3.492],"rotation":0,"texture":"#0","tintindex":0},"south":{"uv":[13.008,6.258,13.742,6.492],"rotation":0,"texture":"#0","tintindex":0},"north":{"uv":[13.008,4.508,13.742,4.742],"rotation":0,"texture":"#0","tintindex":0},"west":{"uv":[13.258,3.508,13.742,3.742],"rotation":0,"texture":"#0","tintindex":0},"up":{"uv":[10.742,12.992,10.008,12.508],"rotation":0,"texture":"#0","tintindex":0},"down":{"uv":[13.492,0.758,12.758,1.242],"rotation":0,"texture":"#0","tintindex":0}}}],"display":{"head":{"translation":[0.0,-6.4,0.0],"scale":[4.0,4.0,4.0]}}}