{"textures":{"0":"modelengine:entity/elf"},"elements":[{"from":[7.517156,9.335105,6.283891],"to":[9.802871,11.620819,9.726748],"rotation":{"angle":0.0,"axis":"y","origin":[6.6597414,5.335105,6.285714]},"faces":{"east":{"uv":[2.508,9.508,3.992,10.492],"rotation":0,"texture":"#0","tintindex":0},"south":{"uv":[4.008,11.508,4.992,12.492],"rotation":0,"texture":"#0","tintindex":0},"north":{"uv":[3.008,11.508,3.992,12.492],"rotation":0,"texture":"#0","tintindex":0},"west":{"uv":[7.508,9.508,8.992,10.492],"rotation":0,"texture":"#0","tintindex":0},"up":{"uv":[9.992,10.992,9.008,9.508],"rotation":0,"texture":"#0","tintindex":0},"down":{"uv":[10.742,1.508,9.758,2.992],"rotation":0,"texture":"#0","tintindex":0}}},{"from":[5.6860876,8.795338,6.2405963],"to":[8.086088,9.366766,9.783454],"rotation":{"angle":-22.5,"axis":"z","origin":[6.6597414,5.335105,6.285714]},"faces":{"east":{"uv":[12.758,1.258,14.242,1.492],"rotation":0,"texture":"#0","tintindex":0},"south":{"uv":[12.758,11.758,13.742,11.992],"rotation":0,"texture":"#0","tintindex":0},"north":{"uv":[12.758,11.508,13.742,11.742],"rotation":0,"texture":"#0","tintindex":0},"west":{"uv":[12.758,6.508,14.242,6.742],"rotation":0,"texture":"#0","tintindex":0},"up":{"uv":[6.492,11.992,5.508,10.508],"rotation":0,"texture":"#0","tintindex":0},"down":{"uv":[8.492,10.508,7.508,11.992],"rotation":0,"texture":"#0","tintindex":0}}},{"from":[5.743231,8.509624,6.297739],"to":[8.028945,10.223909,9.726311],"rotation":{"angle":-22.5,"axis":"z","origin":[6.6597414,5.335105,6.285714]},"faces":{"east":{"uv":[11.258,10.508,12.742,11.242],"rotation":0,"texture":"#0","tintindex":0},"south":{"uv":[12.008,0.008,12.992,0.742],"rotation":0,"texture":"#0","tintindex":0},"north":{"uv":[11.758,8.758,12.742,9.492],"rotation":0,"texture":"#0","tintindex":0},"west":{"uv":[11.258,11.258,12.742,11.992],"rotation":0,"texture":"#0","tintindex":0},"up":{"uv":[0.992,11.492,0.008,10.008],"rotation":0,"texture":"#0","tintindex":0},"down":{"uv":[10.992,9.508,10.008,10.992],"rotation":0,"texture":"#0","tintindex":0}}},{"from":[5.743231,7.9381948,6.869168],"to":[8.028945,8.509624,9.154882],"rotation":{"angle":-22.5,"axis":"z","origin":[6.6597414,5.335105,6.285714]},"faces":{"east":{"uv":[12.758,9.258,13.742,9.492],"rotation":0,"texture":"#0","tintindex":0},"south":{"uv":[12.758,11.008,13.742,11.242],"rotation":0,"texture":"#0","tintindex":0},"north":{"uv":[12.758,7.258,13.742,7.492],"rotation":0,"texture":"#0","tintindex":0},"west":{"uv":[12.758,11.258,13.742,11.492],"rotation":0,"texture":"#0","tintindex":0},"up":{"uv":[12.492,5.492,11.508,4.508],"rotation":0,"texture":"#0","tintindex":0},"down":{"uv":[12.492,5.508,11.508,6.492],"rotation":0,"texture":"#0","tintindex":0}}}],"display":{"head":{"translation":[0.0,-6.4,0.0],"scale":[4.0,4.0,4.0]}}}