{"textures":{"0":"modelengine:entity/tc_slime"},"elements":[{"from":[7.9545455,7.318182,3.090909],"to":[11.954546,13.318182,8.090909],"rotation":{"angle":0.0,"axis":"y","origin":[6.9545455,6.318182,8.090909]},"faces":{"east":{"uv":[2.625,0.0,3.75,1.375],"rotation":0,"texture":"#0","tintindex":0},"south":{"uv":[3.125,2.75,4.0,4.125],"rotation":0,"texture":"#0","tintindex":0},"north":{"uv":[2.25,2.75,3.125,4.125],"rotation":0,"texture":"#0","tintindex":0},"west":{"uv":[2.625,1.375,3.75,2.75],"rotation":0,"texture":"#0","tintindex":0},"up":{"uv":[5.625,5.75,4.75,4.625],"rotation":0,"texture":"#0","tintindex":0},"down":{"uv":[1.875,5.125,1.0,6.25],"rotation":0,"texture":"#0","tintindex":0}}},{"from":[3.6688309,7.318182,8.090909],"to":[8.668831,13.318182,12.09091],"rotation":{"angle":0.0,"axis":"y","origin":[6.9545455,6.318182,8.090909]},"faces":{"east":{"uv":[3.75,0.0,4.625,1.375],"rotation":0,"texture":"#0","tintindex":0},"south":{"uv":[1.125,2.75,2.25,4.125],"rotation":0,"texture":"#0","tintindex":0},"north":{"uv":[0.0,2.75,1.125,4.125],"rotation":0,"texture":"#0","tintindex":0},"west":{"uv":[3.75,1.375,4.625,2.75],"rotation":0,"texture":"#0","tintindex":0},"up":{"uv":[6.875,3.125,5.75,2.25],"rotation":0,"texture":"#0","tintindex":0},"down":{"uv":[6.875,3.125,5.75,4.0],"rotation":0,"texture":"#0","tintindex":0}}},{"from":[3.954545,7.318182,4.090909],"to":[7.9545455,12.318182,8.090909],"rotation":{"angle":0.0,"axis":"y","origin":[6.9545455,6.318182,8.090909]},"faces":{"east":{"uv":[5.625,1.125,6.5,2.25],"rotation":0,"texture":"#0","tintindex":0},"south":{"uv":[3.625,5.625,4.5,6.75],"rotation":0,"texture":"#0","tintindex":0},"north":{"uv":[5.625,0.0,6.5,1.125],"rotation":0,"texture":"#0","tintindex":0},"west":{"uv":[5.625,4.625,6.5,5.75],"rotation":0,"texture":"#0","tintindex":0},"up":{"uv":[0.875,6.625,0.0,5.75],"rotation":0,"texture":"#0","tintindex":0},"down":{"uv":[5.375,5.75,4.5,6.625],"rotation":0,"texture":"#0","tintindex":0}}},{"from":[8.668831,7.318182,8.090909],"to":[12.668832,12.318182,11.090909],"rotation":{"angle":0.0,"axis":"y","origin":[6.9545455,6.318182,8.090909]},"faces":{"east":{"uv":[5.375,5.75,6.0,6.875],"rotation":0,"texture":"#0","tintindex":0},"south":{"uv":[2.75,5.125,3.625,6.25],"rotation":0,"texture":"#0","tintindex":0},"north":{"uv":[1.875,5.125,2.75,6.25],"rotation":0,"texture":"#0","tintindex":0},"west":{"uv":[6.0,5.75,6.625,6.875],"rotation":0,"texture":"#0","tintindex":0},"up":{"uv":[5.5,2.625,4.625,2.0],"rotation":0,"texture":"#0","tintindex":0},"down":{"uv":[1.75,6.25,0.875,6.875],"rotation":0,"texture":"#0","tintindex":0}}}],"display":{"head":{"translation":[0.0,-6.4,0.0],"scale":[4.0,4.0,4.0]}}}