{"textures":{"0":"modelengine:entity/dragon_mount"},"elements":[{"from":[6.285714,7.428571,3.4285712],"to":[9.714286,10.285714,8.0],"rotation":{"angle":0.0,"axis":"y","origin":[8.0,-3.4285717,18.285715]},"faces":{"east":{"uv":[6.0,10.375,7.0,11.0],"rotation":0,"texture":"#0","tintindex":0},"south":{"uv":[10.875,4.75,11.625,5.375],"rotation":0,"texture":"#0","tintindex":0},"north":{"uv":[10.875,3.0,11.625,3.625],"rotation":0,"texture":"#0","tintindex":0},"west":{"uv":[7.0,10.375,8.0,11.0],"rotation":0,"texture":"#0","tintindex":0},"up":{"uv":[2.75,8.125,2.0,7.125],"rotation":0,"texture":"#0","tintindex":0},"down":{"uv":[5.25,10.375,4.5,11.375],"rotation":0,"texture":"#0","tintindex":0}}},{"from":[6.285714,6.285714,4.5714283],"to":[9.714286,7.428571,8.0],"rotation":{"angle":0.0,"axis":"y","origin":[8.0,-3.4285717,18.285715]},"faces":{"east":{"uv":[11.125,6.875,11.875,7.125],"rotation":0,"texture":"#0","tintindex":0},"south":{"uv":[8.0,11.125,8.75,11.375],"rotation":0,"texture":"#0","tintindex":0},"north":{"uv":[11.125,6.625,11.875,6.875],"rotation":0,"texture":"#0","tintindex":0},"west":{"uv":[8.75,11.125,9.5,11.375],"rotation":0,"texture":"#0","tintindex":0},"up":{"uv":[10.25,11.125,9.5,10.375],"rotation":0,"texture":"#0","tintindex":0},"down":{"uv":[11.0,10.375,10.25,11.125],"rotation":0,"texture":"#0","tintindex":0}}},{"from":[6.857143,7.428571,0.0],"to":[9.142858,9.142858,3.4285712],"rotation":{"angle":0.0,"axis":"y","origin":[8.0,-3.4285717,18.285715]},"faces":{"east":{"uv":[11.125,1.0,11.875,1.375],"rotation":0,"texture":"#0","tintindex":0},"south":{"uv":[10.0,11.125,10.5,11.5],"rotation":0,"texture":"#0","tintindex":0},"north":{"uv":[9.5,11.125,10.0,11.5],"rotation":0,"texture":"#0","tintindex":0},"west":{"uv":[11.125,1.375,11.875,1.75],"rotation":0,"texture":"#0","tintindex":0},"up":{"uv":[8.5,9.75,8.0,9.0],"rotation":0,"texture":"#0","tintindex":0},"down":{"uv":[8.0,11.0,7.5,11.75],"rotation":0,"texture":"#0","tintindex":0}}},{"from":[1.7142854,9.714286,4.5714283],"to":[8.0,15.428572,4.5714283],"rotation":{"angle":22.5,"axis":"y","origin":[8.0,11.428572,5.142857]},"faces":{"east":{"uv":[0.0,0.0,0.0,1.25],"rotation":0,"texture":"#0","tintindex":0},"south":{"uv":[2.375,9.125,3.75,10.375],"rotation":0,"texture":"#0","tintindex":0},"north":{"uv":[1.0,9.125,2.375,10.375],"rotation":0,"texture":"#0","tintindex":0},"west":{"uv":[0.0,0.0,0.0,1.25],"rotation":0,"texture":"#0","tintindex":0},"up":{"uv":[1.375,0.0,0.0,0.0],"rotation":0,"texture":"#0","tintindex":0},"down":{"uv":[1.375,0.0,0.0,0.0],"rotation":0,"texture":"#0","tintindex":0}}},{"from":[7.428571,9.714286,4.5714283],"to":[7.428571,16.57143,13.142858],"rotation":{"angle":-22.5,"axis":"y","origin":[7.428571,11.428572,4.5714283]},"faces":{"east":{"uv":[4.75,7.5,6.625,9.0],"rotation":0,"texture":"#0","tintindex":0},"south":{"uv":[0.0,0.0,0.0,1.5],"rotation":0,"texture":"#0","tintindex":0},"north":{"uv":[0.0,0.0,0.0,1.5],"rotation":0,"texture":"#0","tintindex":0},"west":{"uv":[6.625,7.5,8.5,9.0],"rotation":0,"texture":"#0","tintindex":0},"up":{"uv":[0.0,1.875,0.0,0.0],"rotation":0,"texture":"#0","tintindex":0},"down":{"uv":[0.0,0.0,0.0,1.875],"rotation":0,"texture":"#0","tintindex":0}}},{"from":[-1.0285721,4.0,4.342857],"to":[6.4,12.571428,4.342857],"rotation":{"angle":45.0,"axis":"y","origin":[8.0,11.428572,5.142857]},"faces":{"east":{"uv":[0.0,0.0,0.0,1.875],"rotation":0,"texture":"#0","tintindex":0},"south":{"uv":[6.5,5.625,8.125,7.5],"rotation":0,"texture":"#0","tintindex":0},"north":{"uv":[6.5,3.75,8.125,5.625],"rotation":0,"texture":"#0","tintindex":0},"west":{"uv":[0.0,0.0,0.0,1.875],"rotation":0,"texture":"#0","tintindex":0},"up":{"uv":[1.625,0.0,0.0,0.0],"rotation":0,"texture":"#0","tintindex":0},"down":{"uv":[1.625,0.0,0.0,0.0],"rotation":0,"texture":"#0","tintindex":0}}},{"from":[6.285714,2.2857141,6.0571427],"to":[6.285714,13.142858,18.057144],"rotation":{"angle":-22.5,"axis":"y","origin":[6.285714,7.714286,6.342857]},"faces":{"east":{"uv":[3.75,0.0,6.375,2.375],"rotation":0,"texture":"#0","tintindex":0},"south":{"uv":[0.0,0.0,0.0,2.375],"rotation":0,"texture":"#0","tintindex":0},"north":{"uv":[0.0,0.0,0.0,2.375],"rotation":0,"texture":"#0","tintindex":0},"west":{"uv":[3.75,2.375,6.375,4.75],"rotation":0,"texture":"#0","tintindex":0},"up":{"uv":[0.0,2.625,0.0,0.0],"rotation":0,"texture":"#0","tintindex":0},"down":{"uv":[0.0,0.0,0.0,2.625],"rotation":0,"texture":"#0","tintindex":0}}},{"from":[8.0,9.714286,4.5714283],"to":[14.285715,15.428572,4.5714283],"rotation":{"angle":-22.5,"axis":"y","origin":[8.0,11.428572,5.142857]},"faces":{"east":{"uv":[0.0,0.0,0.0,1.25],"rotation":0,"texture":"#0","tintindex":0},"south":{"uv":[3.75,9.125,2.375,10.375],"rotation":0,"texture":"#0","tintindex":0},"north":{"uv":[2.375,9.125,1.0,10.375],"rotation":0,"texture":"#0","tintindex":0},"west":{"uv":[0.0,0.0,0.0,1.25],"rotation":0,"texture":"#0","tintindex":0},"up":{"uv":[0.0,0.0,1.375,0.0],"rotation":0,"texture":"#0","tintindex":0},"down":{"uv":[0.0,0.0,1.375,0.0],"rotation":0,"texture":"#0","tintindex":0}}},{"from":[8.571428,9.714286,4.5714283],"to":[8.571428,16.57143,13.142858],"rotation":{"angle":22.5,"axis":"y","origin":[8.571428,11.428572,4.5714283]},"faces":{"east":{"uv":[8.5,7.5,6.625,9.0],"rotation":0,"texture":"#0","tintindex":0},"south":{"uv":[0.0,0.0,0.0,1.5],"rotation":0,"texture":"#0","tintindex":0},"north":{"uv":[0.0,0.0,0.0,1.5],"rotation":0,"texture":"#0","tintindex":0},"west":{"uv":[6.625,7.5,4.75,9.0],"rotation":0,"texture":"#0","tintindex":0},"up":{"uv":[0.0,1.875,0.0,0.0],"rotation":0,"texture":"#0","tintindex":0},"down":{"uv":[0.0,0.0,0.0,1.875],"rotation":0,"texture":"#0","tintindex":0}}},{"from":[9.6,4.0,4.342857],"to":[17.028572,12.571428,4.342857],"rotation":{"angle":-45.0,"axis":"y","origin":[8.0,11.428572,5.142857]},"faces":{"east":{"uv":[0.0,0.0,0.0,1.875],"rotation":0,"texture":"#0","tintindex":0},"south":{"uv":[8.125,5.625,6.5,7.5],"rotation":0,"texture":"#0","tintindex":0},"north":{"uv":[8.125,3.75,6.5,5.625],"rotation":0,"texture":"#0","tintindex":0},"west":{"uv":[0.0,0.0,0.0,1.875],"rotation":0,"texture":"#0","tintindex":0},"up":{"uv":[0.0,0.0,1.625,0.0],"rotation":0,"texture":"#0","tintindex":0},"down":{"uv":[0.0,0.0,1.625,0.0],"rotation":0,"texture":"#0","tintindex":0}}},{"from":[9.714286,2.2857141,6.0571427],"to":[9.714286,13.142858,18.057144],"rotation":{"angle":22.5,"axis":"y","origin":[9.714286,7.714286,6.342857]},"faces":{"east":{"uv":[6.375,2.375,3.75,4.75],"rotation":0,"texture":"#0","tintindex":0},"south":{"uv":[0.0,0.0,0.0,2.375],"rotation":0,"texture":"#0","tintindex":0},"north":{"uv":[0.0,0.0,0.0,2.375],"rotation":0,"texture":"#0","tintindex":0},"west":{"uv":[6.375,0.0,3.75,2.375],"rotation":0,"texture":"#0","tintindex":0},"up":{"uv":[0.0,2.625,0.0,0.0],"rotation":0,"texture":"#0","tintindex":0},"down":{"uv":[0.0,0.0,0.0,2.625],"rotation":0,"texture":"#0","tintindex":0}}},{"from":[8.0,9.142858,0.0],"to":[8.0,12.0,7.428571],"rotation":{"angle":0.0,"axis":"y","origin":[8.0,-3.4285717,18.285715]},"faces":{"east":{"uv":[8.0,9.75,9.625,10.375],"rotation":0,"texture":"#0","tintindex":0},"south":{"uv":[0.0,0.0,0.0,0.625],"rotation":0,"texture":"#0","tintindex":0},"north":{"uv":[0.0,0.0,0.0,0.625],"rotation":0,"texture":"#0","tintindex":0},"west":{"uv":[9.625,9.75,11.25,10.375],"rotation":0,"texture":"#0","tintindex":0},"up":{"uv":[0.0,1.625,0.0,0.0],"rotation":0,"texture":"#0","tintindex":0},"down":{"uv":[0.0,0.0,0.0,1.625],"rotation":0,"texture":"#0","tintindex":0}}},{"from":[6.285714,10.285714,4.0],"to":[9.714286,14.285715,4.0],"rotation":{"angle":45.0,"axis":"x","origin":[8.0,10.285714,4.0]},"faces":{"east":{"uv":[0.0,0.0,0.0,0.875],"rotation":0,"texture":"#0","tintindex":0},"south":{"uv":[5.25,10.375,6.0,11.25],"rotation":0,"texture":"#0","tintindex":0},"north":{"uv":[4.0,8.125,4.75,9.0],"rotation":0,"texture":"#0","tintindex":0},"west":{"uv":[0.0,0.0,0.0,0.875],"rotation":0,"texture":"#0","tintindex":0},"up":{"uv":[0.75,0.0,0.0,0.0],"rotation":0,