{"textures":{"0":"modelengine:entity/pokeballcrate"},"elements":[{"from":[11.861348,10.857143,8.0],"to":[13.281509,14.285715,9.142858],"rotation":{"angle":45.0,"axis":"z","origin":[12.571428,12.571428,12.571428]},"faces":{"east":{"uv":[1.25,7.875,1.5,8.625],"rotation":0,"texture":"#0","tintindex":0},"south":{"uv":[3.375,8.875,3.6875,9.625],"rotation":0,"texture":"#0","tintindex":0},"north":{"uv":[3.0,8.875,3.3125,9.625],"rotation":0,"texture":"#0","tintindex":0},"west":{"uv":[1.5,9.0,1.75,9.75],"rotation":0,"texture":"#0","tintindex":0},"up":{"uv":[6.0625,9.625,5.75,9.375],"rotation":0,"texture":"#0","tintindex":0},"down":{"uv":[6.4375,9.375,6.125,9.625],"rotation":0,"texture":"#0","tintindex":0}}},{"from":[11.861348,10.857143,8.0],"to":[13.281509,14.285715,9.142858],"rotation":{"angle":0.0,"axis":"y","origin":[12.571428,12.571428,12.571428]},"faces":{"east":{"uv":[1.75,9.0,2.0,9.75],"rotation":0,"texture":"#0","tintindex":0},"south":{"uv":[0.375,9.0,0.6875,9.75],"rotation":0,"texture":"#0","tintindex":0},"north":{"uv":[0.0,9.0,0.3125,9.75],"rotation":0,"texture":"#0","tintindex":0},"west":{"uv":[6.75,9.0,7.0,9.75],"rotation":0,"texture":"#0","tintindex":0},"up":{"uv":[9.8125,2.625,9.5,2.375],"rotation":0,"texture":"#0","tintindex":0},"down":{"uv":[9.8125,2.625,9.5,2.875],"rotation":0,"texture":"#0","tintindex":0}}},{"from":[10.857143,11.861348,8.0],"to":[14.285715,13.281509,9.142858],"rotation":{"angle":45.0,"axis":"z","origin":[12.571428,12.571428,12.571428]},"faces":{"east":{"uv":[6.5,9.375,6.75,9.6875],"rotation":0,"texture":"#0","tintindex":0},"south":{"uv":[4.5,9.0,5.25,9.3125],"rotation":0,"texture":"#0","tintindex":0},"north":{"uv":[0.75,9.0,1.5,9.3125],"rotation":0,"texture":"#0","tintindex":0},"west":{"uv":[9.5,2.875,9.75,3.1875],"rotation":0,"texture":"#0","tintindex":0},"up":{"uv":[7.75,9.25,7.0,9.0],"rotation":0,"texture":"#0","tintindex":0},"down":{"uv":[8.5,9.0,7.75,9.25],"rotation":0,"texture":"#0","tintindex":0}}},{"from":[10.857143,11.861348,8.0],"to":[14.285715,13.281509,9.142858],"rotation":{"angle":0.0,"axis":"y","origin":[12.571428,12.571428,12.571428]},"faces":{"east":{"uv":[9.5,3.25,9.75,3.5625],"rotation":0,"texture":"#0","tintindex":0},"south":{"uv":[6.0,9.0,6.75,9.3125],"rotation":0,"texture":"#0","tintindex":0},"north":{"uv":[5.25,9.0,6.0,9.3125],"rotation":0,"texture":"#0","tintindex":0},"west":{"uv":[3.75,9.5,4.0,9.8125],"rotation":0,"texture":"#0","tintindex":0},"up":{"uv":[2.75,9.375,2.0,9.125],"rotation":0,"texture":"#0","tintindex":0},"down":{"uv":[9.875,8.0,9.125,8.25],"rotation":0,"texture":"#0","tintindex":0}}},{"from":[12.098042,11.428572,7.428571],"to":[13.044816,13.714286,8.0],"rotation":{"angle":45.0,"axis":"z","origin":[12.571428,12.571428,12.0]},"faces":{"east":{"uv":[8.375,9.25,8.5,9.75],"rotation":0,"texture":"#0","tintindex":0},"south":{"uv":[0.75,9.375,0.9375,9.875],"rotation":0,"texture":"#0","tintindex":0},"north":{"uv":[9.25,9.125,9.4375,9.625],"rotation":0,"texture":"#0","tintindex":0},"west":{"uv":[4.375,9.5,4.5,10.0],"rotation":0,"texture":"#0","tintindex":0},"up":{"uv":[7.8125,8.125,7.625,8.0],"rotation":0,"texture":"#0","tintindex":0},"down":{"uv":[1.1875,8.375,1.0,8.5],"rotation":0,"texture":"#0","tintindex":0}}},{"from":[12.098042,11.428572,7.428571],"to":[13.044816,13.714286,8.0],"rotation":{"angle":0.0,"axis":"y","origin":[12.571428,12.571428,12.0]},"faces":{"east":{"uv":[9.5,8.25,9.625,8.75],"rotation":0,"texture":"#0","tintindex":0},"south":{"uv":[1.25,9.375,1.4375,9.875],"rotation":0,"texture":"#0","tintindex":0},"north":{"uv":[1.0,9.375,1.1875,9.875],"rotation":0,"texture":"#0","tintindex":0},"west":{"uv":[9.5,8.875,9.625,9.375],"rotation":0,"texture":"#0","tintindex":0},"up":{"uv":[1.4375,8.75,1.25,8.625],"rotation":0,"texture":"#0","tintindex":0},"down":{"uv":[2.1875,8.75,2.0,8.875],"rotation":0,"texture":"#0","tintindex":0}}},{"from":[11.428572,12.098042,7.428571],"to":[13.714286,13.044816,8.0],"rotation":{"angle":45.0,"axis":"z","origin":[12.571428,12.571428,12.0]},"faces":{"east":{"uv":[3.5,9.625,3.625,9.8125],"rotation":0,"texture":"#0","tintindex":0},"south":{"uv":[2.0,9.375,2.5,9.5625],"rotation":0,"texture":"#0","tintindex":0},"north":{"uv":[9.25,1.125,9.75,1.3125],"rotation":0,"texture":"#0","tintindex":0},"west":{"uv":[3.625,9.625,3.75,9.8125],"rotation":0,"texture":"#0","tintindex":0},"up":{"uv":[7.0,4.0,6.5,3.875],"rotation":0,"texture":"#0","tintindex":0},"down":{"uv":[7.5,3.875,7.0,4.0],"rotation":0,"texture":"#0","tintindex":0}}},{"from":[11.428572,12.098042,7.428571],"to":[13.714286,13.044816,8.0],"rotation":{"angle":0.0,"axis":"y","origin":[12.571428,12.571428,12.0]},"faces":{"east":{"uv":[4.5,9.625,4.625,9.8125],"rotation":0,"texture":"#0","tintindex":0},"south":{"uv":[5.0,9.375,5.5,9.5625],"rotation":0,"texture":"#0","tintindex":0},"north":{"uv":[4.5,9.375,5.0,9.5625],"rotation":0,"texture":"#0","tintindex":0},"west":{"uv":[4.625,9.625,4.75,9.8125],"rotation":0,"texture":"#0","tintindex":0},"up":{"uv":[8.0,7.5,7.5,7.375],"rotation":0,"texture":"#0","tintindex":0},"down":{"uv":[5.0,8.625,4.5,8.75],"rotation":0,"texture":"#0","tintindex":0}}}],"display":{"head":{"translation":[0.0,-6.4,0.0],"scale":[4.0,4.0,4.0]}}}