{"textures":{"0":"modelengine:entity/chief_throne"},"elements":[{"from":[2.8285713,6.3714285,5.485714],"to":[13.685715,8.085714,12.342857],"rotation":{"angle":0.0,"axis":"y","origin":[7.9714284,-1.0571432,8.342857]},"faces":{"east":{"uv":[7.3125,6.5,8.0625,6.6875],"rotation":0,"texture":"#0","tintindex":0},"south":{"uv":[7.3125,5.3125,8.5,5.5],"rotation":0,"texture":"#0","tintindex":0},"north":{"uv":[7.125,2.1875,8.3125,2.375],"rotation":0,"texture":"#0","tintindex":0},"west":{"uv":[8.0625,6.5,7.3125,6.6875],"rotation":0,"texture":"#0","tintindex":0},"up":{"uv":[6.0625,1.3125,4.875,0.5625],"rotation":0,"texture":"#0","tintindex":0},"down":{"uv":[6.0625,4.4375,4.875,5.1875],"rotation":0,"texture":"#0","tintindex":0}}},{"from":[5.685714,1.2285709,3.771428],"to":[10.257143,8.657143,5.485714],"rotation":{"angle":0.0,"axis":"y","origin":[7.9714284,-1.0571432,8.342857]},"faces":{"east":{"uv":[0.3125,7.375,0.5,8.1875],"rotation":0,"texture":"#0","tintindex":0},"south":{"uv":[2.0,6.5625,2.5,7.375],"rotation":0,"texture":"#0","tintindex":0},"north":{"uv":[5.75,6.375,6.25,7.1875],"rotation":0,"texture":"#0","tintindex":0},"west":{"uv":[0.5,7.375,0.6875,8.1875],"rotation":0,"texture":"#0","tintindex":0},"up":{"uv":[7.875,7.375,7.375,7.1875],"rotation":0,"texture":"#0","tintindex":0},"down":{"uv":[7.75,7.375,7.25,7.5625],"rotation":0,"texture":"#0","tintindex":0}}},{"from":[5.685714,-1.0571432,0.91428566],"to":[10.257143,1.2285709,16.342857],"rotation":{"angle":0.0,"axis":"y","origin":[7.9714284,-1.0571432,8.342857]},"faces":{"east":{"uv":[6.375,4.375,8.0625,4.625],"rotation":0,"texture":"#0","tintindex":0},"south":{"uv":[7.375,6.9375,7.875,7.1875],"rotation":0,"texture":"#0","tintindex":0},"north":{"uv":[7.375,6.6875,7.875,6.9375],"rotation":0,"texture":"#0","tintindex":0},"west":{"uv":[6.5,0.0,8.1875,0.25],"rotation":0,"texture":"#0","tintindex":0},"up":{"uv":[5.25,6.875,4.75,5.1875],"rotation":0,"texture":"#0","tintindex":0},"down":{"uv":[5.75,5.1875,5.25,6.875],"rotation":0,"texture":"#0","tintindex":0}}},{"from":[11.4,1.2285709,-0.8000002],"to":[14.828571,5.2285714,5.485714],"rotation":{"angle":0.0,"axis":"y","origin":[7.9714284,-1.0571432,8.342857]},"faces":{"east":{"uv":[0.0,6.9375,0.6875,7.375],"rotation":0,"texture":"#0","tintindex":0},"south":{"uv":[5.625,7.1875,6.0,7.625],"rotation":0,"texture":"#0","tintindex":0},"north":{"uv":[4.875,7.1875,5.25,7.625],"rotation":0,"texture":"#0","tintindex":0},"west":{"uv":[0.6875,6.9375,1.375,7.375],"rotation":0,"texture":"#0","tintindex":0},"up":{"uv":[2.0,7.375,1.625,6.6875],"rotation":0,"texture":"#0","tintindex":0},"down":{"uv":[5.625,6.875,5.25,7.5625],"rotation":0,"texture":"#0","tintindex":0}}},{"from":[10.257143,-1.0571432,-1.9428577],"to":[15.971429,1.2285709,17.485714],"rotation":{"angle":0.0,"axis":"y","origin":[7.9714284,-1.0571432,8.342857]},"faces":{"east":{"uv":[6.0625,4.8125,8.1875,5.0625],"rotation":0,"texture":"#0","tintindex":0},"south":{"uv":[7.3125,5.75,7.9375,6.0],"rotation":0,"texture":"#0","tintindex":0},"north":{"uv":[7.3125,5.5,7.9375,5.75],"rotation":0,"texture":"#0","tintindex":0},"west":{"uv":[6.25,5.0625,8.375,5.3125],"rotation":0,"texture":"#0","tintindex":0},"up":{"uv":[2.625,6.5625,2.0,4.4375],"rotation":0,"texture":"#0","tintindex":0},"down":{"uv":[3.25,4.4375,2.625,6.5625],"rotation":0,"texture":"#0","tintindex":0}}},{"from":[0.5428567,1.2285709,4.9142857],"to":[15.4,6.3714285,14.057143],"rotation":{"angle":0.0,"axis":"y","origin":[7.9714284,-1.0571432,8.342857]},"faces":{"east":{"uv":[6.0625,0.5625,7.0625,1.125],"rotation":0,"texture":"#0","tintindex":0},"south":{"uv":[4.875,0.0,6.5,0.5625],"rotation":0,"texture":"#0","tintindex":0},"north":{"uv":[3.25,4.4375,4.875,5.0],"rotation":0,"texture":"#0","tintindex":0},"west":{"uv":[7.0625,0.5625,6.0625,1.125],"rotation":0,"texture":"#0","tintindex":0},"up":{"uv":[4.875,1.0,3.25,0.0],"rotation":0,"texture":"#0","tintindex":0},"down":{"uv":[4.875,1.0,3.25,2.0],"rotation":0,"texture":"#0","tintindex":0}}},{"from":[15.971429,-1.0571432,10.6285715],"to":[18.828571,1.2285709,17.485714],"rotation":{"angle":0.0,"axis":"y","origin":[7.9714284,-1.0571432,8.342857]},"faces":{"east":{"uv":[3.25,2.0,4.0,2.25],"rotation":0,"texture":"#0","tintindex":0},"south":{"uv":[3.8125,7.5,4.125,7.75],"rotation":0,"texture":"#0","tintindex":0},"north":{"uv":[3.5,7.5,3.8125,7.75],"rotation":0,"texture":"#0","tintindex":0},"west":{"uv":[3.5,7.25,4.25,7.5],"rotation":0,"texture":"#0","tintindex":0},"up":{"uv":[4.5625,7.9375,4.25,7.1875],"rotation":0,"texture":"#0","tintindex":0},"down":{"uv":[4.875,7.1875,4.5625,7.9375],"rotation":0,"texture":"#0","tintindex":0}}},{"from":[-2.8857145,-1.0571432,10.6285715],"to":[-0.028572083,1.2285709,17.485714],"rotation":{"angle":0.0,"axis":"y","origin":[7.9714284,-1.0571432,8.342857]},"faces":{"east":{"uv":[4.25,7.25,3.5,7.5],"rotation":0,"texture":"#0","tintindex":0},"south":{"uv":[4.125,7.5,3.8125,7.75],"rotation":0,"texture":"#0","tintindex":0},"north":{"uv":[3.8125,7.5,3.5,7.75],"rotation":0,"texture":"#0","tintindex":0},"west":{"uv":[4.0,2.0,3.25,2.25],"rotation":0,"texture":"#0","tintindex":0},"up":{"uv":[4.25,7.9375,4.5625,7.1875],"rotation":0,"texture":"#0","tintindex":0},"down":{"uv":[4.5625,7.1875,4.875,7.9375],"rotation":0,"texture":"#0","tintindex":0}}},{"from":[-0.028572083,-1.0571432,-1.9428577],"to":[5.685714,1.2285709,17.485714],"rotation":{"angle":0.0,"axis":"y","origin":[7.9714284,-1.0571432,8.342857]},"faces":{"east":{"uv":[8.375,5.0625,6.25,5.3125],"rotation":0,"texture":"#0","tintindex":0},"south":{"uv":[7.9375,5.75,7.3125,6.0],"rotation":0,"texture":"#0","tintindex":0},"north":{"uv":[7.9375,5.5,7.3125,5.75],"rotation":0,"texture":"#0","tintindex":0},"west":{"uv":[8.1875,4.8125,6.0625,5.0625],"rotation":0,"texture":"#0","tintindex":0},"up":{"uv":[2.0,6.5625,2.625,4.4375],"rotation":0,"texture":"#0","tintindex":0},"down":{"uv":[2.625,4.4375,3.25,6.5625],"rotation":0,"texture":"#0","tintindex":0}}},{"from":[1.1142855,1.2285709,-0.8000002],"to":[4.542857,5.2285714,5.485714],"rotation":{"angle":0.0,"axis":"y","origin":[7.9714284,-1.0571432,8.342857]},"faces":{"east":{"uv":[1.375,6.9375,0.6875,7.375],"rotation":0,"texture":"#0","tintindex":0},"south":{"uv":[6.0,7.1875,5.625,7.625],"rotation":0,"texture":"#0","tintindex":0},"north":{"uv":[5.25,7.1875,4.875,7.625],"rotation":0,"texture":"#0","tintindex":0},"west":{"uv":[0.6875,6.9375,0.0,7.375],"rotation":0,"texture":"#0","tintindex":0},"up":{"uv":[1.625,7.375,2.0,6.6875],"rotation":0,"texture":"#0","tintindex":0},"down":{"uv":[5.25,6.875,5.625,7.5625],"rotation":0,"texture":"#0","tintindex":0}}}],"display":{"head":{"translation":[0.0,-6.4,0.0],"scale":[4.0,4.0,4.0]}}}