{"textures":{"0":"modelengine:entity/chief_throne"},"elements":[{"name":"cube","from":[1.9999998,-4.7999997,2.5666666],"to":[14.0,-1.1999998,4.366667],"rotation":{"angle":0.0,"axis":"x","origin":[8.0,-15.000001,7.366667]},"faces":{"down":{"uv":[8.375,2.0,7.125,2.1875],"rotation":0,"texture":"#0","tintindex":0},"east":{"uv":[1.1875,7.375,1.375,7.75],"rotation":0,"texture":"#0","tintindex":0},"north":{"uv":[6.375,3.625,7.625,4.0],"rotation":0,"texture":"#0","tintindex":0},"south":{"uv":[6.375,4.0,7.625,4.375],"rotation":0,"texture":"#0","tintindex":0},"up":{"uv":[7.625,4.8125,6.375,4.625],"rotation":0,"texture":"#0","tintindex":0},"west":{"uv":[7.5625,0.5,7.75,0.875],"rotation":0,"texture":"#0","tintindex":0}}},{"name":"cube","from":[-1.6000004,-5.3999996,3.7666667],"to":[17.6,1.2000005,14.566667],"rotation":{"angle":0.0,"axis":"x","origin":[8.0,-15.000001,7.366667]},"faces":{"down":{"uv":[4.0,2.3125,2.0,3.4375],"rotation":0,"texture":"#0","tintindex":0},"east":{"uv":[4.875,1.3125,6.0,2.0],"rotation":0,"texture":"#0","tintindex":0},"north":{"uv":[4.0,2.0,6.0,2.6875],"rotation":0,"texture":"#0","tintindex":0},"south":{"uv":[4.0,2.6875,6.0,3.375],"rotation":0,"texture":"#0","tintindex":0},"up":{"uv":[2.0,3.4375,0.0,2.3125],"rotation":0,"texture":"#0","tintindex":0},"west":{"uv":[6.0,1.3125,4.875,2.0],"rotation":0,"texture":"#0","tintindex":0}}},{"name":"cube","from":[13.400001,-15.000001,10.966667],"to":[18.2,16.2,15.766667],"rotation":{"angle":0.0,"axis":"x","origin":[8.0,-15.000001,7.366667]},"faces":{"down":{"uv":[3.0,7.0625,2.5,7.5625],"rotation":0,"texture":"#0","tintindex":0},"east":{"uv":[0.5,3.4375,1.0,6.6875],"rotation":0,"texture":"#0","tintindex":0},"north":{"uv":[0.0,3.4375,0.5,6.6875],"rotation":0,"texture":"#0","tintindex":0},"south":{"uv":[1.0,3.4375,1.5,6.6875],"rotation":0,"texture":"#0","tintindex":0},"up":{"uv":[7.5625,1.0,7.0625,0.5],"rotation":0,"texture":"#0","tintindex":0},"west":{"uv":[1.5,3.4375,2.0,6.6875],"rotation":0,"texture":"#0","tintindex":0}}},{"name":"cube","from":[15.2,2.4000006,0.7666664],"to":[17.6,7.8000007,6.166667],"rotation":{"angle":0.0,"axis":"x","origin":[8.0,-15.000001,7.366667]},"faces":{"down":{"uv":[2.125,7.375,1.875,7.9375],"rotation":0,"texture":"#0","tintindex":0},"east":{"uv":[6.25,6.8125,6.8125,7.375],"rotation":0,"texture":"#0","tintindex":0},"north":{"uv":[0.6875,7.375,0.9375,7.9375],"rotation":0,"texture":"#0","tintindex":0},"south":{"uv":[0.9375,7.375,1.1875,7.9375],"rotation":0,"texture":"#0","tintindex":0},"up":{"uv":[1.875,7.9375,1.625,7.375],"rotation":0,"texture":"#0","tintindex":0},"west":{"uv":[6.8125,6.8125,6.25,7.375],"rotation":0,"texture":"#0","tintindex":0}}},{"name":"cube","from":[15.2,1.2000005,6.166667],"to":[17.6,7.8000007,12.166667],"rotation":{"angle":0.0,"axis":"x","origin":[8.0,-15.000001,7.366667]},"faces":{"down":{"uv":[6.25,7.1875,6.0,7.8125],"rotation":0,"texture":"#0","tintindex":0},"east":{"uv":[6.5,1.125,7.125,1.8125],"rotation":0,"texture":"#0","tintindex":0},"north":{"uv":[4.5,6.1875,4.75,6.875],"rotation":0,"texture":"#0","tintindex":0},"south":{"uv":[1.375,6.9375,1.625,7.625],"rotation":0,"texture":"#0","tintindex":0},"up":{"uv":[3.25,7.6875,3.0,7.0625],"rotation":0,"texture":"#0","tintindex":0},"west":{"uv":[6.5,1.8125,7.125,2.5],"rotation":0,"texture":"#0","tintindex":0}}},{"name":"cube","from":[0.7999997,1.2000005,2.5666666],"to":[15.2,4.200001,12.166667],"rotation":{"angle":0.0,"axis":"x","origin":[8.0,-15.000001,7.366667]},"faces":{"down":{"uv":[5.0,3.4375,3.5,4.4375],"rotation":0,"texture":"#0","tintindex":0},"east":{"uv":[5.0,4.0625,6.0,4.375],"rotation":0,"texture":"#0","tintindex":0},"north":{"uv":[6.375,3.0,7.875,3.3125],"rotation":0,"texture":"#0","tintindex":0},"south":{"uv":[6.375,3.3125,7.875,3.625],"rotation":0,"texture":"#0","tintindex":0},"up":{"uv":[3.5,4.4375,2.0,3.4375],"rotation":0,"texture":"#0","tintindex":0},"west":{"uv":[4.25,6.875,5.25,7.1875],"rotation":0,"texture":"#0","tintindex":0}}},{"name":"cube","from":[-1.6000004,2.4000006,0.7666664],"to":[0.7999997,7.8000007,6.166667],"rotation":{"angle":0.0,"axis":"x","origin":[8.0,-15.000001,7.366667]},"faces":{"down":{"uv":[1.875,7.375,2.125,7.9375],"rotation":0,"texture":"#0","tintindex":0},"east":{"uv":[6.25,6.8125,6.8125,7.375],"rotation":0,"texture":"#0","tintindex":0},"north":{"uv":[0.9375,7.375,0.6875,7.9375],"rotation":0,"texture":"#0","tintindex":0},"south":{"uv":[1.1875,7.375,0.9375,7.9375],"rotation":0,"texture":"#0","tintindex":0},"up":{"uv":[1.625,7.9375,1.875,7.375],"rotation":0,"texture":"#0","tintindex":0},"west":{"uv":[6.8125,6.8125,6.25,7.375],"rotation":0,"texture":"#0","tintindex":0}}},{"name":"cube","from":[-1.6000004,1.2000005,6.166667],"to":[0.7999997,7.8000007,12.166667],"rotation":{"angle":0.0,"axis":"x","origin":[8.0,-15.000001,7.366667]},"faces":{"down":{"uv":[6.0,7.1875,6.25,7.8125],"rotation":0,"texture":"#0","tintindex":0},"east":{"uv":[7.125,1.8125,6.5,2.5],"rotation":0,"texture":"#0","tintindex":0},"north":{"uv":[4.75,6.1875,4.5,6.875],"rotation":0,"texture":"#0","tintindex":0},"south":{"uv":[1.625,6.9375,1.375,7.625],"rotation":0,"texture":"#0","tintindex":0},"up":{"uv":[3.0,7.6875,3.25,7.0625],"rotation":0,"texture":"#0","tintindex":0},"west":{"uv":[7.125,1.125,6.5,1.8125],"rotation":0,"texture":"#0","tintindex":0}}},{"name":"cube","from":[-2.2000003,-15.000001,10.966667],"to":[2.6,16.2,15.766667],"rotation":{"angle":0.0,"axis":"x","origin":[8.0,-15.000001,7.366667]},"faces":{"down":{"uv":[2.5,7.0625,3.0,7.5625],"rotation":0,"texture":"#0","tintindex":0},"east":{"uv":[2.0,3.4375,1.5,6.6875],"rotation":0,"texture":"#0","tintindex":0},"north":{"uv":[0.5,3.4375,0.0,6.6875],"rotation":0,"texture":"#0","tintindex":0},"south":{"uv":[1.5,3.4375,1.0,6.6875],"rotation":0,"texture":"#0","tintindex":0},"up":{"uv":[7.0625,1.0,7.5625,0.5],"rotation":0,"texture":"#0","tintindex":0},"west":{"uv":[1.0,3.4375,0.5,6.6875],"rotation":0,"texture":"#0","tintindex":0}}}],"display":{"head":{"translation":[0.0,-6.4,0.0],"rotation":[0.0,0.0,0.0],"scale":[3.8095,3.8095,3.8095]}}}