{"textures":{"0":"modelengine:entity/chief_throne"},"elements":[{"from":[2.2857141,-4.1904774,2.8253965],"to":[13.714286,-0.7619047,4.5396824],"rotation":{"angle":0.0,"axis":"y","origin":[8.0,-13.904762,7.3968253]},"faces":{"east":{"uv":[1.1875,7.375,1.375,7.75],"rotation":0,"texture":"#0","tintindex":0},"south":{"uv":[6.375,4.0,7.625,4.375],"rotation":0,"texture":"#0","tintindex":0},"north":{"uv":[6.375,3.625,7.625,4.0],"rotation":0,"texture":"#0","tintindex":0},"west":{"uv":[7.5625,0.5,7.75,0.875],"rotation":0,"texture":"#0","tintindex":0},"up":{"uv":[7.625,4.8125,6.375,4.625],"rotation":0,"texture":"#0","tintindex":0},"down":{"uv":[8.375,2.0,7.125,2.1875],"rotation":0,"texture":"#0","tintindex":0}}},{"from":[-1.1428576,-4.7619057,3.968254],"to":[17.142857,1.5238094,14.253969],"rotation":{"angle":0.0,"axis":"y","origin":[8.0,-13.904762,7.3968253]},"faces":{"east":{"uv":[4.875,1.3125,6.0,2.0],"rotation":0,"texture":"#0","tintindex":0},"south":{"uv":[4.0,2.6875,6.0,3.375],"rotation":0,"texture":"#0","tintindex":0},"north":{"uv":[4.0,2.0,6.0,2.6875],"rotation":0,"texture":"#0","tintindex":0},"west":{"uv":[6.0,1.3125,4.875,2.0],"rotation":0,"texture":"#0","tintindex":0},"up":{"uv":[2.0,3.4375,0.0,2.3125],"rotation":0,"texture":"#0","tintindex":0},"down":{"uv":[4.0,2.3125,2.0,3.4375],"rotation":0,"texture":"#0","tintindex":0}}},{"from":[13.142858,-13.904762,10.8253975],"to":[17.714287,15.809525,15.396826],"rotation":{"angle":0.0,"axis":"y","origin":[8.0,-13.904762,7.3968253]},"faces":{"east":{"uv":[0.5,3.4375,1.0,6.6875],"rotation":0,"texture":"#0","tintindex":0},"south":{"uv":[1.0,3.4375,1.5,6.6875],"rotation":0,"texture":"#0","tintindex":0},"north":{"uv":[0.0,3.4375,0.5,6.6875],"rotation":0,"texture":"#0","tintindex":0},"west":{"uv":[1.5,3.4375,2.0,6.6875],"rotation":0,"texture":"#0","tintindex":0},"up":{"uv":[7.5625,1.0,7.0625,0.5],"rotation":0,"texture":"#0","tintindex":0},"down":{"uv":[3.0,7.0625,2.5,7.5625],"rotation":0,"texture":"#0","tintindex":0}}},{"from":[14.857143,2.6666665,1.1111107],"to":[17.142857,7.8095236,6.2539682],"rotation":{"angle":0.0,"axis":"y","origin":[8.0,-13.904762,7.3968253]},"faces":{"east":{"uv":[6.25,6.8125,6.8125,7.375],"rotation":0,"texture":"#0","tintindex":0},"south":{"uv":[0.9375,7.375,1.1875,7.9375],"rotation":0,"texture":"#0","tintindex":0},"north":{"uv":[0.6875,7.375,0.9375,7.9375],"rotation":0,"texture":"#0","tintindex":0},"west":{"uv":[6.8125,6.8125,6.25,7.375],"rotation":0,"texture":"#0","tintindex":0},"up":{"uv":[1.875,7.9375,1.625,7.375],"rotation":0,"texture":"#0","tintindex":0},"down":{"uv":[2.125,7.375,1.875,7.9375],"rotation":0,"texture":"#0","tintindex":0}}},{"from":[14.857143,1.5238094,6.2539682],"to":[17.142857,7.8095236,11.968254],"rotation":{"angle":0.0,"axis":"y","origin":[8.0,-13.904762,7.3968253]},"faces":{"east":{"uv":[6.5,1.125,7.125,1.8125],"rotation":0,"texture":"#0","tintindex":0},"south":{"uv":[1.375,6.9375,1.625,7.625],"rotation":0,"texture":"#0","tintindex":0},"north":{"uv":[4.5,6.1875,4.75,6.875],"rotation":0,"texture":"#0","tintindex":0},"west":{"uv":[6.5,1.8125,7.125,2.5],"rotation":0,"texture":"#0","tintindex":0},"up":{"uv":[3.25,7.6875,3.0,7.0625],"rotation":0,"texture":"#0","tintindex":0},"down":{"uv":[6.25,7.1875,6.0,7.8125],"rotation":0,"texture":"#0","tintindex":0}}},{"from":[1.1428566,1.5238094,2.8253965],"to":[14.857143,4.380952,11.968254],"rotation":{"angle":0.0,"axis":"y","origin":[8.0,-13.904762,7.3968253]},"faces":{"east":{"uv":[5.0,4.0625,6.0,4.375],"rotation":0,"texture":"#0","tintindex":0},"south":{"uv":[6.375,3.3125,7.875,3.625],"rotation":0,"texture":"#0","tintindex":0},"north":{"uv":[6.375,3.0,7.875,3.3125],"rotation":0,"texture":"#0","tintindex":0},"west":{"uv":[4.25,6.875,5.25,7.1875],"rotation":0,"texture":"#0","tintindex":0},"up":{"uv":[3.5,4.4375,2.0,3.4375],"rotation":0,"texture":"#0","tintindex":0},"down":{"uv":[5.0,3.4375,3.5,4.4375],"rotation":0,"texture":"#0","tintindex":0}}},{"from":[-1.1428576,2.6666665,1.1111107],"to":[1.1428566,7.8095236,6.2539682],"rotation":{"angle":0.0,"axis":"y","origin":[8.0,-13.904762,7.3968253]},"faces":{"east":{"uv":[6.25,6.8125,6.8125,7.375],"rotation":0,"texture":"#0","tintindex":0},"south":{"uv":[1.1875,7.375,0.9375,7.9375],"rotation":0,"texture":"#0","tintindex":0},"north":{"uv":[0.9375,7.375,0.6875,7.9375],"rotation":0,"texture":"#0","tintindex":0},"west":{"uv":[6.8125,6.8125,6.25,7.375],"rotation":0,"texture":"#0","tintindex":0},"up":{"uv":[1.625,7.9375,1.875,7.375],"rotation":0,"texture":"#0","tintindex":0},"down":{"uv":[1.875,7.375,2.125,7.9375],"rotation":0,"texture":"#0","tintindex":0}}},{"from":[-1.1428576,1.5238094,6.2539682],"to":[1.1428566,7.8095236,11.968254],"rotation":{"angle":0.0,"axis":"y","origin":[8.0,-13.904762,7.3968253]},"faces":{"east":{"uv":[7.125,1.8125,6.5,2.5],"rotation":0,"texture":"#0","tintindex":0},"south":{"uv":[1.625,6.9375,1.375,7.625],"rotation":0,"texture":"#0","tintindex":0},"north":{"uv":[4.75,6.1875,4.5,6.875],"rotation":0,"texture":"#0","tintindex":0},"west":{"uv":[7.125,1.125,6.5,1.8125],"rotation":0,"texture":"#0","tintindex":0},"up":{"uv":[3.0,7.6875,3.25,7.0625],"rotation":0,"texture":"#0","tintindex":0},"down":{"uv":[6.0,7.1875,6.25,7.8125],"rotation":0,"texture":"#0","tintindex":0}}},{"from":[-1.7142859,-13.904762,10.8253975],"to":[2.8571424,15.809525,15.396826],"rotation":{"angle":0.0,"axis":"y","origin":[8.0,-13.904762,7.3968253]},"faces":{"east":{"uv":[2.0,3.4375,1.5,6.6875],"rotation":0,"texture":"#0","tintindex":0},"south":{"uv":[1.5,3.4375,1.0,6.6875],"rotation":0,"texture":"#0","tintindex":0},"north":{"uv":[0.5,3.4375,0.0,6.6875],"rotation":0,"texture":"#0","tintindex":0},"west":{"uv":[1.0,3.4375,0.5,6.6875],"rotation":0,"texture":"#0","tintindex":0},"up":{"uv":[7.0625,1.0,7.5625,0.5],"rotation":0,"texture":"#0","tintindex":0},"down":{"uv":[2.5,7.0625,3.0,7.5625],"rotation":0,"texture":"#0","tintindex":0}}}],"display":{"head":{"translation":[0.0,-6.4,0.0],"scale":[4.0,4.0,4.0]}}}