{"textures":{"0":"modelengine:entity/cerberus","1":"modelengine:entity/cerberus2","2":"modelengine:entity/cerberus3","3":"modelengine:entity/cerberus4","4":"modelengine:entity/cerberus_bits","5":"modelengine:entity/avatar"},"elements":[{"name":"cube","from":[2.8999999,0.49999976,3.1999998],"to":[13.1,10.1,12.2],"rotation":{"angle":-22.5,"axis":"x","origin":[8.0,5.6,6.8]},"faces":{"down":{"uv":[7.09375,3.6375,6.5625,4.09375],"rotation":0,"texture":"#3","tintindex":0},"east":{"uv":[2.4375,6.78125,2.90625,7.28125],"rotation":0,"texture":"#3","tintindex":0},"north":{"uv":[0.0125,6.21875,0.53125,6.71875],"rotation":0,"texture":"#3","tintindex":0},"south":{"uv":[3.09375,6.2625,3.6125,6.7375],"rotation":0,"texture":"#3","tintindex":0},"up":{"uv":[4.15625,7.03125,3.6375,6.5625],"rotation":0,"texture":"#3","tintindex":0},"west":{"uv":[6.78125,2.96875,7.2375,3.46875],"rotation":0,"texture":"#3","tintindex":0}}},{"name":"cube","from":[2.2999997,6.5,-5.200001],"to":[13.7,11.900001,-1.6000004],"rotation":{"angle":0.0,"axis":"x","origin":[9.5,2.2999997,4.3999996]},"faces":{"down":{"uv":[8.21875,5.6375,7.6375,5.8125],"rotation":0,"texture":"#3","tintindex":0},"east":{"uv":[3.4375,6.7625,3.6125,7.03125],"rotation":0,"texture":"#3","tintindex":0},"north":{"uv":[6.71875,7.2625,7.3125,7.53125],"rotation":0,"texture":"#3","tintindex":0},"south":{"uv":[7.2625,6.84375,7.84375,7.1125],"rotation":0,"texture":"#3","tintindex":0},"up":{"uv":[8.21875,5.6125,7.6375,5.4375],"rotation":0,"texture":"#3","tintindex":0},"west":{"uv":[4.0125,8.0125,4.1875,8.28125],"rotation":0,"texture":"#3","tintindex":0}}},{"name":"cube","from":[5.8999996,10.1,-5.8],"to":[10.1,11.900001,-5.200001],"rotation":{"angle":0.0,"axis":"x","origin":[9.5,2.8999999,4.3999996]},"faces":{"down":{"uv":[1.53125,3.1375,1.3125,3.15625],"rotation":0,"texture":"#3","tintindex":0},"east":{"uv":[1.65625,2.3125,1.6875,2.40625],"rotation":0,"texture":"#3","tintindex":0},"north":{"uv":[1.09375,3.03125,1.3125,3.1125],"rotation":0,"texture":"#3","tintindex":0},"south":{"uv":[1.3125,3.03125,1.53125,3.1125],"rotation":0,"texture":"#3","tintindex":0},"up":{"uv":[1.3125,3.15625,1.09375,3.1375],"rotation":0,"texture":"#3","tintindex":0},"west":{"uv":[1.65625,2.40625,1.6875,2.4875],"rotation":0,"texture":"#3","tintindex":0}}},{"name":"cube","from":[7.1,8.9,-5.8],"to":[8.9,10.1,-4.0000005],"rotation":{"angle":0.0,"axis":"x","origin":[9.5,3.4999998,4.3999996]},"faces":{"down":{"uv":[1.0625,4.40625,0.96875,4.4875],"rotation":0,"texture":"#3","tintindex":0},"east":{"uv":[3.8125,1.8125,3.90625,1.8625],"rotation":0,"texture":"#3","tintindex":0},"north":{"uv":[2.65625,3.6875,2.7375,3.7375],"rotation":0,"texture":"#3","tintindex":0},"south":{"uv":[4.65625,3.2625,4.7375,3.3125],"rotation":0,"texture":"#3","tintindex":0},"up":{"uv":[1.6125,3.1125,1.53125,3.03125],"rotation":0,"texture":"#3","tintindex":0},"west":{"uv":[3.4375,5.0625,3.53125,5.1125],"rotation":0,"texture":"#3","tintindex":0}}},{"name":"cube","from":[1.6999998,6.5,-1.6000004],"to":[14.3,14.3,10.4],"rotation":{"angle":0.0,"axis":"x","origin":[9.5,2.2999997,4.3999996]},"faces":{"down":{"uv":[1.65625,5.4375,1.0125,6.0625],"rotation":0,"texture":"#3","tintindex":0},"east":{"uv":[6.4375,6.4375,7.0625,6.84375],"rotation":0,"texture":"#3","tintindex":0},"north":{"uv":[6.1375,3.21875,6.78125,3.6125],"rotation":0,"texture":"#3","tintindex":0},"south":{"uv":[1.4375,6.15625,2.09375,6.5625],"rotation":0,"texture":"#3","tintindex":0},"up":{"uv":[5.96875,5.8625,5.3125,5.2625],"rotation":0,"texture":"#3","tintindex":0},"west":{"uv":[6.5125,5.78125,7.1125,6.1875],"rotation":0,"texture":"#3","tintindex":0}}},{"name":"cube","from":[5.3,11.900001,-5.200001],"to":[10.700001,13.1,-1.6000004],"rotation":{"angle":0.0,"axis":"x","origin":[9.5,2.2999997,4.3999996]},"faces":{"down":{"uv":[8.15625,1.46875,7.8875,1.65625],"rotation":0,"texture":"#3","tintindex":0},"east":{"uv":[6.5625,4.09375,6.7375,4.15625],"rotation":0,"texture":"#3","tintindex":0},"north":{"uv":[2.3875,3.6875,2.65625,3.7375],"rotation":0,"texture":"#3","tintindex":0},"south":{"uv":[4.65625,0.7625,4.9375,0.8125],"rotation":0,"texture":"#3","tintindex":0},"up":{"uv":[7.40625,1.4875,7.1375,1.3125],"rotation":0,"texture":"#3","tintindex":0},"west":{"uv":[6.7625,4.09375,6.9375,4.15625],"rotation":0,"texture":"#3","tintindex":0}}},{"name":"cube","from":[2.2999997,2.8999999,-5.200001],"to":[13.7,6.5,3.7999997],"rotation":{"angle":0.0,"axis":"x","origin":[9.5,2.2999997,4.3999996]},"faces":{"down":{"uv":[6.71875,2.7625,6.1375,3.21875],"rotation":0,"texture":"#3","tintindex":0},"east":{"uv":[1.46875,7.78125,1.9375,7.96875],"rotation":0,"texture":"#3","tintindex":0},"north":{"uv":[7.59375,6.5125,8.1875,6.6875],"rotation":0,"texture":"#3","tintindex":0},"south":{"uv":[7.6375,0.28125,8.21875,0.46875],"rotation":0,"texture":"#3","tintindex":0},"up":{"uv":[6.6875,5.1875,6.09375,4.71875],"rotation":0,"texture":"#3","tintindex":0},"west":{"uv":[7.78125,1.65625,8.2375,1.84375],"rotation":0,"texture":"#3","tintindex":0}}},{"name":"cube","from":[-3.1000004,13.1,5.6],"to":[1.6999998,14.3,9.8],"rotation":{"angle":45.0,"axis":"z","origin":[1.6999998,13.7,7.7]},"faces":{"down":{"uv":[5.7375,8.0125,5.5125,8.21875],"rotation":0,"texture":"#3","tintindex":0},"east":{"uv":[6.09375,5.1875,6.3125,5.2375],"rotation":0,"texture":"#3","tintindex":0},"north":{"uv":[1.0125,5.3875,1.2375,5.4375],"rotation":0,"texture":"#3","tintindex":0},"south":{"uv":[1.2625,5.3875,1.4875,5.4375],"rotation":0,"texture":"#3","tintindex":0},"up":{"uv":[8.2375,4.78125,8.0125,4.5625],"rotation":0,"texture":"#3","tintindex":0},"west":{"uv":[6.1375,3.6375,6.34375,3.6875],"rotation":0,"texture":"#3","tintindex":0}}},{"name":"cube","from":[14.3,13.1,5.6],"to":[19.1,14.3,9.8],"rotation":{"angle":-45.0,"axis":"z","origin":[14.3,13.7,7.7]},"faces":{"down":{"uv":[8.2375,4.34375,8.0125,4.5625],"rotation":0,"texture":"#3","tintindex":0},"east":{"uv":[5.09375,5.8125,5.3125,5.8625],"rotation":0,"texture":"#3","tintindex":0},"north":{"uv":[4.9375,0.7625,5.1875,0.8125],"rotation":0,"texture":"#3","tintindex":0},"south":{"uv":[0.5125,5.21875,0.7375,5.28125],"rotation":0,"texture":"#3","tintindex":0},"up":{"uv":[3.9875,8.21875,3.7625,8.0125],"rotation":0,"texture":"#3","tintindex":0},"west":{"uv":[6.0125,1.9375,6.21875,1.9875],"rotation":0,"texture":"#3","tintindex":0}}}],"display":{"head":{"translation":[0.0,-6.4,0.0],"rotation":[0.0,0.0,0.0],"scale":[3.8095,3.8095,3.8095]}}}