{"textures":{"0":"modelengine:entity/cerberus","1":"modelengine:entity/cerberus2","2":"modelengine:entity/cerberus3","3":"modelengine:entity/cerberus4","4":"modelengine:entity/cerberus_bits","5":"modelengine:entity/avatar"},"elements":[{"name":"cube","from":[4.3999996,3.7658596,2.7282972],"to":[11.6,8.56586,11.128298],"rotation":{"angle":0.0,"axis":"x","origin":[8.0,6.7658596,6.3282976]},"faces":{"down":{"uv":[4.1875,7.3125,3.8125,7.7375],"rotation":0,"texture":"#3","tintindex":0},"east":{"uv":[3.3875,1.6375,3.8125,1.8625],"rotation":0,"texture":"#3","tintindex":0},"north":{"uv":[7.71875,6.1875,8.09375,6.4375],"rotation":0,"texture":"#3","tintindex":0},"south":{"uv":[7.7625,2.46875,8.1125,2.71875],"rotation":0,"texture":"#3","tintindex":0},"up":{"uv":[3.8125,7.7375,3.4375,7.3125],"rotation":0,"texture":"#3","tintindex":0},"west":{"uv":[6.5125,6.1875,6.9375,6.4375],"rotation":0,"texture":"#3","tintindex":0}}},{"name":"cube","from":[3.7999997,3.7658596,-0.87170315],"to":[12.2,10.36586,4.5282974],"rotation":{"angle":22.5,"axis":"x","origin":[8.0,6.7658596,2.1282973]},"faces":{"down":{"uv":[7.96875,0.0125,7.53125,0.28125],"rotation":0,"texture":"#3","tintindex":0},"east":{"uv":[2.78125,7.6875,3.0625,8.03125],"rotation":0,"texture":"#3","tintindex":0},"north":{"uv":[7.34375,1.78125,7.78125,2.1125],"rotation":0,"texture":"#3","tintindex":0},"south":{"uv":[7.34375,2.1375,7.78125,2.46875],"rotation":0,"texture":"#3","tintindex":0},"up":{"uv":[7.8125,4.09375,7.3875,3.8125],"rotation":0,"texture":"#3","tintindex":0},"west":{"uv":[7.6875,7.1375,7.96875,7.46875],"rotation":0,"texture":"#3","tintindex":0}}}],"display":{"head":{"translation":[0.0,-6.4,0.0],"rotation":[0.0,0.0,0.0],"scale":[3.8095,3.8095,3.8095]}}}