{"textures":{"0":"modelengine:entity/cerberus","1":"modelengine:entity/cerberus2","2":"modelengine:entity/cerberus3","3":"modelengine:entity/cerberus4","4":"modelengine:entity/cerberus_bits","5":"modelengine:entity/avatar"},"elements":[{"name":"cube","from":[3.583333,3.38346,8.056163],"to":[13.183333,12.98346,21.85616],"rotation":{"angle":0.0,"axis":"x","origin":[8.383333,15.98346,-6.0438375]},"faces":{"down":{"uv":[5.59375,5.8875,5.09375,6.59375],"rotation":0,"texture":"#3","tintindex":0},"east":{"uv":[3.9375,3.2625,4.65625,3.7375],"rotation":0,"texture":"#3","tintindex":0},"north":{"uv":[1.4375,6.5625,1.9375,7.0625],"rotation":0,"texture":"#3","tintindex":0},"south":{"uv":[1.9375,6.5625,2.4375,7.0625],"rotation":0,"texture":"#3","tintindex":0},"up":{"uv":[4.40625,6.5625,3.90625,5.84375],"rotation":0,"texture":"#3","tintindex":0},"west":{"uv":[5.84375,3.6875,6.5625,4.1875],"rotation":0,"texture":"#3","tintindex":0}}},{"name":"cube","from":[1.4833333,1.58346,21.85616],"to":[14.683333,14.783461,29.05616],"rotation":{"angle":0.0,"axis":"x","origin":[8.683333,15.98346,7.756163]},"faces":{"down":{"uv":[7.1125,4.1875,6.4375,4.5625],"rotation":0,"texture":"#3","tintindex":0},"east":{"uv":[6.4375,1.9375,6.8125,2.6125],"rotation":0,"texture":"#3","tintindex":0},"north":{"uv":[4.6375,5.1375,5.3125,5.8125],"rotation":0,"texture":"#3","tintindex":0},"south":{"uv":[5.15625,4.03125,5.84375,4.71875],"rotation":0,"texture":"#3","tintindex":0},"up":{"uv":[7.1125,1.4875,6.4375,1.1375],"rotation":0,"texture":"#3","tintindex":0},"west":{"uv":[6.0625,6.4375,6.4375,7.1125],"rotation":0,"texture":"#3","tintindex":0}}},{"name":"cube","from":[-3.316667,3.1020682,25.036728],"to":[1.4833333,8.5020685,25.036728],"rotation":{"angle":0.0,"axis":"x","origin":[7.483333,16.60207,-93.76328]},"faces":{"down":{"uv":[0.2375,0.0125,0.0125,0.0125],"rotation":0,"texture":"#3","tintindex":0},"east":{"uv":[0.0125,0.0125,0.0125,0.28125],"rotation":0,"texture":"#3","tintindex":0},"north":{"uv":[7.7625,7.84375,7.9875,8.1125],"rotation":0,"texture":"#3","tintindex":0},"south":{"uv":[7.8875,1.1875,8.1125,1.46875],"rotation":0,"texture":"#3","tintindex":0},"up":{"uv":[0.2375,0.0125,0.0125,0.0125],"rotation":0,"texture":"#3","tintindex":0},"west":{"uv":[0.0125,0.0125,0.0125,0.28125],"rotation":0,"texture":"#3","tintindex":0}}},{"name":"cube","from":[-3.316667,5.652068,22.336727],"to":[1.4833333,5.652068,27.736729],"rotation":{"angle":0.0,"axis":"x","origin":[7.483333,10.902069,-92.86328]},"faces":{"down":{"uv":[2.7375,7.8875,2.5125,8.15625],"rotation":0,"texture":"#3","tintindex":0},"east":{"uv":[0.0125,0.0125,0.28125,0.0125],"rotation":0,"texture":"#3","tintindex":0},"north":{"uv":[0.0125,0.0125,0.2375,0.0125],"rotation":0,"texture":"#3","tintindex":0},"south":{"uv":[0.0125,0.0125,0.2375,0.0125],"rotation":0,"texture":"#3","tintindex":0},"up":{"uv":[2.4875,8.15625,2.2625,7.8875],"rotation":0,"texture":"#3","tintindex":0},"west":{"uv":[0.0125,0.0125,0.28125,0.0125],"rotation":0,"texture":"#3","tintindex":0}}},{"name":"cube","from":[-3.316667,11.052069,22.336727],"to":[1.4833333,11.052069,27.736729],"rotation":{"angle":0.0,"axis":"x","origin":[7.483333,10.902069,-92.86328]},"faces":{"down":{"uv":[2.7375,7.8875,2.5125,8.15625],"rotation":0,"texture":"#3","tintindex":0},"east":{"uv":[0.0125,0.0125,0.28125,0.0125],"rotation":0,"texture":"#3","tintindex":0},"north":{"uv":[0.0125,0.0125,0.2375,0.0125],"rotation":0,"texture":"#3","tintindex":0},"south":{"uv":[0.0125,0.0125,0.2375,0.0125],"rotation":0,"texture":"#3","tintindex":0},"up":{"uv":[2.4875,8.15625,2.2625,7.8875],"rotation":0,"texture":"#3","tintindex":0},"west":{"uv":[0.0125,0.0125,0.28125,0.0125],"rotation":0,"texture":"#3","tintindex":0}}},{"name":"cube","from":[-3.316667,8.5020685,25.036728],"to":[1.4833333,13.902068,25.036728],"rotation":{"angle":0.0,"axis":"x","origin":[7.483333,16.60207,-93.76328]},"faces":{"down":{"uv":[0.2375,0.0125,0.0125,0.0125],"rotation":0,"texture":"#3","tintindex":0},"east":{"uv":[0.0125,0.0125,0.0125,0.28125],"rotation":0,"texture":"#3","tintindex":0},"north":{"uv":[7.7625,7.84375,7.9875,8.1125],"rotation":0,"texture":"#3","tintindex":0},"south":{"uv":[7.8875,1.1875,8.1125,1.46875],"rotation":0,"texture":"#3","tintindex":0},"up":{"uv":[0.2375,0.0125,0.0125,0.0125],"rotation":0,"texture":"#3","tintindex":0},"west":{"uv":[0.0125,0.0125,0.0125,0.28125],"rotation":0,"texture":"#3","tintindex":0}}},{"name":"cube","from":[14.683333,11.052069,22.336727],"to":[19.483334,11.052069,27.736729],"rotation":{"angle":0.0,"axis":"x","origin":[10.483334,10.902069,-92.86328]},"faces":{"down":{"uv":[2.5125,7.8875,2.7375,8.15625],"rotation":0,"texture":"#3","tintindex":0},"east":{"uv":[0.28125,0.0125,0.0125,0.0125],"rotation":0,"texture":"#3","tintindex":0},"north":{"uv":[0.2375,0.0125,0.0125,0.0125],"rotation":0,"texture":"#3","tintindex":0},"south":{"uv":[0.2375,0.0125,0.0125,0.0125],"rotation":0,"texture":"#3","tintindex":0},"up":{"uv":[2.2625,8.15625,2.4875,7.8875],"rotation":0,"texture":"#3","tintindex":0},"west":{"uv":[0.28125,0.0125,0.0125,0.0125],"rotation":0,"texture":"#3","tintindex":0}}},{"name":"cube","from":[14.683333,8.5020685,25.036728],"to":[19.483334,13.902068,25.036728],"rotation":{"angle":0.0,"axis":"x","origin":[10.483334,16.60207,-93.76328]},"faces":{"down":{"uv":[0.0125,0.0125,0.2375,0.0125],"rotation":0,"texture":"#3","tintindex":0},"east":{"uv":[0.0125,0.0125,0.0125,0.28125],"rotation":0,"texture":"#3","tintindex":0},"north":{"uv":[7.9875,7.84375,7.7625,8.1125],"rotation":0,"texture":"#3","tintindex":0},"south":{"uv":[8.1125,1.1875,7.8875,1.46875],"rotation":0,"texture":"#3","tintindex":0},"up":{"uv":[0.0125,0.0125,0.2375,0.0125],"rotation":0,"texture":"#3","tintindex":0},"west":{"uv":[0.0125,0.0125,0.0125,0.28125],"rotation":0,"texture":"#3","tintindex":0}}},{"name":"cube","from":[14.683333,3.1020682,25.036728],"to":[19.483334,8.5020685,25.036728],"rotation":{"angle":0.0,"axis":"x","origin":[10.483334,16.60207,-93.76328]},"faces":{"down":{"uv":[0.0125,0.0125,0.2375,0.0125],"rotation":0,"texture":"#3","tintindex":0},"east":{"uv":[0.0125,0.0125,0.0125,0.28125],"rotation":0,"texture":"#3","tintindex":0},"north":{"uv":[7.9875,7.84375,7.7625,8.1125],"rotation":0,"texture":"#3","tintindex":0},"south":{"uv":[8.1125,1.1875,7.8875,1.46875],"rotation":0,"texture":"#3","tintindex":0},"up":{"uv":[0.0125,0.0125,0.2375,0.0125],"rotation":0,"texture":"#3","tintindex":0},"west":{"uv":[0.0125,0.0125,0.0125,0.28125],"rotation":0,"texture":"#3","tintindex":0}}},{"name":"cube","from":[14.683333,5.652068,22.336727],"to":[19.483334,5.652068,27.736729],"rotation":{"angle":0.0,"axis":"x","origin":[10.483334,10.902069,-92.86328]},"faces":{"down":{"uv":[2.5125,7.8875,2.7375,8.15625],"rotation":0,"texture":"#3","tintindex":0},"east":{"uv":[0.28125,0.0125,0.0125,0.0125],"rotation":0,"texture":"#3","tintindex":0},"north":{"uv":[0.2375,0.0125,0.0125,0.0125],"rotation":0,"texture":"#3","tintindex":0},"south":{"uv":[0.2375,0.0125,0.0125,0.0125],"rotation":0,"texture":"#3","tintindex":0},"up":{"uv":[2.2625,8.15625,2.4875,7.8875],"rotation":0,"texture":"#3","tintindex":0},"west":{"uv":[0.28125,0.0125,0.0125,0.0125],"rotation":0,"texture":"#3","tintindex":0}}},{"name":"cube","from":[2.3833334,14.802069,25.036728],"to":[7.7833333,19.60207,25.036728],"rotation":{"angle":0.0,"axis":"x","origin":[5.6833334,14.802069,-93.76328]},"faces":{"down":{"uv":[0.0125,0.0125,0.0125,0.28125],"rotation":270,"texture":"#3","tintindex":0},"east":{"uv":[0.0125,0.0125,0.2375,0.0125],"rotation":270,"texture":"#3","tintindex":0},"north":{"uv":[7.9875,7.84375,7.7625,8.1125],"rotation":90,"texture":"#3","tintindex":0},"south":{"uv":[8.1125,1.1875,7.8875,1.46875],"rotation":270,"texture":"#3","tintindex":0},"up":{"uv":[0.0125,0.0125,0.0125,0.28125],"rotation":270,"texture":"#3","tintindex":0},"west":{"uv":[0.0125,0.0125,0.2375,0.0125],"rotation":270,"texture":"#3","tintindex":0}}},{"name":"cube","from":[10.633333,14.802069,22.336727],