{"textures":{"0":"modelengine:entity/cerberus","1":"modelengine:entity/cerberus2","2":"modelengine:entity/cerberus3","3":"modelengine:entity/cerberus4","4":"modelengine:entity/cerberus_bits","5":"modelengine:entity/avatar"},"elements":[{"name":"cube","from":[1.6999998,3.4999998,-2.2000003],"to":[14.3,20.900002,6.2],"rotation":{"angle":-22.5,"axis":"x","origin":[8.0,18.2,-1.6000004]},"faces":{"down":{"uv":[6.6875,0.0125,6.03125,0.4375],"rotation":0,"texture":"#3","tintindex":0},"east":{"uv":[5.53125,2.0125,5.96875,2.90625],"rotation":0,"texture":"#3","tintindex":0},"north":{"uv":[1.5625,4.53125,2.21875,5.4375],"rotation":0,"texture":"#3","tintindex":0},"south":{"uv":[4.78125,1.6375,5.4375,2.53125],"rotation":0,"texture":"#3","tintindex":0},"up":{"uv":[6.65625,1.9375,6.0125,1.5125],"rotation":0,"texture":"#3","tintindex":0},"west":{"uv":[2.21875,5.65625,2.65625,6.5625],"rotation":0,"texture":"#3","tintindex":0}}},{"name":"cube","from":[-0.10000038,5.8999996,-8.200001],"to":[16.1,11.3,7.4],"rotation":{"angle":-22.5,"axis":"x","origin":[8.0,18.2,-1.6000004]},"faces":{"down":{"uv":[4.78125,2.4375,3.9375,3.2375],"rotation":0,"texture":"#3","tintindex":0},"east":{"uv":[6.6875,4.90625,7.4875,5.1875],"rotation":0,"texture":"#3","tintindex":0},"north":{"uv":[6.65625,1.5125,7.4875,1.78125],"rotation":0,"texture":"#3","tintindex":0},"south":{"uv":[6.6875,0.0125,7.53125,0.28125],"rotation":0,"texture":"#3","tintindex":0},"up":{"uv":[4.78125,2.4375,3.9375,1.6375],"rotation":0,"texture":"#3","tintindex":0},"west":{"uv":[6.8125,0.28125,7.6125,0.5625],"rotation":0,"texture":"#3","tintindex":0}}},{"name":"cube","from":[-4.9000006,5.8999996,-2.8000002],"to":[-0.10000038,11.3,-2.8000002],"rotation":{"angle":-22.5,"axis":"x","origin":[8.0,18.2,-1.6000004]},"faces":{"down":{"uv":[0.2375,0.0125,0.0125,0.0125],"rotation":0,"texture":"#3","tintindex":0},"east":{"uv":[0.0125,0.0125,0.0125,0.28125],"rotation":0,"texture":"#3","tintindex":0},"north":{"uv":[7.8875,4.78125,8.1125,5.0625],"rotation":0,"texture":"#3","tintindex":0},"south":{"uv":[6.3125,7.8875,6.5625,8.15625],"rotation":0,"texture":"#3","tintindex":0},"up":{"uv":[0.2375,0.0125,0.0125,0.0125],"rotation":0,"texture":"#3","tintindex":0},"west":{"uv":[0.0125,0.0125,0.0125,0.28125],"rotation":0,"texture":"#3","tintindex":0}}},{"name":"cube","from":[-4.9000006,8.45,-3.4000006],"to":[-0.10000038,8.45,1.9999998],"rotation":{"angle":-22.5,"axis":"x","origin":[8.0,12.5,-0.7000003]},"faces":{"down":{"uv":[8.1875,7.46875,7.9375,7.7375],"rotation":0,"texture":"#3","tintindex":0},"east":{"uv":[0.0125,0.0125,0.28125,0.0125],"rotation":0,"texture":"#3","tintindex":0},"north":{"uv":[0.0125,0.0125,0.2375,0.0125],"rotation":0,"texture":"#3","tintindex":0},"south":{"uv":[0.0125,0.0125,0.2375,0.0125],"rotation":0,"texture":"#3","tintindex":0},"up":{"uv":[8.1875,5.34375,7.9375,5.0625],"rotation":0,"texture":"#3","tintindex":0},"west":{"uv":[0.0125,0.0125,0.28125,0.0125],"rotation":0,"texture":"#3","tintindex":0}}},{"name":"cube","from":[-4.9000006,5.8999996,3.7999997],"to":[-0.10000038,11.3,3.7999997],"rotation":{"angle":-22.5,"axis":"x","origin":[8.0,18.2,-1.6000004]},"faces":{"down":{"uv":[0.2375,0.0125,0.0125,0.0125],"rotation":0,"texture":"#3","tintindex":0},"east":{"uv":[0.0125,0.0125,0.0125,0.28125],"rotation":0,"texture":"#3","tintindex":0},"north":{"uv":[7.7625,7.84375,7.9875,8.1125],"rotation":0,"texture":"#3","tintindex":0},"south":{"uv":[7.8875,1.1875,8.1125,1.46875],"rotation":0,"texture":"#3","tintindex":0},"up":{"uv":[0.2375,0.0125,0.0125,0.0125],"rotation":0,"texture":"#3","tintindex":0},"west":{"uv":[0.0125,0.0125,0.0125,0.28125],"rotation":0,"texture":"#3","tintindex":0}}},{"name":"cube","from":[-4.9000006,8.45,3.1999998],"to":[-0.10000038,8.45,8.6],"rotation":{"angle":-22.5,"axis":"x","origin":[8.0,12.5,-0.7000003]},"faces":{"down":{"uv":[2.7375,7.8875,2.5125,8.15625],"rotation":0,"texture":"#3","tintindex":0},"east":{"uv":[0.0125,0.0125,0.28125,0.0125],"rotation":0,"texture":"#3","tintindex":0},"north":{"uv":[0.0125,0.0125,0.2375,0.0125],"rotation":0,"texture":"#3","tintindex":0},"south":{"uv":[0.0125,0.0125,0.2375,0.0125],"rotation":0,"texture":"#3","tintindex":0},"up":{"uv":[2.4875,8.15625,2.2625,7.8875],"rotation":0,"texture":"#3","tintindex":0},"west":{"uv":[0.0125,0.0125,0.28125,0.0125],"rotation":0,"texture":"#3","tintindex":0}}},{"name":"cube","from":[16.1,5.8999996,-2.8000002],"to":[20.900002,11.3,-2.8000002],"rotation":{"angle":-22.5,"axis":"x","origin":[11.0,18.2,-1.6000004]},"faces":{"down":{"uv":[0.2375,0.0125,0.0125,0.0125],"rotation":0,"texture":"#3","tintindex":0},"east":{"uv":[0.0125,0.0125,0.0125,0.28125],"rotation":0,"texture":"#3","tintindex":0},"north":{"uv":[1.46875,7.96875,1.71875,8.2375],"rotation":0,"texture":"#3","tintindex":0},"south":{"uv":[7.96875,1.84375,8.21875,2.1125],"rotation":0,"texture":"#3","tintindex":0},"up":{"uv":[0.2375,0.0125,0.0125,0.0125],"rotation":0,"texture":"#3","tintindex":0},"west":{"uv":[0.0125,0.0125,0.0125,0.28125],"rotation":0,"texture":"#3","tintindex":0}}},{"name":"cube","from":[16.1,8.45,-3.4000006],"to":[20.900002,8.45,1.9999998],"rotation":{"angle":-22.5,"axis":"x","origin":[11.0,12.5,-0.7000003]},"faces":{"down":{"uv":[8.21875,0.46875,7.96875,0.7375],"rotation":0,"texture":"#3","tintindex":0},"east":{"uv":[0.0125,0.0125,0.28125,0.0125],"rotation":0,"texture":"#3","tintindex":0},"north":{"uv":[0.0125,0.0125,0.2375,0.0125],"rotation":0,"texture":"#3","tintindex":0},"south":{"uv":[0.0125,0.0125,0.2375,0.0125],"rotation":0,"texture":"#3","tintindex":0},"up":{"uv":[8.21875,0.28125,7.96875,0.0125],"rotation":0,"texture":"#3","tintindex":0},"west":{"uv":[0.0125,0.0125,0.28125,0.0125],"rotation":0,"texture":"#3","tintindex":0}}},{"name":"cube","from":[8.3,7.7,3.6499999],"to":[8.3,22.7,12.05],"rotation":{"angle":-22.5,"axis":"x","origin":[8.0,16.400002,-3.4000006]},"faces":{"down":{"uv":[0.0125,0.0125,0.0125,0.4375],"rotation":0,"texture":"#3","tintindex":0},"east":{"uv":[3.09375,6.0125,2.65625,6.78125],"rotation":0,"texture":"#3","tintindex":0},"north":{"uv":[0.0125,0.0125,0.0125,0.78125],"rotation":0,"texture":"#3","tintindex":0},"south":{"uv":[0.0125,0.0125,0.0125,0.78125],"rotation":0,"texture":"#3","tintindex":0},"up":{"uv":[0.0125,0.4375,0.0125,0.0125],"rotation":0,"texture":"#3","tintindex":0},"west":{"uv":[2.65625,6.0125,3.09375,6.78125],"rotation":0,"texture":"#3","tintindex":0}}},{"name":"cube","from":[16.1,5.8999996,3.7999997],"to":[20.900002,11.3,3.7999997],"rotation":{"angle":-22.5,"axis":"x","origin":[11.0,18.2,-1.6000004]},"faces":{"down":{"uv":[0.2375,0.0125,0.0125,0.0125],"rotation":0,"texture":"#3","tintindex":0},"east":{"uv":[0.0125,0.0125,0.0125,0.28125],"rotation":0,"texture":"#3","tintindex":0},"north":{"uv":[8.0125,3.0625,8.2375,3.34375],"rotation":0,"texture":"#3","tintindex":0},"south":{"uv":[8.0125,3.34375,8.2375,3.6125],"rotation":0,"texture":"#3","tintindex":0},"up":{"uv":[0.2375,0.0125,0.0125,0.0125],"rotation":0,"texture":"#3","tintindex":0},"west":{"uv":[0.0125,0.0125,0.0125,0.28125],"rotation":0,"texture":"#3","tintindex":0}}},{"name":"cube","from":[4.1,8.9,-8.8],"to":[11.900001,12.5,-3.4000006],"rotation":{"angle":-22.5,"axis":"x","origin":[8.0,16.400002,-3.4000006]},"faces":{"down":{"uv":[7.9375,7.5625,7.53125,7.84375],"rotation":0,"texture":"#3","tintindex":0},"east":{"uv":[7.96875,0.7625,8.2375,0.9375],"rotation":0,"texture":"#3","tintindex":0},"north":{"uv":[7.78125,2.28125,8.1875,2.46875],"rotation":0,"texture":"#3","tintindex":0},"south":{"uv":[7.34375,7.84375,7.7375,8.03125],"rotation":0,"texture":"#3","tintindex":0},"up":{"uv":[6.4375,0.71875,6.03125,0.4375],"rotation":0,"texture":"#3","tintindex":0},"west":{"uv":[7.96875,7.28125,8.2375,7.46875],"rotation":0,"texture":"#3","tintindex":0}}},{"name":"cube","from":[16.1,8.45,3.1999998],"to":[20.900002,8.45,8.6],"rotation":{"angle":-22.5,"axis":"x","origin":[11.0,12.5,-0.7000003]},"faces":{"down":{"uv":[8.21875,7.0125,7.96875,7.28125],"rotation":0,"texture":"#3","tintindex":0},