{"textures":{"0":"modelengine:entity/cerberus","1":"modelengine:entity/cerberus2","2":"modelengine:entity/cerberus3","3":"modelengine:entity/cerberus4","4":"modelengine:entity/cerberus_bits","5":"modelengine:entity/avatar"},"elements":[{"name":"cube","from":[6.8,-3.3999982,0.19999981],"to":[17.6,10.4000025,14.0],"rotation":{"angle":-45.0,"axis":"x","origin":[17.0,8.000002,4.3999996]},"faces":{"down":{"uv":[5.46875,0.0125,6.03125,0.71875],"rotation":0,"texture":"#3","tintindex":0},"east":{"uv":[4.6125,5.1375,3.90625,5.84375],"rotation":0,"texture":"#3","tintindex":0},"north":{"uv":[1.65625,2.3125,1.09375,3.03125],"rotation":0,"texture":"#3","tintindex":0},"south":{"uv":[5.9875,1.28125,5.4375,1.9875],"rotation":0,"texture":"#3","tintindex":0},"up":{"uv":[1.65625,6.15625,2.21875,5.4375],"rotation":0,"texture":"#3","tintindex":0},"west":{"uv":[5.65625,3.3125,4.9375,4.03125],"rotation":0,"texture":"#3","tintindex":0}}},{"name":"cube","from":[12.2,-3.3999982,14.0],"to":[12.2,10.4000025,20.600002],"rotation":{"angle":-45.0,"axis":"x","origin":[17.0,8.000002,4.3999996]},"faces":{"down":{"uv":[0.0125,0.0125,0.0125,0.34375],"rotation":0,"texture":"#3","tintindex":0},"east":{"uv":[5.21875,6.59375,4.8875,7.3125],"rotation":0,"texture":"#3","tintindex":0},"north":{"uv":[0.0125,0.0125,0.0125,0.71875],"rotation":0,"texture":"#3","tintindex":0},"south":{"uv":[0.0125,0.0125,0.0125,0.71875],"rotation":0,"texture":"#3","tintindex":0},"up":{"uv":[0.0125,0.34375,0.0125,0.0125],"rotation":0,"texture":"#3","tintindex":0},"west":{"uv":[4.8875,6.59375,5.21875,7.3125],"rotation":0,"texture":"#3","tintindex":0}}},{"name":"cube","from":[17.6,-10.599998,2.6],"to":[20.600002,-4.5999985,11.0],"rotation":{"angle":-45.0,"axis":"x","origin":[17.0,8.000002,4.3999996]},"faces":{"down":{"uv":[3.2625,13.7625,3.8625,15.4875],"rotation":0,"texture":"#4","tintindex":0},"east":{"uv":[8.1125,13.7625,6.3875,14.9875],"rotation":0,"texture":"#4","tintindex":0},"north":{"uv":[4.4875,13.7625,3.8875,14.9875],"rotation":0,"texture":"#4","tintindex":0},"south":{"uv":[14.6125,0.0125,14.0125,1.2375],"rotation":0,"texture":"#4","tintindex":0},"up":{"uv":[6.3875,11.4875,6.9875,9.7625],"rotation":0,"texture":"#4","tintindex":0},"west":{"uv":[3.2375,13.7625,1.5125,14.9875],"rotation":0,"texture":"#4","tintindex":0}}},{"name":"cube","from":[13.400001,-4.5999985,-1.0000005],"to":[20.600002,3.2000022,15.2],"rotation":{"angle":-45.0,"axis":"x","origin":[17.0,8.000002,4.3999996]},"faces":{"down":{"uv":[11.8875,11.2625,13.3625,14.6125],"rotation":0,"texture":"#4","tintindex":0},"east":{"uv":[15.2375,9.6375,11.8875,11.2375],"rotation":0,"texture":"#4","tintindex":0},"north":{"uv":[6.3625,13.1375,4.8875,14.7375],"rotation":0,"texture":"#4","tintindex":0},"south":{"uv":[1.4875,13.7625,0.0125,15.3625],"rotation":0,"texture":"#4","tintindex":0},"up":{"uv":[4.8875,13.1125,6.3625,9.7625],"rotation":0,"texture":"#4","tintindex":0},"west":{"uv":[15.2375,8.0125,11.8875,9.6125],"rotation":0,"texture":"#4","tintindex":0}}},{"name":"cube","from":[14.6,-16.0,10.4],"to":[14.6,-3.3999982,15.8],"rotation":{"angle":-45.0,"axis":"x","origin":[17.0,8.000002,4.3999996]},"faces":{"down":{"uv":[0.0125,0.0125,0.0125,0.28125],"rotation":0,"texture":"#3","tintindex":0},"east":{"uv":[7.3625,3.46875,7.09375,4.1125],"rotation":0,"texture":"#3","tintindex":0},"north":{"uv":[0.0125,0.0125,0.0125,0.65625],"rotation":0,"texture":"#3","tintindex":0},"south":{"uv":[0.0125,0.0125,0.0125,0.65625],"rotation":0,"texture":"#3","tintindex":0},"up":{"uv":[0.0125,0.28125,0.0125,0.0125],"rotation":0,"texture":"#3","tintindex":0},"west":{"uv":[7.09375,3.46875,7.3625,4.1125],"rotation":0,"texture":"#3","tintindex":0}}},{"name":"cube","from":[9.8,-11.199999,0.19999981],"to":[17.6,-3.3999982,10.4],"rotation":{"angle":-45.0,"axis":"x","origin":[17.0,8.000002,4.3999996]},"faces":{"down":{"uv":[0.34375,6.90625,0.7375,7.4375],"rotation":0,"texture":"#3","tintindex":0},"east":{"uv":[7.2375,6.84375,6.71875,7.2375],"rotation":0,"texture":"#3","tintindex":0},"north":{"uv":[2.65625,7.28125,2.2625,7.6875],"rotation":0,"texture":"#3","tintindex":0},"south":{"uv":[3.0625,7.28125,2.65625,7.6875],"rotation":0,"texture":"#3","tintindex":0},"up":{"uv":[2.3875,3.6875,2.78125,3.15625],"rotation":0,"texture":"#3","tintindex":0},"west":{"uv":[7.34375,0.5625,6.8125,0.96875],"rotation":0,"texture":"#3","tintindex":0}}},{"name":"cube","from":[11.0,-16.0,4.3999996],"to":[17.0,-11.199999,10.4],"rotation":{"angle":-45.0,"axis":"x","origin":[17.0,8.000002,4.3999996]},"faces":{"down":{"uv":[7.6875,3.0625,7.9875,3.3625],"rotation":0,"texture":"#3","tintindex":0},"east":{"uv":[2.2375,7.84375,1.9375,8.09375],"rotation":0,"texture":"#3","tintindex":0},"north":{"uv":[3.40625,6.0125,3.09375,6.2375],"rotation":0,"texture":"#3","tintindex":0},"south":{"uv":[0.53125,7.84375,0.21875,8.09375],"rotation":0,"texture":"#3","tintindex":0},"up":{"uv":[2.65625,5.96875,2.96875,5.65625],"rotation":0,"texture":"#3","tintindex":0},"west":{"uv":[8.1125,3.71875,7.8125,3.96875],"rotation":0,"texture":"#3","tintindex":0}}}],"display":{"head":{"translation":[0.0,-8.640009,0.0],"rotation":[0.0,0.0,0.0],"scale":[3.8095,3.8095,3.8095]}}}