{"textures":{"0":"modelengine:entity/kriger"},"elements":[{"from":[6.285714,6.5714283,5.714286],"to":[9.714286,9.428572,9.142858],"rotation":{"angle":-22.5,"axis":"z","origin":[8.0,8.0,8.0]},"faces":{"east":{"uv":[7.4875,11.7625,6.7625,12.3625],"rotation":0,"texture":"#0","tintindex":0},"south":{"uv":[4.6125,11.7625,3.8875,12.3625],"rotation":0,"texture":"#0","tintindex":0},"north":{"uv":[8.9875,11.6375,8.2625,12.2375],"rotation":0,"texture":"#0","tintindex":0},"west":{"uv":[12.3625,9.3875,11.6375,9.9875],"rotation":0,"texture":"#0","tintindex":0},"up":{"uv":[11.1375,12.1125,11.8625,11.3875],"rotation":0,"texture":"#0","tintindex":0},"down":{"uv":[11.5125,0.6375,12.2375,1.3625],"rotation":0,"texture":"#0","tintindex":0}}}],"display":{"head":{"translation":[0.0,-6.4,0.0],"scale":[4.0,4.0,4.0]}}}