{"textures":{"2":"modelengine:entity/questguide"},"elements":[{"from":[6.6569643,1.6099997,7.260714],"to":[9.318393,7.654286,8.739285],"rotation":{"angle":0.0,"axis":"y","origin":[6.0655355,-3.297144,9.330714]},"faces":{"east":{"uv":[3.75,7.5,4.125,10.625],"rotation":0,"texture":"#2","tintindex":0},"south":{"uv":[1.5,4.75,2.25,7.875],"rotation":0,"texture":"#2","tintindex":0},"north":{"uv":[0.75,4.75,1.5,7.875],"rotation":0,"texture":"#2","tintindex":0},"west":{"uv":[7.75,6.5,8.125,9.625],"rotation":0,"texture":"#2","tintindex":0},"up":{"uv":[11.5,10.125,10.75,9.75],"rotation":0,"texture":"#2","tintindex":0},"down":{"uv":[10.75,10.75,10.0,11.125],"rotation":0,"texture":"#2","tintindex":0}}},{"from":[6.575536,0.70285654,7.147143],"to":[9.399821,1.73,8.788571],"rotation":{"angle":0.0,"axis":"y","origin":[6.0655355,-3.297144,8.617143]},"faces":{"east":{"uv":[8.25,7.25,8.875,8.75],"rotation":0,"texture":"#2","tintindex":0},"south":{"uv":[2.25,6.75,3.25,8.25],"rotation":0,"texture":"#2","tintindex":0},"north":{"uv":[6.75,2.0,7.75,3.5],"rotation":0,"texture":"#2","tintindex":0},"west":{"uv":[8.75,2.0,9.375,3.5],"rotation":0,"texture":"#2","tintindex":0},"up":{"uv":[11.0,9.625,10.0,9.0],"rotation":0,"texture":"#2","tintindex":0},"down":{"uv":[10.25,10.0,9.25,10.625],"rotation":0,"texture":"#2","tintindex":0}}},{"from":[4.9405355,0.70285654,8.565714],"to":[9.641964,1.3142858,9.084286],"rotation":{"angle":0.0,"axis":"y","origin":[6.0655355,-3.297144,8.617143]},"faces":{"east":{"uv":[1.75,11.0,1.90125,11.345],"rotation":0,"texture":"#2","tintindex":0},"south":{"uv":[10.25,2.0,11.37125,2.345],"rotation":0,"texture":"#2","tintindex":0},"north":{"uv":[10.25,1.5,11.37125,1.845],"rotation":0,"texture":"#2","tintindex":0},"west":{"uv":[11.0,6.75,11.15125,7.095],"rotation":0,"texture":"#2","tintindex":0},"up":{"uv":[10.62125,2.65125,9.5,2.5],"rotation":0,"texture":"#2","tintindex":0},"down":{"uv":[1.12125,9.75,0.0,9.90125],"rotation":0,"texture":"#2","tintindex":0}}},{"from":[4.9405355,0.70285654,7.7085714],"to":[9.641964,1.3142858,8.227143],"rotation":{"angle":0.0,"axis":"y","origin":[6.0655355,-3.297144,8.617143]},"faces":{"east":{"uv":[1.75,11.0,1.90125,11.345],"rotation":0,"texture":"#2","tintindex":0},"south":{"uv":[10.25,2.0,11.37125,2.345],"rotation":0,"texture":"#2","tintindex":0},"north":{"uv":[10.25,1.5,11.37125,1.845],"rotation":0,"texture":"#2","tintindex":0},"west":{"uv":[11.0,6.75,11.15125,7.095],"rotation":0,"texture":"#2","tintindex":0},"up":{"uv":[10.62125,2.65125,9.5,2.5],"rotation":0,"texture":"#2","tintindex":0},"down":{"uv":[1.12125,9.75,0.0,9.90125],"rotation":0,"texture":"#2","tintindex":0}}},{"from":[4.9405355,0.70285654,6.8514285],"to":[9.641964,1.3142858,7.37],"rotation":{"angle":0.0,"axis":"y","origin":[6.0655355,-3.297144,8.617143]},"faces":{"east":{"uv":[1.75,11.0,1.90125,11.345],"rotation":0,"texture":"#2","tintindex":0},"south":{"uv":[10.25,2.0,11.37125,2.345],"rotation":0,"texture":"#2","tintindex":0},"north":{"uv":[10.25,1.5,11.37125,1.845],"rotation":0,"texture":"#2","tintindex":0},"west":{"uv":[11.0,6.75,11.15125,7.095],"rotation":0,"texture":"#2","tintindex":0},"up":{"uv":[10.62125,2.65125,9.5,2.5],"rotation":0,"texture":"#2","tintindex":0},"down":{"uv":[1.12125,9.75,0.0,9.90125],"rotation":0,"texture":"#2","tintindex":0}}}],"display":{"head":{"translation":[0.0,-6.4,0.0],"scale":[4.0,4.0,4.0]}}}