{"textures":{"0":"modelengine:entity/diamondgolem"},"elements":[{"from":[7.1255937,0.14989948,-0.85294914],"to":[17.982738,7.578471,11.718481],"rotation":{"angle":0.0,"axis":"y","origin":[35.17523,17.366022,14.304062]},"faces":{"east":{"uv":[8.5625,5.0,9.9375,5.8125],"rotation":0,"texture":"#0","tintindex":0},"south":{"uv":[9.375,8.5625,10.5625,9.375],"rotation":0,"texture":"#0","tintindex":0},"north":{"uv":[9.375,7.75,10.5625,8.5625],"rotation":0,"texture":"#0","tintindex":0},"west":{"uv":[8.5625,5.8125,9.9375,6.625],"rotation":0,"texture":"#0","tintindex":0},"up":{"uv":[8.375,4.0625,7.1875,2.6875],"rotation":0,"texture":"#0","tintindex":0},"down":{"uv":[8.6875,0.0,7.5,1.375],"rotation":0,"texture":"#0","tintindex":0}}},{"from":[8.268451,-4.992959,0.8613372],"to":[13.411308,0.14989948,11.718481],"rotation":{"angle":0.0,"axis":"y","origin":[35.17523,17.366022,14.304062]},"faces":{"east":{"uv":[10.5625,5.5,11.75,6.0625],"rotation":0,"texture":"#0","tintindex":0},"south":{"uv":[0.9375,12.625,1.5,13.1875],"rotation":0,"texture":"#0","tintindex":0},"north":{"uv":[0.375,12.625,0.9375,13.1875],"rotation":0,"texture":"#0","tintindex":0},"west":{"uv":[10.8125,3.6875,12.0,4.25],"rotation":0,"texture":"#0","tintindex":0},"up":{"uv":[4.25,12.125,3.6875,10.9375],"rotation":0,"texture":"#0","tintindex":0},"down":{"uv":[4.8125,10.9375,4.25,12.125],"rotation":0,"texture":"#0","tintindex":0}}},{"from":[20.165478,-11.976025,2.575623],"to":[25.879763,-5.118883,10.5756235],"rotation":{"angle":-22.5,"axis":"z","origin":[35.17523,17.366022,14.304062]},"faces":{"east":{"uv":[11.0,9.25,11.875,10.0],"rotation":0,"texture":"#0","tintindex":0},"south":{"uv":[6.375,11.9375,7.0,12.6875],"rotation":0,"texture":"#0","tintindex":0},"north":{"uv":[11.875,10.75,12.5,11.5],"rotation":0,"texture":"#0","tintindex":0},"west":{"uv":[11.125,10.0,12.0,10.75],"rotation":0,"texture":"#0","tintindex":0},"up":{"uv":[3.375,12.5,2.75,11.625],"rotation":0,"texture":"#0","tintindex":0},"down":{"uv":[11.4375,11.625,10.8125,12.5],"rotation":0,"texture":"#0","tintindex":0}}}],"display":{"head":{"translation":[0.0,-6.4,0.0],"scale":[4.0,4.0,4.0]}}}