{"textures":{"0":"modelengine:entity/kobold_assassin","1":"modelengine:entity/kobold_xbow","2":"modelengine:entity/kobold_dagger","3":"modelengine:entity/kobold_assassin_swipe"},"elements":[{"name":"cube","from":[10.1,-4.771086,3.3279102],"to":[11.3,11.428916,5.12791],"rotation":{"angle":0.0,"axis":"x","origin":[8.9,10.228916,5.12791]},"faces":{"down":{"uv":[6.275,9.025,6.725,9.725],"rotation":180,"texture":"#1","tintindex":0},"east":{"uv":[0.025,0.025,6.725,0.725],"rotation":90,"texture":"#1","tintindex":0},"north":{"uv":[0.475,9.725,0.025,3.025],"rotation":180,"texture":"#1","tintindex":0},"south":{"uv":[0.975,3.025,0.525,9.725],"rotation":0,"texture":"#1","tintindex":0},"up":{"uv":[4.275,9.275,4.725,9.975],"rotation":0,"texture":"#1","tintindex":0},"west":{"uv":[0.025,0.775,6.725,1.475],"rotation":270,"texture":"#1","tintindex":0}}},{"name":"cube","from":[7.1,-7.7710867,3.92791],"to":[11.900001,-7.1710863,6.3279104],"rotation":{"angle":0.0,"axis":"x","origin":[8.9,10.228916,5.12791]},"faces":{"down":{"uv":[8.025,7.025,9.975,7.975],"rotation":180,"texture":"#1","tintindex":0},"east":{"uv":[6.775,4.025,6.975,4.975],"rotation":90,"texture":"#1","tintindex":0},"north":{"uv":[12.975,4.975,11.025,4.775],"rotation":180,"texture":"#1","tintindex":0},"south":{"uv":[12.975,6.525,11.025,6.725],"rotation":0,"texture":"#1","tintindex":0},"up":{"uv":[8.025,8.025,9.975,8.975],"rotation":0,"texture":"#1","tintindex":0},"west":{"uv":[6.775,5.025,6.975,5.975],"rotation":270,"texture":"#1","tintindex":0}}},{"name":"cube","from":[4.9974937,-6.8754816,3.92791],"to":[7.397494,-6.275482,6.3279104],"rotation":{"angle":-22.5,"axis":"z","origin":[4.9974937,-6.5754824,5.12791]},"faces":{"down":{"uv":[5.275,10.275,6.225,11.225],"rotation":180,"texture":"#1","tintindex":0},"east":{"uv":[4.775,11.275,4.975,12.225],"rotation":90,"texture":"#1","tintindex":0},"north":{"uv":[11.975,8.475,11.025,8.275],"rotation":180,"texture":"#1","tintindex":0},"south":{"uv":[6.225,11.275,5.275,11.475],"rotation":0,"texture":"#1","tintindex":0},"up":{"uv":[7.775,10.275,8.725,11.225],"rotation":0,"texture":"#1","tintindex":0},"west":{"uv":[5.025,11.275,5.225,12.225],"rotation":270,"texture":"#1","tintindex":0}}},{"name":"cube","from":[11.602507,-6.8754816,3.92791],"to":[14.002506,-6.275482,6.3279104],"rotation":{"angle":22.5,"axis":"z","origin":[14.002506,-6.5754824,5.12791]},"faces":{"down":{"uv":[6.225,10.275,5.275,11.225],"rotation":180,"texture":"#1","tintindex":0},"east":{"uv":[5.225,11.275,5.025,12.225],"rotation":90,"texture":"#1","tintindex":0},"north":{"uv":[11.025,8.475,11.975,8.275],"rotation":180,"texture":"#1","tintindex":0},"south":{"uv":[5.275,11.275,6.225,11.475],"rotation":0,"texture":"#1","tintindex":0},"up":{"uv":[8.725,10.275,7.775,11.225],"rotation":0,"texture":"#1","tintindex":0},"west":{"uv":[4.975,11.275,4.775,12.225],"rotation":270,"texture":"#1","tintindex":0}}},{"name":"cube","from":[7.7,-7.1710863,3.92791],"to":[8.3,-4.771086,5.12791],"rotation":{"angle":0.0,"axis":"x","origin":[9.5,10.228916,5.12791]},"faces":{"down":{"uv":[4.025,10.525,4.225,10.975],"rotation":180,"texture":"#1","tintindex":0},"east":{"uv":[6.275,11.025,7.225,11.475],"rotation":90,"texture":"#1","tintindex":0},"north":{"uv":[6.975,9.975,6.775,9.025],"rotation":180,"texture":"#1","tintindex":0},"south":{"uv":[4.975,9.275,4.775,10.225],"rotation":0,"texture":"#1","tintindex":0},"up":{"uv":[7.775,11.275,7.975,11.725],"rotation":0,"texture":"#1","tintindex":0},"west":{"uv":[11.025,6.775,11.975,7.225],"rotation":270,"texture":"#1","tintindex":0}}},{"name":"cube","from":[10.700001,-7.1710863,3.92791],"to":[11.3,-4.771086,5.12791],"rotation":{"angle":0.0,"axis":"x","origin":[12.5,10.228916,5.12791]},"faces":{"down":{"uv":[8.025,11.275,8.225,11.725],"rotation":180,"texture":"#1","tintindex":0},"east":{"uv":[11.025,7.275,11.975,7.725],"rotation":90,"texture":"#1","tintindex":0},"north":{"uv":[1.975,11.975,1.775,11.025],"rotation":180,"texture":"#1","tintindex":0},"south":{"uv":[4.725,11.275,4.525,12.225],"rotation":0,"texture":"#1","tintindex":0},"up":{"uv":[8.275,11.275,8.475,11.725],"rotation":0,"texture":"#1","tintindex":0},"west":{"uv":[11.025,7.775,11.975,8.225],"rotation":270,"texture":"#1","tintindex":0}}},{"name":"cube","from":[7.7,-4.771086,3.3279102],"to":[8.9,11.428916,5.12791],"rotation":{"angle":0.0,"axis":"x","origin":[5.8999996,10.228916,5.12791]},"faces":{"down":{"uv":[1.275,11.025,1.725,11.725],"rotation":180,"texture":"#1","tintindex":0},"east":{"uv":[0.025,1.525,6.725,2.225],"rotation":90,"texture":"#1","tintindex":0},"north":{"uv":[1.475,9.725,1.025,3.025],"rotation":180,"texture":"#1","tintindex":0},"south":{"uv":[1.975,3.025,1.525,9.725],"rotation":0,"texture":"#1","tintindex":0},"up":{"uv":[8.775,11.025,9.225,11.725],"rotation":0,"texture":"#1","tintindex":0},"west":{"uv":[0.025,2.275,6.725,2.975],"rotation":270,"texture":"#1","tintindex":0}}},{"name":"cube","from":[8.3,-1.7710848,5.12791],"to":[10.700001,5.428914,6.9279103],"rotation":{"angle":0.0,"axis":"x","origin":[9.5,1.828914,6.02791]},"faces":{"down":{"uv":[10.775,0.525,11.725,1.225],"rotation":180,"texture":"#1","tintindex":0},"east":{"uv":[6.775,0.025,9.725,0.725],"rotation":90,"texture":"#1","tintindex":0},"north":{"uv":[5.975,8.975,5.025,6.025],"rotation":180,"texture":"#1","tintindex":0},"south":{"uv":[6.975,6.025,6.025,8.975],"rotation":0,"texture":"#1","tintindex":0},"up":{"uv":[2.025,10.775,2.975,11.475],"rotation":0,"texture":"#1","tintindex":0},"west":{"uv":[6.775,0.775,9.725,1.475],"rotation":270,"texture":"#1","tintindex":0}}},{"name":"cube","from":[8.9,4.828914,6.3279104],"to":[10.1,9.628914,7.52791],"rotation":{"angle":0.0,"axis":"x","origin":[5.8999996,10.828916,5.12791]},"faces":{"down":{"uv":[3.525,11.275,3.975,11.725],"rotation":180,"texture":"#1","tintindex":0},"east":{"uv":[6.775,2.525,8.725,2.975],"rotation":90,"texture":"#1","tintindex":0},"north":{"uv":[6.725,5.975,6.275,4.025],"rotation":180,"texture":"#1","tintindex":0},"south":{"uv":[7.725,10.025,7.275,11.975],"rotation":0,"texture":"#1","tintindex":0},"up":{"uv":[4.025,11.275,4.475,11.725],"rotation":0,"texture":"#1","tintindex":0},"west":{"uv":[10.025,8.525,11.975,8.975],"rotation":270,"texture":"#1","tintindex":0}}},{"name":"cube","from":[8.3,7.764793,5.466672],"to":[10.700001,15.564795,7.8666725],"rotation":{"angle":22.5,"axis":"x","origin":[9.5,11.964794,6.3666725]},"faces":{"down":{"uv":[10.025,7.525,10.975,8.475],"rotation":180,"texture":"#1","tintindex":0},"east":{"uv":[3.025,4.025,6.225,4.975],"rotation":90,"texture":"#1","tintindex":0},"north":{"uv":[3.975,9.225,3.025,6.025],"rotation":180,"texture":"#1","tintindex":0},"south":{"uv":[4.975,6.025,4.025,9.225],"rotation":0,"texture":"#1","tintindex":0},"up":{"uv":[4.275,10.275,5.225,11.225],"rotation":0,"texture":"#1","tintindex":0},"west":{"uv":[3.025,5.025,6.225,5.975],"rotation":270,"texture":"#1","tintindex":0}}},{"name":"cube","from":[8.3,5.428914,5.12791],"to":[10.700001,8.428914,6.3279104],"rotation":{"angle":0.0,"axis":"x","origin":[9.5,4.828914,4.8279104]},"faces":{"down":{"uv":[11.025,3.775,11.975,4.225],"rotation":180,"texture":"#1","tintindex":0},"east":{"uv":[11.025,1.775,12.225,2.225],"rotation":90,"texture":"#1","tintindex":0},"north":{"uv":[10.975,3.725,10.025,2.525],"rotation":180,"texture":"#1","tintindex":0},"south":{"uv":[10.975,3.775,10.025,4.975],"rotation":0,"texture":"#1","tintindex":0},"up":{"uv":[11.025,4.275,11.975,4.725],"rotation":0,"texture":"#1","tintindex":0},"west":{"uv":[11.025,2.275,12.225,2.725],"rotation":270,"texture":"#1","tintindex":0}}},{"name":"cube","from":[8.3,9.628914,2.7279105],"to":[10.700001,12.628916,4.52791],"rotation":{"angle":0.0,"axis":"x","origin":[5.8999996,11.428916,5.12791]},"faces":{"down":{"uv":[3.025,10.525,3.975,11.225],"rotation":180,"texture":"#1","tintindex":0},"east":{"uv":[8.775,10.275,9.975,10.975],"rotation":90,"texture":"#1","tintindex":0},"north":{"uv":[0.975,10.975,0.025,9.775],"rotation":180,"texture":"#1","tintindex":0},