{"textures":{"0":"modelengine:entity/kobold_assassin","1":"modelengine:entity/kobold_xbow","2":"modelengine:entity/kobold_dagger","3":"modelengine:entity/kobold_assassin_swipe"},"elements":[{"name":"cube","from":[8.0,5.0,6.2],"to":[9.2,8.0,9.8],"rotation":{"angle":0.0,"axis":"x","origin":[15.2,25.400002,3.7999997]},"faces":{"down":{"uv":[1.3625,5.8875,1.1375,6.6125],"rotation":0,"texture":"#0","tintindex":0},"east":{"uv":[8.1375,9.8875,8.8625,10.4875],"rotation":0,"texture":"#0","tintindex":0},"north":{"uv":[9.6375,11.6375,9.8625,12.2375],"rotation":0,"texture":"#0","tintindex":0},"south":{"uv":[9.8875,11.6375,10.1125,12.2375],"rotation":0,"texture":"#0","tintindex":0},"up":{"uv":[1.6125,4.6125,1.3875,3.8875],"rotation":0,"texture":"#0","tintindex":0},"west":{"uv":[10.0125,0.0125,10.7375,0.6125],"rotation":0,"texture":"#0","tintindex":0}}},{"name":"cube","from":[8.672792,3.975736,6.14],"to":[11.072792,5.775736,9.74],"rotation":{"angle":45.0,"axis":"z","origin":[9.272793,4.575736,6.8]},"faces":{"down":{"uv":[10.8625,10.0125,10.3875,10.7375],"rotation":0,"texture":"#0","tintindex":0},"east":{"uv":[11.0125,5.0125,11.7375,5.3625],"rotation":0,"texture":"#0","tintindex":0},"north":{"uv":[11.5125,7.7625,11.9875,8.1125],"rotation":0,"texture":"#0","tintindex":0},"south":{"uv":[8.0125,11.5125,8.4875,11.8625],"rotation":0,"texture":"#0","tintindex":0},"up":{"uv":[10.2375,11.1125,9.7625,10.3875],"rotation":0,"texture":"#0","tintindex":0},"west":{"uv":[11.0125,5.3875,11.7375,5.7375],"rotation":0,"texture":"#0","tintindex":0}}},{"name":"cube","from":[9.2,6.2,6.2],"to":[10.4,8.0,8.6],"rotation":{"angle":0.0,"axis":"x","origin":[15.2,25.400002,3.7999997]},"faces":{"down":{"uv":[2.8625,11.8875,2.6375,12.3625],"rotation":0,"texture":"#0","tintindex":0},"east":{"uv":[8.5125,11.5125,8.9875,11.8625],"rotation":0,"texture":"#0","tintindex":0},"north":{"uv":[4.7625,3.5125,4.9875,3.8625],"rotation":0,"texture":"#0","tintindex":0},"south":{"uv":[7.0125,2.2625,7.2375,2.6125],"rotation":0,"texture":"#0","tintindex":0},"up":{"uv":[12.1125,2.9875,11.8875,2.5125],"rotation":0,"texture":"#0","tintindex":0},"west":{"uv":[0.0125,11.6375,0.4875,11.9875],"rotation":0,"texture":"#0","tintindex":0}}}],"display":{"head":{"translation":[0.0,-6.4,0.0],"rotation":[0.0,0.0,0.0],"scale":[3.8095,3.8095,3.8095]}}}