{"textures":{"0":"modelengine:entity/kobold_assassin","1":"modelengine:entity/kobold_xbow","2":"modelengine:entity/kobold_dagger","3":"modelengine:entity/kobold_assassin_swipe"},"elements":[{"name":"cube","from":[6.8,5.0,6.2],"to":[8.0,8.0,9.8],"rotation":{"angle":0.0,"axis":"x","origin":[0.7999997,25.400002,3.7999997]},"faces":{"down":{"uv":[1.1375,5.8875,1.3625,6.6125],"rotation":0,"texture":"#0","tintindex":0},"east":{"uv":[10.7375,0.0125,10.0125,0.6125],"rotation":0,"texture":"#0","tintindex":0},"north":{"uv":[9.8625,11.6375,9.6375,12.2375],"rotation":0,"texture":"#0","tintindex":0},"south":{"uv":[10.1125,11.6375,9.8875,12.2375],"rotation":0,"texture":"#0","tintindex":0},"up":{"uv":[1.3875,4.6125,1.6125,3.8875],"rotation":0,"texture":"#0","tintindex":0},"west":{"uv":[8.8625,9.8875,8.1375,10.4875],"rotation":0,"texture":"#0","tintindex":0}}},{"name":"cube","from":[4.927208,3.975736,6.14],"to":[7.327208,5.775736,9.74],"rotation":{"angle":-45.0,"axis":"z","origin":[6.727208,4.575736,6.8]},"faces":{"down":{"uv":[10.3875,10.0125,10.8625,10.7375],"rotation":0,"texture":"#0","tintindex":0},"east":{"uv":[11.7375,5.3875,11.0125,5.7375],"rotation":0,"texture":"#0","tintindex":0},"north":{"uv":[11.9875,7.7625,11.5125,8.1125],"rotation":0,"texture":"#0","tintindex":0},"south":{"uv":[8.4875,11.5125,8.0125,11.8625],"rotation":0,"texture":"#0","tintindex":0},"up":{"uv":[9.7625,11.1125,10.2375,10.3875],"rotation":0,"texture":"#0","tintindex":0},"west":{"uv":[11.7375,5.0125,11.0125,5.3625],"rotation":0,"texture":"#0","tintindex":0}}},{"name":"cube","from":[5.6,6.2,6.2],"to":[6.8,8.0,8.6],"rotation":{"angle":0.0,"axis":"x","origin":[0.7999997,25.400002,3.7999997]},"faces":{"down":{"uv":[2.6375,11.8875,2.8625,12.3625],"rotation":0,"texture":"#0","tintindex":0},"east":{"uv":[0.4875,11.6375,0.0125,11.9875],"rotation":0,"texture":"#0","tintindex":0},"north":{"uv":[4.9875,3.5125,4.7625,3.8625],"rotation":0,"texture":"#0","tintindex":0},"south":{"uv":[7.2375,2.2625,7.0125,2.6125],"rotation":0,"texture":"#0","tintindex":0},"up":{"uv":[11.8875,2.9875,12.1125,2.5125],"rotation":0,"texture":"#0","tintindex":0},"west":{"uv":[8.9875,11.5125,8.5125,11.8625],"rotation":0,"texture":"#0","tintindex":0}}}],"display":{"head":{"translation":[0.0,-6.4,0.0],"rotation":[0.0,0.0,0.0],"scale":[3.8095,3.8095,3.8095]}}}