{"textures":{"0":"modelengine:entity/kobold_assassin","1":"modelengine:entity/kobold_xbow","2":"modelengine:entity/kobold_dagger","3":"modelengine:entity/kobold_assassin_swipe"},"elements":[{"name":"cube","from":[7.1,9.002642,1.2586039],"to":[10.1,10.202642,3.058604],"rotation":{"angle":0.0,"axis":"x","origin":[8.6,9.002642,2.1586041]},"faces":{"down":{"uv":[7.6125,11.3875,7.0125,11.7375],"rotation":0,"texture":"#0","tintindex":0},"east":{"uv":[5.5125,0.8875,5.8625,1.1125],"rotation":0,"texture":"#0","tintindex":0},"north":{"uv":[3.6375,1.6375,4.2375,1.8625],"rotation":0,"texture":"#0","tintindex":0},"south":{"uv":[11.6375,0.0125,12.2375,0.2375],"rotation":0,"texture":"#0","tintindex":0},"up":{"uv":[6.9875,11.7375,6.3875,11.3875],"rotation":0,"texture":"#0","tintindex":0},"west":{"uv":[5.8875,1.7625,6.2375,1.9875],"rotation":0,"texture":"#0","tintindex":0}}},{"name":"cube","from":[7.25,7.802642,1.558604],"to":[9.65,9.002642,1.558604],"rotation":{"angle":-22.5,"axis":"x","origin":[9.2,9.002642,1.2586039]},"faces":{"down":{"uv":[4.3625,11.0125,3.8875,11.6125],"rotation":0,"texture":"#0","tintindex":0},"east":{"uv":[11.7625,5.1375,12.3625,5.3625],"rotation":0,"texture":"#0","tintindex":0},"north":{"uv":[11.8875,2.0125,12.3625,2.2375],"rotation":0,"texture":"#0","tintindex":0},"south":{"uv":[11.8875,3.0125,12.3625,3.2375],"rotation":0,"texture":"#0","tintindex":0},"up":{"uv":[3.8625,11.6125,3.3875,11.0125],"rotation":0,"texture":"#0","tintindex":0},"west":{"uv":[11.7625,5.3875,12.3625,5.6125],"rotation":0,"texture":"#0","tintindex":0}}},{"name":"cube","from":[7.25,7.802642,1.558604],"to":[7.25,9.002642,4.5586042],"rotation":{"angle":-22.5,"axis":"x","origin":[9.2,9.002642,1.2586039]},"faces":{"down":{"uv":[4.3625,11.0125,3.8875,11.6125],"rotation":0,"texture":"#0","tintindex":0},"east":{"uv":[11.7625,5.1375,12.3625,5.3625],"rotation":0,"texture":"#0","tintindex":0},"north":{"uv":[11.8875,2.0125,12.3625,2.2375],"rotation":0,"texture":"#0","tintindex":0},"south":{"uv":[11.8875,3.0125,12.3625,3.2375],"rotation":0,"texture":"#0","tintindex":0},"up":{"uv":[3.8625,11.6125,3.3875,11.0125],"rotation":0,"texture":"#0","tintindex":0},"west":{"uv":[11.7625,5.3875,12.3625,5.6125],"rotation":0,"texture":"#0","tintindex":0}}},{"name":"cube","from":[9.65,7.802642,1.558604],"to":[9.65,9.002642,4.5586042],"rotation":{"angle":-22.5,"axis":"x","origin":[9.2,9.002642,1.2586039]},"faces":{"down":{"uv":[4.3625,11.0125,3.8875,11.6125],"rotation":0,"texture":"#0","tintindex":0},"east":{"uv":[11.7625,5.1375,12.3625,5.3625],"rotation":0,"texture":"#0","tintindex":0},"north":{"uv":[11.8875,2.0125,12.3625,2.2375],"rotation":0,"texture":"#0","tintindex":0},"south":{"uv":[11.8875,3.0125,12.3625,3.2375],"rotation":0,"texture":"#0","tintindex":0},"up":{"uv":[3.8625,11.6125,3.3875,11.0125],"rotation":0,"texture":"#0","tintindex":0},"west":{"uv":[11.7625,5.3875,12.3625,5.6125],"rotation":0,"texture":"#0","tintindex":0}}},{"name":"cube","from":[6.4803023,9.002642,3.1740336],"to":[7.6803026,10.202642,6.174034],"rotation":{"angle":-22.5,"axis":"y","origin":[7.0803022,11.402642,4.6740336]},"faces":{"down":{"uv":[2.8625,10.5125,2.6375,11.1125],"rotation":0,"texture":"#0","tintindex":0},"east":{"uv":[11.6375,11.2625,12.2375,11.4875],"rotation":0,"texture":"#0","tintindex":0},"north":{"uv":[4.6375,9.2625,4.8625,9.4875],"rotation":0,"texture":"#0","tintindex":0},"south":{"uv":[5.2625,9.5125,5.4875,9.7375],"rotation":0,"texture":"#0","tintindex":0},"up":{"uv":[3.6125,10.9875,3.3875,10.3875],"rotation":0,"texture":"#0","tintindex":0},"west":{"uv":[11.6375,11.5125,12.2375,11.7375],"rotation":0,"texture":"#0","tintindex":0}}},{"name":"cube","from":[5.8999996,7.081449,6.8440046],"to":[11.3,11.281449,11.044004],"rotation":{"angle":0.0,"axis":"x","origin":[7.7,7.081449,7.7440047]},"faces":{"down":{"uv":[7.1125,6.1375,6.0125,6.9875],"rotation":0,"texture":"#0","tintindex":0},"east":{"uv":[7.7625,0.0125,8.6125,0.8625],"rotation":0,"texture":"#0","tintindex":0},"north":{"uv":[5.8875,4.3875,6.9875,5.2375],"rotation":0,"texture":"#0","tintindex":0},"south":{"uv":[6.0125,5.2625,7.1125,6.1125],"rotation":0,"texture":"#0","tintindex":0},"up":{"uv":[7.2375,3.4875,6.1375,2.6375],"rotation":0,"texture":"#0","tintindex":0},"west":{"uv":[7.7625,0.8875,8.6125,1.7375],"rotation":0,"texture":"#0","tintindex":0}}},{"name":"cube","from":[5.3,4.5499997,5.3],"to":[11.900001,13.55,9.5],"rotation":{"angle":-22.5,"axis":"x","origin":[7.7,7.55,6.2]},"faces":{"down":{"uv":[6.3625,3.5125,5.0125,4.3625],"rotation":0,"texture":"#0","tintindex":0},"east":{"uv":[1.6375,2.7625,2.4875,4.6125],"rotation":0,"texture":"#0","tintindex":0},"north":{"uv":[0.0125,0.0125,1.3625,1.8625],"rotation":0,"texture":"#0","tintindex":0},"south":{"uv":[1.3875,0.0125,2.7375,1.8625],"rotation":0,"texture":"#0","tintindex":0},"up":{"uv":[1.3625,5.8625,0.0125,5.0125],"rotation":0,"texture":"#0","tintindex":0},"west":{"uv":[2.5125,2.7625,3.3625,4.6125],"rotation":0,"texture":"#0","tintindex":0}}},{"name":"cube","from":[7.7,10.202642,1.2586039],"to":[9.5,11.402642,3.058604],"rotation":{"angle":0.0,"axis":"x","origin":[8.6,9.002642,2.1586041]},"faces":{"down":{"uv":[6.7375,11.7625,6.3875,12.1125],"rotation":0,"texture":"#0","tintindex":0},"east":{"uv":[11.8875,4.3875,12.2375,4.6125],"rotation":0,"texture":"#0","tintindex":0},"north":{"uv":[11.8875,4.1375,12.2375,4.3625],"rotation":0,"texture":"#0","tintindex":0},"south":{"uv":[11.8875,4.6375,12.2375,4.8625],"rotation":0,"texture":"#0","tintindex":0},"up":{"uv":[2.3625,12.1125,2.0125,11.7625],"rotation":0,"texture":"#0","tintindex":0},"west":{"uv":[5.1375,11.8875,5.4875,12.1125],"rotation":0,"texture":"#0","tintindex":0}}},{"name":"cube","from":[7.0283527,10.059349,3.3148131],"to":[7.0283527,11.859348,5.7148137],"rotation":{"angle":-22.5,"axis":"y","origin":[7.6283526,12.459349,4.2148137]},"faces":{"down":{"uv":[0.0125,0.0125,-0.025,0.4875],"rotation":0,"texture":"#0","tintindex":0},"east":{"uv":[11.5125,6.2625,11.9875,6.6125],"rotation":0,"texture":"#0","tintindex":0},"north":{"uv":[0.0125,0.0125,-0.025,0.3625],"rotation":0,"texture":"#0","tintindex":0},"south":{"uv":[0.0125,0.0125,-0.025,0.3625],"rotation":0,"texture":"#0","tintindex":0},"up":{"uv":[0.0125,0.4875,-0.025,0.0125],"rotation":0,"texture":"#0","tintindex":0},"west":{"uv":[11.5125,7.3875,11.9875,7.7375],"rotation":0,"texture":"#0","tintindex":0}}},{"name":"cube","from":[10.262438,10.059349,3.7742631],"to":[10.262438,11.859348,6.174263],"rotation":{"angle":22.5,"axis":"y","origin":[8.462438,14.859348,4.674263]},"faces":{"down":{"uv":[0.0125,0.0125,-0.025,0.4875],"rotation":0,"texture":"#0","tintindex":0},"east":{"uv":[11.9875,7.3875,11.5125,7.7375],"rotation":0,"texture":"#0","tintindex":0},"north":{"uv":[0.0125,0.0125,-0.025,0.3625],"rotation":0,"texture":"#0","tintindex":0},"south":{"uv":[0.0125,0.0125,-0.025,0.3625],"rotation":0,"texture":"#0","tintindex":0},"up":{"uv":[0.0125,0.4875,-0.025,0.0125],"rotation":0,"texture":"#0","tintindex":0},"west":{"uv":[11.9875,6.2625,11.5125,6.6125],"rotation":0,"texture":"#0","tintindex":0}}},{"name":"cube","from":[7.1,9.002642,3.058604],"to":[10.1,10.202642,6.658604],"rotation":{"angle":0.0,"axis":"x","origin":[8.3,10.202642,3.358604]},"faces":{"down":{"uv":[2.8625,9.7625,2.2625,10.4875],"rotation":0,"texture":"#0","tintindex":0},"east":{"uv":[11.5125,1.2625,12.2375,1.4875],"rotation":0,"texture":"#0","tintindex":0},"north":{"uv":[11.6375,6.8875,12.2375,7.1125],"rotation":0,"texture":"#0","tintindex":0},"south":{"uv":[11.6375,7.1375,12.2375,7.3625],"rotation":0,"texture":"#0","tintindex":0},"up":{"uv":[9.9875,3.8625,9.3875,3.1375],"rotation":0,"texture":"#0","tintindex":0},"west":{"uv":[4.3875,11.5125,5.1125,11.7375],"rotation":0,"texture":"#0","tintindex":0}}},{"name":"cube","from":[7.1,9.806278,2.8987513],"to":[10.1,12.206279,5.8987513],"rotation":{"angle":-22.5,"axis":"x","origin":[8.6,11.006279,4.998751]},"faces":{"down":{"uv":[10.7375,6.7625,10.1375,7.3625],"rotation":0,"texture":"#0","tintindex":0},