{"textures":{"0":"modelengine:entity/wizpiglin_2"},"elements":[{"name":"cube","from":[8.390712,6.0357594,6.5],"to":[9.590712,8.43576,9.5],"rotation":{"angle":22.5,"axis":"z","origin":[9.290712,7.2357597,8.0]},"faces":{"down":{"uv":[3.725,13.775,3.275,15.025],"rotation":0,"texture":"#0","tintindex":0},"east":{"uv":[2.025,8.775,3.275,9.775],"rotation":0,"texture":"#0","tintindex":0},"north":{"uv":[12.775,14.025,13.275,15.025],"rotation":0,"texture":"#0","tintindex":0},"south":{"uv":[13.275,14.025,13.775,15.025],"rotation":0,"texture":"#0","tintindex":0},"up":{"uv":[2.975,15.025,2.525,13.775],"rotation":0,"texture":"#0","tintindex":0},"west":{"uv":[13.525,13.025,14.775,14.025],"rotation":0,"texture":"#0","tintindex":0}}},{"name":"cube","from":[8.540711,3.6357594,6.2],"to":[9.740711,6.6357594,7.4],"rotation":{"angle":22.5,"axis":"x","origin":[8.990711,5.4357595,7.1]},"faces":{"down":{"uv":[3.725,13.775,3.275,14.275],"rotation":0,"texture":"#0","tintindex":0},"east":{"uv":[10.775,10.025,11.275,11.275],"rotation":0,"texture":"#0","tintindex":0},"north":{"uv":[14.025,4.275,14.525,5.525],"rotation":0,"texture":"#0","tintindex":0},"south":{"uv":[13.275,14.025,13.775,15.275],"rotation":0,"texture":"#0","tintindex":0},"up":{"uv":[2.975,14.275,2.525,13.775],"rotation":0,"texture":"#0","tintindex":0},"west":{"uv":[13.025,14.025,13.525,15.275],"rotation":0,"texture":"#0","tintindex":0}}},{"name":"cube","from":[8.540711,2.9469292,8.462983],"to":[9.740711,5.946929,9.662983],"rotation":{"angle":-22.5,"axis":"x","origin":[8.990711,5.4357595,7.1]},"faces":{"down":{"uv":[3.725,14.275,3.275,13.775],"rotation":0,"texture":"#0","tintindex":0},"east":{"uv":[11.275,10.025,10.775,11.275],"rotation":0,"texture":"#0","tintindex":0},"north":{"uv":[13.775,14.025,13.275,15.275],"rotation":0,"texture":"#0","tintindex":0},"south":{"uv":[14.525,4.275,14.025,5.525],"rotation":0,"texture":"#0","tintindex":0},"up":{"uv":[2.975,13.775,2.525,14.275],"rotation":0,"texture":"#0","tintindex":0},"west":{"uv":[13.525,14.025,13.025,15.275],"rotation":0,"texture":"#0","tintindex":0}}},{"name":"cube","from":[9.2,7.4,5.0],"to":[10.4,8.6,7.4],"rotation":{"angle":0.0,"axis":"x","origin":[8.3,10.700001,6.2]},"faces":{"down":{"uv":[11.475,14.525,11.025,15.475],"rotation":0,"texture":"#0","tintindex":0},"east":{"uv":[11.275,7.025,12.225,7.475],"rotation":0,"texture":"#0","tintindex":0},"north":{"uv":[14.025,5.775,14.475,6.225],"rotation":0,"texture":"#0","tintindex":0},"south":{"uv":[11.775,14.525,12.225,14.975],"rotation":0,"texture":"#0","tintindex":0},"up":{"uv":[1.475,15.225,1.025,14.275],"rotation":0,"texture":"#0","tintindex":0},"west":{"uv":[14.275,4.275,15.225,4.725],"rotation":0,"texture":"#0","tintindex":0}}}],"display":{"head":{"translation":[0.0,-6.4,0.0],"rotation":[0.0,0.0,0.0],"scale":[3.8095,3.8095,3.8095]}}}