{"textures":{"0":"modelengine:entity/pohaku_ballista"},"elements":[{"from":[2.1454034,14.488759,1.5788722],"to":[5.5739746,27.631617,5.007444],"rotation":{"angle":-22.5,"axis":"x","origin":[2.5547686,17.325161,14.054823]},"faces":{"east":{"uv":[2.75,5.75,3.5,8.625],"rotation":0,"texture":"#0","tintindex":0},"south":{"uv":[3.5,5.75,4.25,8.625],"rotation":0,"texture":"#0","tintindex":0},"north":{"uv":[4.25,6.5,5.0,9.375],"rotation":0,"texture":"#0","tintindex":0},"west":{"uv":[5.875,5.0,6.625,7.875],"rotation":0,"texture":"#0","tintindex":0},"up":{"uv":[11.625,0.75,10.875,0.0],"rotation":90,"texture":"#0","tintindex":0},"down":{"uv":[11.625,2.375,10.875,3.125],"rotation":270,"texture":"#0","tintindex":0}}},{"from":[2.1454034,13.077749,-3.1665459],"to":[5.5739746,15.363464,24.262028],"rotation":{"angle":-22.5,"axis":"x","origin":[2.5547686,18.199863,16.166548]},"faces":{"east":{"uv":[2.75,1.5,8.75,2.0],"rotation":0,"texture":"#0","tintindex":0},"south":{"uv":[1.0,8.625,1.75,9.125],"rotation":0,"texture":"#0","tintindex":0},"north":{"uv":[9.5,11.875,10.25,12.375],"rotation":0,"texture":"#0","tintindex":0},"west":{"uv":[2.75,2.0,8.75,2.5],"rotation":0,"texture":"#0","tintindex":0},"up":{"uv":[6.0,0.75,0.0,0.0],"rotation":90,"texture":"#0","tintindex":0},"down":{"uv":[6.0,0.75,0.0,1.5],"rotation":270,"texture":"#0","tintindex":0}}},{"from":[2.7168322,11.849167,20.258396],"to":[5.0025463,14.70631,22.54411],"rotation":{"angle":-22.5,"axis":"x","origin":[3.8596888,13.277739,21.401253]},"faces":{"east":{"uv":[12.0,7.75,12.5,8.375],"rotation":0,"texture":"#0","tintindex":0},"south":{"uv":[7.875,12.0,8.375,12.625],"rotation":0,"texture":"#0","tintindex":0},"north":{"uv":[10.75,12.0,11.25,12.625],"rotation":0,"texture":"#0","tintindex":0},"west":{"uv":[10.25,12.0,10.75,12.625],"rotation":0,"texture":"#0","tintindex":0},"up":{"uv":[12.5,8.875,12.0,8.375],"rotation":90,"texture":"#0","tintindex":0},"down":{"uv":[12.625,1.375,12.125,1.875],"rotation":270,"texture":"#0","tintindex":0}}},{"from":[3.325121,17.940144,3.84088],"to":[4.467978,17.940144,19.840881],"rotation":{"angle":0.0,"axis":"y","origin":[-0.103450775,20.225859,15.555166]},"faces":{"east":{"uv":[0.625,0.0,4.125,0.0],"rotation":0,"texture":"#0","tintindex":0},"south":{"uv":[0.0,0.0,0.25,0.0],"rotation":0,"texture":"#0","tintindex":0},"north":{"uv":[0.0,0.0,0.25,0.0],"rotation":0,"texture":"#0","tintindex":0},"west":{"uv":[0.625,0.0,4.125,0.0],"rotation":0,"texture":"#0","tintindex":0},"up":{"uv":[10.125,1.375,6.625,1.125],"rotation":90,"texture":"#0","tintindex":0},"down":{"uv":[10.125,1.125,6.625,1.375],"rotation":270,"texture":"#0","tintindex":0}}},{"from":[12.653572,17.940144,3.84088],"to":[13.79643,17.940144,19.840881],"rotation":{"angle":0.0,"axis":"y","origin":[17.225002,20.225859,15.555166]},"faces":{"east":{"uv":[4.125,0.0,0.625,0.0],"rotation":0,"texture":"#0","tintindex":0},"south":{"uv":[0.25,0.0,0.0,0.0],"rotation":0,"texture":"#0","tintindex":0},"north":{"uv":[0.25,0.0,0.0,0.0],"rotation":0,"texture":"#0","tintindex":0},"west":{"uv":[4.125,0.0,0.625,0.0],"rotation":0,"texture":"#0","tintindex":0},"up":{"uv":[10.125,1.125,6.625,1.375],"rotation":90,"texture":"#0","tintindex":0},"down":{"uv":[10.125,1.375,6.625,1.125],"rotation":270,"texture":"#0","tintindex":0}}},{"from":[11.85969,14.488759,1.5788722],"to":[15.288261,27.631617,5.007444],"rotation":{"angle":-22.5,"axis":"x","origin":[14.878896,17.325161,14.054823]},"faces":{"east":{"uv":[6.625,5.0,5.875,7.875],"rotation":0,"texture":"#0","tintindex":0},"south":{"uv":[4.25,5.75,3.5,8.625],"rotation":0,"texture":"#0","tintindex":0},"north":{"uv":[5.0,6.5,4.25,9.375],"rotation":0,"texture":"#0","tintindex":0},"west":{"uv":[3.5,5.75,2.75,8.625],"rotation":0,"texture":"#0","tintindex":0},"up":{"uv":[11.625,0.0,10.875,0.75],"rotation":90,"texture":"#0","tintindex":0},"down":{"uv":[11.625,3.125,10.875,2.375],"rotation":270,"texture":"#0","tintindex":0}}},{"from":[11.28826,13.077749,-3.1665459],"to":[14.716833,15.363464,24.262028],"rotation":{"angle":-22.5,"axis":"x","origin":[14.3074665,18.199863,16.166548]},"faces":{"east":{"uv":[8.75,2.0,2.75,2.5],"rotation":0,"texture":"#0","tintindex":0},"south":{"uv":[1.75,8.625,1.0,9.125],"rotation":0,"texture":"#0","tintindex":0},"north":{"uv":[10.25,11.875,9.5,12.375],"rotation":0,"texture":"#0","tintindex":0},"west":{"uv":[8.75,1.5,2.75,2.0],"rotation":0,"texture":"#0","tintindex":0},"up":{"uv":[6.0,0.0,0.0,0.75],"rotation":90,"texture":"#0","tintindex":0},"down":{"uv":[6.0,1.5,0.0,0.75],"rotation":270,"texture":"#0","tintindex":0}}},{"from":[11.85969,11.849167,20.258396],"to":[14.145404,14.70631,22.54411],"rotation":{"angle":-22.5,"axis":"x","origin":[13.002546,13.277739,21.401253]},"faces":{"east":{"uv":[10.75,12.0,10.25,12.625],"rotation":0,"texture":"#0","tintindex":0},"south":{"uv":[8.375,12.0,7.875,12.625],"rotation":0,"texture":"#0","tintindex":0},"north":{"uv":[11.25,12.0,10.75,12.625],"rotation":0,"texture":"#0","tintindex":0},"west":{"uv":[12.5,7.75,12.0,8.375],"rotation":0,"texture":"#0","tintindex":0},"up":{"uv":[12.5,8.375,12.0,8.875],"rotation":90,"texture":"#0","tintindex":0},"down":{"uv":[12.625,1.875,12.125,1.375],"rotation":270,"texture":"#0","tintindex":0}}},{"from":[2.7168322,12.04043,24.761465],"to":[14.145404,13.754716,26.475752],"rotation":{"angle":-45.0,"axis":"x","origin":[2.5547686,18.199863,16.166548]},"faces":{"east":{"uv":[12.75,3.75,13.125,4.125],"rotation":0,"texture":"#0","tintindex":0},"south":{"uv":[6.5,9.5,9.0,9.875],"rotation":0,"texture":"#0","tintindex":0},"north":{"uv":[9.5,8.5,12.0,8.875],"rotation":0,"texture":"#0","tintindex":0},"west":{"uv":[12.75,4.125,13.125,4.5],"rotation":0,"texture":"#0","tintindex":0},"up":{"uv":[4.125,11.125,3.75,8.625],"rotation":90,"texture":"#0","tintindex":0},"down":{"uv":[2.375,9.125,2.0,11.625],"rotation":270,"texture":"#0","tintindex":0}}},{"from":[3.8596888,10.8975725,21.904324],"to":[5.0025463,12.611858,25.904324],"rotation":{"angle":-45.0,"axis":"x","origin":[2.5547686,18.199863,16.166548]},"faces":{"east":{"uv":[12.0,4.5,12.875,4.875],"rotation":0,"texture":"#0","tintindex":0},"south":{"uv":[5.125,10.875,5.375,11.25],"rotation":0,"texture":"#0","tintindex":0},"north":{"uv":[3.125,11.5,3.375,11.875],"rotation":0,"texture":"#0","tintindex":0},"west":{"uv":[12.0,7.375,12.875,7.75],"rotation":0,"texture":"#0","tintindex":0},"up":{"uv":[13.375,8.75,12.5,8.5],"rotation":90,"texture":"#0","tintindex":0},"down":{"uv":[12.375,12.5,11.5,12.75],"rotation":270,"texture":"#0","tintindex":0}}},{"from":[11.85969,10.8975725,21.904324],"to":[13.002546,12.611858,25.904324],"rotation":{"angle":-45.0,"axis":"x","origin":[14.3074665,18.199863,16.166548]},"faces":{"east":{"uv":[12.875,7.375,12.0,7.75],"rotation":0,"texture":"#0","tintindex":0},"south":{"uv":[5.375,10.875,5.125,11.25],"rotation":0,"texture":"#0","tintindex":0},"north":{"uv":[3.375,11.5,3.125,11.875],"rotation":0,"texture":"#0","tintindex":0},"west":{"uv":[12.875,4.5,12.0,4.875],"rotation":0,"texture":"#0","tintindex":0},"up":{"uv":[13.375,8.5,12.5,8.75],"rotation":90,"texture":"#0","tintindex":0},"down":{"uv":[12.375,12.75,11.5,12.5],"rotation":270,"texture":"#0","tintindex":0}}},{"from":[5.5739746,19.631617,2.150301],"to":[11.28826,21.345901,4.436015],"rotation":{"angle":-22.5,"axis":"x","origin":[2.5547686,17.325161,14.054823]},"faces":{"east":{"uv":[9.0,9.5,9.5,9.875],"rotation":0,"texture":"#0","tintindex":0},"south":{"uv":[11.625,0.5,12.75,0.875],"rotation":0,"texture":"#0","tintindex":0},"north":{"uv":[8.375,11.875,9.5,12.25],"rotation":0,"texture":"#0","tintindex":0},"west":{"uv":[12.625,7.0,13.125,7.375],"rotation":0,"texture":"#0","tintindex":0},"up":{"uv":[8.375,12.0,7.875,10.875],"rotation":90,"texture":"#0","tintindex":0},"down":{"uv":[6.75,11.25,6.25,12.375],"rotation":270,"texture":"#0","tintindex":0}}},{"from":[1.2882605,15.363464,10.547741],"to":[16.145405,16.50632,14.547741],"rotation":{"angle":-22.5,"axis":"x","origin":[2.5547686,18.199863,16.166548]},