{"textures":{"0":"modelengine:entity/capra3"},"elements":[{"from":[5.8305683,3.546544,0.30707693],"to":[9.830568,6.4036875,5.449934],"rotation":{"angle":22.5,"axis":"x","origin":[7.830569,3.2608304,2.8785057]},"faces":{"east":{"uv":[10.375,1.5,11.5,2.125],"rotation":0,"texture":"#0","tintindex":0},"south":{"uv":[11.25,6.75,12.125,7.375],"rotation":0,"texture":"#0","tintindex":0},"north":{"uv":[1.625,4.25,2.5,4.875],"rotation":0,"texture":"#0","tintindex":0},"west":{"uv":[10.375,7.375,11.5,8.0],"rotation":0,"texture":"#0","tintindex":0},"up":{"uv":[10.375,1.125,9.5,0.0],"rotation":0,"texture":"#0","tintindex":0},"down":{"uv":[10.375,1.125,9.5,2.25],"rotation":0,"texture":"#0","tintindex":0}}},{"from":[5.25914,16.614943,3.0139923],"to":[10.401998,21.757801,8.728278],"rotation":{"angle":0.0,"axis":"y","origin":[4.1162825,17.757801,3.0139923]},"faces":{"east":{"uv":[8.25,0.0,9.5,1.125],"rotation":0,"texture":"#0","tintindex":0},"south":{"uv":[7.0,8.5,8.125,9.625],"rotation":0,"texture":"#0","tintindex":0},"north":{"uv":[5.875,8.5,7.0,9.625],"rotation":0,"texture":"#0","tintindex":0},"west":{"uv":[8.25,1.125,9.5,2.25],"rotation":0,"texture":"#0","tintindex":0},"up":{"uv":[1.125,9.25,0.0,8.0],"rotation":0,"texture":"#0","tintindex":0},"down":{"uv":[5.875,8.25,4.75,9.5],"rotation":0,"texture":"#0","tintindex":0}}},{"from":[1.8305683,12.043514,3.0139923],"to":[13.830568,16.614943,9.299706],"rotation":{"angle":0.0,"axis":"y","origin":[0.11628246,17.757801,3.0139923]},"faces":{"east":{"uv":[8.25,6.0,9.625,7.0],"rotation":0,"texture":"#0","tintindex":0},"south":{"uv":[5.125,0.0,7.75,1.0],"rotation":0,"texture":"#0","tintindex":0},"north":{"uv":[3.25,4.875,5.875,5.875],"rotation":0,"texture":"#0","tintindex":0},"west":{"uv":[8.5,2.25,9.875,3.25],"rotation":0,"texture":"#0","tintindex":0},"up":{"uv":[5.125,1.375,2.5,0.0],"rotation":0,"texture":"#0","tintindex":0},"down":{"uv":[5.125,1.375,2.5,2.75],"rotation":0,"texture":"#0","tintindex":0}}},{"from":[4.1162825,13.186371,2.4425635],"to":[11.544854,17.757801,9.871135],"rotation":{"angle":0.0,"axis":"y","origin":[0.11628246,17.757801,3.0139923]},"faces":{"east":{"uv":[6.625,2.0,8.25,3.0],"rotation":0,"texture":"#0","tintindex":0},"south":{"uv":[6.625,6.375,8.25,7.375],"rotation":0,"texture":"#0","tintindex":0},"north":{"uv":[6.625,1.0,8.25,2.0],"rotation":0,"texture":"#0","tintindex":0},"west":{"uv":[6.875,3.0,8.5,4.0],"rotation":0,"texture":"#0","tintindex":0},"up":{"uv":[1.625,5.875,0.0,4.25],"rotation":0,"texture":"#0","tintindex":0},"down":{"uv":[3.25,4.875,1.625,6.5],"rotation":0,"texture":"#0","tintindex":0}}},{"from":[11.349116,17.598986,2.4425635],"to":[14.777688,17.598986,9.871135],"rotation":{"angle":22.5,"axis":"z","origin":[13.920546,17.598986,6.1568494]},"faces":{"east":{"uv":[0.0,0.0,1.625,0.0],"rotation":0,"texture":"#0","tintindex":0},"south":{"uv":[0.0,0.0,0.75,0.0],"rotation":0,"texture":"#0","tintindex":0},"north":{"uv":[0.0,0.0,0.75,0.0],"rotation":0,"texture":"#0","tintindex":0},"west":{"uv":[0.0,0.0,1.625,0.0],"rotation":0,"texture":"#0","tintindex":0},"up":{"uv":[1.875,10.0,1.125,8.375],"rotation":0,"texture":"#0","tintindex":0},"down":{"uv":[1.875,8.375,1.125,10.0],"rotation":0,"texture":"#0","tintindex":0}}},{"from":[0.9148493,17.708324,2.4425635],"to":[4.343421,17.708324,9.871135],"rotation":{"angle":-22.5,"axis":"z","origin":[1.5080266,17.598986,6.1568494]},"faces":{"east":{"uv":[1.625,0.0,0.0,0.0],"rotation":0,"texture":"#0","tintindex":0},"south":{"uv":[0.75,0.0,0.0,0.0],"rotation":0,"texture":"#0","tintindex":0},"north":{"uv":[0.75,0.0,0.0,0.0],"rotation":0,"texture":"#0","tintindex":0},"west":{"uv":[1.625,0.0,0.0,0.0],"rotation":0,"texture":"#0","tintindex":0},"up":{"uv":[1.125,10.0,1.875,8.375],"rotation":0,"texture":"#0","tintindex":0},"down":{"uv":[1.125,8.375,1.875,10.0],"rotation":0,"texture":"#0","tintindex":0}}},{"from":[4.1162825,7.524158,4.498306],"to":[11.544854,12.095587,4.498306],"rotation":{"angle":22.5,"axis":"x","origin":[5.25914,17.809872,6.2125916]},"faces":{"east":{"uv":[0.0,0.0,0.0,1.0],"rotation":0,"texture":"#0","tintindex":0},"south":{"uv":[7.0,4.0,8.625,5.0],"rotation":0,"texture":"#0","tintindex":0},"north":{"uv":[7.0,4.0,8.625,5.0],"rotation":0,"texture":"#0","tintindex":0},"west":{"uv":[0.0,0.0,0.0,1.0],"rotation":0,"texture":"#0","tintindex":0},"up":{"uv":[1.625,0.0,0.0,0.0],"rotation":0,"texture":"#0","tintindex":0},"down":{"uv":[1.625,0.0,0.0,0.0],"rotation":0,"texture":"#0","tintindex":0}}},{"from":[4.1162825,7.523939,7.8148646],"to":[11.544854,12.095368,7.8148646],"rotation":{"angle":-22.5,"axis":"x","origin":[5.25914,17.809654,6.1005793]},"faces":{"east":{"uv":[0.0,0.0,0.0,1.0],"rotation":0,"texture":"#0","tintindex":0},"south":{"uv":[8.625,4.0,7.0,5.0],"rotation":0,"texture":"#0","tintindex":0},"north":{"uv":[8.625,4.0,7.0,5.0],"rotation":0,"texture":"#0","tintindex":0},"west":{"uv":[0.0,0.0,0.0,1.0],"rotation":0,"texture":"#0","tintindex":0},"up":{"uv":[1.625,0.0,0.0,0.0],"rotation":0,"texture":"#0","tintindex":0},"down":{"uv":[1.625,0.0,0.0,0.0],"rotation":0,"texture":"#0","tintindex":0}}},{"from":[4.6877112,7.98327,5.5088367],"to":[10.973426,15.411841,10.651694],"rotation":{"angle":22.5,"axis":"x","origin":[2.9734254,17.126127,1.5088363]},"faces":{"east":{"uv":[4.625,5.875,5.75,7.5],"rotation":0,"texture":"#0","tintindex":0},"south":{"uv":[3.25,5.875,4.625,7.5],"rotation":0,"texture":"#0","tintindex":0},"north":{"uv":[5.5,3.125,6.875,4.75],"rotation":0,"texture":"#0","tintindex":0},"west":{"uv":[5.875,4.75,7.0,6.375],"rotation":0,"texture":"#0","tintindex":0},"up":{"uv":[8.0,8.5,6.625,7.375],"rotation":0,"texture":"#0","tintindex":0},"down":{"uv":[3.375,7.5,2.0,8.625],"rotation":0,"texture":"#0","tintindex":0}}}],"display":{"head":{"translation":[0.0,-6.4,0.0],"scale":[4.0,4.0,4.0]}}}