{"textures":{"0":"modelengine:entity/capra3"},"elements":[{"from":[4.9142857,5.657219,3.1755123],"to":[9.485714,10.228648,6.0326552],"rotation":{"angle":0.0,"axis":"y","origin":[8.342857,8.371505,3.3183694]},"faces":{"east":{"uv":[10.75,2.125,11.375,3.125],"rotation":0,"texture":"#0","tintindex":0},"south":{"uv":[8.875,8.5,9.875,9.5],"rotation":0,"texture":"#0","tintindex":0},"north":{"uv":[3.625,8.625,4.625,9.625],"rotation":0,"texture":"#0","tintindex":0},"west":{"uv":[3.625,10.75,4.25,11.75],"rotation":0,"texture":"#0","tintindex":0},"up":{"uv":[9.625,6.0,8.625,5.375],"rotation":0,"texture":"#0","tintindex":0},"down":{"uv":[11.75,8.0,10.75,8.625],"rotation":0,"texture":"#0","tintindex":0}}},{"from":[5.485714,6.8000765,-0.8244877],"to":[8.914286,10.228648,3.1755123],"rotation":{"angle":0.0,"axis":"y","origin":[8.342857,8.371505,3.3183694]},"faces":{"east":{"uv":[4.75,7.5,5.625,8.25],"rotation":0,"texture":"#0","tintindex":0},"south":{"uv":[11.25,3.125,12.0,3.875],"rotation":0,"texture":"#0","tintindex":0},"north":{"uv":[11.0,11.125,11.75,11.875],"rotation":0,"texture":"#0","tintindex":0},"west":{"uv":[4.5,10.625,5.375,11.375],"rotation":0,"texture":"#0","tintindex":0},"up":{"uv":[3.625,11.5,2.875,10.625],"rotation":0,"texture":"#0","tintindex":0},"down":{"uv":[9.5,10.625,8.75,11.5],"rotation":0,"texture":"#0","tintindex":0}}},{"from":[9.387672,7.9429336,8.304928],"to":[13.959101,10.8000765,8.304928],"rotation":{"angle":-45.0,"axis":"y","origin":[12.465284,9.371505,7.9769135]},"faces":{"east":{"uv":[0.0,0.0,0.0,0.625],"rotation":0,"texture":"#0","tintindex":0},"south":{"uv":[0.75,11.0,1.75,11.625],"rotation":0,"texture":"#0","tintindex":0},"north":{"uv":[0.75,11.0,1.75,11.625],"rotation":0,"texture":"#0","tintindex":0},"west":{"uv":[0.0,0.0,0.0,0.625],"rotation":0,"texture":"#0","tintindex":0},"up":{"uv":[1.0,0.0,0.0,0.0],"rotation":0,"texture":"#0","tintindex":0},"down":{"uv":[1.0,0.0,0.0,0.0],"rotation":0,"texture":"#0","tintindex":0}}},{"from":[0.57773066,7.9429336,8.102898],"to":[5.1491594,10.8000765,8.102898],"rotation":{"angle":45.0,"axis":"y","origin":[2.2735791,9.371505,7.9769135]},"faces":{"east":{"uv":[0.0,0.0,0.0,0.625],"rotation":0,"texture":"#0","tintindex":0},"south":{"uv":[1.75,11.0,0.75,11.625],"rotation":0,"texture":"#0","tintindex":0},"north":{"uv":[1.75,11.0,0.75,11.625],"rotation":0,"texture":"#0","tintindex":0},"west":{"uv":[0.0,0.0,0.0,0.625],"rotation":0,"texture":"#0","tintindex":0},"up":{"uv":[0.0,0.0,1.0,0.0],"rotation":0,"texture":"#0","tintindex":0},"down":{"uv":[0.0,0.0,1.0,0.0],"rotation":0,"texture":"#0","tintindex":0}}},{"from":[4.342857,7.371505,6.0326552],"to":[10.057143,10.8000765,10.032656],"rotation":{"angle":0.0,"axis":"y","origin":[8.342857,8.371505,3.3183694]},"faces":{"east":{"uv":[10.625,9.0,11.5,9.75],"rotation":0,"texture":"#0","tintindex":0},"south":{"uv":[6.75,9.625,8.0,10.375],"rotation":0,"texture":"#0","tintindex":0},"north":{"uv":[5.5,9.625,6.75,10.375],"rotation":0,"texture":"#0","tintindex":0},"west":{"uv":[10.625,9.75,11.5,10.5],"rotation":0,"texture":"#0","tintindex":0},"up":{"uv":[3.25,7.375,2.0,6.5],"rotation":0,"texture":"#0","tintindex":0},"down":{"uv":[9.875,3.25,8.625,4.125],"rotation":0,"texture":"#0","tintindex":0}}}],"display":{"head":{"translation":[0.0,-6.4,0.0],"scale":[4.0,4.0,4.0]}}}