{"textures":{"0":"modelengine:entity/capra3"},"elements":[{"from":[7.389526,4.008796,6.9508514],"to":[9.103811,8.008797,9.807995],"rotation":{"angle":0.0,"axis":"y","origin":[9.411831,28.633356,5.994856]},"faces":{"east":{"uv":[1.375,11.625,0.75,12.5],"rotation":0,"texture":"#0","tintindex":0},"south":{"uv":[4.625,12.125,4.25,13.0],"rotation":0,"texture":"#0","tintindex":0},"north":{"uv":[0.75,12.125,0.375,13.0],"rotation":0,"texture":"#0","tintindex":0},"west":{"uv":[12.125,9.5,11.5,10.375],"rotation":0,"texture":"#0","tintindex":0},"up":{"uv":[3.25,10.625,3.625,10.0],"rotation":0,"texture":"#0","tintindex":0},"down":{"uv":[2.625,12.25,3.0,12.875],"rotation":0,"texture":"#0","tintindex":0}}},{"from":[7.389526,1.1516528,6.9508514],"to":[10.818098,4.008796,9.807995],"rotation":{"angle":0.0,"axis":"y","origin":[9.411831,28.633356,5.994856]},"faces":{"east":{"uv":[12.625,5.875,12.0,6.5],"rotation":0,"texture":"#0","tintindex":0},"south":{"uv":[11.375,11.875,10.625,12.5],"rotation":0,"texture":"#0","tintindex":0},"north":{"uv":[12.5,8.0,11.75,8.625],"rotation":0,"texture":"#0","tintindex":0},"west":{"uv":[12.625,2.875,12.0,3.5],"rotation":0,"texture":"#0","tintindex":0},"up":{"uv":[11.375,12.5,12.125,11.875],"rotation":0,"texture":"#0","tintindex":0},"down":{"uv":[1.875,12.0,2.625,12.625],"rotation":0,"texture":"#0","tintindex":0}}},{"from":[9.103811,5.0841885,6.985408],"to":[10.818098,6.7984743,9.84255],"rotation":{"angle":22.5,"axis":"x","origin":[9.126117,6.0619264,8.566285]},"faces":{"east":{"uv":[11.375,8.625,10.75,9.0],"rotation":0,"texture":"#0","tintindex":0},"south":{"uv":[9.375,7.0,9.0,7.375],"rotation":0,"texture":"#0","tintindex":0},"north":{"uv":[8.125,6.0,7.75,6.375],"rotation":0,"texture":"#0","tintindex":0},"west":{"uv":[11.125,6.0,10.5,6.375],"rotation":0,"texture":"#0","tintindex":0},"up":{"uv":[3.0,12.875,3.375,12.25],"rotation":0,"texture":"#0","tintindex":0},"down":{"uv":[5.0,12.25,5.375,12.875],"rotation":0,"texture":"#0","tintindex":0}}}],"display":{"head":{"translation":[0.0,-6.4,0.0],"scale":[4.0,4.0,4.0]}}}