{"textures":{"0":"modelengine:entity/september_monthly_crate"},"elements":[{"from":[5.714286,7.5714283,7.5714283],"to":[8.571428,8.428572,8.428572],"rotation":{"angle":0.0,"axis":"y","origin":[-2.285715,19.857143,11.714286]},"faces":{"east":{"uv":[7.375,7.75,7.46875,7.84375],"rotation":0,"texture":"#0","tintindex":0},"south":{"uv":[7.375,4.375,7.6875,4.46875],"rotation":0,"texture":"#0","tintindex":0},"north":{"uv":[7.375,4.25,7.6875,4.34375],"rotation":0,"texture":"#0","tintindex":0},"west":{"uv":[7.5,7.75,7.59375,7.84375],"rotation":0,"texture":"#0","tintindex":0},"up":{"uv":[7.6875,4.59375,7.375,4.5],"rotation":0,"texture":"#0","tintindex":0},"down":{"uv":[6.4375,7.375,6.125,7.46875],"rotation":0,"texture":"#0","tintindex":0}}},{"from":[8.571428,7.714286,7.714286],"to":[9.142858,8.285714,8.285714],"rotation":{"angle":0.0,"axis":"y","origin":[-2.285715,19.857143,11.714286]},"faces":{"east":{"uv":[5.9375,7.8125,6.0,7.875],"rotation":0,"texture":"#0","tintindex":0},"south":{"uv":[7.8125,5.9375,7.875,6.0],"rotation":0,"texture":"#0","tintindex":0},"north":{"uv":[5.8125,7.8125,5.875,7.875],"rotation":0,"texture":"#0","tintindex":0},"west":{"uv":[6.0,7.8125,6.0625,7.875],"rotation":0,"texture":"#0","tintindex":0},"up":{"uv":[7.875,6.0625,7.8125,6.0],"rotation":0,"texture":"#0","tintindex":0},"down":{"uv":[6.125,7.8125,6.0625,7.875],"rotation":0,"texture":"#0","tintindex":0}}}],"display":{"head":{"translation":[0.0,-6.4,0.0],"scale":[4.0,4.0,4.0]}}}