{"textures":{"0":"modelengine:entity/kindletronsr4"},"elements":[{"from":[10.571428,15.189419,6.213189],"to":[11.714286,20.332275,14.21319],"rotation":{"angle":-45.0,"axis":"x","origin":[7.7619047,14.568113,8.650544]},"faces":{"east":{"uv":[4.5,1.25,6.25,2.375],"rotation":0,"texture":"#0","tintindex":0},"south":{"uv":[10.25,12.25,10.5,13.375],"rotation":0,"texture":"#0","tintindex":0},"north":{"uv":[10.0,12.25,10.25,13.375],"rotation":0,"texture":"#0","tintindex":0},"west":{"uv":[8.75,8.5,10.5,9.625],"rotation":0,"texture":"#0","tintindex":0},"up":{"uv":[10.875,13.375,10.625,11.625],"rotation":0,"texture":"#0","tintindex":0},"down":{"uv":[12.25,0.0,12.0,1.75],"rotation":0,"texture":"#0","tintindex":0}}},{"from":[11.714286,14.6179905,4.4989033],"to":[15.142858,19.189419,14.21319],"rotation":{"angle":-45.0,"axis":"x","origin":[7.7619047,14.568113,8.650544]},"faces":{"east":{"uv":[0.0,8.0,2.125,9.0],"rotation":0,"texture":"#0","tintindex":0},"south":{"uv":[0.0,11.5,0.75,12.5],"rotation":0,"texture":"#0","tintindex":0},"north":{"uv":[7.625,11.375,8.375,12.375],"rotation":0,"texture":"#0","tintindex":0},"west":{"uv":[2.125,8.5,4.25,9.5],"rotation":0,"texture":"#0","tintindex":0},"up":{"uv":[7.125,10.625,6.375,8.5],"rotation":0,"texture":"#0","tintindex":0},"down":{"uv":[7.875,9.25,7.125,11.375],"rotation":0,"texture":"#0","tintindex":0}}},{"from":[2.5714283,13.619193,4.6302247],"to":[12.857143,17.904907,15.487368],"rotation":{"angle":-22.5,"axis":"x","origin":[7.7619047,14.568113,8.650544]},"faces":{"east":{"uv":[6.5,4.75,8.875,5.75],"rotation":0,"texture":"#0","tintindex":0},"south":{"uv":[5.25,7.5,7.5,8.5],"rotation":0,"texture":"#0","tintindex":0},"north":{"uv":[3.0,7.5,5.25,8.5],"rotation":0,"texture":"#0","tintindex":0},"west":{"uv":[6.5,5.75,8.875,6.75],"rotation":0,"texture":"#0","tintindex":0},"up":{"uv":[2.25,2.375,0.0,0.0],"rotation":0,"texture":"#0","tintindex":0},"down":{"uv":[4.5,0.0,2.25,2.375],"rotation":0,"texture":"#0","tintindex":0}}},{"from":[1.4285712,12.615228,12.010849],"to":[14.571428,18.329514,15.439421],"rotation":{"angle":0.0,"axis":"y","origin":[7.7619047,14.568113,8.650544]},"faces":{"east":{"uv":[9.5,10.375,10.25,11.625],"rotation":0,"texture":"#0","tintindex":0},"south":{"uv":[4.5,0.0,7.375,1.25],"rotation":0,"texture":"#0","tintindex":0},"north":{"uv":[3.5,3.875,6.375,5.125],"rotation":0,"texture":"#0","tintindex":0},"west":{"uv":[10.25,10.375,11.0,11.625],"rotation":0,"texture":"#0","tintindex":0},"up":{"uv":[10.75,3.25,7.875,2.5],"rotation":0,"texture":"#0","tintindex":0},"down":{"uv":[10.75,3.25,7.875,4.0],"rotation":0,"texture":"#0","tintindex":0}}},{"from":[0.85714245,18.340683,9.316172],"to":[15.142858,21.769253,16.173315],"rotation":{"angle":0.0,"axis":"y","origin":[7.7619047,14.568113,8.650544]},"faces":{"east":{"uv":[8.625,9.625,10.125,10.375],"rotation":0,"texture":"#0","tintindex":0},"south":{"uv":[7.375,0.0,10.5,0.75],"rotation":0,"texture":"#0","tintindex":0},"north":{"uv":[6.5,6.75,9.625,7.5],"rotation":0,"texture":"#0","tintindex":0},"west":{"uv":[10.125,9.625,11.625,10.375],"rotation":0,"texture":"#0","tintindex":0},"up":{"uv":[3.125,3.875,0.0,2.375],"rotation":0,"texture":"#0","tintindex":0},"down":{"uv":[6.25,2.375,3.125,3.875],"rotation":0,"texture":"#0","tintindex":0}}},{"from":[0.85714245,14.6179905,4.4989033],"to":[3.7142854,19.189419,14.21319],"rotation":{"angle":-45.0,"axis":"x","origin":[7.7619047,14.568113,8.650544]},"faces":{"east":{"uv":[4.25,8.5,6.375,9.5],"rotation":0,"texture":"#0","tintindex":0},"south":{"uv":[5.75,11.5,6.375,12.5],"rotation":0,"texture":"#0","tintindex":0},"north":{"uv":[0.75,11.5,1.375,12.5],"rotation":0,"texture":"#0","tintindex":0},"west":{"uv":[8.75,7.5,10.875,8.5],"rotation":0,"texture":"#0","tintindex":0},"up":{"uv":[4.375,11.625,3.75,9.5],"rotation":0,"texture":"#0","tintindex":0},"down":{"uv":[5.0,9.5,4.375,11.625],"rotation":0,"texture":"#0","tintindex":0}}},{"from":[3.7142854,15.189419,6.213189],"to":[4.8571424,20.332275,14.21319],"rotation":{"angle":-45.0,"axis":"x","origin":[7.7619047,14.568113,8.650544]},"faces":{"east":{"uv":[8.875,4.0,10.625,5.125],"rotation":0,"texture":"#0","tintindex":0},"south":{"uv":[11.125,12.25,11.375,13.375],"rotation":0,"texture":"#0","tintindex":0},"north":{"uv":[10.875,12.25,11.125,13.375],"rotation":0,"texture":"#0","tintindex":0},"west":{"uv":[8.875,5.125,10.625,6.25],"rotation":0,"texture":"#0","tintindex":0},"up":{"uv":[12.375,5.25,12.125,3.5],"rotation":0,"texture":"#0","tintindex":0},"down":{"uv":[12.0,12.125,11.75,13.875],"rotation":0,"texture":"#0","tintindex":0}}},{"from":[4.8571424,17.475132,13.070333],"to":[10.571428,20.332275,14.21319],"rotation":{"angle":-45.0,"axis":"x","origin":[7.7619047,14.568113,8.650544]},"faces":{"east":{"uv":[8.625,4.0,8.875,4.625],"rotation":0,"texture":"#0","tintindex":0},"south":{"uv":[11.375,5.875,12.625,6.5],"rotation":0,"texture":"#0","tintindex":0},"north":{"uv":[10.875,7.625,12.125,8.25],"rotation":0,"texture":"#0","tintindex":0},"west":{"uv":[5.75,10.75,6.0,11.375],"rotation":0,"texture":"#0","tintindex":0},"up":{"uv":[13.25,2.125,12.0,1.875],"rotation":0,"texture":"#0","tintindex":0},"down":{"uv":[13.5,2.75,12.25,3.0],"rotation":0,"texture":"#0","tintindex":0}}},{"from":[4.8571424,18.046562,6.213189],"to":[10.571428,20.332275,7.356046],"rotation":{"angle":-45.0,"axis":"x","origin":[7.7619047,14.568113,8.650544]},"faces":{"east":{"uv":[10.25,2.0,10.5,2.5],"rotation":0,"texture":"#0","tintindex":0},"south":{"uv":[11.5,2.25,12.75,2.75],"rotation":0,"texture":"#0","tintindex":0},"north":{"uv":[9.0,2.0,10.25,2.5],"rotation":0,"texture":"#0","tintindex":0},"west":{"uv":[0.75,12.5,1.0,13.0],"rotation":0,"texture":"#0","tintindex":0},"up":{"uv":[13.5,3.25,12.25,3.0],"rotation":0,"texture":"#0","tintindex":0},"down":{"uv":[13.5,3.25,12.25,3.5],"rotation":0,"texture":"#0","tintindex":0}}},{"from":[4.285714,10.383275,8.261536],"to":[11.142858,18.383276,13.975821],"rotation":{"angle":22.5,"axis":"x","origin":[7.7619047,14.568113,8.650544]},"faces":{"east":{"uv":[7.5,7.5,8.75,9.25],"rotation":0,"texture":"#0","tintindex":0},"south":{"uv":[6.25,1.25,7.75,3.0],"rotation":0,"texture":"#0","tintindex":0},"north":{"uv":[0.0,6.25,1.5,8.0],"rotation":0,"texture":"#0","tintindex":0},"west":{"uv":[7.75,0.75,9.0,2.5],"rotation":0,"texture":"#0","tintindex":0},"up":{"uv":[1.5,10.25,0.0,9.0],"rotation":0,"texture":"#0","tintindex":0},"down":{"uv":[10.5,0.75,9.0,2.0],"rotation":0,"texture":"#0","tintindex":0}}},{"from":[5.428571,7.0254364,11.1719265],"to":[10.0,12.739723,15.1719265],"rotation":{"angle":45.0,"axis":"x","origin":[7.7619047,14.568113,8.650544]},"faces":{"east":{"uv":[0.0,10.25,0.875,11.5],"rotation":0,"texture":"#0","tintindex":0},"south":{"uv":[9.625,6.25,10.625,7.5],"rotation":0,"texture":"#0","tintindex":0},"north":{"uv":[5.0,9.5,6.0,10.75],"rotation":0,"texture":"#0","tintindex":0},"west":{"uv":[8.625,10.375,9.5,11.625],"rotation":0,"texture":"#0","tintindex":0},"up":{"uv":[11.5,9.375,10.5,8.5],"rotation":0,"texture":"#0","tintindex":0},"down":{"uv":[7.0,10.625,6.0,11.5],"rotation":0,"texture":"#0","tintindex":0}}},{"from":[10.0,6.857143,7.428571],"to":[11.714286,8.0,8.571428],"rotation":{"angle":0.0,"axis":"y","origin":[7.7619047,14.568113,8.650544]},"faces":{"east":{"uv":[11.25,2.25,11.5,2.5],"rotation":0,"texture":"#0","tintindex":0},"south":{"uv":[4.625,12.5,5.0,12.75],"rotation":0,"texture":"#0","tintindex":0},"north":{"uv":[4.375,11.625,4.75,11.875],"rotation":0,"texture":"#0","tintindex":0},"west":{"uv":[8.375,11.375,8.625,11.625],"rotation":0,"texture":"#0","tintindex":0},"up":{"uv":[6.125,12.75,5.75,12.5],"rotation":0,"texture":"#0","tintindex":0},"down":{"uv":[12.875,7.0,12.5,7.25],"rotation":0,"texture":"#0","tintindex":0}}},{"from":[3.7142854,6.857143,7.428571],"to":[5.428571,8.0,8.571428],"rotation":{"angle":0.0,"axis":"y","origin":[7.7619047,14.568113,8.650544]},"faces":{"east":{"uv":[8.625,11.375,8.375,11.625],"rotation":0,"texture":"#0","tintindex":0},