{"textures":{"0":"modelengine:entity/kindletronsr4"},"elements":[{"from":[4.620449,1.1428566,6.285714],"to":[8.049021,10.857143,9.714286],"rotation":{"angle":0.0,"axis":"y","origin":[6.334735,3.2857141,8.02451]},"faces":{"east":{"uv":[1.5,9.5,2.25,11.625],"rotation":0,"texture":"#0","tintindex":0},"south":{"uv":[2.25,9.5,3.0,11.625],"rotation":0,"texture":"#0","tintindex":0},"north":{"uv":[7.875,9.25,8.625,11.375],"rotation":0,"texture":"#0","tintindex":0},"west":{"uv":[3.0,9.5,3.75,11.625],"rotation":0,"texture":"#0","tintindex":0},"up":{"uv":[3.625,12.375,2.875,11.625],"rotation":0,"texture":"#0","tintindex":0},"down":{"uv":[4.375,11.625,3.625,12.375],"rotation":0,"texture":"#0","tintindex":0}}},{"from":[5.191878,0.24089813,8.8182745],"to":[7.4775925,2.5266128,11.103989],"rotation":{"angle":45.0,"axis":"x","origin":[6.334735,3.2857141,8.02451]},"faces":{"east":{"uv":[12.875,4.375,12.375,4.875],"rotation":0,"texture":"#0","tintindex":0},"south":{"uv":[12.875,3.875,12.375,4.375],"rotation":0,"texture":"#0","tintindex":0},"north":{"uv":[12.125,7.125,11.625,7.625],"rotation":0,"texture":"#0","tintindex":0},"west":{"uv":[4.125,12.375,3.625,12.875],"rotation":0,"texture":"#0","tintindex":0},"up":{"uv":[12.375,7.0,12.875,6.5],"rotation":0,"texture":"#0","tintindex":0},"down":{"uv":[7.625,12.375,8.125,12.875],"rotation":0,"texture":"#0","tintindex":0}}}],"display":{"head":{"translation":[0.0,-6.4,0.0],"scale":[4.0,4.0,4.0]}}}