{"textures":{"0":"modelengine:entity/kindletronsr4"},"elements":[{"from":[6.285714,1.7142854,6.285714],"to":[9.714286,7.428571,9.714286],"rotation":{"angle":0.0,"axis":"y","origin":[7.721218,0.49754858,7.7714286]},"faces":{"east":{"uv":[11.375,5.25,10.625,6.5],"rotation":0,"texture":"#0","tintindex":0},"south":{"uv":[11.375,4.0,10.625,5.25],"rotation":0,"texture":"#0","tintindex":0},"north":{"uv":[11.25,0.0,10.5,1.25],"rotation":0,"texture":"#0","tintindex":0},"west":{"uv":[11.25,1.25,10.5,2.5],"rotation":0,"texture":"#0","tintindex":0},"up":{"uv":[1.375,12.375,2.125,11.625],"rotation":0,"texture":"#0","tintindex":0},"down":{"uv":[2.125,11.625,2.875,12.375],"rotation":0,"texture":"#0","tintindex":0}}},{"from":[6.285714,-0.57142925,6.285714],"to":[9.142858,1.7142854,9.714286],"rotation":{"angle":0.0,"axis":"y","origin":[7.721218,0.49754858,7.7714286]},"faces":{"east":{"uv":[9.625,6.25,8.875,6.75],"rotation":0,"texture":"#0","tintindex":0},"south":{"uv":[9.25,12.25,8.625,12.75],"rotation":0,"texture":"#0","tintindex":0},"north":{"uv":[2.125,9.0,1.5,9.5],"rotation":0,"texture":"#0","tintindex":0},"west":{"uv":[2.875,8.0,2.125,8.5],"rotation":0,"texture":"#0","tintindex":0},"up":{"uv":[6.375,12.25,7.0,11.5],"rotation":0,"texture":"#0","tintindex":0},"down":{"uv":[5.125,11.875,5.75,12.625],"rotation":0,"texture":"#0","tintindex":0}}},{"from":[6.285714,-1.7142859,6.285714],"to":[7.428571,-0.57142925,7.428571],"rotation":{"angle":0.0,"axis":"y","origin":[7.721218,0.49754858,7.7714286]},"faces":{"east":{"uv":[7.5,12.625,7.25,12.875],"rotation":0,"texture":"#0","tintindex":0},"south":{"uv":[7.25,12.625,7.0,12.875],"rotation":0,"texture":"#0","tintindex":0},"north":{"uv":[12.875,5.875,12.625,6.125],"rotation":0,"texture":"#0","tintindex":0},"west":{"uv":[12.875,6.125,12.625,6.375],"rotation":0,"texture":"#0","tintindex":0},"up":{"uv":[12.625,8.5,12.875,8.25],"rotation":0,"texture":"#0","tintindex":0},"down":{"uv":[12.625,8.5,12.875,8.75],"rotation":0,"texture":"#0","tintindex":0}}},{"from":[7.5665264,-2.0023794,6.285714],"to":[8.709384,-0.28809357,7.428571],"rotation":{"angle":45.0,"axis":"z","origin":[7.721218,0.49754858,7.7714286]},"faces":{"east":{"uv":[5.5,12.625,5.25,13.0],"rotation":0,"texture":"#0","tintindex":0},"south":{"uv":[5.25,12.625,5.0,13.0],"rotation":0,"texture":"#0","tintindex":0},"north":{"uv":[12.75,11.375,12.5,11.75],"rotation":0,"texture":"#0","tintindex":0},"west":{"uv":[12.75,11.75,12.5,12.125],"rotation":0,"texture":"#0","tintindex":0},"up":{"uv":[12.625,12.875,12.875,12.625],"rotation":0,"texture":"#0","tintindex":0},"down":{"uv":[1.25,12.75,1.5,13.0],"rotation":0,"texture":"#0","tintindex":0}}},{"from":[6.285714,-1.7142859,8.571428],"to":[7.428571,-0.57142925,9.714286],"rotation":{"angle":0.0,"axis":"y","origin":[7.721218,0.49754858,7.7714286]},"faces":{"east":{"uv":[10.0,12.625,9.75,12.875],"rotation":0,"texture":"#0","tintindex":0},"south":{"uv":[9.75,12.625,9.5,12.875],"rotation":0,"texture":"#0","tintindex":0},"north":{"uv":[12.875,8.75,12.625,9.0],"rotation":0,"texture":"#0","tintindex":0},"west":{"uv":[9.5,12.625,9.25,12.875],"rotation":0,"texture":"#0","tintindex":0},"up":{"uv":[12.625,12.375,12.875,12.125],"rotation":0,"texture":"#0","tintindex":0},"down":{"uv":[12.625,12.375,12.875,12.625],"rotation":0,"texture":"#0","tintindex":0}}}],"display":{"head":{"translation":[0.0,-6.4,0.0],"scale":[4.0,4.0,4.0]}}}