{"textures":{"0":"modelengine:entity/guido"},"elements":[{"from":[-4.8,9.285128,12.422285],"to":[-3.6857157,9.842271,12.793715],"rotation":{"angle":0.0,"axis":"y","origin":[-1.0857143,7.8922706,16.693714]},"faces":{"east":{"uv":[2.75,7.5,2.625,7.6875],"rotation":0,"texture":"#0","tintindex":0},"south":{"uv":[9.625,7.0,9.25,7.1875],"rotation":0,"texture":"#0","tintindex":0},"north":{"uv":[9.625,6.75,9.25,6.9375],"rotation":0,"texture":"#0","tintindex":0},"west":{"uv":[2.75,7.25,2.625,7.4375],"rotation":0,"texture":"#0","tintindex":0},"up":{"uv":[3.125,6.0,3.5,5.875],"rotation":0,"texture":"#0","tintindex":0},"down":{"uv":[7.5,2.25,7.875,2.375],"rotation":0,"texture":"#0","tintindex":0}}},{"from":[-4.6142864,9.470842,9.450856],"to":[-3.8714285,9.656556,12.422285],"rotation":{"angle":0.0,"axis":"y","origin":[-1.0857143,7.8922706,16.693714]},"faces":{"east":{"uv":[11.0,0.0,10.0,0.0625],"rotation":0,"texture":"#0","tintindex":0},"south":{"uv":[10.5,1.0,10.25,1.0625],"rotation":0,"texture":"#0","tintindex":0},"north":{"uv":[0.75,10.25,0.5,10.3125],"rotation":0,"texture":"#0","tintindex":0},"west":{"uv":[10.875,3.375,9.875,3.4375],"rotation":0,"texture":"#0","tintindex":0},"up":{"uv":[7.25,8.125,7.5,7.125],"rotation":0,"texture":"#0","tintindex":0},"down":{"uv":[5.0,7.375,5.25,8.375],"rotation":0,"texture":"#0","tintindex":0}}}],"display":{"head":{"translation":[0.0,-6.4,0.0],"scale":[4.0,4.0,4.0]}}}