{"textures":{"0":"modelengine:entity/direwolf_taiga"},"elements":[{"from":[7.885714,4.5941706,6.3170986],"to":[9.028571,8.022742,8.031384],"rotation":{"angle":0.0,"axis":"y","origin":[8.157143,10.308456,7.059956]},"faces":{"east":{"uv":[3.625,8.0,4.0,8.75],"rotation":0,"texture":"#0","tintindex":0},"south":{"uv":[8.375,8.5,8.625,9.25],"rotation":0,"texture":"#0","tintindex":0},"north":{"uv":[8.5,5.125,8.75,5.875],"rotation":0,"texture":"#0","tintindex":0},"west":{"uv":[4.625,8.125,5.0,8.875],"rotation":0,"texture":"#0","tintindex":0},"up":{"uv":[5.0,7.0,4.75,6.625],"rotation":0,"texture":"#0","tintindex":0},"down":{"uv":[1.25,7.75,1.0,8.125],"rotation":0,"texture":"#0","tintindex":0}}},{"from":[7.5142856,3.1084561,5.859956],"to":[9.228572,4.8227415,8.14567],"rotation":{"angle":0.0,"axis":"y","origin":[8.528571,11.79417,7.059956]},"faces":{"east":{"uv":[8.5,5.875,9.0,6.25],"rotation":0,"texture":"#0","tintindex":0},"south":{"uv":[6.0,8.875,6.375,9.25],"rotation":0,"texture":"#0","tintindex":0},"north":{"uv":[5.625,8.875,6.0,9.25],"rotation":0,"texture":"#0","tintindex":0},"west":{"uv":[0.0,8.625,0.5,9.0],"rotation":0,"texture":"#0","tintindex":0},"up":{"uv":[0.875,9.125,0.5,8.625],"rotation":0,"texture":"#0","tintindex":0},"down":{"uv":[2.75,8.625,2.375,9.125],"rotation":0,"texture":"#0","tintindex":0}}},{"from":[7.3285713,3.4834046,4.6912746],"to":[9.614285,5.1976905,6.4055605],"rotation":{"angle":45.0,"axis":"x","origin":[8.528571,3.8504739,5.17221]},"faces":{"east":{"uv":[6.375,8.875,6.75,9.25],"rotation":0,"texture":"#0","tintindex":0},"south":{"uv":[8.625,8.5,9.125,8.875],"rotation":0,"texture":"#0","tintindex":0},"north":{"uv":[7.875,8.625,8.375,9.0],"rotation":0,"texture":"#0","tintindex":0},"west":{"uv":[6.75,8.875,7.125,9.25],"rotation":0,"texture":"#0","tintindex":0},"up":{"uv":[9.25,0.75,8.75,0.375],"rotation":0,"texture":"#0","tintindex":0},"down":{"uv":[9.25,0.75,8.75,1.125],"rotation":0,"texture":"#0","tintindex":0}}},{"from":[7.3285713,2.6401033,4.603214],"to":[9.614285,3.7829604,4.603214],"rotation":{"angle":22.5,"axis":"x","origin":[8.528571,3.9354143,4.9602795]},"faces":{"east":{"uv":[0.0,0.0,0.0,0.25],"rotation":0,"texture":"#0","tintindex":0},"south":{"uv":[6.25,5.625,6.75,5.875],"rotation":0,"texture":"#0","tintindex":0},"north":{"uv":[6.25,5.625,6.75,5.875],"rotation":0,"texture":"#0","tintindex":0},"west":{"uv":[0.0,0.0,0.0,0.25],"rotation":0,"texture":"#0","tintindex":0},"up":{"uv":[0.5,0.0,0.0,0.0],"rotation":0,"texture":"#0","tintindex":0},"down":{"uv":[0.5,0.0,0.0,0.0],"rotation":0,"texture":"#0","tintindex":0}}}],"display":{"head":{"translation":[0.0,-6.4,0.0],"scale":[4.0,4.0,4.0]}}}