{"textures":{"0":"modelengine:entity/zeus"},"elements":[{"from":[5.9318037,8.992431,6.0],"to":[10.503232,12.992432,10.0],"rotation":{"angle":0.0,"axis":"y","origin":[8.217518,-1.8647127,8.0]},"faces":{"east":{"uv":[12.0,11.625,12.875,12.5],"rotation":0,"texture":"#0","tintindex":0},"south":{"uv":[2.0,11.25,3.0,12.125],"rotation":0,"texture":"#0","tintindex":0},"north":{"uv":[10.875,5.375,11.875,6.25],"rotation":0,"texture":"#0","tintindex":0},"west":{"uv":[1.875,12.125,2.75,13.0],"rotation":0,"texture":"#0","tintindex":0},"up":{"uv":[11.0,12.125,10.0,11.25],"rotation":0,"texture":"#0","tintindex":0},"down":{"uv":[12.375,0.0,11.375,0.875],"rotation":0,"texture":"#0","tintindex":0}}},{"from":[6.503232,8.992431,5.8571424],"to":[8.788946,14.135288,10.142858],"rotation":{"angle":22.5,"axis":"z","origin":[8.217518,10.992432,8.0]},"faces":{"east":{"uv":[9.0,10.375,9.9375,11.5],"rotation":0,"texture":"#0","tintindex":0},"south":{"uv":[8.875,12.125,8.375,13.25],"rotation":0,"texture":"#0","tintindex":0},"north":{"uv":[8.375,12.125,8.875,13.25],"rotation":0,"texture":"#0","tintindex":0},"west":{"uv":[0.0,10.5,0.9375,11.625],"rotation":0,"texture":"#0","tintindex":0},"up":{"uv":[13.75,9.9375,13.25,9.0],"rotation":0,"texture":"#0","tintindex":0},"down":{"uv":[13.625,13.25,13.125,14.1875],"rotation":0,"texture":"#0","tintindex":0}}},{"from":[5.503232,7.8495736,5.5714283],"to":[10.931804,9.56386,10.428572],"rotation":{"angle":0.0,"axis":"y","origin":[8.217518,-1.8647127,8.0]},"faces":{"east":{"uv":[13.5,4.625,14.5625,5.0],"rotation":0,"texture":"#0","tintindex":0},"south":{"uv":[13.5,2.5,14.6875,2.875],"rotation":0,"texture":"#0","tintindex":0},"north":{"uv":[11.625,13.375,12.8125,13.75],"rotation":0,"texture":"#0","tintindex":0},"west":{"uv":[13.5,5.0,14.5625,5.375],"rotation":0,"texture":"#0","tintindex":0},"up":{"uv":[10.1875,9.4375,9.0,8.375],"rotation":0,"texture":"#0","tintindex":0},"down":{"uv":[3.5625,9.25,2.375,10.3125],"rotation":0,"texture":"#0","tintindex":0}}},{"from":[4.217518,12.992432,5.428571],"to":[12.217518,18.135288,10.571428],"rotation":{"angle":0.0,"axis":"y","origin":[8.217518,-1.8647127,8.0]},"faces":{"east":{"uv":[9.0,4.5,10.125,5.625],"rotation":0,"texture":"#0","tintindex":0},"south":{"uv":[0.0,7.125,1.75,8.25],"rotation":0,"texture":"#0","tintindex":0},"north":{"uv":[6.5,2.5,8.25,3.625],"rotation":0,"texture":"#0","tintindex":0},"west":{"uv":[5.125,9.0,6.25,10.125],"rotation":0,"texture":"#0","tintindex":0},"up":{"uv":[3.5,8.25,1.75,7.125],"rotation":0,"texture":"#0","tintindex":0},"down":{"uv":[5.25,7.125,3.5,8.25],"rotation":0,"texture":"#0","tintindex":0}}},{"from":[5.503232,12.849574,5.285714],"to":[8.07466,18.278145,10.714286],"rotation":{"angle":0.0,"axis":"y","origin":[8.217518,-1.8647127,8.0]},"faces":{"east":{"uv":[8.125,1.0,9.3125,2.1875],"rotation":0,"texture":"#0","tintindex":0},"south":{"uv":[12.8125,2.25,12.25,3.4375],"rotation":0,"texture":"#0","tintindex":0},"north":{"uv":[12.25,2.25,12.8125,3.4375],"rotation":0,"texture":"#0","tintindex":0},"west":{"uv":[0.0,8.25,1.1875,9.4375],"rotation":0,"texture":"#0","tintindex":0},"up":{"uv":[12.9375,4.6875,12.375,3.5],"rotation":0,"texture":"#0","tintindex":0},"down":{"uv":[5.0625,12.375,4.5,13.5625],"rotation":0,"texture":"#0","tintindex":0}}},{"from":[7.360375,7.8495736,5.142857],"to":[9.074661,9.56386,10.857143],"rotation":{"angle":-45.0,"axis":"z","origin":[8.217518,8.706717,8.0]},"faces":{"east":{"uv":[12.875,8.625,14.125,9.0],"rotation":0,"texture":"#0","tintindex":0},"south":{"uv":[3.5,12.5,3.875,12.875],"rotation":0,"texture":"#0","tintindex":0},"north":{"uv":[12.125,9.0,12.5,9.375],"rotation":0,"texture":"#0","tintindex":0},"west":{"uv":[13.0,4.25,14.25,4.625],"rotation":0,"texture":"#0","tintindex":0},"up":{"uv":[13.625,6.875,13.25,5.625],"rotation":0,"texture":"#0","tintindex":0},"down":{"uv":[8.5,13.25,8.125,14.5],"rotation":0,"texture":"#0","tintindex":0}}},{"from":[8.788946,8.706717,5.714286],"to":[12.217518,9.849574,10.285714],"rotation":{"angle":22.5,"axis":"z","origin":[9.64609,8.421002,8.0]},"faces":{"east":{"uv":[9.375,3.25,10.375,3.5],"rotation":0,"texture":"#0","tintindex":0},"south":{"uv":[10.875,5.375,10.125,5.625],"rotation":0,"texture":"#0","tintindex":0},"north":{"uv":[10.125,5.375,10.875,5.625],"rotation":0,"texture":"#0","tintindex":0},"west":{"uv":[14.5,8.25,15.5,8.5],"rotation":0,"texture":"#0","tintindex":0},"up":{"uv":[8.375,13.125,7.625,12.125],"rotation":0,"texture":"#0","tintindex":0},"down":{"uv":[12.875,8.0,12.125,9.0],"rotation":0,"texture":"#0","tintindex":0}}},{"from":[4.217518,8.706717,5.714286],"to":[7.646089,9.849574,10.285714],"rotation":{"angle":-22.5,"axis":"z","origin":[6.788946,8.421002,8.0]},"faces":{"east":{"uv":[14.5,10.625,15.5,10.875],"rotation":0,"texture":"#0","tintindex":0},"south":{"uv":[10.125,5.375,10.875,5.625],"rotation":0,"texture":"#0","tintindex":0},"north":{"uv":[14.875,6.375,15.625,6.625],"rotation":0,"texture":"#0","tintindex":0},"west":{"uv":[14.5,10.875,15.5,11.125],"rotation":0,"texture":"#0","tintindex":0},"up":{"uv":[10.25,13.125,9.5,12.125],"rotation":0,"texture":"#0","tintindex":0},"down":{"uv":[11.0,12.125,10.25,13.125],"rotation":0,"texture":"#0","tintindex":0}}},{"from":[9.744131,10.016941,6.285714],"to":[11.458417,14.016942,9.714286],"rotation":{"angle":-45.0,"axis":"z","origin":[10.6012745,12.58837,5.714286]},"faces":{"east":{"uv":[6.5,3.625,7.25,4.5],"rotation":0,"texture":"#0","tintindex":0},"south":{"uv":[7.75,13.875,8.125,14.75],"rotation":0,"texture":"#0","tintindex":0},"north":{"uv":[0.625,11.625,1.0,12.5],"rotation":0,"texture":"#0","tintindex":0},"west":{"uv":[5.125,12.375,5.875,13.25],"rotation":0,"texture":"#0","tintindex":0},"up":{"uv":[13.5,15.0,13.125,14.25],"rotation":0,"texture":"#0","tintindex":0},"down":{"uv":[8.875,14.375,8.5,15.125],"rotation":0,"texture":"#0","tintindex":0}}},{"from":[4.976619,10.016941,6.285714],"to":[6.6909046,14.016942,9.714286],"rotation":{"angle":45.0,"axis":"z","origin":[5.8337617,12.58837,5.714286]},"faces":{"east":{"uv":[12.5,6.75,13.25,7.625],"rotation":0,"texture":"#0","tintindex":0},"south":{"uv":[14.25,1.25,14.625,2.125],"rotation":0,"texture":"#0","tintindex":0},"north":{"uv":[14.125,10.25,14.5,11.125],"rotation":0,"texture":"#0","tintindex":0},"west":{"uv":[12.5,9.0,13.25,9.875],"rotation":0,"texture":"#0","tintindex":0},"up":{"uv":[14.75,9.375,14.375,8.625],"rotation":0,"texture":"#0","tintindex":0},"down":{"uv":[14.75,11.75,14.375,12.5],"rotation":0,"texture":"#0","tintindex":0}}}],"display":{"head":{"translation":[0.0,-6.4,0.0],"scale":[4.0,4.0,4.0]}}}