{"textures":{"0":"modelengine:entity/zeus"},"elements":[{"from":[5.285714,5.428571,6.285714],"to":[8.428572,9.428572,9.714286],"rotation":{"angle":0.0,"axis":"y","origin":[11.714286,-10.857143,8.0]},"faces":{"east":{"uv":[2.75,12.5,3.5,13.375],"rotation":0,"texture":"#0","tintindex":0},"south":{"uv":[13.3125,0.75,12.625,1.625],"rotation":0,"texture":"#0","tintindex":0},"north":{"uv":[13.0625,12.5,12.375,13.375],"rotation":0,"texture":"#0","tintindex":0},"west":{"uv":[3.5,12.5,2.75,13.375],"rotation":0,"texture":"#0","tintindex":0},"up":{"uv":[12.875,12.5,13.5625,11.75],"rotation":0,"texture":"#0","tintindex":0},"down":{"uv":[1.5,13.0,2.1875,13.75],"rotation":0,"texture":"#0","tintindex":0}}},{"from":[5.5714283,2.5714283,6.714286],"to":[8.142858,5.428571,9.285714],"rotation":{"angle":0.0,"axis":"y","origin":[11.714286,-10.857143,8.0]},"faces":{"east":{"uv":[7.125,13.875,7.6875,14.5],"rotation":0,"texture":"#0","tintindex":0},"south":{"uv":[9.4375,13.875,8.875,14.5],"rotation":0,"texture":"#0","tintindex":0},"north":{"uv":[14.4375,6.625,13.875,7.25],"rotation":0,"texture":"#0","tintindex":0},"west":{"uv":[7.6875,13.875,7.125,14.5],"rotation":0,"texture":"#0","tintindex":0},"up":{"uv":[14.125,8.1875,14.6875,7.625],"rotation":0,"texture":"#0","tintindex":0},"down":{"uv":[2.5,14.25,3.0625,14.8125],"rotation":0,"texture":"#0","tintindex":0}}},{"from":[5.285714,3.7142854,6.428571],"to":[8.428572,4.285714,9.571428],"rotation":{"angle":0.0,"axis":"y","origin":[11.714286,-10.857143,8.0]},"faces":{"east":{"uv":[15.4375,9.25,14.75,9.375],"rotation":0,"texture":"#0","tintindex":0},"south":{"uv":[6.5625,12.0,5.875,12.125],"rotation":0,"texture":"#0","tintindex":0},"north":{"uv":[6.9375,7.25,6.25,7.375],"rotation":0,"texture":"#0","tintindex":0},"west":{"uv":[14.75,9.25,15.4375,9.375],"rotation":0,"texture":"#0","tintindex":0},"up":{"uv":[6.625,13.6875,7.3125,13.0],"rotation":0,"texture":"#0","tintindex":0},"down":{"uv":[7.375,13.125,8.0625,13.8125],"rotation":0,"texture":"#0","tintindex":0}}}],"display":{"head":{"translation":[0.0,-6.4,0.0],"scale":[4.0,4.0,4.0]}}}