{"textures":{"0":"modelengine:entity/miner"},"elements":[{"from":[6.045289,7.142857,4.5055876],"to":[10.04529,9.428572,6.2198734],"rotation":{"angle":0.0,"axis":"y","origin":[8.045289,1.9999995,7.9341593]},"faces":{"east":{"uv":[6.5125,6.7625,6.8625,7.2375],"rotation":0,"texture":"#0","tintindex":0},"south":{"uv":[5.3875,0.7625,6.2375,1.2375],"rotation":0,"texture":"#0","tintindex":0},"north":{"uv":[1.0125,4.2625,1.8625,4.7375],"rotation":0,"texture":"#0","tintindex":0},"west":{"uv":[1.6375,6.8875,1.9875,7.3625],"rotation":0,"texture":"#0","tintindex":0},"up":{"uv":[6.9875,5.3625,6.1375,5.0125],"rotation":0,"texture":"#0","tintindex":0},"down":{"uv":[6.9875,5.3875,6.1375,5.7375],"rotation":0,"texture":"#0","tintindex":0}}},{"from":[5.759575,7.714286,5.0770164],"to":[10.331004,12.285715,9.648445],"rotation":{"angle":0.0,"axis":"y","origin":[8.045289,1.9999995,7.9341593]},"faces":{"east":{"uv":[3.0125,3.7625,3.9875,4.7375],"rotation":0,"texture":"#0","tintindex":0},"south":{"uv":[0.0125,3.8875,0.9875,4.8625],"rotation":0,"texture":"#0","tintindex":0},"north":{"uv":[2.0125,3.7625,2.9875,4.7375],"rotation":0,"texture":"#0","tintindex":0},"west":{"uv":[4.0125,1.3875,4.9875,2.3625],"rotation":0,"texture":"#0","tintindex":0},"up":{"uv":[4.9875,3.3625,4.0125,2.3875],"rotation":0,"texture":"#0","tintindex":0},"down":{"uv":[4.9875,3.3875,4.0125,4.3625],"rotation":0,"texture":"#0","tintindex":0}}},{"from":[7.1881466,9.428572,4.5055876],"to":[8.902432,10.571428,5.0770164],"rotation":{"angle":0.0,"axis":"y","origin":[8.045289,1.9999995,7.9341593]},"faces":{"east":{"uv":[3.8875,4.7625,3.9875,4.9875],"rotation":0,"texture":"#0","tintindex":0},"south":{"uv":[7.2625,6.0125,7.6125,6.2375],"rotation":0,"texture":"#0","tintindex":0},"north":{"uv":[7.2625,5.7625,7.6125,5.9875],"rotation":0,"texture":"#0","tintindex":0},"west":{"uv":[2.1375,7.3875,2.2375,7.6125],"rotation":0,"texture":"#0","tintindex":0},"up":{"uv":[2.1125,5.4875,1.7625,5.3875],"rotation":0,"texture":"#0","tintindex":0},"down":{"uv":[7.6125,4.8875,7.2625,4.9875],"rotation":0,"texture":"#0","tintindex":0}}},{"from":[6.045289,10.571428,3.6484451],"to":[10.04529,11.142858,4.791302],"rotation":{"angle":0.0,"axis":"y","origin":[8.045289,1.4285712,7.9341593]},"faces":{"east":{"uv":[2.5125,3.6375,2.7375,3.7375],"rotation":0,"texture":"#0","tintindex":0},"south":{"uv":[7.2625,4.7625,8.1125,4.8625],"rotation":0,"texture":"#0","tintindex":0},"north":{"uv":[4.1375,1.2625,4.9875,1.3625],"rotation":0,"texture":"#0","tintindex":0},"west":{"uv":[6.1375,6.6375,6.3625,6.7375],"rotation":0,"texture":"#0","tintindex":0},"up":{"uv":[7.2375,4.9875,6.3875,4.7625],"rotation":0,"texture":"#0","tintindex":0},"down":{"uv":[7.4875,3.5125,6.6375,3.7375],"rotation":0,"texture":"#0","tintindex":0}}},{"from":[5.4738607,10.571428,4.791302],"to":[10.616718,12.857143,9.934159],"rotation":{"angle":0.0,"axis":"y","origin":[8.045289,1.9999995,7.9341593]},"faces":{"east":{"uv":[4.2625,5.0125,5.3625,5.4875],"rotation":0,"texture":"#0","tintindex":0},"south":{"uv":[5.2625,4.0125,6.3625,4.4875],"rotation":0,"texture":"#0","tintindex":0},"north":{"uv":[5.0125,3.5125,6.1125,3.9875],"rotation":0,"texture":"#0","tintindex":0},"west":{"uv":[5.2625,4.5125,6.3625,4.9875],"rotation":0,"texture":"#0","tintindex":0},"up":{"uv":[2.7375,2.8625,1.6375,1.7625],"rotation":0,"texture":"#0","tintindex":0},"down":{"uv":[1.1125,2.7625,0.0125,3.8625],"rotation":0,"texture":"#0","tintindex":0}}},{"from":[7.4738607,11.142858,4.5055876],"to":[8.616718,13.428572,10.219873],"rotation":{"angle":0.0,"axis":"y","origin":[8.045289,1.9999995,7.9341593]},"faces":{"east":{"uv":[9.25,0.0,10.5,0.5],"rotation":0,"texture":"#0","tintindex":0},"south":{"uv":[7.875,0.0,8.0,0.5],"rotation":0,"texture":"#0","tintindex":0},"north":{"uv":[7.625,0.0,7.875,0.5],"rotation":0,"texture":"#0","tintindex":0},"west":{"uv":[8.0,0.0,9.25,0.5],"rotation":0,"texture":"#0","tintindex":0},"up":{"uv":[10.75,1.25,10.5,0.0],"rotation":0,"texture":"#0","tintindex":0},"down":{"uv":[11.0,0.0,10.75,1.25],"rotation":0,"texture":"#0","tintindex":0}}},{"from":[7.1881466,12.285715,4.2198734],"to":[8.902432,14.0,6.5055876],"rotation":{"angle":0.0,"axis":"y","origin":[8.045289,1.9999995,7.9341593]},"faces":{"east":{"uv":[3.2625,1.3875,3.7375,1.7375],"rotation":0,"texture":"#0","tintindex":0},"south":{"uv":[3.1375,7.0125,3.4875,7.3625],"rotation":0,"texture":"#0","tintindex":0},"north":{"uv":[7.0125,2.7625,7.3625,3.1125],"rotation":0,"texture":"#0","tintindex":0},"west":{"uv":[6.7625,0.5125,7.2375,0.8625],"rotation":0,"texture":"#0","tintindex":0},"up":{"uv":[1.6125,7.2375,1.2625,6.7625],"rotation":0,"texture":"#0","tintindex":0},"down":{"uv":[6.4875,6.7625,6.1375,7.2375],"rotation":0,"texture":"#0","tintindex":0}}},{"from":[5.51915,8.857143,7.428571],"to":[6.0905786,10.571428,8.571428],"rotation":{"angle":-22.5,"axis":"y","origin":[5.804864,11.428572,8.0]},"faces":{"east":{"uv":[3.7625,1.3875,3.9875,1.7375],"rotation":0,"texture":"#0","tintindex":0},"south":{"uv":[4.1375,5.7625,4.2375,6.1125],"rotation":0,"texture":"#0","tintindex":0},"north":{"uv":[1.0125,3.8875,1.1125,4.2375],"rotation":0,"texture":"#0","tintindex":0},"west":{"uv":[5.0125,4.0125,5.2375,4.3625],"rotation":0,"texture":"#0","tintindex":0},"up":{"uv":[2.3625,7.6125,2.2625,7.3875],"rotation":0,"texture":"#0","tintindex":0},"down":{"uv":[7.4875,3.0125,7.3875,3.2375],"rotation":0,"texture":"#0","tintindex":0}}},{"from":[10.0,8.857143,7.428571],"to":[10.571428,10.571428,8.571428],"rotation":{"angle":22.5,"axis":"y","origin":[10.285714,11.428572,8.0]},"faces":{"east":{"uv":[5.2375,4.0125,5.0125,4.3625],"rotation":0,"texture":"#0","tintindex":0},"south":{"uv":[4.2375,5.7625,4.1375,6.1125],"rotation":0,"texture":"#0","tintindex":0},"north":{"uv":[1.1125,3.8875,1.0125,4.2375],"rotation":0,"texture":"#0","tintindex":0},"west":{"uv":[3.9875,1.3875,3.7625,1.7375],"rotation":0,"texture":"#0","tintindex":0},"up":{"uv":[2.2625,7.6125,2.3625,7.3875],"rotation":0,"texture":"#0","tintindex":0},"down":{"uv":[7.3875,3.0125,7.4875,3.2375],"rotation":0,"texture":"#0","tintindex":0}}},{"from":[6.3310037,4.8571424,4.791302],"to":[7.4738607,7.142857,5.9341593],"rotation":{"angle":0.0,"axis":"y","origin":[8.045289,1.9999995,7.9341593]},"faces":{"east":{"uv":[0.0125,7.1375,0.2375,7.6125],"rotation":0,"texture":"#0","tintindex":0},"south":{"uv":[0.2625,7.1375,0.4875,7.6125],"rotation":0,"texture":"#0","tintindex":0},"north":{"uv":[0.7625,5.6375,0.9875,6.1125],"rotation":0,"texture":"#0","tintindex":0},"west":{"uv":[0.5125,7.1375,0.7375,7.6125],"rotation":0,"texture":"#0","tintindex":0},"up":{"uv":[5.3625,5.7375,5.1375,5.5125],"rotation":0,"texture":"#0","tintindex":0},"down":{"uv":[2.6125,6.1375,2.3875,6.3625],"rotation":0,"texture":"#0","tintindex":0}}},{"from":[8.616718,4.8571424,4.791302],"to":[9.759575,7.142857,5.9341593],"rotation":{"angle":0.0,"axis":"y","origin":[8.045289,1.9999995,7.9341593]},"faces":{"east":{"uv":[0.7375,7.1375,0.5125,7.6125],"rotation":0,"texture":"#0","tintindex":0},"south":{"uv":[0.4875,7.1375,0.2625,7.6125],"rotation":0,"texture":"#0","tintindex":0},"north":{"uv":[0.9875,5.6375,0.7625,6.1125],"rotation":0,"texture":"#0","tintindex":0},"west":{"uv":[0.2375,7.1375,0.0125,7.6125],"rotation":0,"texture":"#0","tintindex":0},"up":{"uv":[5.1375,5.7375,5.3625,5.5125],"rotation":0,"texture":"#0","tintindex":0},"down":{"uv":[2.3875,6.1375,2.6125,6.3625],"rotation":0,"texture":"#0","tintindex":0}}}],"display":{"head":{"translation":[0.0,-6.4,0.0],"scale":[4.0,4.0,4.0]}}}