{"textures":{"0":"modelengine:entity/miner"},"elements":[{"from":[6.857143,4.5714283,7.0],"to":[9.142858,8.0,9.285714],"rotation":{"angle":0.0,"axis":"y","origin":[6.857143,4.5714283,2.4285712]},"faces":{"east":{"uv":[6.1375,3.0125,6.6125,3.7375],"rotation":0,"texture":"#0","tintindex":0},"south":{"uv":[4.1375,6.1375,4.6125,6.8625],"rotation":0,"texture":"#0","tintindex":0},"north":{"uv":[1.8875,6.1375,2.3625,6.8625],"rotation":0,"texture":"#0","tintindex":0},"west":{"uv":[4.6375,6.1375,5.1125,6.8625],"rotation":0,"texture":"#0","tintindex":0},"up":{"uv":[6.9875,1.7375,6.5125,1.2625],"rotation":0,"texture":"#0","tintindex":0},"down":{"uv":[6.9875,1.7625,6.5125,2.2375],"rotation":0,"texture":"#0","tintindex":0}}},{"from":[8.0,8.0,7.5714283],"to":[8.0,9.142858,8.714286],"rotation":{"angle":0.0,"axis":"y","origin":[6.857143,4.5714283,2.4285712]},"faces":{"east":{"uv":[0.25,7.625,0.0,7.875],"rotation":0,"texture":"#0","tintindex":0},"south":{"uv":[4.1375,6.1375,4.6125,6.8625],"rotation":0,"texture":"#0","tintindex":0},"north":{"uv":[1.8875,6.1375,2.3625,6.8625],"rotation":0,"texture":"#0","tintindex":0},"west":{"uv":[0.0,7.625,0.25,7.875],"rotation":0,"texture":"#0","tintindex":0},"up":{"uv":[6.9875,1.7375,6.5125,1.2625],"rotation":0,"texture":"#0","tintindex":0},"down":{"uv":[6.9875,1.7625,6.5125,2.2375],"rotation":0,"texture":"#0","tintindex":0}}}],"display":{"head":{"translation":[0.0,-6.4,0.0],"scale":[4.0,4.0,4.0]}}}