{"textures":{"0":"modelengine:entity/miner"},"elements":[{"from":[6.5714283,5.142857,7.142857],"to":[8.285714,9.142858,8.857143],"rotation":{"angle":0.0,"axis":"y","origin":[6.5714283,8.571428,9.428572]},"faces":{"east":{"uv":[0.3875,6.2625,0.7375,7.1125],"rotation":0,"texture":"#0","tintindex":0},"south":{"uv":[2.3875,6.3875,2.7375,7.2375],"rotation":0,"texture":"#0","tintindex":0},"north":{"uv":[0.0125,6.2625,0.3625,7.1125],"rotation":0,"texture":"#0","tintindex":0},"west":{"uv":[2.7625,6.3875,3.1125,7.2375],"rotation":0,"texture":"#0","tintindex":0},"up":{"uv":[7.3625,3.4875,7.0125,3.1375],"rotation":0,"texture":"#0","tintindex":0},"down":{"uv":[7.3625,5.0125,7.0125,5.3625],"rotation":0,"texture":"#0","tintindex":0}}}],"display":{"head":{"translation":[0.0,-6.4,0.0],"scale":[4.0,4.0,4.0]}}}