{"textures":{"0":"modelengine:entity/miner"},"elements":[{"from":[8.0,6.0,6.857143],"to":[9.714286,8.857143,9.142858],"rotation":{"angle":0.0,"axis":"y","origin":[8.857143,7.428571,8.0]},"faces":{"east":{"uv":[3.6125,6.3875,3.1375,6.9875],"rotation":0,"texture":"#0","tintindex":0},"south":{"uv":[6.9875,2.8875,6.6375,3.4875],"rotation":0,"texture":"#0","tintindex":0},"north":{"uv":[6.8625,2.2625,6.5125,2.8625],"rotation":0,"texture":"#0","tintindex":0},"west":{"uv":[6.7375,0.6375,6.2625,1.2375],"rotation":0,"texture":"#0","tintindex":0},"up":{"uv":[2.0125,7.3625,2.3625,6.8875],"rotation":0,"texture":"#0","tintindex":0},"down":{"uv":[6.8875,2.2625,7.2375,2.7375],"rotation":0,"texture":"#0","tintindex":0}}},{"from":[8.285714,3.7142854,7.142857],"to":[9.428572,6.0,8.857143],"rotation":{"angle":0.0,"axis":"y","origin":[8.571428,4.5714283,8.285714]},"faces":{"east":{"uv":[7.2375,4.2625,6.8875,4.7375],"rotation":0,"texture":"#0","tintindex":0},"south":{"uv":[1.4875,7.2625,1.2625,7.7375],"rotation":0,"texture":"#0","tintindex":0},"north":{"uv":[7.4875,0.5125,7.2625,0.9875],"rotation":0,"texture":"#0","tintindex":0},"west":{"uv":[4.4875,6.8875,4.1375,7.3625],"rotation":0,"texture":"#0","tintindex":0},"up":{"uv":[6.1375,7.6125,6.3625,7.2625],"rotation":0,"texture":"#0","tintindex":0},"down":{"uv":[6.3875,7.2625,6.6125,7.6125],"rotation":0,"texture":"#0","tintindex":0}}}],"display":{"head":{"translation":[0.0,-6.4,0.0],"scale":[4.0,4.0,4.0]}}}