{"textures":{"0":"modelengine:entity/miner"},"elements":[{"name":"cube","from":[7.1,5.6,5.8999996],"to":[8.9,8.0,8.3],"rotation":{"angle":0.0,"axis":"x","origin":[8.0,6.5,7.1]},"faces":{"down":{"uv":[6.8875,5.7625,7.2375,6.2375],"rotation":0,"texture":"#0","tintindex":0},"east":{"uv":[5.6125,6.3875,5.1375,6.8625],"rotation":0,"texture":"#0","tintindex":0},"north":{"uv":[4.8625,6.8875,4.5125,7.3625],"rotation":0,"texture":"#0","tintindex":0},"south":{"uv":[5.2375,6.8875,4.8875,7.3625],"rotation":0,"texture":"#0","tintindex":0},"up":{"uv":[5.2625,7.3625,5.6125,6.8875],"rotation":0,"texture":"#0","tintindex":0},"west":{"uv":[6.8625,4.2625,6.3875,4.7375],"rotation":0,"texture":"#0","tintindex":0}}},{"name":"cube","from":[7.1,3.9499998,1.6999998],"to":[8.9,5.75,4.1],"rotation":{"angle":0.0,"axis":"x","origin":[8.0,4.85,2.8999999]},"faces":{"down":{"uv":[7.0125,1.7625,7.3625,2.2375],"rotation":0,"texture":"#0","tintindex":0},"east":{"uv":[1.2375,7.0125,0.7625,7.3625],"rotation":0,"texture":"#0","tintindex":0},"north":{"uv":[7.3625,5.3875,7.0125,5.7375],"rotation":0,"texture":"#0","tintindex":0},"south":{"uv":[7.2375,7.0125,6.8875,7.3625],"rotation":0,"texture":"#0","tintindex":0},"up":{"uv":[7.0125,1.7375,7.3625,1.2625],"rotation":0,"texture":"#0","tintindex":0},"west":{"uv":[7.3625,6.6375,6.8875,6.9875],"rotation":0,"texture":"#0","tintindex":0}}},{"name":"cube","from":[7.55,2.7499998,1.9999998],"to":[8.15,6.95,3.1999998],"rotation":{"angle":0.0,"axis":"x","origin":[8.45,1.2499998,2.6]},"faces":{"down":{"uv":[4.3875,7.3875,4.4875,7.6125],"rotation":0,"texture":"#0","tintindex":0},"east":{"uv":[6.1125,6.6375,5.8875,7.4875],"rotation":0,"texture":"#0","tintindex":0},"north":{"uv":[3.6125,7.0125,3.5125,7.8625],"rotation":0,"texture":"#0","tintindex":0},"south":{"uv":[1.6125,7.2625,1.5125,8.1125],"rotation":0,"texture":"#0","tintindex":0},"up":{"uv":[4.2625,7.6125,4.3625,7.3875],"rotation":0,"texture":"#0","tintindex":0},"west":{"uv":[5.8625,6.3875,5.6375,7.2375],"rotation":0,"texture":"#0","tintindex":0}}},{"name":"cube","from":[7.55,6.445732,2.7351265],"to":[8.15,8.845732,3.9351265],"rotation":{"angle":22.5,"axis":"x","origin":[8.75,8.5457325,3.6351266]},"faces":{"down":{"uv":[4.5125,7.3875,4.6125,7.6125],"rotation":0,"texture":"#0","tintindex":0},"east":{"uv":[5.8625,7.7375,5.6375,7.2625],"rotation":0,"texture":"#0","tintindex":0},"north":{"uv":[1.9875,4.7375,1.8875,4.2625],"rotation":0,"texture":"#0","tintindex":0},"south":{"uv":[6.1125,3.4875,6.0125,3.0125],"rotation":0,"texture":"#0","tintindex":0},"up":{"uv":[4.6375,7.6125,4.7375,7.3875],"rotation":0,"texture":"#0","tintindex":0},"west":{"uv":[7.4875,4.7375,7.2625,4.2625],"rotation":0,"texture":"#0","tintindex":0}}},{"name":"cube","from":[7.55,8.091576,3.7154963],"to":[8.15,9.2915745,4.9154963],"rotation":{"angle":45.0,"axis":"x","origin":[8.75,9.591576,4.6154966]},"faces":{"down":{"uv":[5.0125,7.3875,5.1125,7.6125],"rotation":0,"texture":"#0","tintindex":0},"east":{"uv":[7.6125,2.2375,7.3875,2.0125],"rotation":0,"texture":"#0","tintindex":0},"north":{"uv":[4.8625,7.6125,4.7625,7.3875],"rotation":0,"texture":"#0","tintindex":0},"south":{"uv":[4.9875,7.6125,4.8875,7.3875],"rotation":0,"texture":"#0","tintindex":0},"up":{"uv":[7.3875,5.2375,7.4875,5.0125],"rotation":0,"texture":"#0","tintindex":0},"west":{"uv":[2.1125,7.6125,1.8875,7.3875],"rotation":0,"texture":"#0","tintindex":0}}},{"name":"cube","from":[7.55,0.8542676,2.7351265],"to":[8.15,3.254268,3.9351265],"rotation":{"angle":-22.5,"axis":"x","origin":[8.75,1.1542675,3.6351266]},"faces":{"down":{"uv":[4.6375,7.3875,4.7375,7.6125],"rotation":0,"texture":"#0","tintindex":0},"east":{"uv":[5.8625,7.2625,5.6375,7.7375],"rotation":0,"texture":"#0","tintindex":0},"north":{"uv":[1.9875,4.2625,1.8875,4.7375],"rotation":0,"texture":"#0","tintindex":0},"south":{"uv":[6.1125,3.0125,6.0125,3.4875],"rotation":0,"texture":"#0","tintindex":0},"up":{"uv":[4.5125,7.6125,4.6125,7.3875],"rotation":0,"texture":"#0","tintindex":0},"west":{"uv":[7.4875,4.2625,7.2625,4.7375],"rotation":0,"texture":"#0","tintindex":0}}},{"name":"cube","from":[7.55,0.40842462,3.7154963],"to":[8.15,1.6084247,4.9154963],"rotation":{"angle":-45.0,"axis":"x","origin":[8.75,0.10842466,4.6154966]},"faces":{"down":{"uv":[7.3875,5.0125,7.4875,5.2375],"rotation":0,"texture":"#0","tintindex":0},"east":{"uv":[7.6125,2.0125,7.3875,2.2375],"rotation":0,"texture":"#0","tintindex":0},"north":{"uv":[4.8625,7.3875,4.7625,7.6125],"rotation":0,"texture":"#0","tintindex":0},"south":{"uv":[4.9875,7.3875,4.8875,7.6125],"rotation":0,"texture":"#0","tintindex":0},"up":{"uv":[5.0125,7.6125,5.1125,7.3875],"rotation":0,"texture":"#0","tintindex":0},"west":{"uv":[2.1125,7.3875,1.8875,7.6125],"rotation":0,"texture":"#0","tintindex":0}}},{"name":"cube","from":[7.4,4.25,4.1],"to":[8.6,5.45,10.1],"rotation":{"angle":0.0,"axis":"x","origin":[7.7,3.35,8.9]},"faces":{"down":{"uv":[3.8875,6.3875,4.1125,7.6125],"rotation":0,"texture":"#0","tintindex":0},"east":{"uv":[7.6125,4.0125,6.3875,4.2375],"rotation":0,"texture":"#0","tintindex":0},"north":{"uv":[1.8625,7.3875,1.6375,7.6125],"rotation":0,"texture":"#0","tintindex":0},"south":{"uv":[7.6125,1.7625,7.3875,1.9875],"rotation":0,"texture":"#0","tintindex":0},"up":{"uv":[3.6375,7.6125,3.8625,6.3875],"rotation":0,"texture":"#0","tintindex":0},"west":{"uv":[7.3625,3.7625,6.1375,3.9875],"rotation":0,"texture":"#0","tintindex":0}}},{"name":"cube","from":[7.7,3.7999997,5.8999996],"to":[8.9,5.6,8.3],"rotation":{"angle":0.0,"axis":"x","origin":[8.0,3.4999998,7.1]},"faces":{"down":{"uv":[2.3875,7.2625,2.6125,7.7375],"rotation":0,"texture":"#0","tintindex":0},"east":{"uv":[7.3625,6.2625,6.8875,6.6125],"rotation":0,"texture":"#0","tintindex":0},"north":{"uv":[6.8625,7.2625,6.6375,7.6125],"rotation":0,"texture":"#0","tintindex":0},"south":{"uv":[7.4875,7.0125,7.2625,7.3625],"rotation":0,"texture":"#0","tintindex":0},"up":{"uv":[7.2625,2.7375,7.4875,2.2625],"rotation":0,"texture":"#0","tintindex":0},"west":{"uv":[7.2375,0.8875,6.7625,1.2375],"rotation":0,"texture":"#0","tintindex":0}}},{"name":"cube","from":[7.1,4.3999996,5.8999996],"to":[7.7,5.6,7.1],"rotation":{"angle":0.0,"axis":"x","origin":[7.4,3.4999998,7.1]},"faces":{"down":{"uv":[3.3875,7.3875,3.4875,7.6125],"rotation":0,"texture":"#0","tintindex":0},"east":{"uv":[7.6125,1.5125,7.3875,1.7375],"rotation":0,"texture":"#0","tintindex":0},"north":{"uv":[3.2375,7.3875,3.1375,7.6125],"rotation":0,"texture":"#0","tintindex":0},"south":{"uv":[3.3625,7.3875,3.2625,7.6125],"rotation":0,"texture":"#0","tintindex":0},"up":{"uv":[7.3875,3.4875,7.4875,3.2625],"rotation":0,"texture":"#0","tintindex":0},"west":{"uv":[7.6125,1.2625,7.3875,1.4875],"rotation":0,"texture":"#0","tintindex":0}}}],"display":{"head":{"translation":[0.0,-6.4,0.0],"rotation":[0.0,0.0,0.0],"scale":[3.8095,3.8095,3.8095]}}}
