{"textures":{"3":"modelengine:entity/lr_minotaur_flash"},"elements":[{"from":[5.714286,2.8571424,2.2857141],"to":[10.285714,8.0,8.0],"rotation":{"angle":0.0,"axis":"y","origin":[1.7142854,15.428572,1.7142854]},"faces":{"east":{"uv":[5.8125,1.0,5.1875,1.5625],"rotation":0,"texture":"#3","tintindex":0},"south":{"uv":[1.8125,5.875,1.3125,6.4375],"rotation":0,"texture":"#3","tintindex":0},"north":{"uv":[6.3125,1.375,5.8125,1.9375],"rotation":0,"texture":"#3","tintindex":0},"west":{"uv":[5.75,2.25,5.125,2.8125],"rotation":0,"texture":"#3","tintindex":0},"up":{"uv":[5.4375,6.1875,5.9375,5.5625],"rotation":0,"texture":"#3","tintindex":0},"down":{"uv":[0.8125,5.625,1.3125,6.25],"rotation":0,"texture":"#3","tintindex":0}}},{"from":[4.5714283,-1.7142859,1.1428566],"to":[11.428572,2.8571424,9.142858],"rotation":{"angle":0.0,"axis":"y","origin":[1.7142854,15.428572,1.7142854]},"faces":{"east":{"uv":[4.375,4.0,3.5,4.5],"rotation":0,"texture":"#3","tintindex":0},"south":{"uv":[5.6875,3.625,4.9375,4.125],"rotation":0,"texture":"#3","tintindex":0},"north":{"uv":[5.6875,3.125,4.9375,3.625],"rotation":0,"texture":"#3","tintindex":0},"west":{"uv":[4.75,1.75,3.875,2.25],"rotation":0,"texture":"#3","tintindex":0},"up":{"uv":[3.375,4.0,4.125,3.125],"rotation":0,"texture":"#3","tintindex":0},"down":{"uv":[0.0,3.5,0.75,4.375],"rotation":0,"texture":"#3","tintindex":0}}},{"from":[7.428571,1.1428566,9.142858],"to":[8.571428,2.2857141,10.857143],"rotation":{"angle":0.0,"axis":"y","origin":[1.7142854,15.428572,1.7142854]},"faces":{"east":{"uv":[3.125,3.875,2.9375,4.0],"rotation":0,"texture":"#3","tintindex":0},"south":{"uv":[5.5625,2.125,5.4375,2.25],"rotation":0,"texture":"#3","tintindex":0},"north":{"uv":[5.4375,4.75,5.3125,4.875],"rotation":0,"texture":"#3","tintindex":0},"west":{"uv":[2.9375,3.875,2.75,4.0],"rotation":0,"texture":"#3","tintindex":0},"up":{"uv":[1.0625,6.4375,1.1875,6.25],"rotation":0,"texture":"#3","tintindex":0},"down":{"uv":[1.1875,6.25,1.3125,6.4375],"rotation":0,"texture":"#3","tintindex":0}}},{"from":[7.428571,-1.1428576,10.857143],"to":[8.571428,2.2857141,12.0],"rotation":{"angle":0.0,"axis":"y","origin":[1.7142854,15.428572,1.7142854]},"faces":{"east":{"uv":[3.75,7.5,3.625,7.875],"rotation":0,"texture":"#3","tintindex":0},"south":{"uv":[1.75,7.5,1.625,7.875],"rotation":0,"texture":"#3","tintindex":0},"north":{"uv":[0.375,6.875,0.25,7.25],"rotation":0,"texture":"#3","tintindex":0},"west":{"uv":[1.625,7.5,1.5,7.875],"rotation":0,"texture":"#3","tintindex":0},"up":{"uv":[5.4375,4.875,5.5625,4.75],"rotation":0,"texture":"#3","tintindex":0},"down":{"uv":[3.0625,5.5,3.1875,5.625],"rotation":0,"texture":"#3","tintindex":0}}},{"from":[7.428571,-1.1428576,9.142858],"to":[8.571428,0.0,10.857143],"rotation":{"angle":0.0,"axis":"y","origin":[1.7142854,15.428572,1.7142854]},"faces":{"east":{"uv":[3.3125,3.875,3.125,4.0],"rotation":0,"texture":"#3","tintindex":0},"south":{"uv":[5.6875,2.125,5.5625,2.25],"rotation":0,"texture":"#3","tintindex":0},"north":{"uv":[5.6875,0.875,5.5625,1.0],"rotation":0,"texture":"#3","tintindex":0},"west":{"uv":[4.0625,3.0,3.875,3.125],"rotation":0,"texture":"#3","tintindex":0},"up":{"uv":[6.875,2.625,7.0,2.4375],"rotation":0,"texture":"#3","tintindex":0},"down":{"uv":[7.0,2.4375,7.125,2.625],"rotation":0,"texture":"#3","tintindex":0}}},{"from":[8.0,2.8571424,8.0],"to":[8.0,8.0,10.285714],"rotation":{"angle":0.0,"axis":"y","origin":[1.7142854,15.428572,1.7142854]},"faces":{"east":{"uv":[7.4375,6.0,7.1875,6.5625],"rotation":0,"texture":"#3","tintindex":0},"south":{"uv":[0.0,0.0,0.0,0.5625],"rotation":0,"texture":"#3","tintindex":0},"north":{"uv":[0.0,0.0,0.0,0.5625],"rotation":0,"texture":"#3","tintindex":0},"west":{"uv":[7.1875,6.0,7.4375,6.5625],"rotation":0,"texture":"#3","tintindex":0},"up":{"uv":[0.0,0.25,0.0,0.0],"rotation":0,"texture":"#3","tintindex":0},"down":{"uv":[0.0,0.0,0.0,0.25],"rotation":0,"texture":"#3","tintindex":0}}}],"display":{"head":{"translation":[0.0,-6.4,0.0],"scale":[4.0,4.0,4.0]}}}