{"textures":{"1":"modelengine:entity/eastercrate"},"elements":[{"from":[15.428572,12.34729,12.009054],"to":[15.714286,12.918718,16.580482],"rotation":{"angle":45.0,"axis":"x","origin":[12.571428,14.148125,14.263908]},"faces":{"east":{"uv":[8.75,6.25,10.75,6.5],"rotation":0,"texture":"#1","tintindex":0},"south":{"uv":[0.25,13.75,0.375,14.0],"rotation":0,"texture":"#1","tintindex":0},"north":{"uv":[13.75,0.0,13.875,0.25],"rotation":0,"texture":"#1","tintindex":0},"west":{"uv":[8.75,6.5,10.75,6.75],"rotation":0,"texture":"#1","tintindex":0},"up":{"uv":[1.875,12.0,1.75,10.0],"rotation":0,"texture":"#1","tintindex":0},"down":{"uv":[2.0,12.0,2.125,10.0],"rotation":0,"texture":"#1","tintindex":0}}},{"from":[9.714286,12.34729,12.009054],"to":[15.428572,12.918718,12.294767],"rotation":{"angle":45.0,"axis":"x","origin":[12.571428,14.148125,14.263908]},"faces":{"east":{"uv":[8.875,4.625,9.0,4.875],"rotation":0,"texture":"#missing","tintindex":0},"south":{"uv":[6.5,5.75,9.0,6.0],"rotation":0,"texture":"#1","tintindex":0},"north":{"uv":[6.5,5.5,9.0,5.75],"rotation":0,"texture":"#1","tintindex":0},"west":{"uv":[4.75,8.875,4.875,9.125],"rotation":0,"texture":"#missing","tintindex":0},"up":{"uv":[12.0,3.875,9.5,3.75],"rotation":0,"texture":"#1","tintindex":0},"down":{"uv":[8.0,9.5,5.5,9.625],"rotation":0,"texture":"#1","tintindex":0}}},{"from":[9.714286,12.34729,16.29477],"to":[15.428572,12.918718,16.580482],"rotation":{"angle":45.0,"axis":"x","origin":[12.571428,14.148125,14.263908]},"faces":{"east":{"uv":[8.875,8.875,9.0,9.125],"rotation":0,"texture":"#missing","tintindex":0},"south":{"uv":[5.25,6.75,7.75,7.0],"rotation":0,"texture":"#1","tintindex":0},"north":{"uv":[6.25,6.5,8.75,6.75],"rotation":0,"texture":"#1","tintindex":0},"west":{"uv":[0.0,9.0,0.125,9.25],"rotation":0,"texture":"#missing","tintindex":0},"up":{"uv":[12.0,9.125,9.5,9.0],"rotation":0,"texture":"#1","tintindex":0},"down":{"uv":[12.0,9.25,9.5,9.375],"rotation":0,"texture":"#1","tintindex":0}}},{"from":[9.428572,12.34729,12.009054],"to":[9.714286,12.918718,16.580482],"rotation":{"angle":45.0,"axis":"x","origin":[12.571428,14.148125,14.263908]},"faces":{"east":{"uv":[9.0,5.0,11.0,5.25],"rotation":0,"texture":"#1","tintindex":0},"south":{"uv":[13.75,3.0,13.875,3.25],"rotation":0,"texture":"#1","tintindex":0},"north":{"uv":[13.75,2.75,13.875,3.0],"rotation":0,"texture":"#1","tintindex":0},"west":{"uv":[5.25,9.0,7.25,9.25],"rotation":0,"texture":"#1","tintindex":0},"up":{"uv":[2.375,12.0,2.25,10.0],"rotation":0,"texture":"#1","tintindex":0},"down":{"uv":[2.125,12.0,2.0,10.0],"rotation":0,"texture":"#1","tintindex":0}}}],"display":{"head":{"translation":[0.0,-6.4,0.0],"scale":[4.0,4.0,4.0]}}}