{"textures":{"0":"modelengine:entity/mso_hammerhead_shark1"},"elements":[{"from":[6.5714283,2.7021298,11.076702],"to":[7.142857,5.559273,12.790988],"rotation":{"angle":-22.5,"axis":"x","origin":[6.857143,3.2735581,12.219559]},"faces":{"east":{"uv":[0.75,4.625,1.125,5.25],"rotation":0,"texture":"#0","tintindex":0},"south":{"uv":[3.5,1.625,3.625,2.25],"rotation":0,"texture":"#0","tintindex":0},"north":{"uv":[3.375,1.625,3.5,2.25],"rotation":0,"texture":"#0","tintindex":0},"west":{"uv":[4.0,6.375,4.375,7.0],"rotation":0,"texture":"#0","tintindex":0},"up":{"uv":[4.875,4.625,4.75,4.25],"rotation":0,"texture":"#0","tintindex":0},"down":{"uv":[0.875,5.25,0.75,5.625],"rotation":0,"texture":"#0","tintindex":0}}},{"from":[8.857143,2.7021298,11.076702],"to":[9.428572,5.559273,12.790988],"rotation":{"angle":-22.5,"axis":"x","origin":[9.142858,3.2735581,12.219559]},"faces":{"east":{"uv":[6.75,1.625,7.125,2.25],"rotation":0,"texture":"#0","tintindex":0},"south":{"uv":[3.25,7.125,3.375,7.75],"rotation":0,"texture":"#0","tintindex":0},"north":{"uv":[3.125,7.125,3.25,7.75],"rotation":0,"texture":"#0","tintindex":0},"west":{"uv":[5.125,6.75,5.5,7.375],"rotation":0,"texture":"#0","tintindex":0},"up":{"uv":[1.0,5.625,0.875,5.25],"rotation":0,"texture":"#0","tintindex":0},"down":{"uv":[1.125,5.25,1.0,5.625],"rotation":0,"texture":"#0","tintindex":0}}},{"from":[6.285714,4.1971283,4.8470364],"to":[9.714286,9.339986,12.847036],"rotation":{"angle":0.0,"axis":"y","origin":[8.0,6.768557,8.561322]},"faces":{"east":{"uv":[1.625,0.0,3.375,1.125],"rotation":0,"texture":"#0","tintindex":0},"south":{"uv":[4.375,6.0,5.125,7.125],"rotation":0,"texture":"#0","tintindex":0},"north":{"uv":[6.0,1.625,6.75,2.75],"rotation":0,"texture":"#0","tintindex":0},"west":{"uv":[1.625,1.125,3.375,2.25],"rotation":0,"texture":"#0","tintindex":0},"up":{"uv":[3.0,5.875,2.25,4.125],"rotation":0,"texture":"#0","tintindex":0},"down":{"uv":[0.75,4.625,0.0,6.375],"rotation":0,"texture":"#0","tintindex":0}}}],"display":{"head":{"translation":[0.0,-6.4,0.0],"scale":[4.0,4.0,4.0]}}}