{"textures":{"0":"modelengine:entity/bear_black"},"elements":[{"from":[4.502103,0.38907385,3.780737],"to":[9.64496,10.674788,12.352166],"rotation":{"angle":22.5,"axis":"x","origin":[13.073531,6.389074,8.352166]},"faces":{"east":{"uv":[4.1875,0.0,5.125,1.125],"rotation":0,"texture":"#0","tintindex":0},"south":{"uv":[2.0625,5.8125,2.625,6.9375],"rotation":0,"texture":"#0","tintindex":0},"north":{"uv":[5.375,1.75,5.9375,2.875],"rotation":0,"texture":"#0","tintindex":0},"west":{"uv":[4.1875,1.125,5.125,2.25],"rotation":0,"texture":"#0","tintindex":0},"up":{"uv":[6.3125,6.8125,5.75,5.875],"rotation":0,"texture":"#0","tintindex":0},"down":{"uv":[0.5625,5.9375,0.0,6.875],"rotation":0,"texture":"#0","tintindex":0}}},{"from":[5.073531,0.38907385,12.352166],"to":[9.073531,5.531931,18.066452],"rotation":{"angle":22.5,"axis":"x","origin":[13.073531,6.389074,8.352166]},"faces":{"east":{"uv":[2.625,6.6875,3.25,7.25],"rotation":0,"texture":"#0","tintindex":0},"south":{"uv":[7.4375,0.0,7.875,0.5625],"rotation":0,"texture":"#0","tintindex":0},"north":{"uv":[7.375,6.4375,7.8125,7.0],"rotation":0,"texture":"#0","tintindex":0},"west":{"uv":[5.0625,6.75,5.6875,7.3125],"rotation":0,"texture":"#0","tintindex":0},"up":{"uv":[5.0,7.75,4.5625,7.125],"rotation":0,"texture":"#0","tintindex":0},"down":{"uv":[2.3125,7.3125,1.875,7.9375],"rotation":0,"texture":"#0","tintindex":0}}},{"from":[5.714286,2.8571424,12.0],"to":[5.714286,8.571428,15.428572],"rotation":{"angle":22.5,"axis":"y","origin":[5.714286,5.714286,13.714286]},"faces":{"east":{"uv":[8.0,0.5625,7.625,1.1875],"rotation":0,"texture":"#0","tintindex":0},"south":{"uv":[0.0,0.0,0.0,0.625],"rotation":0,"texture":"#0","tintindex":0},"north":{"uv":[0.0,0.0,0.0,0.625],"rotation":0,"texture":"#0","tintindex":0},"west":{"uv":[7.625,0.5625,8.0,1.1875],"rotation":0,"texture":"#0","tintindex":0},"up":{"uv":[0.0,0.375,0.0,0.0],"rotation":0,"texture":"#0","tintindex":0},"down":{"uv":[0.0,0.0,0.0,0.375],"rotation":0,"texture":"#0","tintindex":0}}}],"display":{"head":{"translation":[0.0,-6.4,0.0],"scale":[4.0,4.0,4.0]}}}