{"textures":{"0":"modelengine:entity/mso_jellyfish_2"},"elements":[{"from":[5.142857,3.1590414,5.279971],"to":[10.857143,6.0161843,5.279971],"rotation":{"angle":22.5,"axis":"x","origin":[8.0,5.714286,8.0]},"faces":{"east":{"uv":[7.75,10.625,9.5,11.25],"rotation":0,"texture":"#0","tintindex":0},"south":{"uv":[8.0,10.625,9.25,11.25],"rotation":0,"texture":"#0","tintindex":0},"north":{"uv":[8.0,10.625,9.25,11.25],"rotation":0,"texture":"#0","tintindex":0},"west":{"uv":[7.75,10.625,9.5,11.25],"rotation":0,"texture":"#0","tintindex":0},"up":{"uv":[5.125,1.375,3.75,0.0],"rotation":90,"texture":"#0","tintindex":0},"down":{"uv":[2.625,4.0,1.25,5.375],"rotation":270,"texture":"#0","tintindex":0}}},{"from":[5.142857,3.1590414,10.720029],"to":[10.857143,6.0161843,10.720029],"rotation":{"angle":-22.5,"axis":"x","origin":[8.0,5.714286,8.0]},"faces":{"east":{"uv":[9.5,10.625,7.75,11.25],"rotation":0,"texture":"#0","tintindex":0},"south":{"uv":[9.25,10.625,8.0,11.25],"rotation":0,"texture":"#0","tintindex":0},"north":{"uv":[9.25,10.625,8.0,11.25],"rotation":0,"texture":"#0","tintindex":0},"west":{"uv":[9.5,10.625,7.75,11.25],"rotation":0,"texture":"#0","tintindex":0},"up":{"uv":[3.75,1.375,5.125,0.0],"rotation":90,"texture":"#0","tintindex":0},"down":{"uv":[1.25,4.0,2.625,5.375],"rotation":270,"texture":"#0","tintindex":0}}},{"from":[10.857143,4.723067,5.142857],"to":[10.857143,7.5802097,10.857143],"rotation":{"angle":22.5,"axis":"z","origin":[12.0,6.151638,9.142858]},"faces":{"east":{"uv":[9.25,10.625,8.0,11.25],"rotation":0,"texture":"#0","tintindex":0},"south":{"uv":[9.5,10.625,7.75,11.25],"rotation":0,"texture":"#0","tintindex":0},"north":{"uv":[9.5,10.625,7.75,11.25],"rotation":0,"texture":"#0","tintindex":0},"west":{"uv":[9.25,10.625,8.0,11.25],"rotation":0,"texture":"#0","tintindex":0},"up":{"uv":[3.75,1.375,5.125,0.0],"rotation":0,"texture":"#0","tintindex":0},"down":{"uv":[1.25,4.0,2.625,5.375],"rotation":0,"texture":"#0","tintindex":0}}},{"from":[5.142857,-1.5626478,5.142857],"to":[10.857143,9.865924,10.857143],"rotation":{"angle":0.0,"axis":"y","origin":[5.142857,9.865924,5.142857]},"faces":{"east":{"uv":[1.25,0.0,2.5,2.5],"rotation":0,"texture":"#0","tintindex":0},"south":{"uv":[0.0,2.5,1.25,5.0],"rotation":0,"texture":"#0","tintindex":0},"north":{"uv":[0.0,0.0,1.25,2.5],"rotation":0,"texture":"#0","tintindex":0},"west":{"uv":[2.5,0.0,3.75,2.5],"rotation":0,"texture":"#0","tintindex":0},"up":{"uv":[3.875,5.25,2.625,4.0],"rotation":0,"texture":"#0","tintindex":0},"down":{"uv":[5.125,4.0,3.875,5.25],"rotation":0,"texture":"#0","tintindex":0}}},{"from":[5.142857,4.723067,5.142857],"to":[5.142857,7.5802097,10.857143],"rotation":{"angle":-22.5,"axis":"z","origin":[4.0,6.151638,9.142858]},"faces":{"east":{"uv":[8.0,10.625,9.25,11.25],"rotation":0,"texture":"#0","tintindex":0},"south":{"uv":[7.75,10.625,9.5,11.25],"rotation":0,"texture":"#0","tintindex":0},"north":{"uv":[7.75,10.625,9.5,11.25],"rotation":0,"texture":"#0","tintindex":0},"west":{"uv":[8.0,10.625,9.25,11.25],"rotation":0,"texture":"#0","tintindex":0},"up":{"uv":[5.125,1.375,3.75,0.0],"rotation":0,"texture":"#0","tintindex":0},"down":{"uv":[2.625,4.0,1.25,5.375],"rotation":0,"texture":"#0","tintindex":0}}},{"from":[10.857143,9.865924,10.857143],"to":[5.142857,-1.5626478,5.142857],"rotation":{"angle":0.0,"axis":"y","origin":[5.142857,9.865924,5.142857]},"faces":{"east":{"uv":[2.5,2.5,3.75,0.0],"rotation":0,"texture":"#0","tintindex":0},"south":{"uv":[0.0,2.5,1.25,0.0],"rotation":0,"texture":"#0","tintindex":0},"north":{"uv":[0.0,5.0,1.25,2.5],"rotation":0,"texture":"#0","tintindex":0},"west":{"uv":[1.25,2.5,2.5,0.0],"rotation":0,"texture":"#0","tintindex":0},"up":{"uv":[3.875,4.0,5.125,5.25],"rotation":0,"texture":"#0","tintindex":0},"down":{"uv":[2.625,5.25,3.875,4.0],"rotation":0,"texture":"#0","tintindex":0}}}],"display":{"head":{"translation":[0.0,-6.4,0.0],"scale":[4.0,4.0,4.0]}}}