{"textures":{"0":"modelengine:entity/toro_type02"},"elements":[{"from":[2.8678398,6.1289616,8.0],"to":[13.13216,19.101921,15.128],"rotation":{"angle":22.5,"axis":"x","origin":[8.0,14.037442,11.42144]},"faces":{"east":{"uv":[1.65625,0.0,2.09375,0.78125],"rotation":0,"texture":"#0","tintindex":0},"south":{"uv":[0.0,1.4375,0.625,2.21875],"rotation":0,"texture":"#0","tintindex":0},"north":{"uv":[0.875,1.3125,1.5,2.09375],"rotation":0,"texture":"#0","tintindex":0},"west":{"uv":[1.5,1.6875,1.9375,2.46875],"rotation":0,"texture":"#0","tintindex":0},"up":{"uv":[0.625,2.65625,0.0,2.21875],"rotation":0,"texture":"#0","tintindex":0},"down":{"uv":[3.09375,1.6875,2.46875,2.125],"rotation":0,"texture":"#0","tintindex":0}}},{"from":[-8.331039,10.330882,8.0],"to":[24.17264,13.039522,10.8512],"rotation":{"angle":22.5,"axis":"x","origin":[7.06544,14.037442,11.42144]},"faces":{"east":{"uv":[7.4375,0.15625,7.625,0.3125],"rotation":0,"texture":"#0","tintindex":0},"south":{"uv":[1.15625,2.46875,3.125,2.625],"rotation":0,"texture":"#0","tintindex":0},"north":{"uv":[1.9375,2.3125,3.90625,2.46875],"rotation":0,"texture":"#0","tintindex":0},"west":{"uv":[0.25,7.4375,0.4375,7.59375],"rotation":0,"texture":"#0","tintindex":0},"up":{"uv":[3.46875,1.5,1.5,1.3125],"rotation":0,"texture":"#0","tintindex":0},"down":{"uv":[3.46875,1.5,1.5,1.6875],"rotation":0,"texture":"#0","tintindex":0}}},{"from":[-2.3435202,7.479682,5.1488],"to":[5.0696,17.744003,13.7024],"rotation":{"angle":0.0,"axis":"y","origin":[7.9208,-16.470398,8.0]},"faces":{"east":{"uv":[0.625,2.09375,1.15625,2.71875],"rotation":0,"texture":"#0","tintindex":0},"south":{"uv":[2.46875,2.625,2.90625,3.25],"rotation":0,"texture":"#0","tintindex":0},"north":{"uv":[2.03125,2.625,2.46875,3.25],"rotation":0,"texture":"#0","tintindex":0},"west":{"uv":[2.09375,0.625,2.625,1.25],"rotation":0,"texture":"#0","tintindex":0},"up":{"uv":[3.9375,1.0625,3.5,0.53125],"rotation":0,"texture":"#0","tintindex":0},"down":{"uv":[3.9375,1.0625,3.5,1.59375],"rotation":0,"texture":"#0","tintindex":0}}},{"from":[4.29344,15.463042,3.4380798],"to":[11.70656,18.314241,13.7024],"rotation":{"angle":0.0,"axis":"y","origin":[1.4422402,-16.470398,8.0]},"faces":{"east":{"uv":[2.46875,2.125,3.09375,2.3125],"rotation":0,"texture":"#0","tintindex":0},"south":{"uv":[1.53125,6.5625,1.96875,6.75],"rotation":0,"texture":"#0","tintindex":0},"north":{"uv":[6.46875,6.21875,6.90625,6.40625],"rotation":0,"texture":"#0","tintindex":0},"west":{"uv":[5.875,4.65625,6.5,4.84375],"rotation":0,"texture":"#0","tintindex":0},"up":{"uv":[1.59375,3.25,1.15625,2.625],"rotation":0,"texture":"#0","tintindex":0},"down":{"uv":[2.03125,2.625,1.59375,3.25],"rotation":0,"texture":"#0","tintindex":0}}},{"from":[-5.1947203,12.041602,3.4380798],"to":[1.0779195,18.314241,8.57024],"rotation":{"angle":0.0,"axis":"y","origin":[7.9208,-16.470398,8.0]},"faces":{"east":{"uv":[1.15625,2.09375,1.46875,2.46875],"rotation":0,"texture":"#0","tintindex":0},"south":{"uv":[5.28125,1.25,5.65625,1.625],"rotation":0,"texture":"#0","tintindex":0},"north":{"uv":[1.59375,5.3125,1.96875,5.6875],"rotation":0,"texture":"#0","tintindex":0},"west":{"uv":[5.78125,5.1875,6.09375,5.5625],"rotation":0,"texture":"#0","tintindex":0},"up":{"uv":[6.15625,5.875,5.78125,5.5625],"rotation":0,"texture":"#0","tintindex":0},"down":{"uv":[0.375,5.84375,0.0,6.15625],"rotation":0,"texture":"#0","tintindex":0}}},{"from":[-4.05424,13.182082,8.57024],"to":[3.9291196,20.595201,14.84288],"rotation":{"angle":0.0,"axis":"y","origin":[7.9208,-16.470398,8.0]},"faces":{"east":{"uv":[0.46875,4.75,0.84375,5.1875],"rotation":0,"texture":"#0","tintindex":0},"south":{"uv":[3.9375,1.09375,4.40625,1.53125],"rotation":0,"texture":"#0","tintindex":0},"north":{"uv":[3.90625,2.03125,4.375,2.46875],"rotation":0,"texture":"#0","tintindex":0},"west":{"uv":[4.8125,0.0,5.1875,0.4375],"rotation":0,"texture":"#0","tintindex":0},"up":{"uv":[5.09375,4.59375,4.625,4.21875],"rotation":0,"texture":"#0","tintindex":0},"down":{"uv":[5.09375,4.59375,4.625,4.96875],"rotation":0,"texture":"#0","tintindex":0}}},{"from":[2.68496,13.182082,13.495041],"to":[4.3179197,24.742401,14.972481],"rotation":{"angle":0.0,"axis":"y","origin":[7.9208,-16.470398,8.0]},"faces":{"east":{"uv":[0.4375,6.8125,0.53125,7.5],"rotation":0,"texture":"#0","tintindex":0},"south":{"uv":[1.4375,6.875,1.53125,7.5625],"rotation":0,"texture":"#0","tintindex":0},"north":{"uv":[3.09375,6.78125,3.1875,7.46875],"rotation":0,"texture":"#0","tintindex":0},"west":{"uv":[2.15625,6.875,2.25,7.5625],"rotation":0,"texture":"#0","tintindex":0},"up":{"uv":[0.34375,6.25,0.25,6.15625],"rotation":0,"texture":"#0","tintindex":0},"down":{"uv":[2.59375,6.375,2.5,6.46875],"rotation":0,"texture":"#0","tintindex":0}}},{"from":[3.20336,24.586884,14.01344],"to":[3.79952,32.0,14.454081],"rotation":{"angle":0.0,"axis":"y","origin":[7.9208,-16.470398,8.0]},"faces":{"east":{"uv":[2.40625,5.75,2.4375,6.1875],"rotation":0,"texture":"#0","tintindex":0},"south":{"uv":[4.65625,6.6875,4.6875,7.125],"rotation":0,"texture":"#0","tintindex":0},"north":{"uv":[3.84375,4.09375,3.875,4.53125],"rotation":0,"texture":"#0","tintindex":0},"west":{"uv":[0.40625,7.59375,0.4375,8.03125],"rotation":0,"texture":"#0","tintindex":0},"up":{"uv":[1.15625,3.25,1.125,3.21875],"rotation":0,"texture":"#0","tintindex":0},"down":{"uv":[2.90625,3.3125,2.875,3.34375],"rotation":0,"texture":"#0","tintindex":0}}},{"from":[-14.31856,14.322562,8.57024],"to":[-4.05424,18.884483,13.7024],"rotation":{"angle":0.0,"axis":"y","origin":[7.9208,-16.470398,8.0]},"faces":{"east":{"uv":[6.09375,6.40625,6.40625,6.6875],"rotation":0,"texture":"#0","tintindex":0},"south":{"uv":[1.1875,4.625,1.8125,4.90625],"rotation":0,"texture":"#0","tintindex":0},"north":{"uv":[4.40625,2.875,5.03125,3.15625],"rotation":0,"texture":"#0","tintindex":0},"west":{"uv":[6.40625,6.40625,6.71875,6.6875],"rotation":0,"texture":"#0","tintindex":0},"up":{"uv":[4.65625,1.84375,4.03125,1.53125],"rotation":0,"texture":"#0","tintindex":0},"down":{"uv":[4.8125,3.28125,4.1875,3.59375],"rotation":0,"texture":"#0","tintindex":0}}},{"from":[11.0024,7.479682,5.1488],"to":[18.41552,17.744003,13.7024],"rotation":{"angle":0.0,"axis":"y","origin":[8.1512,-16.470398,8.0]},"faces":{"east":{"uv":[2.625,0.625,2.09375,1.25],"rotation":0,"texture":"#0","tintindex":0},"south":{"uv":[2.90625,2.625,2.46875,3.25],"rotation":0,"texture":"#0","tintindex":0},"north":{"uv":[2.46875,2.625,2.03125,3.25],"rotation":0,"texture":"#0","tintindex":0},"west":{"uv":[1.15625,2.09375,0.625,2.71875],"rotation":0,"texture":"#0","tintindex":0},"up":{"uv":[3.5,1.0625,3.9375,0.53125],"rotation":0,"texture":"#0","tintindex":0},"down":{"uv":[3.5,1.0625,3.9375,1.59375],"rotation":0,"texture":"#0","tintindex":0}}},{"from":[14.994081,12.041602,3.4380798],"to":[21.26672,18.314241,8.57024],"rotation":{"angle":0.0,"axis":"y","origin":[8.1512,-16.470398,8.0]},"faces":{"east":{"uv":[6.09375,5.1875,5.78125,5.5625],"rotation":0,"texture":"#0","tintindex":0},"south":{"uv":[5.65625,1.25,5.28125,1.625],"rotation":0,"texture":"#0","tintindex":0},"north":{"uv":[1.53125,5.28125,1.15625,5.65625],"rotation":0,"texture":"#0","tintindex":0},"west":{"uv":[1.46875,2.09375,1.15625,2.46875],"rotation":0,"texture":"#0","tintindex":0},"up":{"uv":[5.78125,5.875,6.15625,5.5625],"rotation":0,"texture":"#0","tintindex":0},"down":{"uv":[0.0,5.84375,0.375,6.15625],"rotation":0,"texture":"#0","tintindex":0}}},{"from":[12.1428795,13.182082,8.57024],"to":[20.12624,20.595201,14.84288],"rotation":{"angle":0.0,"axis":"y","origin":[8.1512,-16.470398,8.0]},"faces":{"east":{"uv":[5.1875,0.0,4.8125,0.4375],"rotation":0,"texture":"#0","tintindex":0},"south":{"uv":[4.40625,1.09375,3.9375,1.53125],"rotation":0,"texture":"#0","tintindex":0},"north":{"uv":[4.375,2.03125,3.90625,2.46875],"rotation":0,"texture":"#0","tintindex":0},"west":{"uv":[0.84375,4.75,0.46875,5.1875],"rotation":0,"texture":"#0","tintindex":0},"up":{"uv":[4.625,4.59375,5.09375,4.21875],"rotation":0,"texture":"#0","tintindex":0},