{"textures":{"0":"modelengine:entity/toro_type02"},"elements":[{"from":[3.6982856,0.36799955,-0.886858],"to":[11.844572,6.2925715,11.5177145],"rotation":{"angle":0.0,"axis":"y","origin":[-0.74514294,15.92,8.740571]},"faces":{"east":{"uv":[6.15625,0.0,5.625,0.25],"rotation":0,"texture":"#0","tintindex":0},"south":{"uv":[6.875,2.59375,6.53125,2.84375],"rotation":0,"texture":"#0","tintindex":0},"north":{"uv":[6.875,0.0,6.53125,0.25],"rotation":0,"texture":"#0","tintindex":0},"west":{"uv":[6.0,3.375,5.46875,3.625],"rotation":0,"texture":"#0","tintindex":0},"up":{"uv":[0.84375,4.9375,1.1875,4.40625],"rotation":0,"texture":"#0","tintindex":0},"down":{"uv":[4.40625,0.875,4.75,1.40625],"rotation":0,"texture":"#0","tintindex":0}}},{"from":[2.957714,-0.0022859573,8.1851425],"to":[12.585143,2.96,15.405714],"rotation":{"angle":-22.5,"axis":"x","origin":[7.7714286,3.3302855,10.592]},"faces":{"east":{"uv":[2.125,4.625,1.8125,4.75],"rotation":0,"texture":"#0","tintindex":0},"south":{"uv":[7.5625,1.9375,7.15625,2.0625],"rotation":0,"texture":"#0","tintindex":0},"north":{"uv":[7.5625,0.5,7.15625,0.625],"rotation":0,"texture":"#0","tintindex":0},"west":{"uv":[0.3125,4.625,0.0,4.75],"rotation":0,"texture":"#0","tintindex":0},"up":{"uv":[4.75,1.40625,5.15625,1.09375],"rotation":0,"texture":"#0","tintindex":0},"down":{"uv":[5.6875,3.0,6.09375,3.3125],"rotation":0,"texture":"#0","tintindex":0}}},{"from":[2.957714,3.700571,10.0365715],"to":[12.585143,7.4034286,14.8502865],"rotation":{"angle":-22.5,"axis":"x","origin":[7.7714286,3.3302855,10.592]},"faces":{"east":{"uv":[5.84375,7.40625,5.625,7.5625],"rotation":0,"texture":"#0","tintindex":0},"south":{"uv":[7.28125,2.625,6.875,2.78125],"rotation":0,"texture":"#0","tintindex":0},"north":{"uv":[7.25,3.625,6.84375,3.78125],"rotation":0,"texture":"#0","tintindex":0},"west":{"uv":[7.625,5.15625,7.40625,5.3125],"rotation":0,"texture":"#0","tintindex":0},"up":{"uv":[6.34375,4.21875,6.75,4.0],"rotation":0,"texture":"#0","tintindex":0},"down":{"uv":[2.09375,6.375,2.5,6.59375],"rotation":0,"texture":"#0","tintindex":0}}},{"from":[2.587428,2.0342855,7.0742855],"to":[12.955429,4.9965715,10.0365715],"rotation":{"angle":-22.5,"axis":"x","origin":[7.7714286,3.3302855,10.592]},"faces":{"east":{"uv":[7.78125,4.3125,7.65625,4.4375],"rotation":0,"texture":"#0","tintindex":0},"south":{"uv":[7.21875,3.09375,6.78125,3.21875],"rotation":0,"texture":"#0","tintindex":0},"north":{"uv":[6.15625,2.625,5.71875,2.75],"rotation":0,"texture":"#0","tintindex":0},"west":{"uv":[7.78125,3.65625,7.65625,3.78125],"rotation":0,"texture":"#0","tintindex":0},"up":{"uv":[6.9375,0.96875,7.375,0.84375],"rotation":0,"texture":"#0","tintindex":0},"down":{"uv":[7.0,3.96875,7.4375,4.09375],"rotation":0,"texture":"#0","tintindex":0}}},{"from":[8.697143,0.55314255,-5.071086],"to":[12.029715,3.700571,-0.6276579],"rotation":{"angle":0.0,"axis":"y","origin":[11.104,3.7931428,-2.738286]},"faces":{"east":{"uv":[7.75,4.78125,7.5625,4.90625],"rotation":0,"texture":"#0","tintindex":0},"south":{"uv":[7.75,4.1875,7.59375,4.3125],"rotation":0,"texture":"#0","tintindex":0},"north":{"uv":[7.0,3.78125,6.84375,3.90625],"rotation":0,"texture":"#0","tintindex":0},"west":{"uv":[7.75,2.9375,7.5625,3.0625],"rotation":0,"texture":"#0","tintindex":0},"up":{"uv":[4.25,1.0625,4.40625,0.875],"rotation":0,"texture":"#0","tintindex":0},"down":{"uv":[2.0625,5.15625,2.21875,5.34375],"rotation":0,"texture":"#0","tintindex":0}}},{"from":[8.512,0.55314255,-3.2937145],"to":[12.214857,3.700571,0.038856506],"rotation":{"angle":-22.5,"axis":"x","origin":[11.104,3.7931428,-2.738286]},"faces":{"east":{"uv":[7.75,6.8125,7.59375,6.9375],"rotation":0,"texture":"#0","tintindex":0},"south":{"uv":[7.75,6.6875,7.59375,6.8125],"rotation":0,"texture":"#0","tintindex":0},"north":{"uv":[6.0,7.59375,5.84375,7.71875],"rotation":0,"texture":"#0","tintindex":0},"west":{"uv":[7.75,6.5625,7.59375,6.6875],"rotation":0,"texture":"#0","tintindex":0},"up":{"uv":[3.125,2.625,3.28125,2.46875],"rotation":0,"texture":"#0","tintindex":0},"down":{"uv":[5.625,6.34375,5.78125,6.5],"rotation":0,"texture":"#0","tintindex":0}}},{"from":[3.142857,0.55314255,-3.2937145],"to":[6.845714,3.700571,0.038856506],"rotation":{"angle":-22.5,"axis":"x","origin":[5.734857,3.7931428,-2.738286]},"faces":{"east":{"uv":[2.0625,7.625,1.90625,7.75],"rotation":0,"texture":"#0","tintindex":0},"south":{"uv":[1.375,7.625,1.21875,7.75],"rotation":0,"texture":"#0","tintindex":0},"north":{"uv":[0.84375,7.625,0.6875,7.75],"rotation":0,"texture":"#0","tintindex":0},"west":{"uv":[7.78125,1.0625,7.625,1.1875],"rotation":0,"texture":"#0","tintindex":0},"up":{"uv":[4.28125,7.6875,4.4375,7.53125],"rotation":0,"texture":"#0","tintindex":0},"down":{"uv":[7.53125,6.9375,7.6875,7.09375],"rotation":0,"texture":"#0","tintindex":0}}},{"from":[3.328,0.55314255,-5.071086],"to":[6.660571,3.700571,-0.6276579],"rotation":{"angle":0.0,"axis":"y","origin":[5.734857,3.7931428,-2.738286]},"faces":{"east":{"uv":[7.75,5.03125,7.5625,5.15625],"rotation":0,"texture":"#0","tintindex":0},"south":{"uv":[7.78125,0.15625,7.625,0.28125],"rotation":0,"texture":"#0","tintindex":0},"north":{"uv":[0.15625,7.625,0.0,7.75],"rotation":0,"texture":"#0","tintindex":0},"west":{"uv":[7.75,4.90625,7.5625,5.03125],"rotation":0,"texture":"#0","tintindex":0},"up":{"uv":[4.3125,5.65625,4.46875,5.46875],"rotation":0,"texture":"#0","tintindex":0},"down":{"uv":[5.84375,7.40625,6.0,7.59375],"rotation":0,"texture":"#0","tintindex":0}}},{"from":[3.328,2.219428,0.964571],"to":[12.214857,7.5885715,3.371428],"rotation":{"angle":-45.0,"axis":"x","origin":[7.401143,6.2925715,0.5942855]},"faces":{"east":{"uv":[6.96875,1.9375,6.875,2.15625],"rotation":0,"texture":"#0","tintindex":0},"south":{"uv":[6.96875,0.25,6.59375,0.46875],"rotation":0,"texture":"#0","tintindex":0},"north":{"uv":[3.1875,6.5625,2.8125,6.78125],"rotation":0,"texture":"#0","tintindex":0},"west":{"uv":[1.625,5.28125,1.53125,5.5],"rotation":0,"texture":"#0","tintindex":0},"up":{"uv":[7.1875,5.5,7.5625,5.40625],"rotation":0,"texture":"#0","tintindex":0},"down":{"uv":[7.25,4.5625,7.625,4.65625],"rotation":0,"texture":"#0","tintindex":0}}},{"from":[3.142857,0.92342854,1.7051425],"to":[12.4,3.700571,4.6674285],"rotation":{"angle":-22.5,"axis":"x","origin":[7.401143,6.2925715,0.5942855]},"faces":{"east":{"uv":[7.78125,2.5625,7.65625,2.6875],"rotation":0,"texture":"#0","tintindex":0},"south":{"uv":[7.46875,1.8125,7.0625,1.9375],"rotation":0,"texture":"#0","tintindex":0},"north":{"uv":[4.8125,3.15625,4.40625,3.28125],"rotation":0,"texture":"#0","tintindex":0},"west":{"uv":[2.21875,6.25,2.09375,6.375],"rotation":0,"texture":"#0","tintindex":0},"up":{"uv":[7.09375,6.34375,7.5,6.21875],"rotation":0,"texture":"#0","tintindex":0},"down":{"uv":[7.15625,0.375,7.5625,0.5],"rotation":0,"texture":"#0","tintindex":0}}}],"display":{"head":{"translation":[0.0,-6.4,0.0],"scale":[4.0,4.0,4.0]}}}