{"textures":{"0":"modelengine:entity/midkipaxolotl"},"elements":[{"name":"cube","from":[4.85,4.4029965,6.9228363],"to":[10.85,10.402996,13.522837],"rotation":{"angle":0.0,"axis":"x","origin":[8.15,4.4029965,14.122836]},"faces":{"down":{"uv":[8.4875,1.2625,7.2625,2.6125],"rotation":0,"texture":"#0","tintindex":0},"east":{"uv":[6.3875,0.0125,7.7375,1.2375],"rotation":0,"texture":"#0","tintindex":0},"north":{"uv":[0.0125,7.5125,1.2375,8.7375],"rotation":0,"texture":"#0","tintindex":0},"south":{"uv":[1.2625,7.5125,2.4875,8.7375],"rotation":0,"texture":"#0","tintindex":0},"up":{"uv":[6.1125,8.4875,4.8875,7.1375],"rotation":0,"texture":"#0","tintindex":0},"west":{"uv":[6.2625,6.6375,7.6125,7.8625],"rotation":0,"texture":"#0","tintindex":0}}},{"name":"cube","from":[8.15,10.402996,6.9228363],"to":[8.15,14.002996,14.122836],"rotation":{"angle":0.0,"axis":"x","origin":[8.15,10.402996,14.122836]},"faces":{"down":{"uv":[0.0125,0.0125,0.0125,1.4875],"rotation":0,"texture":"#0","tintindex":0},"east":{"uv":[6.1375,7.8875,7.6125,8.6125],"rotation":0,"texture":"#0","tintindex":0},"north":{"uv":[0.0125,0.0125,0.0125,0.7375],"rotation":0,"texture":"#0","tintindex":0},"south":{"uv":[0.0125,0.0125,0.0125,0.7375],"rotation":0,"texture":"#0","tintindex":0},"up":{"uv":[0.0125,1.4875,0.0125,0.0125],"rotation":0,"texture":"#0","tintindex":0},"west":{"uv":[7.6125,7.8875,6.1375,8.6125],"rotation":0,"texture":"#0","tintindex":0}}}],"display":{"head":{"translation":[0.0,-6.4,0.0],"rotation":[0.0,0.0,0.0],"scale":[3.8095,3.8095,3.8095]}}}