{"textures":{"0":"modelengine:entity/midkipaxolotl"},"elements":[{"from":[4.142857,4.8571424,4.8571424],"to":[11.571428,10.571428,11.142858],"rotation":{"angle":0.0,"axis":"y","origin":[8.142858,4.8571424,11.714286]},"faces":{"east":{"uv":[4.8875,5.8875,6.2375,7.1125],"rotation":0,"texture":"#0","tintindex":0},"south":{"uv":[3.2625,3.6375,4.8625,4.8625],"rotation":0,"texture":"#0","tintindex":0},"north":{"uv":[1.6375,3.6375,3.2375,4.8625],"rotation":0,"texture":"#0","tintindex":0},"west":{"uv":[1.0125,6.2625,2.3625,7.4875],"rotation":0,"texture":"#0","tintindex":0},"up":{"uv":[3.7375,3.6125,2.1375,2.2625],"rotation":0,"texture":"#0","tintindex":0},"down":{"uv":[1.6125,3.2625,0.0125,4.6125],"rotation":0,"texture":"#0","tintindex":0}}},{"from":[4.142857,6.0,2.5714283],"to":[11.571428,9.428572,4.8571424],"rotation":{"angle":0.0,"axis":"y","origin":[8.142858,4.8571424,11.714286]},"faces":{"east":{"uv":[9.7625,9.1375,10.2375,9.8625],"rotation":0,"texture":"#0","tintindex":0},"south":{"uv":[7.6375,4.3875,9.2375,5.1125],"rotation":0,"texture":"#0","tintindex":0},"north":{"uv":[7.6375,3.5125,9.2375,4.2375],"rotation":0,"texture":"#0","tintindex":0},"west":{"uv":[9.8875,0.6375,10.3625,1.3625],"rotation":0,"texture":"#0","tintindex":0},"up":{"uv":[6.4875,9.1125,4.8875,8.6375],"rotation":0,"texture":"#0","tintindex":0},"down":{"uv":[1.6125,8.7625,0.0125,9.2375],"rotation":0,"texture":"#0","tintindex":0}}},{"from":[8.142858,10.571428,4.8571424],"to":[8.142858,14.0,11.142858],"rotation":{"angle":0.0,"axis":"y","origin":[8.142858,10.571428,11.714286]},"faces":{"east":{"uv":[2.5125,8.3875,3.8625,9.1125],"rotation":0,"texture":"#0","tintindex":0},"south":{"uv":[0.0125,0.0125,0.0125,0.7375],"rotation":0,"texture":"#0","tintindex":0},"north":{"uv":[0.0125,0.0125,0.0125,0.7375],"rotation":0,"texture":"#0","tintindex":0},"west":{"uv":[3.8625,8.3875,2.5125,9.1125],"rotation":0,"texture":"#0","tintindex":0},"up":{"uv":[0.0125,1.3625,0.0125,0.0125],"rotation":0,"texture":"#0","tintindex":0},"down":{"uv":[0.0125,0.0125,0.0125,1.3625],"rotation":0,"texture":"#0","tintindex":0}}}],"display":{"head":{"translation":[0.0,-6.4,0.0],"scale":[4.0,4.0,4.0]}}}