{"textures":{"0":"modelengine:entity/midkipaxolotl"},"elements":[{"from":[10.285714,6.857143,1.1428566],"to":[13.142858,9.714286,4.0],"rotation":{"angle":0.0,"axis":"y","origin":[8.571428,5.142857,16.0]},"faces":{"east":{"uv":[7.5125,9.8875,8.1125,10.4875],"rotation":0,"texture":"#0","tintindex":0},"south":{"uv":[2.5125,10.0125,3.1125,10.6125],"rotation":0,"texture":"#0","tintindex":0},"north":{"uv":[9.8875,3.6375,10.4875,4.2375],"rotation":0,"texture":"#0","tintindex":0},"west":{"uv":[10.0125,4.2625,10.6125,4.8625],"rotation":0,"texture":"#0","tintindex":0},"up":{"uv":[5.2375,10.6125,4.6375,10.0125],"rotation":0,"texture":"#0","tintindex":0},"down":{"uv":[5.8625,10.0125,5.2625,10.6125],"rotation":0,"texture":"#0","tintindex":0}}},{"from":[2.2857141,6.857143,1.1428566],"to":[5.142857,9.714286,4.0],"rotation":{"angle":0.0,"axis":"y","origin":[6.857143,5.142857,16.0]},"faces":{"east":{"uv":[10.6125,4.2625,10.0125,4.8625],"rotation":0,"texture":"#0","tintindex":0},"south":{"uv":[3.1125,10.0125,2.5125,10.6125],"rotation":0,"texture":"#0","tintindex":0},"north":{"uv":[10.4875,3.6375,9.8875,4.2375],"rotation":0,"texture":"#0","tintindex":0},"west":{"uv":[8.1125,9.8875,7.5125,10.4875],"rotation":0,"texture":"#0","tintindex":0},"up":{"uv":[4.6375,10.6125,5.2375,10.0125],"rotation":0,"texture":"#0","tintindex":0},"down":{"uv":[5.2625,10.0125,5.8625,10.6125],"rotation":0,"texture":"#0","tintindex":0}}},{"from":[2.8571424,6.285714,1.7142854],"to":[12.571428,10.285714,9.142858],"rotation":{"angle":0.0,"axis":"y","origin":[8.0,4.5714283,16.0]},"faces":{"east":{"uv":[2.5125,7.5125,4.1125,8.3625],"rotation":0,"texture":"#0","tintindex":0},"south":{"uv":[5.1375,2.0125,7.2375,2.8625],"rotation":0,"texture":"#0","tintindex":0},"north":{"uv":[3.7625,5.0125,5.8625,5.8625],"rotation":0,"texture":"#0","tintindex":0},"west":{"uv":[7.6375,2.6375,9.2375,3.4875],"rotation":0,"texture":"#0","tintindex":0},"up":{"uv":[2.1125,1.6125,0.0125,0.0125],"rotation":0,"texture":"#0","tintindex":0},"down":{"uv":[2.1125,1.6375,0.0125,3.2375],"rotation":0,"texture":"#0","tintindex":0}}},{"from":[3.142857,4.5714283,6.857143],"to":[12.285715,6.285714,9.142858],"rotation":{"angle":0.0,"axis":"y","origin":[8.0,4.5714283,16.0]},"faces":{"east":{"uv":[1.6375,3.2625,2.1125,3.6125],"rotation":0,"texture":"#0","tintindex":0},"south":{"uv":[8.8875,6.8875,10.8625,7.2375],"rotation":0,"texture":"#0","tintindex":0},"north":{"uv":[5.2625,1.6375,7.2375,1.9875],"rotation":0,"texture":"#0","tintindex":0},"west":{"uv":[0.0125,10.5125,0.4875,10.8625],"rotation":0,"texture":"#0","tintindex":0},"up":{"uv":[10.4875,1.9875,8.5125,1.5125],"rotation":0,"texture":"#0","tintindex":0},"down":{"uv":[10.4875,2.0125,8.5125,2.4875],"rotation":0,"texture":"#0","tintindex":0}}}],"display":{"head":{"translation":[0.0,-6.4,0.0],"scale":[4.0,4.0,4.0]}}}