{"textures":{"0":"modelengine:entity/midkipaxolotl"},"elements":[{"from":[5.714286,7.894443,4.1899757],"to":[9.714286,9.0373,8.189976],"rotation":{"angle":0.0,"axis":"y","origin":[8.0,7.3230143,17.332834]},"faces":{"east":{"uv":[10.3875,1.0125,11.2375,1.2375],"rotation":0,"texture":"#0","tintindex":0},"south":{"uv":[10.3875,1.2625,11.2375,1.4875],"rotation":0,"texture":"#0","tintindex":0},"north":{"uv":[4.2625,2.0125,5.1125,2.2375],"rotation":0,"texture":"#0","tintindex":0},"west":{"uv":[10.2625,10.3875,11.1125,10.6125],"rotation":0,"texture":"#0","tintindex":0},"up":{"uv":[2.4875,9.6125,1.6375,8.7625],"rotation":0,"texture":"#0","tintindex":0},"down":{"uv":[9.7375,6.0125,8.8875,6.8625],"rotation":0,"texture":"#0","tintindex":0}}},{"from":[2.8571424,6.180157,3.0471182],"to":[12.571428,7.894443,8.189976],"rotation":{"angle":0.0,"axis":"y","origin":[8.0,6.180157,17.332834]},"faces":{"east":{"uv":[9.1375,8.2625,10.2375,8.6125],"rotation":0,"texture":"#0","tintindex":0},"south":{"uv":[8.6375,8.7625,10.7375,9.1125],"rotation":0,"texture":"#0","tintindex":0},"north":{"uv":[6.5125,8.7625,8.6125,9.1125],"rotation":0,"texture":"#0","tintindex":0},"west":{"uv":[9.8875,2.5125,10.9875,2.8625],"rotation":0,"texture":"#0","tintindex":0},"up":{"uv":[4.2375,1.1125,2.1375,0.0125],"rotation":0,"texture":"#0","tintindex":0},"down":{"uv":[4.2375,1.1375,2.1375,2.2375],"rotation":0,"texture":"#0","tintindex":0}}}],"display":{"head":{"translation":[0.0,-6.4,0.0],"scale":[4.0,4.0,4.0]}}}