{"textures":{"0":"modelengine:entity/midkipaxolotl"},"elements":[{"from":[5.428571,6.5714283,6.285714],"to":[7.714286,10.571428,10.285714],"rotation":{"angle":0.0,"axis":"y","origin":[8.857143,6.5714283,12.0]},"faces":{"east":{"uv":[5.7375,9.1375,4.8875,9.9875],"rotation":0,"texture":"#0","tintindex":0},"south":{"uv":[2.4875,9.6375,2.0125,10.4875],"rotation":0,"texture":"#0","tintindex":0},"north":{"uv":[1.9875,9.6375,1.5125,10.4875],"rotation":0,"texture":"#0","tintindex":0},"west":{"uv":[3.3625,9.1375,2.5125,9.9875],"rotation":0,"texture":"#0","tintindex":0},"up":{"uv":[9.7625,6.8625,10.2375,6.0125],"rotation":0,"texture":"#0","tintindex":0},"down":{"uv":[9.7625,7.2625,10.2375,8.1125],"rotation":0,"texture":"#0","tintindex":0}}},{"from":[5.428571,4.8571424,7.428571],"to":[7.714286,6.5714283,10.285714],"rotation":{"angle":0.0,"axis":"y","origin":[8.857143,2.5714283,12.0]},"faces":{"east":{"uv":[10.8625,7.2625,10.2625,7.6125],"rotation":0,"texture":"#0","tintindex":0},"south":{"uv":[10.9875,1.5125,10.5125,1.8625],"rotation":0,"texture":"#0","tintindex":0},"north":{"uv":[1.7375,10.5125,1.2625,10.8625],"rotation":0,"texture":"#0","tintindex":0},"west":{"uv":[10.8625,6.5125,10.2625,6.8625],"rotation":0,"texture":"#0","tintindex":0},"up":{"uv":[10.1375,0.6125,10.6125,0.0125],"rotation":0,"texture":"#0","tintindex":0},"down":{"uv":[4.0125,10.1375,4.4875,10.7375],"rotation":0,"texture":"#0","tintindex":0}}}],"display":{"head":{"translation":[0.0,-6.4,0.0],"scale":[4.0,4.0,4.0]}}}