{"textures":{"0":"modelengine:entity/midkipaxolotl"},"elements":[{"from":[6.285714,7.142857,6.285714],"to":[9.142858,8.285714,8.0],"rotation":{"angle":0.0,"axis":"y","origin":[8.0,9.142858,9.714286]},"faces":{"east":{"uv":[10.8625,4.0125,10.5125,4.2375],"rotation":0,"texture":"#0","tintindex":0},"south":{"uv":[9.8625,5.0125,9.2625,5.2375],"rotation":0,"texture":"#0","tintindex":0},"north":{"uv":[1.6125,4.6375,1.0125,4.8625],"rotation":0,"texture":"#0","tintindex":0},"west":{"uv":[7.6125,2.6375,7.2625,2.8625],"rotation":0,"texture":"#0","tintindex":0},"up":{"uv":[10.2625,7.9875,10.8625,7.6375],"rotation":0,"texture":"#0","tintindex":0},"down":{"uv":[10.2625,8.0125,10.8625,8.3625],"rotation":0,"texture":"#0","tintindex":0}}},{"from":[4.5714283,7.142857,6.5714283],"to":[6.285714,7.714286,7.714286],"rotation":{"angle":0.0,"axis":"y","origin":[8.0,9.142858,9.714286]},"faces":{"east":{"uv":[4.8625,9.7625,4.6375,9.8625],"rotation":0,"texture":"#0","tintindex":0},"south":{"uv":[3.7375,9.1375,3.3875,9.2375],"rotation":0,"texture":"#0","tintindex":0},"north":{"uv":[7.3625,8.6375,7.0125,8.7375],"rotation":0,"texture":"#0","tintindex":0},"west":{"uv":[9.2375,2.5125,9.0125,2.6125],"rotation":0,"texture":"#0","tintindex":0},"up":{"uv":[2.5125,10.8625,2.8625,10.6375],"rotation":0,"texture":"#0","tintindex":0},"down":{"uv":[10.6375,4.2625,10.9875,4.4875],"rotation":0,"texture":"#0","tintindex":0}}},{"from":[7.142857,7.142857,4.0],"to":[8.285714,7.714286,6.285714],"rotation":{"angle":0.0,"axis":"y","origin":[8.0,9.142858,9.714286]},"faces":{"east":{"uv":[6.9875,8.6375,6.5125,8.7375],"rotation":0,"texture":"#0","tintindex":0},"south":{"uv":[7.6125,8.6375,7.3875,8.7375],"rotation":0,"texture":"#0","tintindex":0},"north":{"uv":[6.1125,8.5125,5.8875,8.6125],"rotation":0,"texture":"#0","tintindex":0},"west":{"uv":[8.9875,2.5125,8.5125,2.6125],"rotation":0,"texture":"#0","tintindex":0},"up":{"uv":[4.6375,9.7375,4.8625,9.2625],"rotation":0,"texture":"#0","tintindex":0},"down":{"uv":[7.2625,10.0125,7.4875,10.4875],"rotation":0,"texture":"#0","tintindex":0}}},{"from":[9.142858,7.142857,6.5714283],"to":[10.857143,7.714286,7.714286],"rotation":{"angle":0.0,"axis":"y","origin":[8.0,9.142858,9.714286]},"faces":{"east":{"uv":[3.3625,10.0125,3.1375,10.1125],"rotation":0,"texture":"#0","tintindex":0},"south":{"uv":[9.7375,0.6375,9.3875,0.7375],"rotation":0,"texture":"#0","tintindex":0},"north":{"uv":[9.4875,8.6375,9.1375,8.7375],"rotation":0,"texture":"#0","tintindex":0},"west":{"uv":[4.8625,9.8875,4.6375,9.9875],"rotation":0,"texture":"#0","tintindex":0},"up":{"uv":[4.5125,10.8625,4.8625,10.6375],"rotation":0,"texture":"#0","tintindex":0},"down":{"uv":[10.6375,4.5125,10.9875,4.7375],"rotation":0,"texture":"#0","tintindex":0}}}],"display":{"head":{"translation":[0.0,-6.4,0.0],"scale":[4.0,4.0,4.0]}}}