{"textures":{"0":"modelengine:entity/midkipaxolotl"},"elements":[{"name":"cube","from":[2.8442533,6.8304186,7.9227386],"to":[8.844254,11.630418,7.9227386],"rotation":{"angle":-22.5,"axis":"z","origin":[8.6,9.8,8.0]},"faces":{"down":{"uv":[0.0125,0.0125,1.2375,0.0125],"rotation":0,"texture":"#0","tintindex":0},"east":{"uv":[0.0125,0.0125,0.0125,0.9875],"rotation":0,"texture":"#0","tintindex":0},"north":{"uv":[8.8625,5.2625,7.6375,6.2375],"rotation":0,"texture":"#0","tintindex":0},"south":{"uv":[7.6375,5.2625,8.8625,6.2375],"rotation":0,"texture":"#0","tintindex":0},"up":{"uv":[0.0125,0.0125,1.2375,0.0125],"rotation":0,"texture":"#0","tintindex":0},"west":{"uv":[0.0125,0.0125,0.0125,0.9875],"rotation":0,"texture":"#0","tintindex":0}}},{"name":"cube","from":[1.9999998,5.5771637,7.885195],"to":[8.0,10.377164,7.885195],"rotation":{"angle":0.0,"axis":"x","origin":[8.0,8.0,8.0]},"faces":{"down":{"uv":[0.0125,0.0125,1.2375,0.0125],"rotation":0,"texture":"#0","tintindex":0},"east":{"uv":[0.0125,0.0125,0.0125,0.9875],"rotation":0,"texture":"#0","tintindex":0},"north":{"uv":[8.8625,5.2625,7.6375,6.2375],"rotation":0,"texture":"#0","tintindex":0},"south":{"uv":[7.6375,5.2625,8.8625,6.2375],"rotation":0,"texture":"#0","tintindex":0},"up":{"uv":[0.0125,0.0125,1.2375,0.0125],"rotation":0,"texture":"#0","tintindex":0},"west":{"uv":[0.0125,0.0125,0.0125,0.9875],"rotation":0,"texture":"#0","tintindex":0}}},{"name":"cube","from":[2.8138933,4.3364844,7.847651],"to":[8.813893,9.136484,7.847651],"rotation":{"angle":22.5,"axis":"z","origin":[8.6,6.2,8.0]},"faces":{"down":{"uv":[0.0125,0.0125,1.2375,0.0125],"rotation":0,"texture":"#0","tintindex":0},"east":{"uv":[0.0125,0.0125,0.0125,0.9875],"rotation":0,"texture":"#0","tintindex":0},"north":{"uv":[8.8625,5.2625,7.6375,6.2375],"rotation":0,"texture":"#0","tintindex":0},"south":{"uv":[7.6375,5.2625,8.8625,6.2375],"rotation":0,"texture":"#0","tintindex":0},"up":{"uv":[0.0125,0.0125,1.2375,0.0125],"rotation":0,"texture":"#0","tintindex":0},"west":{"uv":[0.0125,0.0125,0.0125,0.9875],"rotation":0,"texture":"#0","tintindex":0}}}],"display":{"head":{"translation":[0.0,-6.4,0.0],"rotation":[0.0,0.0,0.0],"scale":[3.8095,3.8095,3.8095]}}}
