{"textures":{"0":"modelengine:entity/midkipaxolotl"},"elements":[{"from":[3.0897655,6.8861127,7.926418],"to":[8.804051,11.457541,7.926418],"rotation":{"angle":-22.5,"axis":"z","origin":[8.571428,9.714286,8.0]},"faces":{"east":{"uv":[0.0125,0.0125,0.0125,0.9875],"rotation":0,"texture":"#0","tintindex":0},"south":{"uv":[7.6375,5.2625,8.8625,6.2375],"rotation":0,"texture":"#0","tintindex":0},"north":{"uv":[8.8625,5.2625,7.6375,6.2375],"rotation":0,"texture":"#0","tintindex":0},"west":{"uv":[0.0125,0.0125,0.0125,0.9875],"rotation":0,"texture":"#0","tintindex":0},"up":{"uv":[0.0125,0.0125,1.2375,0.0125],"rotation":0,"texture":"#0","tintindex":0},"down":{"uv":[0.0125,0.0125,1.2375,0.0125],"rotation":0,"texture":"#0","tintindex":0}}},{"from":[2.2857141,5.692537,7.8906617],"to":[8.0,10.263966,7.8906617],"rotation":{"angle":0.0,"axis":"y","origin":[8.0,8.0,8.0]},"faces":{"east":{"uv":[0.0125,0.0125,0.0125,0.9875],"rotation":0,"texture":"#0","tintindex":0},"south":{"uv":[7.6375,5.2625,8.8625,6.2375],"rotation":0,"texture":"#0","tintindex":0},"north":{"uv":[8.8625,5.2625,7.6375,6.2375],"rotation":0,"texture":"#0","tintindex":0},"west":{"uv":[0.0125,0.0125,0.0125,0.9875],"rotation":0,"texture":"#0","tintindex":0},"up":{"uv":[0.0125,0.0125,1.2375,0.0125],"rotation":0,"texture":"#0","tintindex":0},"down":{"uv":[0.0125,0.0125,1.2375,0.0125],"rotation":0,"texture":"#0","tintindex":0}}},{"from":[3.0608506,4.5109377,7.8549056],"to":[8.775137,9.082367,7.8549056],"rotation":{"angle":22.5,"axis":"z","origin":[8.571428,6.285714,8.0]},"faces":{"east":{"uv":[0.0125,0.0125,0.0125,0.9875],"rotation":0,"texture":"#0","tintindex":0},"south":{"uv":[7.6375,5.2625,8.8625,6.2375],"rotation":0,"texture":"#0","tintindex":0},"north":{"uv":[8.8625,5.2625,7.6375,6.2375],"rotation":0,"texture":"#0","tintindex":0},"west":{"uv":[0.0125,0.0125,0.0125,0.9875],"rotation":0,"texture":"#0","tintindex":0},"up":{"uv":[0.0125,0.0125,1.2375,0.0125],"rotation":0,"texture":"#0","tintindex":0},"down":{"uv":[0.0125,0.0125,1.2375,0.0125],"rotation":0,"texture":"#0","tintindex":0}}}],"display":{"head":{"translation":[0.0,-6.4,0.0],"scale":[4.0,4.0,4.0]}}}