{"textures":{"0":"modelengine:entity/midkipaxolotl"},"elements":[{"from":[6.6717067,7.2339745,6.3837004],"to":[9.52885,8.376832,8.097986],"rotation":{"angle":0.0,"axis":"y","origin":[12.100279,10.662546,14.3837]},"faces":{"east":{"uv":[10.9875,0.2625,10.6375,0.4875],"rotation":0,"texture":"#0","tintindex":0},"south":{"uv":[11.1125,2.1375,10.5125,2.3625],"rotation":0,"texture":"#0","tintindex":0},"north":{"uv":[11.1125,1.8875,10.5125,2.1125],"rotation":0,"texture":"#0","tintindex":0},"west":{"uv":[10.9875,0.0125,10.6375,0.2375],"rotation":0,"texture":"#0","tintindex":0},"up":{"uv":[10.2625,8.7375,10.8625,8.3875],"rotation":0,"texture":"#0","tintindex":0},"down":{"uv":[10.3875,0.6375,10.9875,0.9875],"rotation":0,"texture":"#0","tintindex":0}}},{"from":[4.9574213,7.2339745,6.6694145],"to":[6.6717067,7.8054028,7.8122716],"rotation":{"angle":0.0,"axis":"y","origin":[12.100279,10.662546,14.3837]},"faces":{"east":{"uv":[5.8625,10.6375,5.6375,10.7375],"rotation":0,"texture":"#0","tintindex":0},"south":{"uv":[10.8625,2.3875,10.5125,2.4875],"rotation":0,"texture":"#0","tintindex":0},"north":{"uv":[10.2375,8.6375,9.8875,8.7375],"rotation":0,"texture":"#0","tintindex":0},"west":{"uv":[3.1125,10.6375,2.8875,10.7375],"rotation":0,"texture":"#0","tintindex":0},"up":{"uv":[4.8875,10.8625,5.2375,10.6375],"rotation":0,"texture":"#0","tintindex":0},"down":{"uv":[5.2625,10.6375,5.6125,10.8625],"rotation":0,"texture":"#0","tintindex":0}}},{"from":[9.52885,7.2339745,6.6694145],"to":[11.243135,7.8054028,7.8122716],"rotation":{"angle":0.0,"axis":"y","origin":[12.100279,10.662546,14.3837]},"faces":{"east":{"uv":[10.8625,9.3875,10.6375,9.4875],"rotation":0,"texture":"#0","tintindex":0},"south":{"uv":[10.9875,4.7625,10.6375,4.8625],"rotation":0,"texture":"#0","tintindex":0},"north":{"uv":[10.9875,0.5125,10.6375,0.6125],"rotation":0,"texture":"#0","tintindex":0},"west":{"uv":[9.6125,10.6375,9.3875,10.7375],"rotation":0,"texture":"#0","tintindex":0},"up":{"uv":[9.0125,10.8625,9.3625,10.6375],"rotation":0,"texture":"#0","tintindex":0},"down":{"uv":[10.6375,9.1375,10.9875,9.3625],"rotation":0,"texture":"#0","tintindex":0}}},{"from":[7.5288496,7.2339745,4.6694145],"to":[8.671707,7.8054028,6.3837004],"rotation":{"angle":0.0,"axis":"y","origin":[12.100279,10.662546,14.3837]},"faces":{"east":{"uv":[10.1125,8.1375,9.7625,8.2375],"rotation":0,"texture":"#0","tintindex":0},"south":{"uv":[3.3625,10.1375,3.1375,10.2375],"rotation":0,"texture":"#0","tintindex":0},"north":{"uv":[9.2375,10.0125,9.0125,10.1125],"rotation":0,"texture":"#0","tintindex":0},"west":{"uv":[9.8625,8.6375,9.5125,8.7375],"rotation":0,"texture":"#0","tintindex":0},"up":{"uv":[1.2625,10.4875,1.4875,10.1375],"rotation":0,"texture":"#0","tintindex":0},"down":{"uv":[6.6375,10.3875,6.8625,10.7375],"rotation":0,"texture":"#0","tintindex":0}}}],"display":{"head":{"translation":[0.0,-6.4,0.0],"scale":[4.0,4.0,4.0]}}}