{"textures":{"0":"modelengine:entity/midkipaxolotl"},"elements":[{"name":"cube","from":[5.6,1.1440611,4.249362],"to":[7.4,2.9440613,8.449362],"rotation":{"angle":0.0,"axis":"x","origin":[10.700001,4.7440615,10.849361]},"faces":{"down":{"uv":[0.8875,10.1375,1.2375,10.9875],"rotation":0,"texture":"#0","tintindex":0},"east":{"uv":[0.8625,10.1375,0.0125,10.4875],"rotation":0,"texture":"#0","tintindex":0},"north":{"uv":[7.6125,10.5125,7.2625,10.8625],"rotation":0,"texture":"#0","tintindex":0},"south":{"uv":[7.9875,10.5125,7.6375,10.8625],"rotation":0,"texture":"#0","tintindex":0},"up":{"uv":[5.8875,5.8625,6.2375,5.0125],"rotation":0,"texture":"#0","tintindex":0},"west":{"uv":[7.2375,1.2625,6.3875,1.6125],"rotation":0,"texture":"#0","tintindex":0}}},{"name":"cube","from":[5.6,2.9440613,5.449362],"to":[7.4,5.3440614,8.449362],"rotation":{"angle":0.0,"axis":"x","origin":[10.700001,4.7440615,10.849361]},"faces":{"down":{"uv":[10.2625,9.7625,10.6125,10.3625],"rotation":0,"texture":"#0","tintindex":0},"east":{"uv":[9.6125,10.1375,9.0125,10.6125],"rotation":0,"texture":"#0","tintindex":0},"north":{"uv":[0.8625,10.5125,0.5125,10.9875],"rotation":0,"texture":"#0","tintindex":0},"south":{"uv":[2.1125,10.5125,1.7625,10.9875],"rotation":0,"texture":"#0","tintindex":0},"up":{"uv":[10.2625,9.7375,10.6125,9.1375],"rotation":0,"texture":"#0","tintindex":0},"west":{"uv":[8.3625,0.7625,7.7625,1.2375],"rotation":0,"texture":"#0","tintindex":0}}},{"name":"cube","from":[5.6,5.3440614,5.449362],"to":[9.2,9.544062,9.649363],"rotation":{"angle":0.0,"axis":"x","origin":[10.700001,4.7440615,10.849361]},"faces":{"down":{"uv":[0.7625,9.2625,1.4875,10.1125],"rotation":0,"texture":"#0","tintindex":0},"east":{"uv":[7.4875,9.1375,6.6375,9.9875],"rotation":0,"texture":"#0","tintindex":0},"north":{"uv":[4.8625,7.5125,4.1375,8.3625],"rotation":0,"texture":"#0","tintindex":0},"south":{"uv":[9.2375,9.1375,8.5125,9.9875],"rotation":0,"texture":"#0","tintindex":0},"up":{"uv":[0.0125,10.1125,0.7375,9.2625],"rotation":0,"texture":"#0","tintindex":0},"west":{"uv":[6.6125,9.1375,5.7625,9.9875],"rotation":0,"texture":"#0","tintindex":0}}}],"display":{"head":{"translation":[0.0,-6.4,0.0],"rotation":[0.0,0.0,0.0],"scale":[3.8095,3.8095,3.8095]}}}