{"textures":{"0":"modelengine:entity/midkipaxolotl"},"elements":[{"from":[8.571428,1.4705343,4.4279637],"to":[10.285714,3.1848202,8.427964],"rotation":{"angle":0.0,"axis":"y","origin":[5.428571,4.899106,10.713678]},"faces":{"east":{"uv":[6.3875,1.2625,7.2375,1.6125],"rotation":0,"texture":"#0","tintindex":0},"south":{"uv":[7.6375,10.5125,7.9875,10.8625],"rotation":0,"texture":"#0","tintindex":0},"north":{"uv":[7.2625,10.5125,7.6125,10.8625],"rotation":0,"texture":"#0","tintindex":0},"west":{"uv":[0.0125,10.1375,0.8625,10.4875],"rotation":0,"texture":"#0","tintindex":0},"up":{"uv":[6.2375,5.8625,5.8875,5.0125],"rotation":0,"texture":"#0","tintindex":0},"down":{"uv":[1.2375,10.1375,0.8875,10.9875],"rotation":0,"texture":"#0","tintindex":0}}},{"from":[8.571428,3.1848202,5.570821],"to":[10.285714,5.4705343,8.427964],"rotation":{"angle":0.0,"axis":"y","origin":[5.428571,4.899106,10.713678]},"faces":{"east":{"uv":[7.7625,0.7625,8.3625,1.2375],"rotation":0,"texture":"#0","tintindex":0},"south":{"uv":[1.7625,10.5125,2.1125,10.9875],"rotation":0,"texture":"#0","tintindex":0},"north":{"uv":[0.5125,10.5125,0.8625,10.9875],"rotation":0,"texture":"#0","tintindex":0},"west":{"uv":[9.0125,10.1375,9.6125,10.6125],"rotation":0,"texture":"#0","tintindex":0},"up":{"uv":[10.6125,9.7375,10.2625,9.1375],"rotation":0,"texture":"#0","tintindex":0},"down":{"uv":[10.6125,9.7625,10.2625,10.3625],"rotation":0,"texture":"#0","tintindex":0}}},{"from":[6.857143,5.4705343,5.570821],"to":[10.285714,9.470534,9.570821],"rotation":{"angle":0.0,"axis":"y","origin":[5.428571,4.899106,10.713678]},"faces":{"east":{"uv":[5.7625,9.1375,6.6125,9.9875],"rotation":0,"texture":"#0","tintindex":0},"south":{"uv":[8.5125,9.1375,9.2375,9.9875],"rotation":0,"texture":"#0","tintindex":0},"north":{"uv":[4.1375,7.5125,4.8625,8.3625],"rotation":0,"texture":"#0","tintindex":0},"west":{"uv":[6.6375,9.1375,7.4875,9.9875],"rotation":0,"texture":"#0","tintindex":0},"up":{"uv":[0.7375,10.1125,0.0125,9.2625],"rotation":0,"texture":"#0","tintindex":0},"down":{"uv":[1.4875,9.2625,0.7625,10.1125],"rotation":0,"texture":"#0","tintindex":0}}}],"display":{"head":{"translation":[0.0,-6.4,0.0],"scale":[4.0,4.0,4.0]}}}