{"textures":{"0":"modelengine:entity/midkipaxolotl"},"elements":[{"name":"cube","from":[6.3947077,7.195673,6.302885],"to":[9.394708,8.395674,8.102885],"rotation":{"angle":0.0,"axis":"x","origin":[3.6947076,10.795673,14.702885]},"faces":{"down":{"uv":[10.9875,0.6375,10.3875,0.9875],"rotation":0,"texture":"#0","tintindex":0},"east":{"uv":[10.6375,0.0125,10.9875,0.2375],"rotation":0,"texture":"#0","tintindex":0},"north":{"uv":[10.5125,1.8875,11.1125,2.1125],"rotation":0,"texture":"#0","tintindex":0},"south":{"uv":[10.5125,2.1375,11.1125,2.3625],"rotation":0,"texture":"#0","tintindex":0},"up":{"uv":[10.8625,8.7375,10.2625,8.3875],"rotation":0,"texture":"#0","tintindex":0},"west":{"uv":[10.6375,0.2625,10.9875,0.4875],"rotation":0,"texture":"#0","tintindex":0}}},{"name":"cube","from":[9.394708,7.195673,6.6028852],"to":[11.194708,7.7956734,7.802885],"rotation":{"angle":0.0,"axis":"x","origin":[3.6947076,10.795673,14.702885]},"faces":{"down":{"uv":[5.6125,10.6375,5.2625,10.8625],"rotation":0,"texture":"#0","tintindex":0},"east":{"uv":[2.8875,10.6375,3.1125,10.7375],"rotation":0,"texture":"#0","tintindex":0},"north":{"uv":[9.8875,8.6375,10.2375,8.7375],"rotation":0,"texture":"#0","tintindex":0},"south":{"uv":[10.5125,2.3875,10.8625,2.4875],"rotation":0,"texture":"#0","tintindex":0},"up":{"uv":[5.2375,10.8625,4.8875,10.6375],"rotation":0,"texture":"#0","tintindex":0},"west":{"uv":[5.6375,10.6375,5.8625,10.7375],"rotation":0,"texture":"#0","tintindex":0}}},{"name":"cube","from":[4.5947075,7.195673,6.6028852],"to":[6.3947077,7.7956734,7.802885],"rotation":{"angle":0.0,"axis":"x","origin":[3.6947076,10.795673,14.702885]},"faces":{"down":{"uv":[10.9875,9.1375,10.6375,9.3625],"rotation":0,"texture":"#0","tintindex":0},"east":{"uv":[9.3875,10.6375,9.6125,10.7375],"rotation":0,"texture":"#0","tintindex":0},"north":{"uv":[10.6375,0.5125,10.9875,0.6125],"rotation":0,"texture":"#0","tintindex":0},"south":{"uv":[10.6375,4.7625,10.9875,4.8625],"rotation":0,"texture":"#0","tintindex":0},"up":{"uv":[9.3625,10.8625,9.0125,10.6375],"rotation":0,"texture":"#0","tintindex":0},"west":{"uv":[10.6375,9.3875,10.8625,9.4875],"rotation":0,"texture":"#0","tintindex":0}}},{"name":"cube","from":[7.294708,7.195673,4.502885],"to":[8.494707,7.7956734,6.302885],"rotation":{"angle":0.0,"axis":"x","origin":[3.6947076,10.795673,14.702885]},"faces":{"down":{"uv":[6.8625,10.3875,6.6375,10.7375],"rotation":0,"texture":"#0","tintindex":0},"east":{"uv":[9.5125,8.6375,9.8625,8.7375],"rotation":0,"texture":"#0","tintindex":0},"north":{"uv":[9.0125,10.0125,9.2375,10.1125],"rotation":0,"texture":"#0","tintindex":0},"south":{"uv":[3.1375,10.1375,3.3625,10.2375],"rotation":0,"texture":"#0","tintindex":0},"up":{"uv":[1.4875,10.4875,1.2625,10.1375],"rotation":0,"texture":"#0","tintindex":0},"west":{"uv":[9.7625,8.1375,10.1125,8.2375],"rotation":0,"texture":"#0","tintindex":0}}}],"display":{"head":{"translation":[0.0,-6.4,0.0],"rotation":[0.0,0.0,0.0],"scale":[3.8095,3.8095,3.8095]}}}