{"textures":{"0":"modelengine:entity/midkipaxolotl"},"elements":[{"from":[7.428571,6.0,4.0],"to":[9.142858,7.714286,8.571428],"rotation":{"angle":-22.5,"axis":"x","origin":[8.0,6.857143,6.285714]},"faces":{"east":{"uv":[10.0125,4.8875,10.9875,5.2375],"rotation":0,"texture":"#0","tintindex":0},"south":{"uv":[10.5125,3.6375,10.8625,3.9875],"rotation":0,"texture":"#0","tintindex":0},"north":{"uv":[2.1375,10.5125,2.4875,10.8625],"rotation":0,"texture":"#0","tintindex":0},"west":{"uv":[5.8875,10.0125,6.8625,10.3625],"rotation":0,"texture":"#0","tintindex":0},"up":{"uv":[8.4875,10.8625,8.1375,9.8875],"rotation":0,"texture":"#0","tintindex":0},"down":{"uv":[7.2375,10.0125,6.8875,10.9875],"rotation":0,"texture":"#0","tintindex":0}}}],"display":{"head":{"translation":[0.0,-6.4,0.0],"scale":[4.0,4.0,4.0]}}}