{"textures":{"0":"modelengine:entity/midkipaxolotl"},"elements":[{"from":[7.014389,7.0147705,7.926418],"to":[12.728675,11.586199,7.926418],"rotation":{"angle":45.0,"axis":"z","origin":[7.428571,9.714286,8.0]},"faces":{"east":{"uv":[0.0125,0.0125,0.0125,0.9875],"rotation":0,"texture":"#0","tintindex":0},"south":{"uv":[8.8625,5.2625,7.6375,6.2375],"rotation":0,"texture":"#0","tintindex":0},"north":{"uv":[7.6375,5.2625,8.8625,6.2375],"rotation":0,"texture":"#0","tintindex":0},"west":{"uv":[0.0125,0.0125,0.0125,0.9875],"rotation":0,"texture":"#0","tintindex":0},"up":{"uv":[1.2375,0.0125,0.0125,0.0125],"rotation":0,"texture":"#0","tintindex":0},"down":{"uv":[1.2375,0.0125,0.0125,0.0125],"rotation":0,"texture":"#0","tintindex":0}}},{"from":[8.0,5.692537,7.8906617],"to":[13.714286,10.263966,7.8906617],"rotation":{"angle":0.0,"axis":"y","origin":[8.0,8.0,8.0]},"faces":{"east":{"uv":[0.0125,0.0125,0.0125,0.9875],"rotation":0,"texture":"#0","tintindex":0},"south":{"uv":[8.8625,5.2625,7.6375,6.2375],"rotation":0,"texture":"#0","tintindex":0},"north":{"uv":[7.6375,5.2625,8.8625,6.2375],"rotation":0,"texture":"#0","tintindex":0},"west":{"uv":[0.0125,0.0125,0.0125,0.9875],"rotation":0,"texture":"#0","tintindex":0},"up":{"uv":[1.2375,0.0125,0.0125,0.0125],"rotation":0,"texture":"#0","tintindex":0},"down":{"uv":[1.2375,0.0125,0.0125,0.0125],"rotation":0,"texture":"#0","tintindex":0}}},{"from":[7.224863,4.5109377,7.8549056],"to":[12.93915,9.082367,7.8549056],"rotation":{"angle":-22.5,"axis":"z","origin":[7.428571,6.285714,8.0]},"faces":{"east":{"uv":[0.0125,0.0125,0.0125,0.9875],"rotation":0,"texture":"#0","tintindex":0},"south":{"uv":[8.8625,5.2625,7.6375,6.2375],"rotation":0,"texture":"#0","tintindex":0},"north":{"uv":[7.6375,5.2625,8.8625,6.2375],"rotation":0,"texture":"#0","tintindex":0},"west":{"uv":[0.0125,0.0125,0.0125,0.9875],"rotation":0,"texture":"#0","tintindex":0},"up":{"uv":[1.2375,0.0125,0.0125,0.0125],"rotation":0,"texture":"#0","tintindex":0},"down":{"uv":[1.2375,0.0125,0.0125,0.0125],"rotation":0,"texture":"#0","tintindex":0}}}],"display":{"head":{"translation":[0.0,-6.4,0.0],"scale":[4.0,4.0,4.0]}}}