{"textures":{"0":"modelengine:entity/midkipaxolotl"},"elements":[{"name":"cube","from":[8.3,6.5,6.2],"to":[10.700001,10.700001,10.4],"rotation":{"angle":0.0,"axis":"x","origin":[7.1,6.5,12.2]},"faces":{"down":{"uv":[10.2375,7.2625,9.7625,8.1125],"rotation":0,"texture":"#0","tintindex":0},"east":{"uv":[2.5125,9.1375,3.3625,9.9875],"rotation":0,"texture":"#0","tintindex":0},"north":{"uv":[1.5125,9.6375,1.9875,10.4875],"rotation":0,"texture":"#0","tintindex":0},"south":{"uv":[2.0125,9.6375,2.4875,10.4875],"rotation":0,"texture":"#0","tintindex":0},"up":{"uv":[10.2375,6.8625,9.7625,6.0125],"rotation":0,"texture":"#0","tintindex":0},"west":{"uv":[4.8875,9.1375,5.7375,9.9875],"rotation":0,"texture":"#0","tintindex":0}}},{"name":"cube","from":[8.3,4.7,7.4],"to":[10.700001,6.5,10.4],"rotation":{"angle":0.0,"axis":"x","origin":[7.1,2.2999997,12.2]},"faces":{"down":{"uv":[4.4875,10.1375,4.0125,10.7375],"rotation":0,"texture":"#0","tintindex":0},"east":{"uv":[10.2625,6.5125,10.8625,6.8625],"rotation":0,"texture":"#0","tintindex":0},"north":{"uv":[1.2625,10.5125,1.7375,10.8625],"rotation":0,"texture":"#0","tintindex":0},"south":{"uv":[10.5125,1.5125,10.9875,1.8625],"rotation":0,"texture":"#0","tintindex":0},"up":{"uv":[10.6125,0.6125,10.1375,0.0125],"rotation":0,"texture":"#0","tintindex":0},"west":{"uv":[10.2625,7.2625,10.8625,7.6125],"rotation":0,"texture":"#0","tintindex":0}}}],"display":{"head":{"translation":[0.0,-6.4,0.0],"rotation":[0.0,0.0,0.0],"scale":[3.8095,3.8095,3.8095]}}}