{"textures":{"0":"modelengine:entity/midkipaxolotl"},"elements":[{"from":[7.714286,4.5953727,7.471758],"to":[7.714286,10.881087,13.757472],"rotation":{"angle":0.0,"axis":"y","origin":[8.0,3.4525156,8.614615]},"faces":{"east":{"uv":[2.3875,4.8875,3.7375,6.2375],"rotation":0,"texture":"#0","tintindex":0},"south":{"uv":[0.0125,0.0125,0.0125,1.3625],"rotation":0,"texture":"#0","tintindex":0},"north":{"uv":[0.0125,0.0125,0.0125,1.3625],"rotation":0,"texture":"#0","tintindex":0},"west":{"uv":[3.7375,4.8875,2.3875,6.2375],"rotation":0,"texture":"#0","tintindex":0},"up":{"uv":[0.0125,1.3625,0.0125,0.0125],"rotation":0,"texture":"#0","tintindex":0},"down":{"uv":[0.0125,0.0125,0.0125,1.3625],"rotation":0,"texture":"#0","tintindex":0}}},{"from":[6.857143,6.3096585,8.043186],"to":[8.571428,9.166801,11.471758],"rotation":{"angle":0.0,"axis":"y","origin":[8.0,3.4525156,8.614615]},"faces":{"east":{"uv":[9.2625,4.3875,9.9875,4.9875],"rotation":0,"texture":"#0","tintindex":0},"south":{"uv":[6.2625,10.3875,6.6125,10.9875],"rotation":0,"texture":"#0","tintindex":0},"north":{"uv":[5.8875,10.3875,6.2375,10.9875],"rotation":0,"texture":"#0","tintindex":0},"west":{"uv":[9.3875,0.0125,10.1125,0.6125],"rotation":0,"texture":"#0","tintindex":0},"up":{"uv":[3.4875,10.9875,3.1375,10.2625],"rotation":0,"texture":"#0","tintindex":0},"down":{"uv":[3.8625,10.2625,3.5125,10.9875],"rotation":0,"texture":"#0","tintindex":0}}}],"display":{"head":{"translation":[0.0,-6.4,0.0],"scale":[4.0,4.0,4.0]}}}