{"textures":{"0":"modelengine:entity/midkipaxolotl"},"elements":[{"name":"cube","from":[8.0,3.8359313,7.9482107],"to":[8.0,13.435932,12.748211],"rotation":{"angle":0.0,"axis":"x","origin":[8.0,3.8359313,8.548211]},"faces":{"down":{"uv":[0.0125,0.0125,0.0125,0.9875],"rotation":0,"texture":"#0","tintindex":0},"east":{"uv":[4.2625,0.0125,5.2375,1.9875],"rotation":0,"texture":"#0","tintindex":0},"north":{"uv":[0.0125,0.0125,0.0125,1.9875],"rotation":0,"texture":"#0","tintindex":0},"south":{"uv":[0.0125,0.0125,0.0125,1.9875],"rotation":0,"texture":"#0","tintindex":0},"up":{"uv":[0.0125,0.9875,0.0125,0.0125],"rotation":0,"texture":"#0","tintindex":0},"west":{"uv":[5.2375,0.0125,4.2625,1.9875],"rotation":0,"texture":"#0","tintindex":0}}},{"name":"cube","from":[6.5,5.6359315,7.9482107],"to":[9.5,9.835932,12.748211],"rotation":{"angle":0.0,"axis":"x","origin":[8.0,3.8359313,8.548211]},"faces":{"down":{"uv":[3.9875,9.2625,3.3875,10.2375],"rotation":0,"texture":"#0","tintindex":0},"east":{"uv":[0.0125,6.6375,0.9875,7.4875],"rotation":0,"texture":"#0","tintindex":0},"north":{"uv":[9.2625,3.5125,9.8625,4.3625],"rotation":0,"texture":"#0","tintindex":0},"south":{"uv":[4.0125,9.2625,4.6125,10.1125],"rotation":0,"texture":"#0","tintindex":0},"up":{"uv":[9.8625,3.4875,9.2625,2.5125],"rotation":0,"texture":"#0","tintindex":0},"west":{"uv":[3.8875,8.3875,4.8625,9.2375],"rotation":0,"texture":"#0","tintindex":0}}}],"display":{"head":{"translation":[0.0,-6.4,0.0],"rotation":[0.0,0.0,0.0],"scale":[3.8095,3.8095,3.8095]}}}