{"textures":{"0":"modelengine:entity/midkipaxolotl"},"elements":[{"from":[8.0,4.605649,7.3792477],"to":[8.0,12.034221,12.522105],"rotation":{"angle":0.0,"axis":"y","origin":[8.0,4.0342207,8.522105]},"faces":{"east":{"uv":[5.2625,0.0125,6.3625,1.6125],"rotation":0,"texture":"#0","tintindex":0},"south":{"uv":[0.0125,0.0125,0.0125,1.6125],"rotation":0,"texture":"#0","tintindex":0},"north":{"uv":[0.0125,0.0125,0.0125,1.6125],"rotation":0,"texture":"#0","tintindex":0},"west":{"uv":[6.3625,0.0125,5.2625,1.6125],"rotation":0,"texture":"#0","tintindex":0},"up":{"uv":[0.0125,1.1125,0.0125,0.0125],"rotation":0,"texture":"#0","tintindex":0},"down":{"uv":[0.0125,0.0125,0.0125,1.1125],"rotation":0,"texture":"#0","tintindex":0}}},{"from":[6.857143,6.319935,7.950676],"to":[9.142858,9.748507,12.522105],"rotation":{"angle":0.0,"axis":"y","origin":[8.0,4.0342207,8.522105]},"faces":{"east":{"uv":[5.1375,2.8875,6.1125,3.6125],"rotation":0,"texture":"#0","tintindex":0},"south":{"uv":[9.7625,10.0125,10.2375,10.7375],"rotation":0,"texture":"#0","tintindex":0},"north":{"uv":[8.5125,10.0125,8.9875,10.7375],"rotation":0,"texture":"#0","tintindex":0},"west":{"uv":[7.5125,9.1375,8.4875,9.8625],"rotation":0,"texture":"#0","tintindex":0},"up":{"uv":[9.7375,8.2375,9.2625,7.2625],"rotation":0,"texture":"#0","tintindex":0},"down":{"uv":[9.7375,9.1375,9.2625,10.1125],"rotation":0,"texture":"#0","tintindex":0}}}],"display":{"head":{"translation":[0.0,-6.4,0.0],"scale":[4.0,4.0,4.0]}}}