{"textures":{"0":"modelengine:entity/zahar_abomination"},"elements":[{"name":"cube","from":[5.6,7.6872473,5.0869055],"to":[10.4,10.687247,9.286905],"rotation":{"angle":0.0,"axis":"x","origin":[8.0,-10.312754,8.686906]},"faces":{"down":{"uv":[8.3125,7.6875,7.8125,8.125],"rotation":0,"texture":"#0","tintindex":0},"east":{"uv":[7.25,8.3125,7.6875,8.625],"rotation":0,"texture":"#0","tintindex":0},"north":{"uv":[2.4375,8.25,2.9375,8.5625],"rotation":0,"texture":"#0","tintindex":0},"south":{"uv":[8.25,6.6875,8.75,7.0],"rotation":0,"texture":"#0","tintindex":0},"up":{"uv":[8.25,2.0625,7.75,1.625],"rotation":0,"texture":"#0","tintindex":0},"west":{"uv":[8.3125,7.25,8.75,7.5625],"rotation":0,"texture":"#0","tintindex":0}}},{"name":"cube","from":[6.2,6.8050632,4.9010777],"to":[9.8,8.6050625,7.301078],"rotation":{"angle":-22.5,"axis":"x","origin":[8.0,7.1050634,7.601078]},"faces":{"down":{"uv":[8.875,4.5,8.5,4.75],"rotation":0,"texture":"#0","tintindex":0},"east":{"uv":[7.5625,3.125,7.8125,3.3125],"rotation":0,"texture":"#0","tintindex":0},"north":{"uv":[6.5,0.625,6.875,0.8125],"rotation":0,"texture":"#0","tintindex":0},"south":{"uv":[7.625,0.625,8.0,0.8125],"rotation":0,"texture":"#0","tintindex":0},"up":{"uv":[5.375,2.0,5.0,1.75],"rotation":0,"texture":"#0","tintindex":0},"west":{"uv":[8.125,0.4375,8.375,0.625],"rotation":0,"texture":"#0","tintindex":0}}},{"name":"cube","from":[10.4,5.6050634,2.5010777],"to":[12.2,7.405063,6.101078],"rotation":{"angle":-45.0,"axis":"y","origin":[10.1,7.7050633,4.301078]},"faces":{"down":{"uv":[0.75,4.5,0.5625,4.875],"rotation":0,"texture":"#0","tintindex":0},"east":{"uv":[0.1875,4.6875,0.5625,4.875],"rotation":0,"texture":"#0","tintindex":0},"north":{"uv":[0.75,4.6875,0.9375,4.875],"rotation":0,"texture":"#0","tintindex":0},"south":{"uv":[0.75,4.5,0.9375,4.6875],"rotation":0,"texture":"#0","tintindex":0},"up":{"uv":[0.1875,4.875,0.0,4.5],"rotation":0,"texture":"#0","tintindex":0},"west":{"uv":[0.1875,4.5,0.5625,4.6875],"rotation":0,"texture":"#0","tintindex":0}}},{"name":"cube","from":[2.7499998,5.6050634,4.1510777],"to":[4.5499997,7.405063,7.7510777],"rotation":{"angle":45.0,"axis":"y","origin":[3.4999998,7.7050633,4.301078]},"faces":{"down":{"uv":[0.5625,4.5,0.75,4.875],"rotation":0,"texture":"#0","tintindex":0},"east":{"uv":[0.5625,4.5,0.1875,4.6875],"rotation":0,"texture":"#0","tintindex":0},"north":{"uv":[0.9375,4.6875,0.75,4.875],"rotation":0,"texture":"#0","tintindex":0},"south":{"uv":[0.9375,4.5,0.75,4.6875],"rotation":0,"texture":"#0","tintindex":0},"up":{"uv":[0.0,4.875,0.1875,4.5],"rotation":0,"texture":"#0","tintindex":0},"west":{"uv":[0.5625,4.6875,0.1875,4.875],"rotation":0,"texture":"#0","tintindex":0}}},{"name":"cube","from":[7.4,7.182355,4.7165155],"to":[8.6,8.382355,5.9165154],"rotation":{"angle":22.5,"axis":"x","origin":[9.2,7.782355,5.3165154]},"faces":{"down":{"uv":[2.6875,3.75,2.5625,3.875],"rotation":0,"texture":"#0","tintindex":0},"east":{"uv":[2.6875,3.625,2.8125,3.75],"rotation":0,"texture":"#0","tintindex":0},"north":{"uv":[2.6875,3.5,2.8125,3.625],"rotation":0,"texture":"#0","tintindex":0},"south":{"uv":[2.6875,3.75,2.8125,3.875],"rotation":0,"texture":"#0","tintindex":0},"up":{"uv":[2.6875,3.625,2.5625,3.5],"rotation":0,"texture":"#0","tintindex":0},"west":{"uv":[2.5625,3.625,2.6875,3.75],"rotation":0,"texture":"#0","tintindex":0}}}],"display":{"head":{"translation":[0.0,-6.4,0.0],"rotation":[0.0,0.0,0.0],"scale":[3.8095,3.8095,3.8095]}}}
