{"textures":{"0":"modelengine:entity/zahar_abomination"},"elements":[{"from":[5.714286,-0.57142925,6.285714],"to":[8.0,2.8571424,9.142858],"rotation":{"angle":0.0,"axis":"y","origin":[14.285715,-9.1428585,4.0]},"faces":{"east":{"uv":[3.8125,8.4375,3.5,8.8125],"rotation":0,"texture":"#0","tintindex":0},"south":{"uv":[4.8125,8.5,4.5625,8.875],"rotation":0,"texture":"#0","tintindex":0},"north":{"uv":[3.375,7.6875,3.125,8.0625],"rotation":0,"texture":"#0","tintindex":0},"west":{"uv":[8.75,2.4375,8.4375,2.8125],"rotation":0,"texture":"#0","tintindex":0},"up":{"uv":[0.5625,7.5,0.8125,7.1875],"rotation":0,"texture":"#0","tintindex":0},"down":{"uv":[8.5,8.5,8.75,8.8125],"rotation":0,"texture":"#0","tintindex":0}}},{"from":[5.142857,2.8571424,6.285714],"to":[8.571428,4.5714283,10.285714],"rotation":{"angle":0.0,"axis":"y","origin":[14.285715,-9.1428585,4.0]},"faces":{"east":{"uv":[5.5625,6.0625,5.125,6.25],"rotation":0,"texture":"#0","tintindex":0},"south":{"uv":[8.4375,1.0625,8.0625,1.25],"rotation":0,"texture":"#0","tintindex":0},"north":{"uv":[8.375,4.25,8.0,4.4375],"rotation":0,"texture":"#0","tintindex":0},"west":{"uv":[6.5,0.625,6.0625,0.8125],"rotation":0,"texture":"#0","tintindex":0},"up":{"uv":[8.0,6.6875,8.375,6.25],"rotation":0,"texture":"#0","tintindex":0},"down":{"uv":[8.0625,0.625,8.4375,1.0625],"rotation":0,"texture":"#0","tintindex":0}}},{"from":[4.0,4.5714283,5.714286],"to":[8.571428,10.285714,10.857143],"rotation":{"angle":0.0,"axis":"y","origin":[14.285715,-9.1428585,4.0]},"faces":{"east":{"uv":[4.5,7.4375,3.9375,8.0625],"rotation":0,"texture":"#0","tintindex":0},"south":{"uv":[8.125,0.0,7.625,0.625],"rotation":0,"texture":"#0","tintindex":0},"north":{"uv":[8.0625,2.5,7.5625,3.125],"rotation":0,"texture":"#0","tintindex":0},"west":{"uv":[3.9375,7.4375,3.375,8.0625],"rotation":0,"texture":"#0","tintindex":0},"up":{"uv":[2.625,8.25,3.125,7.6875],"rotation":0,"texture":"#0","tintindex":0},"down":{"uv":[7.6875,5.6875,8.1875,6.25],"rotation":0,"texture":"#0","tintindex":0}}}],"display":{"head":{"translation":[0.0,-6.4,0.0],"scale":[4.0,4.0,4.0]}}}