{"textures":{"0":"modelengine:entity/zahar_abomination"},"elements":[{"name":"cube","from":[5.6117344,-1.6548929,1.9999998],"to":[12.211735,7.9451075,11.0],"rotation":{"angle":0.0,"axis":"x","origin":[0.21173453,-1.054893,2.6]},"faces":{"down":{"uv":[3.5,5.9375,2.8125,6.875],"rotation":0,"texture":"#0","tintindex":0},"east":{"uv":[3.8125,5.0625,4.75,6.0625],"rotation":0,"texture":"#0","tintindex":0},"north":{"uv":[5.4375,1.9375,6.125,2.9375],"rotation":0,"texture":"#0","tintindex":0},"south":{"uv":[5.6875,4.6875,6.375,5.6875],"rotation":0,"texture":"#0","tintindex":0},"up":{"uv":[2.8125,6.75,2.125,5.8125],"rotation":0,"texture":"#0","tintindex":0},"west":{"uv":[4.75,5.0625,5.6875,6.0625],"rotation":0,"texture":"#0","tintindex":0}}},{"name":"cube","from":[8.011735,7.9451075,5.6],"to":[11.011735,10.345108,9.2],"rotation":{"angle":0.0,"axis":"x","origin":[0.21173453,-1.054893,2.6]},"faces":{"down":{"uv":[8.75,3.875,8.4375,4.25],"rotation":0,"texture":"#0","tintindex":0},"east":{"uv":[8.5,4.75,8.875,5.0],"rotation":0,"texture":"#0","tintindex":0},"north":{"uv":[0.3125,8.5625,0.625,8.8125],"rotation":0,"texture":"#0","tintindex":0},"south":{"uv":[2.4375,8.5625,2.75,8.8125],"rotation":0,"texture":"#0","tintindex":0},"up":{"uv":[4.125,8.8125,3.8125,8.4375],"rotation":0,"texture":"#0","tintindex":0},"west":{"uv":[8.125,8.5,8.5,8.75],"rotation":0,"texture":"#0","tintindex":0}}},{"name":"cube","from":[4.2099895,-2.701943,2.6],"to":[9.609989,-0.30194283,10.4],"rotation":{"angle":-22.5,"axis":"z","origin":[6.9099894,-4.501943,6.5]},"faces":{"down":{"uv":[0.5625,7.1875,0.0,8.0],"rotation":0,"texture":"#0","tintindex":0},"east":{"uv":[7.875,3.375,8.6875,3.625],"rotation":0,"texture":"#0","tintindex":0},"north":{"uv":[8.0625,2.875,8.625,3.125],"rotation":0,"texture":"#0","tintindex":0},"south":{"uv":[8.3125,7.0,8.875,7.25],"rotation":0,"texture":"#0","tintindex":0},"up":{"uv":[7.625,0.8125,7.0625,0.0],"rotation":0,"texture":"#0","tintindex":0},"west":{"uv":[7.875,3.625,8.6875,3.875],"rotation":0,"texture":"#0","tintindex":0}}},{"name":"cube","from":[9.811735,3.145107,11.0],"to":[9.811735,7.345107,14.0],"rotation":{"angle":22.5,"axis":"z","origin":[8.611734,5.845107,12.5]},"faces":{"down":{"uv":[0.0,0.0,0.0,0.3125],"rotation":0,"texture":"#0","tintindex":0},"east":{"uv":[8.3125,7.5625,8.625,8.0],"rotation":0,"texture":"#0","tintindex":0},"north":{"uv":[0.0,0.0,0.0,0.4375],"rotation":0,"texture":"#0","tintindex":0},"south":{"uv":[0.0,0.0,0.0,0.4375],"rotation":0,"texture":"#0","tintindex":0},"up":{"uv":[0.0,0.3125,0.0,0.0],"rotation":0,"texture":"#0","tintindex":0},"west":{"uv":[0.0,8.375,0.3125,8.8125],"rotation":0,"texture":"#0","tintindex":0}}},{"name":"cube","from":[7.867192,0.83896685,11.0],"to":[7.867192,5.0389657,14.0],"rotation":{"angle":-22.5,"axis":"z","origin":[7.867192,2.9389658,12.5]},"faces":{"down":{"uv":[0.0,0.0,0.0,0.3125],"rotation":0,"texture":"#0","tintindex":0},"east":{"uv":[1.5,8.375,1.8125,8.8125],"rotation":0,"texture":"#0","tintindex":0},"north":{"uv":[0.0,0.0,0.0,0.4375],"rotation":0,"texture":"#0","tintindex":0},"south":{"uv":[0.0,0.0,0.0,0.4375],"rotation":0,"texture":"#0","tintindex":0},"up":{"uv":[0.0,0.3125,0.0,0.0],"rotation":0,"texture":"#0","tintindex":0},"west":{"uv":[1.8125,8.375,2.125,8.8125],"rotation":0,"texture":"#0","tintindex":0}}},{"name":"cube","from":[12.211735,3.145107,4.3999996],"to":[15.211735,7.345107,4.3999996],"rotation":{"angle":-22.5,"axis":"x","origin":[-7.288266,5.845107,11.0]},"faces":{"down":{"uv":[0.3125,0.0,0.0,0.0],"rotation":0,"texture":"#0","tintindex":0},"east":{"uv":[0.0,0.0,0.0,0.4375],"rotation":0,"texture":"#0","tintindex":0},"north":{"uv":[2.125,8.375,2.4375,8.8125],"rotation":0,"texture":"#0","tintindex":0},"south":{"uv":[8.375,6.125,8.6875,6.5625],"rotation":0,"texture":"#0","tintindex":0},"up":{"uv":[0.3125,0.0,0.0,0.0],"rotation":0,"texture":"#0","tintindex":0},"west":{"uv":[0.0,0.0,0.0,0.4375],"rotation":0,"texture":"#0","tintindex":0}}},{"name":"cube","from":[8.15,0.6499996,-1.0000005],"to":[8.15,4.85,1.9999998],"rotation":{"angle":-22.5,"axis":"z","origin":[9.950001,5.75,0.49999976]},"faces":{"down":{"uv":[0.0,0.0,0.0,0.3125],"rotation":0,"texture":"#0","tintindex":0},"east":{"uv":[6.1875,8.375,6.5,8.8125],"rotation":0,"texture":"#0","tintindex":0},"north":{"uv":[0.0,0.0,0.0,0.4375],"rotation":0,"texture":"#0","tintindex":0},"south":{"uv":[0.0,0.0,0.0,0.4375],"rotation":0,"texture":"#0","tintindex":0},"up":{"uv":[0.0,0.3125,0.0,0.0],"rotation":0,"texture":"#0","tintindex":0},"west":{"uv":[6.5,8.375,6.8125,8.8125],"rotation":0,"texture":"#0","tintindex":0}}}],"display":{"head":{"translation":[0.0,-6.4,0.0],"rotation":[0.0,0.0,0.0],"scale":[3.8095,3.8095,3.8095]}}}