{"textures":{"0":"modelengine:entity/zahar_abomination"},"elements":[{"from":[5.725461,-1.1951361,2.2857141],"to":[12.011176,7.9477215,10.857143],"rotation":{"angle":0.0,"axis":"y","origin":[0.5826044,-0.6237068,2.8571424]},"faces":{"east":{"uv":[3.8125,5.0625,4.75,6.0625],"rotation":0,"texture":"#0","tintindex":0},"south":{"uv":[5.6875,4.6875,6.375,5.6875],"rotation":0,"texture":"#0","tintindex":0},"north":{"uv":[5.4375,1.9375,6.125,2.9375],"rotation":0,"texture":"#0","tintindex":0},"west":{"uv":[4.75,5.0625,5.6875,6.0625],"rotation":0,"texture":"#0","tintindex":0},"up":{"uv":[2.8125,6.75,2.125,5.8125],"rotation":0,"texture":"#0","tintindex":0},"down":{"uv":[3.5,5.9375,2.8125,6.875],"rotation":0,"texture":"#0","tintindex":0}}},{"from":[8.011176,7.9477215,5.714286],"to":[10.868319,10.233436,9.142858],"rotation":{"angle":0.0,"axis":"y","origin":[0.5826044,-0.6237068,2.8571424]},"faces":{"east":{"uv":[8.5,4.75,8.875,5.0],"rotation":0,"texture":"#0","tintindex":0},"south":{"uv":[2.4375,8.5625,2.75,8.8125],"rotation":0,"texture":"#0","tintindex":0},"north":{"uv":[0.3125,8.5625,0.625,8.8125],"rotation":0,"texture":"#0","tintindex":0},"west":{"uv":[8.125,8.5,8.5,8.75],"rotation":0,"texture":"#0","tintindex":0},"up":{"uv":[4.125,8.8125,3.8125,8.4375],"rotation":0,"texture":"#0","tintindex":0},"down":{"uv":[8.75,3.875,8.4375,4.25],"rotation":0,"texture":"#0","tintindex":0}}},{"from":[4.3904657,-2.1923256,2.8571424],"to":[9.533323,0.093389034,10.285714],"rotation":{"angle":-22.5,"axis":"z","origin":[6.9618945,-3.9066114,6.5714283]},"faces":{"east":{"uv":[7.875,3.375,8.6875,3.625],"rotation":0,"texture":"#0","tintindex":0},"south":{"uv":[8.3125,7.0,8.875,7.25],"rotation":0,"texture":"#0","tintindex":0},"north":{"uv":[8.0625,2.875,8.625,3.125],"rotation":0,"texture":"#0","tintindex":0},"west":{"uv":[7.875,3.625,8.6875,3.875],"rotation":0,"texture":"#0","tintindex":0},"up":{"uv":[7.625,0.8125,7.0625,0.0],"rotation":0,"texture":"#0","tintindex":0},"down":{"uv":[0.5625,7.1875,0.0,8.0],"rotation":0,"texture":"#0","tintindex":0}}},{"from":[9.725462,3.3762932,10.857143],"to":[9.725462,7.376293,13.714286],"rotation":{"angle":22.5,"axis":"z","origin":[8.582604,5.9477215,12.285715]},"faces":{"east":{"uv":[8.3125,7.5625,8.625,8.0],"rotation":0,"texture":"#0","tintindex":0},"south":{"uv":[0.0,0.0,0.0,0.4375],"rotation":0,"texture":"#0","tintindex":0},"north":{"uv":[0.0,0.0,0.0,0.4375],"rotation":0,"texture":"#0","tintindex":0},"west":{"uv":[0.0,8.375,0.3125,8.8125],"rotation":0,"texture":"#0","tintindex":0},"up":{"uv":[0.0,0.3125,0.0,0.0],"rotation":0,"texture":"#0","tintindex":0},"down":{"uv":[0.0,0.0,0.0,0.3125],"rotation":0,"texture":"#0","tintindex":0}}},{"from":[7.8735156,1.1799679,10.857143],"to":[7.8735156,5.179968,13.714286],"rotation":{"angle":-22.5,"axis":"z","origin":[7.8735156,3.1799679,12.285715]},"faces":{"east":{"uv":[1.5,8.375,1.8125,8.8125],"rotation":0,"texture":"#0","tintindex":0},"south":{"uv":[0.0,0.0,0.0,0.4375],"rotation":0,"texture":"#0","tintindex":0},"north":{"uv":[0.0,0.0,0.0,0.4375],"rotation":0,"texture":"#0","tintindex":0},"west":{"uv":[1.8125,8.375,2.125,8.8125],"rotation":0,"texture":"#0","tintindex":0},"up":{"uv":[0.0,0.3125,0.0,0.0],"rotation":0,"texture":"#0","tintindex":0},"down":{"uv":[0.0,0.0,0.0,0.3125],"rotation":0,"texture":"#0","tintindex":0}}},{"from":[12.011176,3.3762932,4.5714283],"to":[14.868319,7.376293,4.5714283],"rotation":{"angle":-22.5,"axis":"x","origin":[-6.560253,5.9477215,10.857143]},"faces":{"east":{"uv":[0.0,0.0,0.0,0.4375],"rotation":0,"texture":"#0","tintindex":0},"south":{"uv":[8.375,6.125,8.6875,6.5625],"rotation":0,"texture":"#0","tintindex":0},"north":{"uv":[2.125,8.375,2.4375,8.8125],"rotation":0,"texture":"#0","tintindex":0},"west":{"uv":[0.0,0.0,0.0,0.4375],"rotation":0,"texture":"#0","tintindex":0},"up":{"uv":[0.3125,0.0,0.0,0.0],"rotation":0,"texture":"#0","tintindex":0},"down":{"uv":[0.3125,0.0,0.0,0.0],"rotation":0,"texture":"#0","tintindex":0}}},{"from":[8.142858,0.9999995,-0.57142925],"to":[8.142858,5.0,2.2857141],"rotation":{"angle":-22.5,"axis":"z","origin":[9.857143,5.8571424,0.85714245]},"faces":{"east":{"uv":[6.1875,8.375,6.5,8.8125],"rotation":0,"texture":"#0","tintindex":0},"south":{"uv":[0.0,0.0,0.0,0.4375],"rotation":0,"texture":"#0","tintindex":0},"north":{"uv":[0.0,0.0,0.0,0.4375],"rotation":0,"texture":"#0","tintindex":0},"west":{"uv":[6.5,8.375,6.8125,8.8125],"rotation":0,"texture":"#0","tintindex":0},"up":{"uv":[0.0,0.3125,0.0,0.0],"rotation":0,"texture":"#0","tintindex":0},"down":{"uv":[0.0,0.0,0.0,0.3125],"rotation":0,"texture":"#0","tintindex":0}}}],"display":{"head":{"translation":[0.0,-6.4,0.0],"scale":[4.0,4.0,4.0]}}}