{"textures":{"0":"modelengine:entity/zahar_abomination"},"elements":[{"from":[5.714286,6.178176,3.9848242],"to":[10.285714,9.606748,10.270538],"rotation":{"angle":0.0,"axis":"y","origin":[8.0,8.749605,7.984824]},"faces":{"east":{"uv":[7.3125,4.0625,8.0,4.4375],"rotation":0,"texture":"#0","tintindex":0},"south":{"uv":[7.25,7.9375,7.75,8.3125],"rotation":0,"texture":"#0","tintindex":0},"north":{"uv":[5.125,4.6875,5.625,5.0625],"rotation":0,"texture":"#0","tintindex":0},"west":{"uv":[7.75,1.25,8.4375,1.625],"rotation":0,"texture":"#0","tintindex":0},"up":{"uv":[5.0,8.125,4.5,7.4375],"rotation":0,"texture":"#0","tintindex":0},"down":{"uv":[5.5,7.4375,5.0,8.125],"rotation":0,"texture":"#0","tintindex":0}}},{"from":[9.953522,11.940138,5.142857],"to":[15.096379,18.797281,12.571428],"rotation":{"angle":22.5,"axis":"z","origin":[12.52495,15.36871,8.857143]},"faces":{"east":{"uv":[3.5,6.0625,4.3125,6.8125],"rotation":0,"texture":"#0","tintindex":0},"south":{"uv":[7.3125,3.3125,7.875,4.0625],"rotation":0,"texture":"#0","tintindex":0},"north":{"uv":[7.1875,1.3125,7.75,2.0625],"rotation":0,"texture":"#0","tintindex":0},"west":{"uv":[4.3125,6.0625,5.125,6.8125],"rotation":0,"texture":"#0","tintindex":0},"up":{"uv":[3.375,7.6875,2.8125,6.875],"rotation":0,"texture":"#0","tintindex":0},"down":{"uv":[7.5625,2.5,7.0,3.3125],"rotation":0,"texture":"#0","tintindex":0}}},{"from":[3.4285712,12.0,4.0],"to":[12.571428,20.57143,9.142858],"rotation":{"angle":22.5,"axis":"x","origin":[8.0,16.285715,6.5714283]},"faces":{"east":{"uv":[0.875,6.5625,1.4375,7.5],"rotation":0,"texture":"#0","tintindex":0},"south":{"uv":[1.0,5.0,2.0,5.9375],"rotation":0,"texture":"#0","tintindex":0},"north":{"uv":[0.0,5.0,1.0,5.9375],"rotation":0,"texture":"#0","tintindex":0},"west":{"uv":[1.4375,6.5625,2.0,7.5],"rotation":0,"texture":"#0","tintindex":0},"up":{"uv":[7.1875,6.8125,6.1875,6.25],"rotation":0,"texture":"#0","tintindex":0},"down":{"uv":[7.3125,4.0,6.3125,4.5625],"rotation":0,"texture":"#0","tintindex":0}}},{"from":[4.0,6.857143,4.0],"to":[12.0,12.571428,11.428572],"rotation":{"angle":22.5,"axis":"x","origin":[8.0,9.428572,9.142858]},"faces":{"east":{"uv":[4.3125,6.8125,5.125,7.4375],"rotation":0,"texture":"#0","tintindex":0},"south":{"uv":[0.0,6.5625,0.875,7.1875],"rotation":0,"texture":"#0","tintindex":0},"north":{"uv":[6.375,4.5625,7.25,5.1875],"rotation":0,"texture":"#0","tintindex":0},"west":{"uv":[5.125,6.8125,5.9375,7.4375],"rotation":0,"texture":"#0","tintindex":0},"up":{"uv":[2.875,5.8125,2.0,5.0],"rotation":0,"texture":"#0","tintindex":0},"down":{"uv":[6.0625,0.0,5.1875,0.8125],"rotation":0,"texture":"#0","tintindex":0}}},{"from":[3.4285712,12.0,9.142858],"to":[12.571428,22.285715,14.857143],"rotation":{"angle":22.5,"axis":"x","origin":[8.0,16.285715,6.5714283]},"faces":{"east":{"uv":[5.1875,2.9375,5.8125,4.0625],"rotation":0,"texture":"#0","tintindex":0},"south":{"uv":[4.1875,2.9375,5.1875,4.0625],"rotation":0,"texture":"#0","tintindex":0},"north":{"uv":[4.1875,0.0,5.1875,1.125],"rotation":0,"texture":"#0","tintindex":0},"west":{"uv":[5.375,0.8125,6.0,1.9375],"rotation":0,"texture":"#0","tintindex":0},"up":{"uv":[7.0,1.9375,6.0,1.3125],"rotation":0,"texture":"#0","tintindex":0},"down":{"uv":[7.0625,0.0,6.0625,0.625],"rotation":0,"texture":"#0","tintindex":0}}},{"from":[10.285714,18.303635,11.416598],"to":[14.285715,24.589348,15.416598],"rotation":{"angle":-22.5,"axis":"z","origin":[10.0,22.01792,15.130884]},"faces":{"east":{"uv":[0.875,2.625,1.3125,3.3125],"rotation":0,"texture":"#0","tintindex":0},"south":{"uv":[0.4375,2.625,0.875,3.3125],"rotation":0,"texture":"#0","tintindex":0},"north":{"uv":[0.0,2.625,0.4375,3.3125],"rotation":0,"texture":"#0","tintindex":0},"west":{"uv":[1.3125,2.625,1.75,3.3125],"rotation":0,"texture":"#0","tintindex":0},"up":{"uv":[2.1875,3.0625,1.75,2.625],"rotation":0,"texture":"#0","tintindex":0},"down":{"uv":[2.625,2.625,2.1875,3.0625],"rotation":0,"texture":"#0","tintindex":0}}},{"from":[2.8571424,17.714287,2.8571424],"to":[6.857143,21.142857,6.857143],"rotation":{"angle":22.5,"axis":"x","origin":[8.0,16.285715,6.5714283]},"faces":{"east":{"uv":[8.0,2.0625,8.4375,2.4375],"rotation":0,"texture":"#0","tintindex":0},"south":{"uv":[8.0,3.875,8.4375,4.25],"rotation":0,"texture":"#0","tintindex":0},"north":{"uv":[0.0,8.0,0.4375,8.375],"rotation":0,"texture":"#0","tintindex":0},"west":{"uv":[8.0,5.0625,8.4375,5.4375],"rotation":0,"texture":"#0","tintindex":0},"up":{"uv":[5.9375,7.875,5.5,7.4375],"rotation":0,"texture":"#0","tintindex":0},"down":{"uv":[2.0,7.5,1.5625,7.9375],"rotation":0,"texture":"#0","tintindex":0}}},{"from":[2.2857141,13.142858,6.285714],"to":[4.5714283,17.714287,10.857143],"rotation":{"angle":-22.5,"axis":"z","origin":[3.142857,15.428572,8.571428]},"faces":{"east":{"uv":[7.75,6.6875,8.25,7.1875],"rotation":0,"texture":"#0","tintindex":0},"south":{"uv":[8.4375,0.4375,8.6875,0.9375],"rotation":0,"texture":"#0","tintindex":0},"north":{"uv":[6.8125,8.375,7.0625,8.875],"rotation":0,"texture":"#0","tintindex":0},"west":{"uv":[7.8125,7.1875,8.3125,7.6875],"rotation":0,"texture":"#0","tintindex":0},"up":{"uv":[8.6875,1.4375,8.4375,0.9375],"rotation":0,"texture":"#0","tintindex":0},"down":{"uv":[8.6875,1.9375,8.4375,2.4375],"rotation":0,"texture":"#0","tintindex":0}}}],"display":{"head":{"translation":[0.0,-6.4,0.0],"scale":[4.0,4.0,4.0]}}}