{"textures":{"0":"modelengine:entity/3dtext_casino"},"elements":[{"from":[21.174656,9.834667,7.0249143],"to":[25.892368,11.485867,8.975086],"rotation":{"angle":0.0,"axis":"y","origin":[-13.441576,-23.651964,8.285714]},"faces":{"east":{"uv":[4.0,13.0,4.875,13.75],"rotation":0,"texture":"#0","tintindex":0},"south":{"uv":[9.0,2.0,11.125,2.75],"rotation":0,"texture":"#0","tintindex":0},"north":{"uv":[8.25,6.5,10.375,7.25],"rotation":0,"texture":"#0","tintindex":0},"west":{"uv":[5.0,13.0,5.875,13.75],"rotation":0,"texture":"#0","tintindex":0},"up":{"uv":[8.125,6.125,6.0,5.25],"rotation":0,"texture":"#0","tintindex":0},"down":{"uv":[8.125,6.25,6.0,7.125],"rotation":0,"texture":"#0","tintindex":0}}},{"from":[18.344027,4.8810663,7.0249143],"to":[20.466997,11.485867,8.975086],"rotation":{"angle":0.0,"axis":"y","origin":[-13.441576,-23.651964,8.285714]},"faces":{"east":{"uv":[1.0,0.0,1.875,2.875],"rotation":0,"texture":"#0","tintindex":0},"south":{"uv":[2.0,0.0,2.875,2.875],"rotation":0,"texture":"#0","tintindex":0},"north":{"uv":[0.0,0.0,0.875,2.875],"rotation":0,"texture":"#0","tintindex":0},"west":{"uv":[0.0,3.0,0.875,5.875],"rotation":0,"texture":"#0","tintindex":0},"up":{"uv":[7.875,5.125,7.0,4.25],"rotation":0,"texture":"#0","tintindex":0},"down":{"uv":[4.875,12.0,4.0,12.875],"rotation":0,"texture":"#0","tintindex":0}}},{"from":[15.277512,10.070553,7.0249143],"to":[18.344027,11.485867,8.975086],"rotation":{"angle":0.0,"axis":"y","origin":[-13.441576,-23.651964,8.285714]},"faces":{"east":{"uv":[13.5,8.5,14.375,9.125],"rotation":0,"texture":"#0","tintindex":0},"south":{"uv":[1.5,12.0,2.875,12.625],"rotation":0,"texture":"#0","tintindex":0},"north":{"uv":[11.0,11.75,12.375,12.375],"rotation":0,"texture":"#0","tintindex":0},"west":{"uv":[13.5,11.25,14.375,11.875],"rotation":0,"texture":"#0","tintindex":0},"up":{"uv":[1.375,12.125,0.0,11.25],"rotation":0,"texture":"#0","tintindex":0},"down":{"uv":[12.625,0.0,11.25,0.875],"rotation":0,"texture":"#0","tintindex":0}}},{"from":[12.210997,7.4758096,7.0249143],"to":[14.333968,11.485867,8.975086],"rotation":{"angle":0.0,"axis":"y","origin":[-13.441576,-23.651964,8.285714]},"faces":{"east":{"uv":[9.0,9.0,9.875,10.75],"rotation":0,"texture":"#0","tintindex":0},"south":{"uv":[9.25,0.0,10.125,1.75],"rotation":0,"texture":"#0","tintindex":0},"north":{"uv":[9.0,7.25,9.875,9.0],"rotation":0,"texture":"#0","tintindex":0},"west":{"uv":[9.25,4.25,10.125,6.0],"rotation":0,"texture":"#0","tintindex":0},"up":{"uv":[5.875,12.875,5.0,12.0],"rotation":0,"texture":"#0","tintindex":0},"down":{"uv":[12.875,6.25,12.0,7.125],"rotation":0,"texture":"#0","tintindex":0}}},{"from":[8.908597,9.834667,7.0249143],"to":[12.210997,11.485867,8.975086],"rotation":{"angle":0.0,"axis":"y","origin":[-13.441576,-23.651964,8.285714]},"faces":{"east":{"uv":[13.0,6.25,13.875,7.0],"rotation":0,"texture":"#0","tintindex":0},"south":{"uv":[11.25,2.5,12.75,3.25],"rotation":0,"texture":"#0","tintindex":0},"north":{"uv":[1.5,11.25,3.0,12.0],"rotation":0,"texture":"#0","tintindex":0},"west":{"uv":[7.0,13.0,7.875,13.75],"rotation":0,"texture":"#0","tintindex":0},"up":{"uv":[11.5,8.125,10.0,7.25],"rotation":0,"texture":"#0","tintindex":0},"down":{"uv":[11.5,8.25,10.0,9.125],"rotation":0,"texture":"#0","tintindex":0}}},{"from":[6.077968,4.8810663,7.0249143],"to":[8.20094,11.485867,8.975086],"rotation":{"angle":0.0,"axis":"y","origin":[-13.441576,-23.651964,8.285714]},"faces":{"east":{"uv":[1.0,3.0,1.875,5.875],"rotation":0,"texture":"#0","tintindex":0},"south":{"uv":[2.0,3.0,2.875,5.875],"rotation":0,"texture":"#0","tintindex":0},"north":{"uv":[3.0,0.0,3.875,2.875],"rotation":0,"texture":"#0","tintindex":0},"west":{"uv":[3.0,3.0,3.875,5.875],"rotation":0,"texture":"#0","tintindex":0},"up":{"uv":[12.875,11.125,12.0,10.25],"rotation":0,"texture":"#0","tintindex":0},"down":{"uv":[0.875,12.25,0.0,13.125],"rotation":0,"texture":"#0","tintindex":0}}},{"from":[3.2473392,4.8810663,7.0249143],"to":[5.134425,11.485867,8.975086],"rotation":{"angle":0.0,"axis":"y","origin":[-13.441576,-23.651964,8.285714]},"faces":{"east":{"uv":[4.0,3.0,4.875,5.875],"rotation":0,"texture":"#0","tintindex":0},"south":{"uv":[5.0,0.0,5.875,2.875],"rotation":0,"texture":"#0","tintindex":0},"north":{"uv":[4.0,0.0,4.875,2.875],"rotation":0,"texture":"#0","tintindex":0},"west":{"uv":[5.0,3.0,5.875,5.875],"rotation":0,"texture":"#0","tintindex":0},"up":{"uv":[13.125,1.875,12.25,1.0],"rotation":0,"texture":"#0","tintindex":0},"down":{"uv":[13.375,8.75,12.5,9.625],"rotation":0,"texture":"#0","tintindex":0}}},{"from":[-0.9986038,4.8810663,7.0249143],"to":[0.8884826,11.485867,8.975086],"rotation":{"angle":0.0,"axis":"y","origin":[-13.441576,-23.651964,8.285714]},"faces":{"east":{"uv":[6.0,0.0,6.875,2.875],"rotation":0,"texture":"#0","tintindex":0},"south":{"uv":[1.0,6.0,1.875,8.875],"rotation":0,"texture":"#0","tintindex":0},"north":{"uv":[0.0,6.0,0.875,8.875],"rotation":0,"texture":"#0","tintindex":0},"west":{"uv":[2.0,6.0,2.875,8.875],"rotation":0,"texture":"#0","tintindex":0},"up":{"uv":[11.875,13.375,11.0,12.5],"rotation":0,"texture":"#0","tintindex":0},"down":{"uv":[13.375,11.25,12.5,12.125],"rotation":0,"texture":"#0","tintindex":0}}},{"from":[-7.3675184,9.834667,7.0249143],"to":[-2.6498032,11.485867,8.975086],"rotation":{"angle":0.0,"axis":"y","origin":[-13.441576,-23.651964,8.285714]},"faces":{"east":{"uv":[13.0,7.0,13.875,7.75],"rotation":0,"texture":"#0","tintindex":0},"south":{"uv":[9.0,3.5,11.125,4.25],"rotation":0,"texture":"#0","tintindex":0},"north":{"uv":[9.0,2.75,11.125,3.5],"rotation":0,"texture":"#0","tintindex":0},"west":{"uv":[13.0,7.75,13.875,8.5],"rotation":0,"texture":"#0","tintindex":0},"up":{"uv":[9.125,0.875,7.0,0.0],"rotation":0,"texture":"#0","tintindex":0},"down":{"uv":[9.125,1.0,7.0,1.875],"rotation":0,"texture":"#0","tintindex":0}}},{"from":[25.892368,5.8246093,7.0249143],"to":[26.600027,10.542324,8.975086],"rotation":{"angle":0.0,"axis":"y","origin":[-13.441576,-23.651964,8.285714]},"faces":{"east":{"uv":[7.0,2.0,7.875,4.125],"rotation":0,"texture":"#0","tintindex":0},"south":{"uv":[4.0,13.75,4.25,15.875],"rotation":0,"texture":"#0","tintindex":0},"north":{"uv":[2.75,13.75,3.0,15.875],"rotation":0,"texture":"#0","tintindex":0},"west":{"uv":[6.0,7.25,6.875,9.375],"rotation":0,"texture":"#0","tintindex":0},"up":{"uv":[8.25,5.125,8.0,4.25],"rotation":0,"texture":"#0","tintindex":0},"down":{"uv":[11.0,13.75,10.75,14.625],"rotation":0,"texture":"#0","tintindex":0}}},{"from":[2.3037968,7.4758096,7.0249143],"to":[3.2473392,10.542324,8.975086],"rotation":{"angle":0.0,"axis":"y","origin":[-13.441576,-23.651964,8.285714]},"faces":{"east":{"uv":[5.0,10.5,5.875,11.875],"rotation":0,"texture":"#0","tintindex":0},"south":{"uv":[4.75,13.75,5.125,15.125],"rotation":0,"texture":"#0","tintindex":0},"north":{"uv":[13.75,2.5,14.125,3.875],"rotation":0,"texture":"#0","tintindex":0},"west":{"uv":[11.25,1.0,12.125,2.375],"rotation":0,"texture":"#0","tintindex":0},"up":{"uv":[7.625,14.625,7.25,13.75],"rotation":0,"texture":"#0","tintindex":0},"down":{"uv":[8.125,13.75,7.75,14.625],"rotation":0,"texture":"#0","tintindex":0}}},{"from":[-2.6498032,5.8246093,7.0249143],"to":[-1.9421463,10.542324,8.975086],"rotation":{"angle":0.0,"axis":"y","origin":[-13.441576,-23.651964,8.285714]},"faces":{"east":{"uv":[7.0,7.25,7.875,9.375],"rotation":0,"texture":"#0","tintindex":0},"south":{"uv":[4.5,13.75,4.75,15.875],"rotation":0,"texture":"#0","tintindex":0},"north":{"uv":[4.25,13.75,4.5,15.875],"rotation":0,"texture":"#0","tintindex":0},"west":{"uv":[8.0,2.0,8.875,4.125],"rotation":0,"texture":"#0","tintindex":0},"up":{"uv":[0.75,14.875,0.5,14.0],"rotation":0,"texture":"#0","tintindex":0},"down":{"uv":[1.0,14.0,0.75,14.875],"rotation":0,"texture":"#0","tintindex":0}}},{"from":[-8.311062,5.8246093,7.0249143],"to":[-7.3675184,10.542324,8.975086],"rotation":{"angle":0.0,"axis":"y","origin":[-13.441576,-23.651964,8.285714]},"faces":{"east":{"uv":[8.0,7.25,8.875,9.375],"rotation":0,"texture":"#0","tintindex":0},