{"textures":{"0":"modelengine:entity/cowtruck"},"elements":[{"from":[7.769841,7.316988,4.785714],"to":[8.8412695,8.595711,5.8571424],"rotation":{"angle":-45.0,"axis":"x","origin":[7.34127,7.9563494,8.0]},"faces":{"east":{"uv":[6.375,10.75,7.0,11.5],"rotation":0,"texture":"#0","tintindex":0},"south":{"uv":[2.0,9.875,2.875,10.625],"rotation":0,"texture":"#0","tintindex":0},"north":{"uv":[10.375,4.75,11.25,4.0],"rotation":0,"texture":"#0","tintindex":0},"west":{"uv":[12.125,10.75,12.75,11.5],"rotation":0,"texture":"#0","tintindex":0},"up":{"uv":[11.25,11.875,10.375,11.25],"rotation":0,"texture":"#0","tintindex":0},"down":{"uv":[12.125,11.0,11.25,11.625],"rotation":0,"texture":"#0","tintindex":0}}},{"from":[8.198413,7.2063494,7.142857],"to":[8.412699,8.920635,8.857143],"rotation":{"angle":0.0,"axis":"y","origin":[5.626984,4.7420635,6.232143]},"faces":{"east":{"uv":[9.25,9.0,10.25,10.0],"rotation":0,"texture":"#0","tintindex":0},"south":{"uv":[11.375,13.0,11.75,14.0],"rotation":0,"texture":"#0","tintindex":0},"north":{"uv":[11.0,13.0,11.375,14.0],"rotation":0,"texture":"#0","tintindex":0},"west":{"uv":[0.0,9.5,1.0,10.5],"rotation":0,"texture":"#0","tintindex":0},"up":{"uv":[12.125,14.0,11.75,13.0],"rotation":0,"texture":"#0","tintindex":0},"down":{"uv":[13.375,12.0,13.0,13.0],"rotation":0,"texture":"#0","tintindex":0}}},{"from":[8.412699,7.4206347,8.857143],"to":[8.198413,8.706349,9.285714],"rotation":{"angle":0.0,"axis":"y","origin":[5.626984,4.7420635,6.232143]},"faces":{"east":{"uv":[7.875,13.25,7.625,14.0],"rotation":0,"texture":"#0","tintindex":0},"south":{"uv":[4.5,13.5,4.625,14.25],"rotation":0,"texture":"#0","tintindex":0},"north":{"uv":[4.375,13.5,4.5,14.25],"rotation":0,"texture":"#0","tintindex":0},"west":{"uv":[7.625,13.25,7.875,14.0],"rotation":0,"texture":"#0","tintindex":0},"up":{"uv":[1.0,10.5,0.875,10.75],"rotation":0,"texture":"#0","tintindex":0},"down":{"uv":[3.75,10.625,3.625,10.875],"rotation":0,"texture":"#0","tintindex":0}}},{"from":[8.412699,8.920635,7.357143],"to":[8.198413,9.349207,8.642858],"rotation":{"angle":0.0,"axis":"y","origin":[5.626984,4.7420635,6.232143]},"faces":{"east":{"uv":[1.125,13.625,1.875,13.375],"rotation":0,"texture":"#0","tintindex":0},"south":{"uv":[1.75,11.25,1.875,11.0],"rotation":0,"texture":"#0","tintindex":0},"north":{"uv":[11.0,1.0,11.125,0.75],"rotation":0,"texture":"#0","tintindex":0},"west":{"uv":[1.125,13.625,1.875,13.375],"rotation":0,"texture":"#0","tintindex":0},"up":{"uv":[12.875,14.25,12.75,13.5],"rotation":0,"texture":"#0","tintindex":0},"down":{"uv":[13.0,13.5,12.875,14.25],"rotation":0,"texture":"#0","tintindex":0}}},{"from":[8.305555,9.349207,7.357143],"to":[8.305555,10.420635,8.642858],"rotation":{"angle":0.0,"axis":"y","origin":[5.626984,4.7420635,6.232143]},"faces":{"east":{"uv":[12.875,8.0,13.625,7.375],"rotation":0,"texture":"#0","tintindex":0},"south":{"uv":[0.0,0.0,0.0,0.625],"rotation":0,"texture":"#0","tintindex":0},"north":{"uv":[0.0,0.0,0.0,0.625],"rotation":0,"texture":"#0","tintindex":0},"west":{"uv":[13.625,8.0,12.875,7.375],"rotation":0,"texture":"#0","tintindex":0},"up":{"uv":[0.0,0.75,0.0,0.0],"rotation":0,"texture":"#0","tintindex":0},"down":{"uv":[0.0,0.0,0.0,0.75],"rotation":0,"texture":"#0","tintindex":0}}},{"from":[8.305555,5.7063494,7.357143],"to":[8.305555,6.7777777,8.642858],"rotation":{"angle":0.0,"axis":"y","origin":[5.626984,4.7420635,6.232143]},"faces":{"east":{"uv":[12.875,7.375,13.625,8.0],"rotation":0,"texture":"#0","tintindex":0},"south":{"uv":[0.0,0.0,0.0,0.625],"rotation":0,"texture":"#0","tintindex":0},"north":{"uv":[0.0,0.0,0.0,0.625],"rotation":0,"texture":"#0","tintindex":0},"west":{"uv":[13.625,7.375,12.875,8.0],"rotation":0,"texture":"#0","tintindex":0},"up":{"uv":[0.0,0.75,0.0,0.0],"rotation":0,"texture":"#0","tintindex":0},"down":{"uv":[0.0,0.0,0.0,0.75],"rotation":0,"texture":"#0","tintindex":0}}},{"from":[8.412699,6.7777777,7.357143],"to":[8.198413,7.2063494,8.642858],"rotation":{"angle":0.0,"axis":"y","origin":[5.626984,4.7420635,6.232143]},"faces":{"east":{"uv":[1.125,13.375,1.875,13.625],"rotation":0,"texture":"#0","tintindex":0},"south":{"uv":[1.75,11.0,1.875,11.25],"rotation":0,"texture":"#0","tintindex":0},"north":{"uv":[11.0,0.75,11.125,1.0],"rotation":0,"texture":"#0","tintindex":0},"west":{"uv":[1.125,13.375,1.875,13.625],"rotation":0,"texture":"#0","tintindex":0},"up":{"uv":[12.875,14.25,12.75,13.5],"rotation":0,"texture":"#0","tintindex":0},"down":{"uv":[13.0,13.5,12.875,14.25],"rotation":0,"texture":"#0","tintindex":0}}},{"from":[8.412699,7.4206347,6.714286],"to":[8.198413,8.706349,7.142857],"rotation":{"angle":0.0,"axis":"y","origin":[5.626984,4.7420635,6.232143]},"faces":{"east":{"uv":[7.625,13.25,7.875,14.0],"rotation":0,"texture":"#0","tintindex":0},"south":{"uv":[4.5,13.5,4.625,14.25],"rotation":0,"texture":"#0","tintindex":0},"north":{"uv":[4.375,13.5,4.5,14.25],"rotation":0,"texture":"#0","tintindex":0},"west":{"uv":[7.875,13.25,7.625,14.0],"rotation":0,"texture":"#0","tintindex":0},"up":{"uv":[1.0,10.75,0.875,10.5],"rotation":0,"texture":"#0","tintindex":0},"down":{"uv":[3.75,10.625,3.625,10.875],"rotation":0,"texture":"#0","tintindex":0}}},{"from":[8.305555,7.4206347,5.428571],"to":[8.305555,8.706349,6.714286],"rotation":{"angle":0.0,"axis":"y","origin":[5.626984,4.7420635,6.232143]},"faces":{"east":{"uv":[8.5,11.875,7.75,11.125],"rotation":0,"texture":"#0","tintindex":0},"south":{"uv":[0.0,0.0,0.0,0.75],"rotation":0,"texture":"#0","tintindex":0},"north":{"uv":[0.0,0.0,0.0,0.75],"rotation":0,"texture":"#0","tintindex":0},"west":{"uv":[7.75,11.875,8.5,11.125],"rotation":0,"texture":"#0","tintindex":0},"up":{"uv":[0.0,0.75,0.0,0.0],"rotation":0,"texture":"#0","tintindex":0},"down":{"uv":[0.0,0.0,0.0,0.75],"rotation":0,"texture":"#0","tintindex":0}}},{"from":[8.305555,7.4206347,9.285714],"to":[8.305555,8.706349,10.571428],"rotation":{"angle":0.0,"axis":"y","origin":[5.626984,4.7420635,6.232143]},"faces":{"east":{"uv":[7.75,11.875,8.5,11.125],"rotation":0,"texture":"#0","tintindex":0},"south":{"uv":[0.0,0.0,0.0,0.75],"rotation":0,"texture":"#0","tintindex":0},"north":{"uv":[0.0,0.0,0.0,0.75],"rotation":0,"texture":"#0","tintindex":0},"west":{"uv":[8.5,11.875,7.75,11.125],"rotation":0,"texture":"#0","tintindex":0},"up":{"uv":[0.0,0.75,0.0,0.0],"rotation":0,"texture":"#0","tintindex":0},"down":{"uv":[0.0,0.0,0.0,0.75],"rotation":0,"texture":"#0","tintindex":0}}},{"from":[8.8412695,7.6349206,7.5714283],"to":[8.8412695,8.4920635,8.428572],"rotation":{"angle":0.0,"axis":"y","origin":[5.626984,4.7420635,6.232143]},"faces":{"east":{"uv":[13.25,8.5,13.75,9.0],"rotation":0,"texture":"#0","tintindex":0},"south":{"uv":[10.75,2.5,11.0,3.0],"rotation":0,"texture":"#0","tintindex":0},"north":{"uv":[4.625,10.125,4.875,10.625],"rotation":0,"texture":"#0","tintindex":0},"west":{"uv":[9.5,13.25,10.0,13.75],"rotation":0,"texture":"#0","tintindex":0},"up":{"uv":[4.25,12.75,4.0,12.25],"rotation":0,"texture":"#0","tintindex":0},"down":{"uv":[12.875,9.0,12.625,9.5],"rotation":0,"texture":"#0","tintindex":0}}},{"from":[9.269841,7.8492064,7.785714],"to":[9.055555,8.277778,8.214286],"rotation":{"angle":0.0,"axis":"y","origin":[5.626984,4.7420635,6.232143]},"faces":{"east":{"uv":[8.75,13.625,9.0,13.875],"rotation":0,"texture":"#0","tintindex":0},"south":{"uv":[4.875,10.125,5.0,10.375],"rotation":0,"texture":"#0","tintindex":0},"north":{"uv":[9.125,9.625,9.25,9.875],"rotation":0,"texture":"#0","tintindex":0},"west":{"uv":[9.0,13.625,9.25,13.875],"rotation":0,"texture":"#0","tintindex":0},"up":{"uv":[2.0,10.5,1.875,10.25],"rotation":0,"texture":"#0","tintindex":0},"down":{"uv":[10.375,9.75,10.25,10.0],"rotation":0,"texture":"#0","tintindex":0}}},{"from":[7.769841,7.316988,4.785714],"to":[8.8412695,8.595711,5.8571424],"rotation":{"angle":-22.5,"axis":"x","origin":[7.34127,7.9563494,8.0]},"faces":{"east":{"uv":[12.125,11.5,12.75,12.25],"rotation":0,"texture":"#0","tintindex":0},"south":{"uv":[5.0,10.0,5.875,10.75],"rotation":0,"texture":"#0","tintindex":0},