{"textures":{"0":"modelengine:entity/camel"},"elements":[{"from":[5.928571,6.6169868,3.7114315],"to":[9.928572,10.616987,8.854289],"rotation":{"angle":0.0,"axis":"y","origin":[7.642857,-13.954443,15.140003]},"faces":{"east":{"uv":[8.125,0.0,9.25,0.875],"rotation":0,"texture":"#0","tintindex":0},"south":{"uv":[8.75,9.125,9.625,10.0],"rotation":0,"texture":"#0","tintindex":0},"north":{"uv":[9.0,3.0,9.875,3.875],"rotation":0,"texture":"#0","tintindex":0},"west":{"uv":[8.125,2.125,9.25,3.0],"rotation":0,"texture":"#0","tintindex":0},"up":{"uv":[9.0,4.125,8.125,3.0],"rotation":0,"texture":"#0","tintindex":0},"down":{"uv":[5.75,8.125,4.875,9.25],"rotation":0,"texture":"#0","tintindex":0}}},{"from":[3.642857,9.47413,8.854289],"to":[7.642857,13.474131,8.854289],"rotation":{"angle":45.0,"axis":"y","origin":[5.642857,11.47413,8.854289]},"faces":{"east":{"uv":[0.0,0.0,0.0,0.875],"rotation":0,"texture":"#0","tintindex":0},"south":{"uv":[10.125,2.125,9.25,3.0],"rotation":0,"texture":"#0","tintindex":0},"north":{"uv":[9.25,0.0,10.125,0.875],"rotation":0,"texture":"#0","tintindex":0},"west":{"uv":[0.0,0.0,0.0,0.875],"rotation":0,"texture":"#0","tintindex":0},"up":{"uv":[0.875,0.0,0.0,0.0],"rotation":0,"texture":"#0","tintindex":0},"down":{"uv":[0.875,0.0,0.0,0.0],"rotation":0,"texture":"#0","tintindex":0}}},{"from":[8.214286,9.47413,8.854289],"to":[12.214286,13.474131,8.854289],"rotation":{"angle":-45.0,"axis":"y","origin":[10.214286,11.47413,8.854289]},"faces":{"east":{"uv":[0.0,0.0,0.0,0.875],"rotation":0,"texture":"#0","tintindex":0},"south":{"uv":[9.25,2.125,10.125,3.0],"rotation":0,"texture":"#0","tintindex":0},"north":{"uv":[10.125,0.0,9.25,0.875],"rotation":0,"texture":"#0","tintindex":0},"west":{"uv":[0.0,0.0,0.0,0.875],"rotation":0,"texture":"#0","tintindex":0},"up":{"uv":[0.0,0.0,0.875,0.0],"rotation":0,"texture":"#0","tintindex":0},"down":{"uv":[0.0,0.0,0.875,0.0],"rotation":0,"texture":"#0","tintindex":0}}},{"from":[6.5,7.1884155,0.8542886],"to":[9.357143,10.616987,3.7114315],"rotation":{"angle":0.0,"axis":"y","origin":[7.642857,-12.811584,15.140003]},"faces":{"east":{"uv":[9.875,3.0,10.5,3.75],"rotation":0,"texture":"#0","tintindex":0},"south":{"uv":[10.125,0.0,10.75,0.75],"rotation":0,"texture":"#0","tintindex":0},"north":{"uv":[9.375,5.875,10.0,6.625],"rotation":0,"texture":"#0","tintindex":0},"west":{"uv":[2.75,10.125,3.375,10.875],"rotation":0,"texture":"#0","tintindex":0},"up":{"uv":[10.75,4.375,10.125,3.75],"rotation":0,"texture":"#0","tintindex":0},"down":{"uv":[10.75,4.375,10.125,5.0],"rotation":0,"texture":"#0","tintindex":0}}}],"display":{"head":{"translation":[0.0,-6.4,0.0],"scale":[4.0,4.0,4.0]}}}