{"textures":{"0":"modelengine:entity/camel"},"elements":[{"from":[4.7633095,0.52388763,8.5388365],"to":[6.4775953,6.8096023,11.395979],"rotation":{"angle":-22.5,"axis":"x","origin":[8.104622,4.31869,13.80792]},"faces":{"east":{"uv":[2.375,8.75,3.0,10.125],"rotation":0,"texture":"#0","tintindex":0},"south":{"uv":[2.375,10.125,2.75,11.5],"rotation":0,"texture":"#0","tintindex":0},"north":{"uv":[4.125,9.75,4.5,11.125],"rotation":0,"texture":"#0","tintindex":0},"west":{"uv":[3.0,8.75,3.625,10.125],"rotation":0,"texture":"#0","tintindex":0},"up":{"uv":[7.125,3.125,6.75,2.5],"rotation":0,"texture":"#0","tintindex":0},"down":{"uv":[5.25,7.25,4.875,7.875],"rotation":0,"texture":"#0","tintindex":0}}},{"from":[4.7633095,6.8096023,7.9674077],"to":[8.191881,12.523888,12.5388365],"rotation":{"angle":-22.5,"axis":"x","origin":[8.104622,4.31869,13.80792]},"faces":{"east":{"uv":[7.125,2.5,8.125,3.75],"rotation":0,"texture":"#0","tintindex":0},"south":{"uv":[8.5,6.625,9.25,7.875],"rotation":0,"texture":"#0","tintindex":0},"north":{"uv":[3.75,8.5,4.5,9.75],"rotation":0,"texture":"#0","tintindex":0},"west":{"uv":[7.125,3.75,8.125,5.0],"rotation":0,"texture":"#0","tintindex":0},"up":{"uv":[5.625,10.25,4.875,9.25],"rotation":0,"texture":"#0","tintindex":0},"down":{"uv":[10.0,6.625,9.25,7.625],"rotation":0,"texture":"#0","tintindex":0}}}],"display":{"head":{"translation":[0.0,-6.4,0.0],"scale":[4.0,4.0,4.0]}}}