{"textures":{"0":"modelengine:entity/camel"},"elements":[{"from":[8.843067,0.9218674,9.312002],"to":[11.128782,6.636153,12.169145],"rotation":{"angle":-22.5,"axis":"x","origin":[8.656581,2.5855088,13.935022]},"faces":{"east":{"uv":[6.75,9.0,6.125,10.25],"rotation":0,"texture":"#0","tintindex":0},"south":{"uv":[10.5,7.125,10.0,8.375],"rotation":0,"texture":"#0","tintindex":0},"north":{"uv":[10.5,5.875,10.0,7.125],"rotation":0,"texture":"#0","tintindex":0},"west":{"uv":[9.5,0.875,8.875,2.125],"rotation":0,"texture":"#0","tintindex":0},"up":{"uv":[8.125,4.75,8.625,4.125],"rotation":0,"texture":"#0","tintindex":0},"down":{"uv":[4.875,10.25,5.375,10.875],"rotation":0,"texture":"#0","tintindex":0}}},{"from":[7.70021,6.636153,8.740573],"to":[11.128782,12.350439,13.312002],"rotation":{"angle":-22.5,"axis":"x","origin":[8.656581,2.5855088,13.935022]},"faces":{"east":{"uv":[1.0,7.375,0.0,8.625],"rotation":0,"texture":"#0","tintindex":0},"south":{"uv":[9.375,5.375,8.625,6.625],"rotation":0,"texture":"#0","tintindex":0},"north":{"uv":[9.375,4.125,8.625,5.375],"rotation":0,"texture":"#0","tintindex":0},"west":{"uv":[4.875,7.25,3.875,8.5],"rotation":0,"texture":"#0","tintindex":0},"up":{"uv":[9.625,9.625,10.375,8.625],"rotation":0,"texture":"#0","tintindex":0},"down":{"uv":[9.625,9.625,10.375,10.625],"rotation":0,"texture":"#0","tintindex":0}}}],"display":{"head":{"translation":[0.0,-6.4,0.0],"scale":[4.0,4.0,4.0]}}}