{"textures":{"0":"modelengine:entity/drakonin_balloon"},"elements":[{"from":[7.2958755,7.333962,7.222857],"to":[9.238733,8.705391,8.594286],"rotation":{"angle":0.0,"axis":"y","origin":[7.7987328,7.162425,7.268519]},"faces":{"east":{"uv":[8.625,4.625,8.875,4.875],"rotation":0,"texture":"#0","tintindex":0},"south":{"uv":[9.5,0.0,9.875,0.25],"rotation":0,"texture":"#0","tintindex":0},"north":{"uv":[8.625,7.125,9.0,7.375],"rotation":0,"texture":"#0","tintindex":0},"west":{"uv":[10.0,0.0,10.25,0.25],"rotation":0,"texture":"#0","tintindex":0},"up":{"uv":[9.875,1.75,9.5,1.5],"rotation":0,"texture":"#0","tintindex":0},"down":{"uv":[10.125,7.5,9.75,7.75],"rotation":0,"texture":"#0","tintindex":0}}},{"from":[8.324448,7.448248,7.3844814],"to":[10.610162,8.591105,8.527339],"rotation":{"angle":0.0,"axis":"y","origin":[7.1130185,7.162425,7.3158574]},"faces":{"east":{"uv":[10.0,1.5,10.25,1.75],"rotation":0,"texture":"#0","tintindex":0},"south":{"uv":[9.375,2.875,9.875,3.125],"rotation":0,"texture":"#0","tintindex":0},"north":{"uv":[9.375,2.5,9.875,2.75],"rotation":0,"texture":"#0","tintindex":0},"west":{"uv":[10.125,6.875,10.375,7.125],"rotation":0,"texture":"#0","tintindex":0},"up":{"uv":[9.875,4.25,9.375,4.0],"rotation":0,"texture":"#0","tintindex":0},"down":{"uv":[9.875,5.125,9.375,5.375],"rotation":0,"texture":"#0","tintindex":0}}},{"from":[9.87708,7.4539623,6.749441],"to":[12.722794,8.585391,7.88087],"rotation":{"angle":45.0,"axis":"y","origin":[11.014223,8.019676,7.3151555]},"faces":{"east":{"uv":[8.625,10.125,8.875,10.375],"rotation":0,"texture":"#0","tintindex":0},"south":{"uv":[8.5,7.5,9.125,7.75],"rotation":0,"texture":"#0","tintindex":0},"north":{"uv":[8.375,3.875,9.0,4.125],"rotation":0,"texture":"#0","tintindex":0},"west":{"uv":[9.0,10.125,9.25,10.375],"rotation":0,"texture":"#0","tintindex":0},"up":{"uv":[9.125,8.125,8.5,7.875],"rotation":0,"texture":"#0","tintindex":0},"down":{"uv":[0.625,8.625,0.0,8.875],"rotation":0,"texture":"#0","tintindex":0}}},{"from":[8.031116,8.019676,6.8081794],"to":[12.031116,8.019676,17.665323],"rotation":{"angle":0.0,"axis":"y","origin":[12.688258,8.019676,7.9510365]},"faces":{"east":{"uv":[10.375,4.25,12.75,4.25],"rotation":0,"texture":"#0","tintindex":0},"south":{"uv":[10.375,9.625,11.25,9.625],"rotation":0,"texture":"#0","tintindex":0},"north":{"uv":[10.375,1.75,11.25,1.75],"rotation":0,"texture":"#0","tintindex":0},"west":{"uv":[8.625,10.5,11.0,10.5],"rotation":0,"texture":"#0","tintindex":0},"up":{"uv":[0.875,7.375,0.0,5.0],"rotation":0,"texture":"#0","tintindex":0},"down":{"uv":[0.875,5.0,0.0,7.375],"rotation":0,"texture":"#0","tintindex":0}}}],"display":{"head":{"translation":[0.0,-6.4,0.0],"scale":[4.0,4.0,4.0]}}}