{"textures":{"0":"modelengine:entity/drakonin_balloon"},"elements":[{"from":[6.9413986,7.419943,6.305876],"to":[10.941399,8.5628,7.4487333],"rotation":{"angle":-22.5,"axis":"y","origin":[8.655684,7.9913716,8.020162]},"faces":{"east":{"uv":[9.375,10.125,9.625,10.375],"rotation":0,"texture":"#0","tintindex":0},"south":{"uv":[6.25,8.125,7.125,8.375],"rotation":0,"texture":"#0","tintindex":0},"north":{"uv":[8.0,5.0,8.875,5.25],"rotation":0,"texture":"#0","tintindex":0},"west":{"uv":[9.75,10.125,10.0,10.375],"rotation":0,"texture":"#0","tintindex":0},"up":{"uv":[0.875,8.5,0.0,8.25],"rotation":0,"texture":"#0","tintindex":0},"down":{"uv":[1.875,8.25,1.0,8.5],"rotation":0,"texture":"#0","tintindex":0}}},{"from":[6.541399,7.0199428,5.963019],"to":[8.255685,8.734228,7.6773047],"rotation":{"angle":-22.5,"axis":"y","origin":[8.655684,7.9913716,8.020162]},"faces":{"east":{"uv":[8.625,6.625,9.0,7.0],"rotation":0,"texture":"#0","tintindex":0},"south":{"uv":[7.75,8.625,8.125,9.0],"rotation":0,"texture":"#0","tintindex":0},"north":{"uv":[5.625,8.625,6.0,9.0],"rotation":0,"texture":"#0","tintindex":0},"west":{"uv":[8.25,8.625,8.625,9.0],"rotation":0,"texture":"#0","tintindex":0},"up":{"uv":[3.375,9.125,3.0,8.75],"rotation":0,"texture":"#0","tintindex":0},"down":{"uv":[7.625,8.75,7.25,9.125],"rotation":0,"texture":"#0","tintindex":0}}},{"from":[7.998542,7.9913716,6.8773046],"to":[19.998543,7.9913716,17.734447],"rotation":{"angle":0.0,"axis":"y","origin":[8.655684,7.9913716,8.020162]},"faces":{"east":{"uv":[10.5,9.875,12.875,9.875],"rotation":0,"texture":"#0","tintindex":0},"south":{"uv":[10.5,10.0,13.125,10.0],"rotation":0,"texture":"#0","tintindex":0},"north":{"uv":[10.5,9.75,13.125,9.75],"rotation":0,"texture":"#0","tintindex":0},"west":{"uv":[10.5,10.125,12.875,10.125],"rotation":0,"texture":"#0","tintindex":0},"up":{"uv":[2.625,2.375,0.0,0.0],"rotation":0,"texture":"#0","tintindex":0},"down":{"uv":[2.625,0.0,0.0,2.375],"rotation":0,"texture":"#0","tintindex":0}}}],"display":{"head":{"translation":[0.0,-6.4,0.0],"scale":[4.0,4.0,4.0]}}}