{"textures":{"0":"modelengine:entity/jupiter"},"elements":[{"from":[7.9142857,2.8571424,8.571428],"to":[8.028571,13.714286,32.0],"rotation":{"angle":0.0,"axis":"y","origin":[7.0,12.0,-1.7142868]},"faces":{"east":{"uv":[2.5625,1.1875,0.0,2.375],"rotation":0,"texture":"#0","tintindex":0},"south":{"uv":[10.34375,10.5,10.3125,11.6875],"rotation":0,"texture":"#0","tintindex":0},"north":{"uv":[10.28125,10.5,10.25,11.6875],"rotation":0,"texture":"#0","tintindex":0},"west":{"uv":[2.5625,0.0,0.0,1.1875],"rotation":0,"texture":"#0","tintindex":0},"up":{"uv":[9.8125,14.0,9.84375,11.4375],"rotation":0,"texture":"#0","tintindex":0},"down":{"uv":[3.0625,11.6875,3.09375,14.25],"rotation":0,"texture":"#0","tintindex":0}}},{"from":[7.9142857,1.9999995,-14.857145],"to":[8.028571,12.857143,8.571428],"rotation":{"angle":0.0,"axis":"y","origin":[8.142858,1.9999995,0.5714283]},"faces":{"east":{"uv":[5.125,0.0,2.5625,1.1875],"rotation":0,"texture":"#0","tintindex":0},"south":{"uv":[6.96875,11.875,6.9375,13.0625],"rotation":0,"texture":"#0","tintindex":0},"north":{"uv":[9.78125,11.6875,9.75,12.875],"rotation":0,"texture":"#0","tintindex":0},"west":{"uv":[2.5625,2.375,0.0,3.5625],"rotation":0,"texture":"#0","tintindex":0},"up":{"uv":[3.125,14.25,3.15625,11.6875],"rotation":0,"texture":"#0","tintindex":0},"down":{"uv":[9.6875,11.6875,9.71875,14.25],"rotation":0,"texture":"#0","tintindex":0}}},{"from":[7.542857,0.21902037,-9.672197],"to":[8.4,2.2393255,-7.6518927],"rotation":{"angle":45.0,"axis":"x","origin":[2.3999996,-17.360676,8.613517]},"faces":{"east":{"uv":[9.59375,12.0,9.375,12.21875],"rotation":0,"texture":"#0","tintindex":0},"south":{"uv":[0.40625,9.875,0.3125,10.09375],"rotation":0,"texture":"#0","tintindex":0},"north":{"uv":[9.53125,6.3125,9.4375,6.53125],"rotation":0,"texture":"#0","tintindex":0},"west":{"uv":[9.34375,12.0,9.125,12.21875],"rotation":0,"texture":"#0","tintindex":0},"up":{"uv":[10.0,6.84375,10.09375,6.625],"rotation":0,"texture":"#0","tintindex":0},"down":{"uv":[0.6875,10.5625,0.78125,10.78125],"rotation":0,"texture":"#0","tintindex":0}}},{"from":[7.542857,0.21902037,-13.100771],"to":[8.4,2.2393255,-11.080465],"rotation":{"angle":45.0,"axis":"x","origin":[2.3999996,-17.360676,5.184945]},"faces":{"east":{"uv":[11.84375,12.0,11.625,12.21875],"rotation":0,"texture":"#0","tintindex":0},"south":{"uv":[2.46875,10.8125,2.375,11.03125],"rotation":0,"texture":"#0","tintindex":0},"north":{"uv":[9.96875,10.75,9.875,10.96875],"rotation":0,"texture":"#0","tintindex":0},"west":{"uv":[11.59375,12.0,11.375,12.21875],"rotation":0,"texture":"#0","tintindex":0},"up":{"uv":[7.875,11.21875,7.96875,11.0],"rotation":0,"texture":"#0","tintindex":0},"down":{"uv":[4.0,11.0625,4.09375,11.28125],"rotation":0,"texture":"#0","tintindex":0}}},{"from":[7.6,6.5714283,6.1142855],"to":[8.342857,9.428572,9.542857],"rotation":{"angle":0.0,"axis":"y","origin":[2.3999996,-10.171429,24.400002]},"faces":{"east":{"uv":[11.8125,3.5625,11.4375,3.875],"rotation":0,"texture":"#0","tintindex":0},"south":{"uv":[9.40625,5.75,9.3125,6.0625],"rotation":0,"texture":"#0","tintindex":0},"north":{"uv":[3.21875,7.9375,3.125,8.25],"rotation":0,"texture":"#0","tintindex":0},"west":{"uv":[2.0625,11.4375,1.6875,11.75],"rotation":0,"texture":"#0","tintindex":0},"up":{"uv":[3.8125,8.625,3.90625,8.25],"rotation":0,"texture":"#0","tintindex":0},"down":{"uv":[1.4375,9.8125,1.53125,10.1875],"rotation":0,"texture":"#0","tintindex":0}}}],"display":{"head":{"translation":[0.0,-6.4,0.6857147],"scale":[4.0,4.0,4.0]}}}