{"textures":{"0":"modelengine:entity/jupiter"},"elements":[{"from":[6.2307453,-6.371133,11.05089],"to":[9.807888,-3.0085182,14.413506],"rotation":{"angle":45.0,"axis":"x","origin":[6.541822,3.36623,16.04889]},"faces":{"east":{"uv":[10.9375,10.6875,11.3125,11.0625],"rotation":0,"texture":"#0","tintindex":0},"south":{"uv":[9.4375,10.75,9.84375,11.125],"rotation":0,"texture":"#0","tintindex":0},"north":{"uv":[9.0,10.75,9.40625,11.125],"rotation":0,"texture":"#0","tintindex":0},"west":{"uv":[7.5,11.0,7.875,11.375],"rotation":0,"texture":"#0","tintindex":0},"up":{"uv":[0.40625,11.1875,0.0,10.8125],"rotation":0,"texture":"#0","tintindex":0},"down":{"uv":[0.84375,10.8125,0.4375,11.1875],"rotation":0,"texture":"#0","tintindex":0}}},{"from":[6.173602,-0.6934185,11.05089],"to":[9.81352,2.6691961,14.413506],"rotation":{"angle":45.0,"axis":"x","origin":[6.541822,9.043944,16.04889]},"faces":{"east":{"uv":[1.375,11.0625,1.75,11.4375],"rotation":0,"texture":"#0","tintindex":0},"south":{"uv":[10.8125,4.0,11.21875,4.375],"rotation":0,"texture":"#0","tintindex":0},"north":{"uv":[10.8125,3.625,11.21875,4.0],"rotation":0,"texture":"#0","tintindex":0},"west":{"uv":[1.75,11.0625,2.125,11.4375],"rotation":0,"texture":"#0","tintindex":0},"up":{"uv":[11.21875,4.75,10.8125,4.375],"rotation":0,"texture":"#0","tintindex":0},"down":{"uv":[5.40625,10.8125,5.0,11.1875],"rotation":0,"texture":"#0","tintindex":0}}},{"from":[6.173072,0.028159618,5.6294146],"to":[9.814051,5.692708,10.384871],"rotation":{"angle":0.0,"axis":"y","origin":[2.1260405,10.186605,5.7426395]},"faces":{"east":{"uv":[5.4375,8.0625,5.96875,8.6875],"rotation":0,"texture":"#0","tintindex":0},"south":{"uv":[2.25,9.25,2.65625,9.875],"rotation":0,"texture":"#0","tintindex":0},"north":{"uv":[0.0,9.25,0.40625,9.875],"rotation":0,"texture":"#0","tintindex":0},"west":{"uv":[6.6875,8.0625,7.21875,8.6875],"rotation":0,"texture":"#0","tintindex":0},"up":{"uv":[6.78125,10.28125,6.375,9.75],"rotation":0,"texture":"#0","tintindex":0},"down":{"uv":[7.21875,9.75,6.8125,10.28125],"rotation":0,"texture":"#0","tintindex":0}}},{"from":[6.8322825,-5.0376596,4.967058],"to":[10.260855,-0.58051586,9.767058],"rotation":{"angle":0.0,"axis":"y","origin":[9.117997,-2.8090878,8.224201]},"faces":{"east":{"uv":[8.875,8.625,9.40625,9.125],"rotation":0,"texture":"#0","tintindex":0},"south":{"uv":[10.1875,9.5,10.5625,10.0],"rotation":0,"texture":"#0","tintindex":0},"north":{"uv":[10.1875,5.1875,10.5625,5.6875],"rotation":0,"texture":"#0","tintindex":0},"west":{"uv":[9.0625,0.875,9.59375,1.375],"rotation":0,"texture":"#0","tintindex":0},"up":{"uv":[3.8125,10.53125,3.4375,10.0],"rotation":0,"texture":"#0","tintindex":0},"down":{"uv":[10.4375,0.4375,10.0625,0.96875],"rotation":0,"texture":"#0","tintindex":0}}},{"from":[6.001643,0.82815933,5.4008436],"to":[9.985479,4.892709,10.556299],"rotation":{"angle":0.0,"axis":"y","origin":[2.1260405,10.186605,5.7426395]},"faces":{"east":{"uv":[9.5,0.4375,10.0625,0.875],"rotation":0,"texture":"#0","tintindex":0},"south":{"uv":[8.5625,10.0625,9.0,10.5],"rotation":0,"texture":"#0","tintindex":0},"north":{"uv":[8.125,10.0625,8.5625,10.5],"rotation":0,"texture":"#0","tintindex":0},"west":{"uv":[9.3125,9.5,9.875,9.9375],"rotation":0,"texture":"#0","tintindex":0},"up":{"uv":[4.375,10.125,3.9375,9.5625],"rotation":0,"texture":"#0","tintindex":0},"down":{"uv":[10.0,6.3125,9.5625,6.875],"rotation":0,"texture":"#0","tintindex":0}}}],"display":{"head":{"translation":[0.0,-6.4,0.0],"scale":[4.0,4.0,4.0]}}}