{"textures":{"0":"modelengine:entity/jupiter"},"elements":[{"from":[2.6857138,-1.9428577,7.7714286],"to":[12.742857,8.0,8.0],"rotation":{"angle":0.0,"axis":"y","origin":[8.0,2.228571,8.285714]},"faces":{"east":{"uv":[1.6875,12.0,1.71875,13.09375],"rotation":0,"texture":"#0","tintindex":0},"south":{"uv":[3.375,3.9375,4.46875,5.03125],"rotation":0,"texture":"#0","tintindex":0},"north":{"uv":[2.25,3.9375,3.34375,5.03125],"rotation":0,"texture":"#0","tintindex":0},"west":{"uv":[4.3125,12.0,4.34375,13.09375],"rotation":0,"texture":"#0","tintindex":0},"up":{"uv":[13.09375,3.40625,12.0,3.375],"rotation":0,"texture":"#0","tintindex":0},"down":{"uv":[13.09375,3.4375,12.0,3.46875],"rotation":0,"texture":"#0","tintindex":0}}}],"display":{"head":{"translation":[0.0,-6.4,0.0],"scale":[4.0,4.0,4.0]}}}