{"textures":{"0":"modelengine:entity/jupiter"},"elements":[{"from":[2.742857,0.6285715,7.8285713],"to":[12.742857,8.285714,8.057143],"rotation":{"angle":0.0,"axis":"y","origin":[8.228572,3.1999998,8.342857]},"faces":{"east":{"uv":[6.5,12.0,6.53125,12.84375],"rotation":0,"texture":"#0","tintindex":0},"south":{"uv":[4.5,3.8125,5.59375,4.65625],"rotation":0,"texture":"#0","tintindex":0},"north":{"uv":[4.0,2.9375,5.09375,3.78125],"rotation":0,"texture":"#0","tintindex":0},"west":{"uv":[6.5625,12.0,6.59375,12.84375],"rotation":0,"texture":"#0","tintindex":0},"up":{"uv":[13.09375,0.46875,12.0,0.4375],"rotation":0,"texture":"#0","tintindex":0},"down":{"uv":[13.09375,2.8125,12.0,2.84375],"rotation":0,"texture":"#0","tintindex":0}}}],"display":{"head":{"translation":[0.0,-6.4,0.0],"scale":[4.0,4.0,4.0]}}}