{"textures":{"0":"modelengine:entity/wizpiglin128"},"elements":[{"name":"cube","from":[6.92,4.018362,6.109788],"to":[8.719999,8.818362,7.9097877],"rotation":{"angle":22.5,"axis":"x","origin":[7.8199997,6.4183626,7.0097876]},"faces":{"down":{"uv":[6.0,6.25,6.375,6.625],"rotation":0,"texture":"#0","tintindex":0},"east":{"uv":[6.375,6.625,6.0,7.625],"rotation":0,"texture":"#0","tintindex":0},"north":{"uv":[6.0,6.625,5.625,7.625],"rotation":0,"texture":"#0","tintindex":0},"south":{"uv":[6.75,6.625,6.375,7.625],"rotation":0,"texture":"#0","tintindex":0},"up":{"uv":[5.625,6.625,6.0,6.25],"rotation":0,"texture":"#0","tintindex":0},"west":{"uv":[5.625,6.625,5.25,7.625],"rotation":0,"texture":"#0","tintindex":0}}},{"name":"cube","from":[7.52,-0.9274292,6.109788],"to":[8.719999,2.0725708,7.3097878],"rotation":{"angle":-22.5,"axis":"x","origin":[7.8199997,2.6725707,7.0097876]},"faces":{"down":{"uv":[5.25,0.0,5.5,0.25],"rotation":0,"texture":"#0","tintindex":0},"east":{"uv":[5.5,0.25,5.25,0.875],"rotation":0,"texture":"#0","tintindex":0},"north":{"uv":[5.25,0.25,5.0,0.875],"rotation":0,"texture":"#0","tintindex":0},"south":{"uv":[5.75,0.25,5.5,0.875],"rotation":0,"texture":"#0","tintindex":0},"up":{"uv":[5.0,0.25,5.25,0.0],"rotation":0,"texture":"#0","tintindex":0},"west":{"uv":[5.0,0.25,4.75,0.875],"rotation":0,"texture":"#0","tintindex":0}}},{"name":"cube","from":[7.52,-2.12743,5.5097876],"to":[8.719999,-0.9274292,7.3097878],"rotation":{"angle":-22.5,"axis":"x","origin":[7.8199997,2.6725707,7.0097876]},"faces":{"down":{"uv":[0.625,0.0,0.875,0.375],"rotation":0,"texture":"#0","tintindex":0},"east":{"uv":[1.0,0.375,0.625,0.625],"rotation":0,"texture":"#0","tintindex":0},"north":{"uv":[0.625,0.375,0.375,0.625],"rotation":0,"texture":"#0","tintindex":0},"south":{"uv":[1.25,0.375,1.0,0.625],"rotation":0,"texture":"#0","tintindex":0},"up":{"uv":[0.375,0.375,0.625,0.0],"rotation":0,"texture":"#0","tintindex":0},"west":{"uv":[0.375,0.375,0.0,0.625],"rotation":0,"texture":"#0","tintindex":0}}},{"name":"cube","from":[6.92,2.0725708,6.109788],"to":[8.719999,5.072571,7.9097877],"rotation":{"angle":-22.5,"axis":"x","origin":[7.8199997,2.6725707,7.0097876]},"faces":{"down":{"uv":[8.25,3.375,8.625,3.75],"rotation":0,"texture":"#0","tintindex":0},"east":{"uv":[8.625,3.75,8.25,4.375],"rotation":0,"texture":"#0","tintindex":0},"north":{"uv":[8.25,3.75,7.875,4.375],"rotation":0,"texture":"#0","tintindex":0},"south":{"uv":[9.0,3.75,8.625,4.375],"rotation":0,"texture":"#0","tintindex":0},"up":{"uv":[7.875,3.75,8.25,3.375],"rotation":0,"texture":"#0","tintindex":0},"west":{"uv":[7.875,3.75,7.5,4.375],"rotation":0,"texture":"#0","tintindex":0}}},{"name":"cube","from":[7.52,-2.3360763,6.260849],"to":[8.719999,-1.7360764,7.460849],"rotation":{"angle":0.0,"axis":"x","origin":[7.8199997,2.463924,7.1608486]},"faces":{"down":{"uv":[5.25,0.875,5.5,1.125],"rotation":0,"texture":"#0","tintindex":0},"east":{"uv":[5.5,1.125,5.25,1.25],"rotation":0,"texture":"#0","tintindex":0},"north":{"uv":[5.25,1.125,5.0,1.25],"rotation":0,"texture":"#0","tintindex":0},"south":{"uv":[5.75,1.125,5.5,1.25],"rotation":0,"texture":"#0","tintindex":0},"up":{"uv":[5.0,1.125,5.25,0.875],"rotation":0,"texture":"#0","tintindex":0},"west":{"uv":[5.0,1.125,4.75,1.25],"rotation":0,"texture":"#0","tintindex":0}}}],"display":{"head":{"translation":[0.0,-6.4,0.0],"rotation":[0.0,0.0,0.0],"scale":[3.8095,3.8095,3.8095]}}}