{"display":{"thirdperson_righthand":{"rotation":[64,25,0],"translation":[-1.25,2.25,1],"scale":[0.5,0.5,0.5]},"thirdperson_lefthand":{"rotation":[64,25,0],"translation":[-1.25,2.25,1],"scale":[0.5,0.5,0.5]},"firstperson_righthand":{"rotation":[79,28,-132],"translation":[-1.25,3.75,1],"scale":[0.5,0.5,0.5]},"firstperson_lefthand":{"rotation":[79,28,-132],"translation":[-1.25,3.75,1],"scale":[0.5,0.5,0.5]},"ground":{"rotation":[72,0,0],"translation":[0,4.5,0],"scale":[0.6,0.6,0.6]},"gui":{"rotation":[-42,171,24],"scale":[0.6,0.6,0.6]},"head":{"rotation":[78,0,0],"translation":[-0.5,15.75,2.25],"scale":[1.2,1.2,1.2]},"fixed":{"rotation":[20,0,0],"translation":[0,8.25,-5.5],"scale":[1.4,1.4,1.4]}},"texture_size":[128,128],"textures":{"0":"modelengine:entity/elk"},"elements":[{"from":[10.5,1.85195,9.77164],"to":[14.5,1.85195,14.77164],"rotation":{"angle":22.5,"axis":"x","origin":[12.5,1.85195,12.77164]},"faces":{"north":{"uv":[0.4875,0.0125,0.0125,0.0125],"texture":"#0"},"east":{"uv":[0.6125,0.0125,0.0125,0.0125],"texture":"#0"},"south":{"uv":[0.4875,0.0125,0.0125,0.0125],"texture":"#0"},"west":{"uv":[0.6125,0.0125,0.0125,0.0125],"texture":"#0"},"up":{"uv":[2.6375,7.8625,3.1125,7.2625],"texture":"#0"},"down":{"uv":[2.6375,7.2625,3.1125,7.8625],"texture":"#0"}}},{"from":[10.5,3,10],"to":[16.5,13,10],"rotation":{"angle":0,"axis":"x","origin":[14.5,8,10]},"faces":{"north":{"uv":[1.7375,5.0125,1.0125,6.2375],"texture":"#0"},"east":{"uv":[0.0125,0.0125,0.0125,1.2375],"texture":"#0"},"south":{"uv":[1.0125,5.0125,1.7375,6.2375],"texture":"#0"},"west":{"uv":[0.0125,0.0125,0.0125,1.2375],"texture":"#0"},"up":{"uv":[0.0125,0.0125,0.7375,0.0125],"texture":"#0"},"down":{"uv":[0.0125,0.0125,0.7375,0.0125],"texture":"#0"}}},{"from":[11.00079,5,6.14563],"to":[11.00079,8,10.14563],"rotation":{"angle":22.5,"axis":"y","origin":[11.00079,12,8.14563]},"faces":{"north":{"uv":[0.0125,0.0125,0.0125,0.3625],"texture":"#0"},"east":{"uv":[4.9875,7.7625,4.5125,8.1125],"texture":"#0"},"south":{"uv":[0.0125,0.0125,0.0125,0.3625],"texture":"#0"},"west":{"uv":[4.5125,7.7625,4.9875,8.1125],"texture":"#0"},"up":{"uv":[0.0125,0.4875,0.0125,0.0125],"texture":"#0"},"down":{"uv":[0.0125,0.0125,0.0125,0.4875],"texture":"#0"}}},{"from":[15.62132,3,7.87868],"to":[21.62132,13,7.87868],"rotation":{"angle":45,"axis":"y","origin":[18.62132,8,7.87868]},"faces":{"north":{"uv":[6.1125,0.0125,5.3875,1.2375],"texture":"#0"},"east":{"uv":[0.0125,0.0125,0.0125,1.2375],"texture":"#0"},"south":{"uv":[5.3875,0.0125,6.1125,1.2375],"texture":"#0"},"west":{"uv":[0.0125,0.0125,0.0125,1.2375],"texture":"#0"},"up":{"uv":[0.0125,0.0125,0.7375,0.0125],"texture":"#0"},"down":{"uv":[0.0125,0.0125,0.7375,0.0125],"texture":"#0"}}},{"from":[10.5,12.69552,8.46927],"to":[18.5,20.69552,8.46927],"rotation":{"angle":-22.5,"axis":"x","origin":[14.5,16.69552,8.46927]},"faces":{"north":{"uv":[5.1125,4.6375,4.1375,5.6125],"texture":"#0"},"east":{"uv":[0.0125,0.0125,0.0125,0.9875],"texture":"#0"},"south":{"uv":[4.1375,4.6375,5.1125,5.6125],"texture":"#0"},"west":{"uv":[0.0125,0.0125,0.0125,0.9875],"texture":"#0"},"up":{"uv":[0.0125,0.0125,0.9875,0.0125],"texture":"#0"},"down":{"uv":[0.0125,0.0125,0.9875,0.0125],"texture":"#0"}}},{"from":[2.5,1.85195,9.77164],"to":[6.5,1.85195,14.77164],"rotation":{"angle":22.5,"axis":"x","origin":[4.5,1.85195,12.77164]},"faces":{"north":{"uv":[0.0125,0.0125,0.4875,0.0125],"texture":"#0"},"east":{"uv":[0.0125,0.0125,0.6125,0.0125],"texture":"#0"},"south":{"uv":[0.0125,0.0125,0.4875,0.0125],"texture":"#0"},"west":{"uv":[0.0125,0.0125,0.6125,0.0125],"texture":"#0"},"up":{"uv":[3.1125,7.8625,2.6375,7.2625],"texture":"#0"},"down":{"uv":[3.1125,7.2625,2.6375,7.8625],"texture":"#0"}}},{"from":[0.5,3,10],"to":[6.5,13,10],"rotation":{"angle":0,"axis":"x","origin":[2.5,8,10]},"faces":{"north":{"uv":[1.0125,5.0125,1.7375,6.2375],"texture":"#0"},"east":{"uv":[0.0125,0.0125,0.0125,1.2375],"texture":"#0"},"south":{"uv":[1.7375,5.0125,1.0125,6.2375],"texture":"#0"},"west":{"uv":[0.0125,0.0125,0.0125,1.2375],"texture":"#0"},"up":{"uv":[0.7375,0.0125,0.0125,0.0125],"texture":"#0"},"down":{"uv":[0.7375,0.0125,0.0125,0.0125],"texture":"#0"}}},{"from":[5.99921,5,6.14563],"to":[5.99921,8,10.14563],"rotation":{"angle":-22.5,"axis":"y","origin":[5.99921,12,8.14563]},"faces":{"north":{"uv":[0.0125,0.0125,0.0125,0.3625],"texture":"#0"},"east":{"uv":[4.9875,7.7625,4.5125,8.1125],"texture":"#0"},"south":{"uv":[0.0125,0.0125,0.0125,0.3625],"texture":"#0"},"west":{"uv":[4.5125,7.7625,4.9875,8.1125],"texture":"#0"},"up":{"uv":[0.0125,0.4875,0.0125,0.0125],"texture":"#0"},"down":{"uv":[0.0125,0.0125,0.0125,0.4875],"texture":"#0"}}},{"from":[-4.62132,3,7.87868],"to":[1.37868,13,7.87868],"rotation":{"angle":-45,"axis":"y","origin":[-1.62132,8,7.87868]},"faces":{"north":{"uv":[5.3875,0.0125,6.1125,1.2375],"texture":"#0"},"east":{"uv":[0.0125,0.0125,0.0125,1.2375],"texture":"#0"},"south":{"uv":[6.1125,0.0125,5.3875,1.2375],"texture":"#0"},"west":{"uv":[0.0125,0.0125,0.0125,1.2375],"texture":"#0"},"up":{"uv":[0.7375,0.0125,0.0125,0.0125],"texture":"#0"},"down":{"uv":[0.7375,0.0125,0.0125,0.0125],"texture":"#0"}}},{"from":[-1.5,12.69552,8.46927],"to":[6.5,20.69552,8.46927],"rotation":{"angle":-22.5,"axis":"x","origin":[2.5,16.69552,8.46927]},"faces":{"north":{"uv":[4.1375,4.6375,5.1125,5.6125],"texture":"#0"},"east":{"uv":[0.0125,0.0125,0.0125,0.9875],"texture":"#0"},"south":{"uv":[5.1125,4.6375,4.1375,5.6125],"texture":"#0"},"west":{"uv":[0.0125,0.0125,0.0125,0.9875],"texture":"#0"},"up":{"uv":[0.9875,0.0125,0.0125,0.0125],"texture":"#0"},"down":{"uv":[0.9875,0.0125,0.0125,0.0125],"texture":"#0"}}}],"gui_light":"front"}