{"textures":{"0":"modelengine:entity/nocsy_fpv2_slender"},"elements":[{"from":[6.0,6.542455,6.600387],"to":[10.0,8.82817,10.028958],"rotation":{"angle":0.0,"axis":"y","origin":[8.857143,-2.6004019,6.7718153]},"faces":{"east":{"uv":[2.75,12.5,3.5,13.0],"rotation":0,"texture":"#0","tintindex":0},"south":{"uv":[0.0,12.125,0.875,12.625],"rotation":0,"texture":"#0","tintindex":0},"north":{"uv":[8.625,12.0,9.5,12.5],"rotation":0,"texture":"#0","tintindex":0},"west":{"uv":[5.875,12.5,6.625,13.0],"rotation":0,"texture":"#0","tintindex":0},"up":{"uv":[4.75,11.5,3.875,10.75],"rotation":0,"texture":"#0","tintindex":0},"down":{"uv":[5.75,10.75,4.875,11.5],"rotation":0,"texture":"#0","tintindex":0}}},{"from":[4.8571424,8.82817,6.600387],"to":[11.142858,12.256742,10.028958],"rotation":{"angle":0.0,"axis":"y","origin":[8.857143,-2.6004019,6.7718153]},"faces":{"east":{"uv":[0.0,11.25,0.75,12.0],"rotation":0,"texture":"#0","tintindex":0},"south":{"uv":[0.0,10.375,1.375,11.125],"rotation":0,"texture":"#0","tintindex":0},"north":{"uv":[7.0,10.125,8.375,10.875],"rotation":0,"texture":"#0","tintindex":0},"west":{"uv":[11.25,0.0,12.0,0.75],"rotation":0,"texture":"#0","tintindex":0},"up":{"uv":[2.875,11.125,1.5,10.375],"rotation":0,"texture":"#0","tintindex":0},"down":{"uv":[9.875,10.375,8.5,11.125],"rotation":0,"texture":"#0","tintindex":0}}},{"from":[7.142857,11.162905,7.5008073],"to":[8.857143,14.020048,9.215094],"rotation":{"angle":22.5,"axis":"x","origin":[8.0,12.591476,8.35795]},"faces":{"east":{"uv":[1.5,12.75,1.875,13.375],"rotation":0,"texture":"#0","tintindex":0},"south":{"uv":[11.125,13.125,11.5,13.75],"rotation":0,"texture":"#0","tintindex":0},"north":{"uv":[7.0,9.25,7.375,9.875],"rotation":0,"texture":"#0","tintindex":0},"west":{"uv":[2.0,13.25,2.375,13.875],"rotation":0,"texture":"#0","tintindex":0},"up":{"uv":[11.75,7.375,11.375,7.0],"rotation":0,"texture":"#0","tintindex":0},"down":{"uv":[13.75,9.625,13.375,10.0],"rotation":0,"texture":"#0","tintindex":0}}},{"from":[3.9142857,8.228169,7.914673],"to":[7.9142857,11.656741,10.771815],"rotation":{"angle":-22.5,"axis":"z","origin":[8.0,10.256742,8.200387]},"faces":{"east":{"uv":[6.0,11.625,6.625,12.375],"rotation":0,"texture":"#0","tintindex":0},"south":{"uv":[10.875,10.125,11.75,10.875],"rotation":0,"texture":"#0","tintindex":0},"north":{"uv":[5.875,10.75,6.75,11.5],"rotation":0,"texture":"#0","tintindex":0},"west":{"uv":[11.875,5.5,12.5,6.25],"rotation":0,"texture":"#0","tintindex":0},"up":{"uv":[9.5,11.875,8.625,11.25],"rotation":0,"texture":"#0","tintindex":0},"down":{"uv":[12.25,2.625,11.375,3.25],"rotation":0,"texture":"#0","tintindex":0}}},{"from":[8.085714,8.228169,7.914673],"to":[12.085714,11.656741,10.771815],"rotation":{"angle":22.5,"axis":"z","origin":[8.0,10.256742,8.200387]},"faces":{"east":{"uv":[6.75,11.875,7.375,12.625],"rotation":0,"texture":"#0","tintindex":0},"south":{"uv":[10.875,11.0,11.75,11.75],"rotation":0,"texture":"#0","tintindex":0},"north":{"uv":[6.875,11.0,7.75,11.75],"rotation":0,"texture":"#0","tintindex":0},"west":{"uv":[11.875,8.5,12.5,9.25],"rotation":0,"texture":"#0","tintindex":0},"up":{"uv":[12.25,4.0,11.375,3.375],"rotation":0,"texture":"#0","tintindex":0},"down":{"uv":[12.25,4.125,11.375,4.75],"rotation":0,"texture":"#0","tintindex":0}}}],"display":{"head":{"translation":[0.0,-6.4,0.0],"scale":[4.0,4.0,4.0]}}}