{"textures":{"0":"modelengine:entity/nocsy_fpv2_slender"},"elements":[{"from":[6.285714,5.47433,8.302506],"to":[9.714286,7.188616,12.873936],"rotation":{"angle":0.0,"axis":"y","origin":[8.285714,6.2285714,8.685715]},"faces":{"east":{"uv":[12.5,6.375,13.5,6.75],"rotation":0,"texture":"#0","tintindex":0},"south":{"uv":[2.75,13.125,3.5,13.5],"rotation":0,"texture":"#0","tintindex":0},"north":{"uv":[13.125,2.25,13.875,2.625],"rotation":0,"texture":"#0","tintindex":0},"west":{"uv":[12.625,5.5,13.625,5.875],"rotation":0,"texture":"#0","tintindex":0},"up":{"uv":[11.25,10.0,10.5,9.0],"rotation":0,"texture":"#0","tintindex":0},"down":{"uv":[3.75,10.75,3.0,11.75],"rotation":0,"texture":"#0","tintindex":0}}},{"from":[9.940831,5.453492,9.445364],"to":[9.940831,8.882063,12.873936],"rotation":{"angle":-22.5,"axis":"z","origin":[9.714286,8.228572,10.114286]},"faces":{"east":{"uv":[0.875,11.25,1.625,12.0],"rotation":0,"texture":"#0","tintindex":0},"south":{"uv":[2.5,13.25,2.5,14.0],"rotation":0,"texture":"#0","tintindex":0},"north":{"uv":[3.75,11.875,3.75,12.625],"rotation":0,"texture":"#0","tintindex":0},"west":{"uv":[11.25,0.875,12.0,1.625],"rotation":0,"texture":"#0","tintindex":0},"up":{"uv":[2.625,14.0,2.625,13.25],"rotation":0,"texture":"#0","tintindex":0},"down":{"uv":[12.125,13.375,12.125,14.125],"rotation":0,"texture":"#0","tintindex":0}}},{"from":[6.059169,5.453492,9.445364],"to":[6.059169,8.882063,12.873936],"rotation":{"angle":22.5,"axis":"z","origin":[6.285714,8.228572,10.114286]},"faces":{"east":{"uv":[1.75,11.25,2.5,12.0],"rotation":0,"texture":"#0","tintindex":0},"south":{"uv":[7.0,13.5,7.0,14.25],"rotation":0,"texture":"#0","tintindex":0},"north":{"uv":[5.5,13.5,5.5,14.25],"rotation":0,"texture":"#0","tintindex":0},"west":{"uv":[11.25,1.75,12.0,2.5],"rotation":0,"texture":"#0","tintindex":0},"up":{"uv":[7.125,14.25,7.125,13.5],"rotation":0,"texture":"#0","tintindex":0},"down":{"uv":[7.25,13.5,7.25,14.25],"rotation":0,"texture":"#0","tintindex":0}}},{"from":[6.0,7.290439,13.60795],"to":[10.0,9.576154,13.60795],"rotation":{"angle":22.5,"axis":"x","origin":[8.0,9.3714285,12.4]},"faces":{"east":{"uv":[2.875,11.25,2.875,11.75],"rotation":0,"texture":"#0","tintindex":0},"south":{"uv":[4.875,12.25,5.75,12.75],"rotation":0,"texture":"#0","tintindex":0},"north":{"uv":[12.125,1.875,13.0,2.375],"rotation":0,"texture":"#0","tintindex":0},"west":{"uv":[9.625,11.25,9.625,11.75],"rotation":0,"texture":"#0","tintindex":0},"up":{"uv":[13.5,6.25,12.625,6.25],"rotation":0,"texture":"#0","tintindex":0},"down":{"uv":[13.75,8.125,12.875,8.125],"rotation":0,"texture":"#0","tintindex":0}}}],"display":{"head":{"translation":[0.0,-6.4,0.0],"scale":[4.0,4.0,4.0]}}}