{"textures":{"0":"modelengine:entity/nocsy_fpv2_slender"},"elements":[{"from":[3.7769718,6.9142857,7.164275],"to":[8.234115,9.085714,8.764276],"rotation":{"angle":0.0,"axis":"y","origin":[13.348401,-6.5714293,5.9642754]},"faces":{"east":{"uv":[1.0,13.375,1.375,13.875],"rotation":0,"texture":"#0","tintindex":0},"south":{"uv":[11.875,4.875,12.875,5.375],"rotation":0,"texture":"#0","tintindex":0},"north":{"uv":[2.625,11.875,3.625,12.375],"rotation":0,"texture":"#0","tintindex":0},"west":{"uv":[13.375,9.0,13.75,9.5],"rotation":0,"texture":"#0","tintindex":0},"up":{"uv":[10.375,13.0,9.375,12.625],"rotation":0,"texture":"#0","tintindex":0},"down":{"uv":[11.5,12.625,10.5,13.0],"rotation":0,"texture":"#0","tintindex":0}}},{"from":[-4.7887077,7.9299717,5.641525],"to":[4.9255786,7.9299717,11.355811],"rotation":{"angle":0.0,"axis":"y","origin":[0.06843519,7.640704,7.8371863]},"faces":{"east":{"uv":[13.625,7.25,14.875,7.25],"rotation":0,"texture":"#0","tintindex":0},"south":{"uv":[7.375,13.625,9.5,13.625],"rotation":0,"texture":"#0","tintindex":0},"north":{"uv":[13.625,7.125,15.75,7.125],"rotation":0,"texture":"#0","tintindex":0},"west":{"uv":[13.625,7.375,14.875,7.375],"rotation":0,"texture":"#0","tintindex":0},"up":{"uv":[2.125,5.375,0.0,4.125],"rotation":0,"texture":"#0","tintindex":0},"down":{"uv":[4.375,4.125,2.25,5.375],"rotation":0,"texture":"#0","tintindex":0}}},{"from":[-4.7887077,8.794015,5.156377],"to":[4.9255786,8.794015,10.870663],"rotation":{"angle":22.5,"axis":"x","origin":[0.06843519,7.640704,7.8371863]},"faces":{"east":{"uv":[13.625,7.625,14.875,7.625],"rotation":0,"texture":"#0","tintindex":0},"south":{"uv":[13.625,7.75,15.75,7.75],"rotation":0,"texture":"#0","tintindex":0},"north":{"uv":[13.625,7.5,15.75,7.5],"rotation":0,"texture":"#0","tintindex":0},"west":{"uv":[13.625,7.875,14.875,7.875],"rotation":0,"texture":"#0","tintindex":0},"up":{"uv":[6.625,1.25,4.5,0.0],"rotation":0,"texture":"#0","tintindex":0},"down":{"uv":[6.625,1.375,4.5,2.625],"rotation":0,"texture":"#0","tintindex":0}}},{"from":[-4.7315645,7.239377,5.370106],"to":[4.9827213,7.239377,11.084393],"rotation":{"angle":-22.5,"axis":"x","origin":[0.06843519,7.9264183,8.408615]},"faces":{"east":{"uv":[13.625,8.25,14.875,8.25],"rotation":0,"texture":"#0","tintindex":0},"south":{"uv":[13.625,8.375,15.75,8.375],"rotation":0,"texture":"#0","tintindex":0},"north":{"uv":[13.625,8.0,15.75,8.0],"rotation":0,"texture":"#0","tintindex":0},"west":{"uv":[13.625,12.375,14.875,12.375],"rotation":0,"texture":"#0","tintindex":0},"up":{"uv":[6.625,4.0,4.5,2.75],"rotation":0,"texture":"#0","tintindex":0},"down":{"uv":[6.625,4.125,4.5,5.375],"rotation":0,"texture":"#0","tintindex":0}}},{"from":[4.72523,6.5585427,6.2879796],"to":[7.5823736,9.3014,6.2879796],"rotation":{"angle":22.5,"axis":"y","origin":[6.188264,9.069275,6.2047815]},"faces":{"east":{"uv":[4.25,13.625,4.25,14.25],"rotation":0,"texture":"#0","tintindex":0},"south":{"uv":[2.0,12.5,2.625,13.125],"rotation":0,"texture":"#0","tintindex":0},"north":{"uv":[12.25,12.375,12.875,13.0],"rotation":0,"texture":"#0","tintindex":0},"west":{"uv":[4.375,13.625,4.375,14.25],"rotation":0,"texture":"#0","tintindex":0},"up":{"uv":[6.25,13.625,5.625,13.625],"rotation":0,"texture":"#0","tintindex":0},"down":{"uv":[14.25,12.5,13.625,12.5],"rotation":0,"texture":"#0","tintindex":0}}},{"from":[5.255626,5.882085,6.841525],"to":[8.112769,5.882085,9.012954],"rotation":{"angle":-45.0,"axis":"z","origin":[5.878588,6.6876945,7.8371863]},"faces":{"east":{"uv":[2.0,12.25,2.5,12.25],"rotation":0,"texture":"#0","tintindex":0},"south":{"uv":[13.625,12.75,14.25,12.75],"rotation":0,"texture":"#0","tintindex":0},"north":{"uv":[13.625,12.625,14.25,12.625],"rotation":0,"texture":"#0","tintindex":0},"west":{"uv":[2.0,12.375,2.5,12.375],"rotation":0,"texture":"#0","tintindex":0},"up":{"uv":[13.625,5.25,13.0,4.75],"rotation":0,"texture":"#0","tintindex":0},"down":{"uv":[8.0,13.0,7.375,13.5],"rotation":0,"texture":"#0","tintindex":0}}},{"from":[4.979947,10.064779,6.841525],"to":[7.83709,10.064779,9.012954],"rotation":{"angle":22.5,"axis":"z","origin":[6.844511,9.403073,7.8371863]},"faces":{"east":{"uv":[12.375,4.75,12.875,4.75],"rotation":0,"texture":"#0","tintindex":0},"south":{"uv":[13.625,13.0,14.25,13.0],"rotation":0,"texture":"#0","tintindex":0},"north":{"uv":[13.625,12.875,14.25,12.875],"rotation":0,"texture":"#0","tintindex":0},"west":{"uv":[13.625,13.125,14.125,13.125],"rotation":0,"texture":"#0","tintindex":0},"up":{"uv":[13.625,11.625,13.0,11.125],"rotation":0,"texture":"#0","tintindex":0},"down":{"uv":[13.625,11.75,13.0,12.25],"rotation":0,"texture":"#0","tintindex":0}}},{"from":[2.6970072,6.558543,6.841525],"to":[4.868436,9.3014,9.012954],"rotation":{"angle":0.0,"axis":"y","origin":[13.411293,-5.445011,6.1229005]},"faces":{"east":{"uv":[13.125,0.0,13.625,0.625],"rotation":0,"texture":"#0","tintindex":0},"south":{"uv":[13.125,0.75,13.625,1.375],"rotation":0,"texture":"#0","tintindex":0},"north":{"uv":[13.0,12.375,13.5,13.0],"rotation":0,"texture":"#0","tintindex":0},"west":{"uv":[13.125,1.5,13.625,2.125],"rotation":0,"texture":"#0","tintindex":0},"up":{"uv":[12.75,13.625,12.25,13.125],"rotation":0,"texture":"#0","tintindex":0},"down":{"uv":[13.375,13.125,12.875,13.625],"rotation":0,"texture":"#0","tintindex":0}}}],"display":{"head":{"translation":[0.0,-6.4,0.0],"scale":[4.0,4.0,4.0]}}}