{"textures":{"0":"modelengine:entity/npc_romancrate"},"elements":[{"from":[7.428571,14.0,7.428571],"to":[8.571428,15.142858,8.571428],"rotation":{"angle":0.0,"axis":"y","origin":[7.0,6.857143,9.285714]},"faces":{"east":{"uv":[9.375,10.875,9.625,11.125],"rotation":0,"texture":"#0","tintindex":0},"south":{"uv":[9.625,10.875,9.875,11.125],"rotation":0,"texture":"#0","tintindex":0},"north":{"uv":[10.875,6.75,11.125,7.0],"rotation":0,"texture":"#0","tintindex":0},"west":{"uv":[9.875,10.875,10.125,11.125],"rotation":0,"texture":"#0","tintindex":0},"up":{"uv":[10.375,11.125,10.125,10.875],"rotation":0,"texture":"#0","tintindex":0},"down":{"uv":[10.625,10.875,10.375,11.125],"rotation":0,"texture":"#0","tintindex":0}}},{"from":[7.5714283,7.714286,7.5714283],"to":[8.428572,14.285715,8.428572],"rotation":{"angle":0.0,"axis":"y","origin":[7.0,6.857143,9.285714]},"faces":{"east":{"uv":[6.75,9.875,6.9375,11.3125],"rotation":0,"texture":"#0","tintindex":0},"south":{"uv":[7.0,9.875,7.1875,11.3125],"rotation":0,"texture":"#0","tintindex":0},"north":{"uv":[6.5,9.875,6.6875,11.3125],"rotation":0,"texture":"#0","tintindex":0},"west":{"uv":[7.25,9.875,7.4375,11.3125],"rotation":0,"texture":"#0","tintindex":0},"up":{"uv":[10.8125,11.0625,10.625,10.875],"rotation":0,"texture":"#0","tintindex":0},"down":{"uv":[11.0625,10.625,10.875,10.8125],"rotation":0,"texture":"#0","tintindex":0}}},{"from":[8.428572,7.714286,8.0],"to":[14.428572,14.857143,8.0],"rotation":{"angle":0.0,"axis":"y","origin":[7.0,6.857143,9.285714]},"faces":{"east":{"uv":[0.0,0.0,0.0,1.5625],"rotation":0,"texture":"#0","tintindex":0},"south":{"uv":[6.9375,2.5,5.625,4.0625],"rotation":0,"texture":"#0","tintindex":0},"north":{"uv":[5.625,2.5,6.9375,4.0625],"rotation":0,"texture":"#0","tintindex":0},"west":{"uv":[0.0,0.0,0.0,1.5625],"rotation":0,"texture":"#0","tintindex":0},"up":{"uv":[1.3125,0.0,0.0,0.0],"rotation":0,"texture":"#0","tintindex":0},"down":{"uv":[1.3125,0.0,0.0,0.0],"rotation":0,"texture":"#0","tintindex":0}}}],"display":{"head":{"translation":[0.0,-6.4,0.0],"scale":[4.0,4.0,4.0]}}}