{"textures":{"0":"modelengine:entity/fillmore"},"elements":[{"from":[4.1142855,6.218441,4.8571424],"to":[10.971429,12.504155,17.428572],"rotation":{"angle":0.0,"axis":"y","origin":[7.542857,3.6470118,11.142858]},"faces":{"east":{"uv":[2.75,2.75,5.5,4.125],"rotation":0,"texture":"#0","tintindex":0},"south":{"uv":[2.75,4.125,4.25,5.5],"rotation":0,"texture":"#0","tintindex":0},"north":{"uv":[3.0,1.375,4.5,2.75],"rotation":0,"texture":"#0","tintindex":0},"west":{"uv":[5.5,2.75,2.75,4.125],"rotation":0,"texture":"#0","tintindex":0},"up":{"uv":[1.5,2.75,0.0,0.0],"rotation":0,"texture":"#0","tintindex":0},"down":{"uv":[3.0,0.0,1.5,2.75],"rotation":0,"texture":"#0","tintindex":0}}},{"from":[4.1142855,4.7898693,16.57143],"to":[10.971429,5.6470118,17.714287],"rotation":{"angle":0.0,"axis":"y","origin":[7.542857,3.6470118,11.142858]},"faces":{"east":{"uv":[6.5,6.25,6.75,6.4375],"rotation":0,"texture":"#0","tintindex":0},"south":{"uv":[5.75,4.5625,7.25,4.75],"rotation":0,"texture":"#0","tintindex":0},"north":{"uv":[5.75,4.375,7.25,4.5625],"rotation":0,"texture":"#0","tintindex":0},"west":{"uv":[2.25,6.5625,2.5,6.75],"rotation":0,"texture":"#0","tintindex":0},"up":{"uv":[7.0,4.0625,5.5,3.8125],"rotation":0,"texture":"#0","tintindex":0},"down":{"uv":[7.25,0.0,5.75,0.25],"rotation":0,"texture":"#0","tintindex":0}}},{"from":[4.1142855,4.7898693,9.428572],"to":[10.971429,6.218441,13.714286],"rotation":{"angle":0.0,"axis":"y","origin":[7.542857,3.6470118,11.142858]},"faces":{"east":{"uv":[1.5,5.5625,2.4375,5.875],"rotation":0,"texture":"#0","tintindex":0},"south":{"uv":[5.5,3.5,7.0,3.8125],"rotation":0,"texture":"#0","tintindex":0},"north":{"uv":[5.5,3.1875,7.0,3.5],"rotation":0,"texture":"#0","tintindex":0},"west":{"uv":[5.75,4.0625,6.6875,4.375],"rotation":0,"texture":"#0","tintindex":0},"up":{"uv":[5.75,5.0625,4.25,4.125],"rotation":0,"texture":"#0","tintindex":0},"down":{"uv":[6.0,1.375,4.5,2.3125],"rotation":0,"texture":"#0","tintindex":0}}},{"from":[3.8285713,4.7898693,4.285714],"to":[11.257143,5.6470118,6.5714283],"rotation":{"angle":0.0,"axis":"y","origin":[7.542857,3.6470118,11.142858]},"faces":{"east":{"uv":[6.125,2.5,6.5625,2.6875],"rotation":0,"texture":"#0","tintindex":0},"south":{"uv":[5.75,1.1875,7.375,1.375],"rotation":0,"texture":"#0","tintindex":0},"north":{"uv":[5.75,1.0,7.375,1.1875],"rotation":0,"texture":"#0","tintindex":0},"west":{"uv":[1.0,6.1875,1.4375,6.375],"rotation":0,"texture":"#0","tintindex":0},"up":{"uv":[6.125,2.75,4.5,2.3125],"rotation":0,"texture":"#0","tintindex":0},"down":{"uv":[5.875,5.0625,4.25,5.5],"rotation":0,"texture":"#0","tintindex":0}}},{"from":[4.1142855,5.6470118,4.8571424],"to":[10.971429,6.218441,6.857143],"rotation":{"angle":0.0,"axis":"y","origin":[7.542857,3.6470118,11.142858]},"faces":{"east":{"uv":[6.5,5.75,6.9375,5.875],"rotation":0,"texture":"#0","tintindex":0},"south":{"uv":[5.75,4.875,7.25,5.0],"rotation":0,"texture":"#0","tintindex":0},"north":{"uv":[5.75,4.75,7.25,4.875],"rotation":0,"texture":"#0","tintindex":0},"west":{"uv":[6.5,5.875,6.9375,6.0],"rotation":0,"texture":"#0","tintindex":0},"up":{"uv":[4.25,5.9375,2.75,5.5],"rotation":0,"texture":"#0","tintindex":0},"down":{"uv":[7.0,2.75,5.5,3.1875],"rotation":0,"texture":"#0","tintindex":0}}},{"from":[4.1142855,5.6470118,4.5714283],"to":[10.971429,9.932727,4.8571424],"rotation":{"angle":0.0,"axis":"y","origin":[7.542857,3.6470118,11.142858]},"faces":{"east":{"uv":[0.0,7.40625,0.0625,8.34375],"rotation":0,"texture":"#0","tintindex":0},"south":{"uv":[1.625,7.40625,3.125,8.34375],"rotation":0,"texture":"#0","tintindex":0},"north":{"uv":[7.034375,2.7828126,8.534375,3.7203126],"rotation":0,"texture":"#0","tintindex":0},"west":{"uv":[1.5625,7.40625,1.625,8.34375],"rotation":0,"texture":"#0","tintindex":0},"up":{"uv":[1.5625,7.40625,0.0625,7.34375],"rotation":0,"texture":"#0","tintindex":0},"down":{"uv":[3.0625,7.34375,1.5625,7.40625],"rotation":0,"texture":"#0","tintindex":0}}},{"from":[4.1142855,5.6470118,9.142858],"to":[10.971429,6.218441,9.428572],"rotation":{"angle":0.0,"axis":"y","origin":[7.542857,3.6470118,11.142858]},"faces":{"east":{"uv":[4.9375,6.75,5.0,6.875],"rotation":0,"texture":"#0","tintindex":0},"south":{"uv":[6.0,1.375,7.5,1.5],"rotation":0,"texture":"#0","tintindex":0},"north":{"uv":[2.25,5.9375,3.75,6.0625],"rotation":0,"texture":"#0","tintindex":0},"west":{"uv":[5.0,6.75,5.0625,6.875],"rotation":0,"texture":"#0","tintindex":0},"up":{"uv":[7.5,2.3125,6.0,2.25],"rotation":0,"texture":"#0","tintindex":0},"down":{"uv":[7.625,2.3125,6.125,2.375],"rotation":0,"texture":"#0","tintindex":0}}},{"from":[4.1142855,5.6470118,13.714286],"to":[10.971429,6.218441,14.0],"rotation":{"angle":0.0,"axis":"y","origin":[7.542857,3.6470118,11.142858]},"faces":{"east":{"uv":[5.1875,6.75,5.25,6.875],"rotation":0,"texture":"#0","tintindex":0},"south":{"uv":[6.0,1.625,7.5,1.75],"rotation":0,"texture":"#0","tintindex":0},"north":{"uv":[6.0,1.5,7.5,1.625],"rotation":0,"texture":"#0","tintindex":0},"west":{"uv":[5.25,6.75,5.3125,6.875],"rotation":0,"texture":"#0","tintindex":0},"up":{"uv":[7.625,2.4375,6.125,2.375],"rotation":0,"texture":"#0","tintindex":0},"down":{"uv":[7.625,2.4375,6.125,2.5],"rotation":0,"texture":"#0","tintindex":0}}},{"from":[4.1142855,5.6470118,16.285715],"to":[10.971429,6.218441,17.428572],"rotation":{"angle":0.0,"axis":"y","origin":[7.542857,3.6470118,11.142858]},"faces":{"east":{"uv":[1.75,6.6875,2.0,6.8125],"rotation":0,"texture":"#0","tintindex":0},"south":{"uv":[5.875,5.375,7.375,5.5],"rotation":0,"texture":"#0","tintindex":0},"north":{"uv":[5.875,5.25,7.375,5.375],"rotation":0,"texture":"#0","tintindex":0},"west":{"uv":[2.0,6.6875,2.25,6.8125],"rotation":0,"texture":"#0","tintindex":0},"up":{"uv":[7.25,0.5,5.75,0.25],"rotation":0,"texture":"#0","tintindex":0},"down":{"uv":[7.25,0.5,5.75,0.75],"rotation":0,"texture":"#0","tintindex":0}}},{"from":[5.8285713,5.0755835,6.5714283],"to":[9.257143,6.218441,9.428572],"rotation":{"angle":0.0,"axis":"y","origin":[7.542857,3.6470118,11.142858]},"faces":{"east":{"uv":[6.0,2.0,6.625,2.25],"rotation":0,"texture":"#0","tintindex":0},"south":{"uv":[5.75,5.75,6.5,6.0],"rotation":0,"texture":"#0","tintindex":0},"north":{"uv":[5.75,5.5,6.5,5.75],"rotation":0,"texture":"#0","tintindex":0},"west":{"uv":[5.75,6.0,6.375,6.25],"rotation":0,"texture":"#0","tintindex":0},"up":{"uv":[5.0,6.125,4.25,5.5],"rotation":0,"texture":"#0","tintindex":0},"down":{"uv":[5.75,5.5,5.0,6.125],"rotation":0,"texture":"#0","tintindex":0}}},{"from":[5.8285713,5.0755835,13.714286],"to":[9.257143,6.218441,16.57143],"rotation":{"angle":0.0,"axis":"y","origin":[7.542857,3.6470118,11.142858]},"faces":{"east":{"uv":[2.25,6.0625,2.875,6.3125],"rotation":0,"texture":"#0","tintindex":0},"south":{"uv":[5.875,5.0,6.625,5.25],"rotation":0,"texture":"#0","tintindex":0},"north":{"uv":[1.5,5.875,2.25,6.125],"rotation":0,"texture":"#0","tintindex":0},"west":{"uv":[2.875,6.0625,3.5,6.3125],"rotation":0,"texture":"#0","tintindex":0},"up":{"uv":[0.75,6.1875,0.0,5.5625],"rotation":0,"texture":"#0","tintindex":0},"down":{"uv":[1.5,5.5625,0.75,6.1875],"rotation":0,"texture":"#0","tintindex":0}}},{"from":[4.3999996,12.504155,4.5714283],"to":[10.685715,13.075584,17.428572],"rotation":{"angle":0.0,"axis":"y","origin":[7.542857,3.6470118,11.142858]},"faces":{"east":{"uv":[5.75,0.75,8.5625,0.875],"rotation":0,"texture":"#0","tintindex":0},"south":{"uv":[6.0,1.875,7.375,2.0],"rotation":0,"texture":"#0","tintindex":0},"north":{"uv":[6.0,1.75,7.375,1.875],"rotation":0,"texture":"#0","tintindex":0},"west":{"uv":[5.75,0.875,8.5625,1.0],"rotation":0,"texture":"#0","tintindex":0},"up":{"uv":[1.375,5.5625,0.0,2.75],"rotation":0,"texture":"#0","tintindex":0},"down":{"uv":[2.75,2.75,1.375,5.5625],"rotation":0,"texture":"#0","tintindex":0}}},{"from":[10.971429,9.647013,4.8571424],"to":[11.257143,10.218441,5.428571],"rotation":{"angle":0.0,"axis":"y","origin":[7.542857,2.7898693,11.142858]},"faces":{"east":{"uv":[0.6875,6.75,0.8125,6.875],"rotation":0,"texture":"#0",