{"textures":{"0":"modelengine:entity/xwing_transparent"},"elements":[{"from":[5.994529,4.584216,-8.82],"to":[5.994529,5.0070734,-8.185715],"rotation":{"angle":0.0,"axis":"y","origin":[5.888814,4.1613593,6.837143]},"faces":{"east":{"uv":[8.0,6.375,8.375,6.625],"rotation":0,"texture":"#0","tintindex":0},"south":{"uv":[2.375,10.75,2.375,11.0],"rotation":0,"texture":"#0","tintindex":0},"north":{"uv":[2.25,10.75,2.25,11.0],"rotation":0,"texture":"#0","tintindex":0},"west":{"uv":[8.0,6.75,8.375,7.0],"rotation":0,"texture":"#0","tintindex":0},"up":{"uv":[12.375,9.125,12.375,8.75],"rotation":0,"texture":"#0","tintindex":0},"down":{"uv":[12.375,9.25,12.375,9.625],"rotation":0,"texture":"#0","tintindex":0}}},{"from":[4.5145283,7.015645,3.9828568],"to":[7.6859574,8.707074,10.537143],"rotation":{"angle":0.0,"axis":"y","origin":[5.994529,5.852788,6.942857]},"faces":{"east":{"uv":[14.375,2.75,10.5,3.75],"rotation":0,"texture":"#0","tintindex":0},"south":{"uv":[12.875,12.625,14.75,13.625],"rotation":0,"texture":"#0","tintindex":0},"north":{"uv":[12.875,1.625,14.75,2.625],"rotation":0,"texture":"#0","tintindex":0},"west":{"uv":[10.5,2.75,14.375,3.75],"rotation":0,"texture":"#0","tintindex":0},"up":{"uv":[6.375,11.25,4.5,7.375],"rotation":0,"texture":"#0","tintindex":0},"down":{"uv":[8.375,7.375,6.5,11.25],"rotation":0,"texture":"#0","tintindex":0}}},{"from":[5.360243,8.707074,4.9342856],"to":[6.840243,9.1299305,10.325714],"rotation":{"angle":0.0,"axis":"y","origin":[5.994529,5.852788,6.942857]},"faces":{"east":{"uv":[13.625,10.25,16.0,10.5],"rotation":0,"texture":"#0","tintindex":0},"south":{"uv":[0.75,15.125,1.625,15.375],"rotation":0,"texture":"#0","tintindex":0},"north":{"uv":[14.25,15.0,15.125,15.25],"rotation":0,"texture":"#0","tintindex":0},"west":{"uv":[13.625,10.625,16.0,10.875],"rotation":0,"texture":"#0","tintindex":0},"up":{"uv":[2.75,14.375,1.875,11.125],"rotation":0,"texture":"#0","tintindex":0},"down":{"uv":[3.75,11.125,2.875,14.375],"rotation":0,"texture":"#0","tintindex":0}}},{"from":[4.5145283,7.9311185,0.86046124],"to":[7.6859574,9.622547,5.300462],"rotation":{"angle":-22.5,"axis":"x","origin":[5.994529,5.852788,6.942857]},"faces":{"east":{"uv":[10.5,3.875,13.125,4.875],"rotation":0,"texture":"#0","tintindex":0},"south":{"uv":[13.25,3.875,15.125,4.875],"rotation":0,"texture":"#0","tintindex":0},"north":{"uv":[13.125,6.0,15.0,7.0],"rotation":0,"texture":"#0","tintindex":0},"west":{"uv":[8.375,11.5,11.0,12.5],"rotation":0,"texture":"#0","tintindex":0},"up":{"uv":[4.375,11.0,2.5,8.375],"rotation":0,"texture":"#0","tintindex":0},"down":{"uv":[10.375,7.625,8.5,10.25],"rotation":0,"texture":"#0","tintindex":0}}},{"from":[4.3030996,5.0070734,-3.4171429],"to":[7.8973856,7.015645,10.537143],"rotation":{"angle":0.0,"axis":"y","origin":[5.994529,5.852788,6.942857]},"faces":{"east":{"uv":[12.75,1.375,4.5,2.625],"rotation":0,"texture":"#0","tintindex":0},"south":{"uv":[6.125,11.375,8.25,12.625],"rotation":0,"texture":"#0","tintindex":0},"north":{"uv":[3.875,11.375,6.0,12.625],"rotation":0,"texture":"#0","tintindex":0},"west":{"uv":[4.5,1.375,12.75,2.625],"rotation":0,"texture":"#0","tintindex":0},"up":{"uv":[2.125,8.25,0.0,0.0],"rotation":0,"texture":"#0","tintindex":0},"down":{"uv":[4.375,0.0,2.25,8.25],"rotation":0,"texture":"#0","tintindex":0}}},{"from":[4.725957,5.0070734,-11.028572],"to":[7.474529,6.8042164,-3.4171429],"rotation":{"angle":0.0,"axis":"y","origin":[5.994529,5.852788,6.942857]},"faces":{"east":{"uv":[13.0,6.375,8.5,7.5],"rotation":0,"texture":"#0","tintindex":0},"south":{"uv":[8.375,13.625,10.0,14.75],"rotation":0,"texture":"#0","tintindex":0},"north":{"uv":[13.375,11.0,15.0,12.125],"rotation":0,"texture":"#0","tintindex":0},"west":{"uv":[8.5,6.375,13.0,7.5],"rotation":0,"texture":"#0","tintindex":0},"up":{"uv":[6.125,7.25,4.5,2.75],"rotation":0,"texture":"#0","tintindex":0},"down":{"uv":[7.875,2.75,6.25,7.25],"rotation":0,"texture":"#0","tintindex":0}}},{"from":[4.9373856,5.218502,-13.565716],"to":[7.2631,6.4870734,-11.028572],"rotation":{"angle":0.0,"axis":"y","origin":[5.994529,5.852788,6.942857]},"faces":{"east":{"uv":[15.125,13.75,13.625,14.5],"rotation":0,"texture":"#0","tintindex":0},"south":{"uv":[3.875,14.375,5.25,15.125],"rotation":0,"texture":"#0","tintindex":0},"north":{"uv":[14.375,0.0,15.75,0.75],"rotation":0,"texture":"#0","tintindex":0},"west":{"uv":[13.625,13.75,15.125,14.5],"rotation":0,"texture":"#0","tintindex":0},"up":{"uv":[5.25,14.25,3.875,12.75],"rotation":0,"texture":"#0","tintindex":0},"down":{"uv":[6.75,12.75,5.375,14.25],"rotation":0,"texture":"#0","tintindex":0}}},{"from":[3.1371427,8.3171425,9.268572],"to":[4.1942854,9.374286,11.594286],"rotation":{"angle":0.0,"axis":"y","origin":[8.0,8.0,8.0]},"faces":{"east":{"uv":[10.875,15.0,11.75,13.25],"rotation":90,"texture":"#0","tintindex":0},"south":{"uv":[14.5,2.75,15.375,3.625],"rotation":0,"texture":"#0","tintindex":0},"north":{"uv":[1.875,14.5,2.75,15.375],"rotation":0,"texture":"#0","tintindex":0},"west":{"uv":[10.875,13.25,11.75,15.0],"rotation":90,"texture":"#0","tintindex":0},"up":{"uv":[11.75,15.0,10.875,13.25],"rotation":0,"texture":"#0","tintindex":0},"down":{"uv":[11.75,13.25,10.875,15.0],"rotation":0,"texture":"#0","tintindex":0}}},{"from":[2.8200002,8.0,5.7799997],"to":[4.5114284,9.691429,9.268572],"rotation":{"angle":0.0,"axis":"y","origin":[8.0,8.0,8.0]},"faces":{"east":{"uv":[11.125,11.5,13.25,12.5],"rotation":0,"texture":"#0","tintindex":0},"south":{"uv":[6.5,14.375,7.5,15.375],"rotation":0,"texture":"#0","tintindex":0},"north":{"uv":[5.375,14.375,6.375,15.375],"rotation":0,"texture":"#0","tintindex":0},"west":{"uv":[12.375,7.625,14.5,8.625],"rotation":0,"texture":"#0","tintindex":0},"up":{"uv":[13.5,10.875,12.5,8.75],"rotation":0,"texture":"#0","tintindex":0},"down":{"uv":[1.0,12.625,0.0,14.75],"rotation":0,"texture":"#0","tintindex":0}}},{"from":[7.6890574,8.0,5.7799997],"to":[9.380486,9.691429,9.268572],"rotation":{"angle":0.0,"axis":"y","origin":[3.989057,8.0,8.0]},"faces":{"east":{"uv":[14.5,7.625,12.375,8.625],"rotation":0,"texture":"#0","tintindex":0},"south":{"uv":[7.5,14.375,6.5,15.375],"rotation":0,"texture":"#0","tintindex":0},"north":{"uv":[6.375,14.375,5.375,15.375],"rotation":0,"texture":"#0","tintindex":0},"west":{"uv":[13.25,11.5,11.125,12.5],"rotation":0,"texture":"#0","tintindex":0},"up":{"uv":[12.5,10.875,13.5,8.75],"rotation":0,"texture":"#0","tintindex":0},"down":{"uv":[0.0,12.625,1.0,14.75],"rotation":0,"texture":"#0","tintindex":0}}},{"from":[8.0062,8.3171425,9.268572],"to":[9.063343,9.374286,11.594286],"rotation":{"angle":0.0,"axis":"y","origin":[3.989057,8.0,8.0]},"faces":{"east":{"uv":[10.875,15.0,11.75,13.25],"rotation":90,"texture":"#0","tintindex":0},"south":{"uv":[15.375,2.75,14.5,3.625],"rotation":0,"texture":"#0","tintindex":0},"north":{"uv":[2.75,14.5,1.875,15.375],"rotation":0,"texture":"#0","tintindex":0},"west":{"uv":[10.875,13.25,11.75,15.0],"rotation":90,"texture":"#0","tintindex":0},"up":{"uv":[10.875,15.0,11.75,13.25],"rotation":0,"texture":"#0","tintindex":0},"down":{"uv":[10.875,13.25,11.75,15.0],"rotation":0,"texture":"#0","tintindex":0}}},{"from":[7.6890574,4.722857,5.7799997],"to":[9.380486,6.4142857,9.268572],"rotation":{"angle":0.0,"axis":"y","origin":[3.989057,8.0,8.0]},"faces":{"east":{"uv":[14.5,7.625,12.375,8.625],"rotation":0,"texture":"#0","tintindex":0},"south":{"uv":[7.5,14.375,6.5,15.375],"rotation":0,"texture":"#0","tintindex":0},"north":{"uv":[6.375,14.375,5.375,15.375],"rotation":0,"texture":"#0","tintindex":0},"west":{"uv":[13.25,11.5,11.125,12.5],"rotation":0,"texture":"#0","tintindex":0},"up":{"uv":[12.5,10.875,13.5,8.75],"rotation":0,"texture":"#0","tintindex":0},"down":{"uv":[0.0,12.625,1.0,14.75],"rotation":0,"texture":"#0","tintindex":0}}},{"from":[8.0062,5.04,9.268572],"to":[9.063343,6.0971427,11.594286],"rotation":{"angle":0.0,"axis":"y","origin":[3.989057,8.0,8.0]},"faces":{"east":{"uv":[10.875,15.0,11.75,13.25],"rotation":90,"texture":"#0","tintindex":0},