{"textures":{"1":"modelengine:entity/stpatrickcrate"},"elements":[{"from":[7.5376625,3.4208612,9.33332],"to":[8.543377,3.6722894,10.087606],"rotation":{"angle":0.0,"axis":"y","origin":[8.04052,4.0651464,10.164308]},"faces":{"east":{"uv":[9.375,2.25,8.625,2.5],"rotation":0,"texture":"#1","tintindex":0},"south":{"uv":[9.625,1.25,8.625,1.5],"rotation":0,"texture":"#1","tintindex":0},"north":{"uv":[9.625,1.5,8.625,1.75],"rotation":0,"texture":"#1","tintindex":0},"west":{"uv":[9.5,8.625,8.75,8.875],"rotation":0,"texture":"#1","tintindex":0},"up":{"uv":[2.0,7.375,1.0,8.125],"rotation":0,"texture":"#1","tintindex":0},"down":{"uv":[4.25,8.25,3.25,7.5],"rotation":0,"texture":"#1","tintindex":0}}},{"from":[7.6005197,3.5465755,9.396177],"to":[8.480519,4.5522895,10.024749],"rotation":{"angle":0.0,"axis":"y","origin":[8.04052,4.0651464,10.164308]},"faces":{"east":{"uv":[5.75,7.5,5.125,8.5],"rotation":0,"texture":"#1","tintindex":0},"south":{"uv":[7.625,3.0,6.75,4.0],"rotation":0,"texture":"#1","tintindex":0},"north":{"uv":[7.75,0.0,6.875,1.0],"rotation":0,"texture":"#1","tintindex":0},"west":{"uv":[6.375,7.5,5.75,8.5],"rotation":0,"texture":"#1","tintindex":0},"up":{"uv":[8.375,5.5,7.5,6.125],"rotation":0,"texture":"#1","tintindex":0},"down":{"uv":[7.25,8.125,6.375,7.5],"rotation":0,"texture":"#1","tintindex":0}}},{"from":[7.8519483,3.3894324,9.961891],"to":[8.229091,3.7037182,10.150463],"rotation":{"angle":0.0,"axis":"y","origin":[8.04052,4.0651464,10.164308]},"faces":{"east":{"uv":[2.1875,9.375,2.0,9.6875],"rotation":0,"texture":"#1","tintindex":0},"south":{"uv":[9.5,5.5,9.125,5.8125],"rotation":0,"texture":"#1","tintindex":0},"north":{"uv":[9.5,5.875,9.125,6.1875],"rotation":0,"texture":"#1","tintindex":0},"west":{"uv":[2.4375,9.375,2.25,9.6875],"rotation":0,"texture":"#1","tintindex":0},"up":{"uv":[9.75,0.25,9.375,0.4375],"rotation":0,"texture":"#1","tintindex":0},"down":{"uv":[0.875,9.5625,0.5,9.375],"rotation":0,"texture":"#1","tintindex":0}}}],"display":{"head":{"translation":[0.0,-6.4,0.0],"scale":[4.0,4.0,4.0]}}}