{"textures":{"1":"modelengine:entity/stpatrickcrate"},"elements":[{"from":[7.731948,-0.5769434,10.09495],"to":[8.234805,0.051628113,10.346378],"rotation":{"angle":-22.5,"axis":"x","origin":[7.9833765,-0.6936989,10.083641]},"faces":{"east":{"uv":[9.125,5.25,8.875,5.875],"rotation":0,"texture":"#1","tintindex":0},"south":{"uv":[8.375,8.25,7.875,8.875],"rotation":0,"texture":"#1","tintindex":0},"north":{"uv":[0.5,8.375,0.0,9.0],"rotation":0,"texture":"#1","tintindex":0},"west":{"uv":[9.125,5.875,8.875,6.5],"rotation":0,"texture":"#1","tintindex":0},"up":{"uv":[9.625,1.75,9.125,2.0],"rotation":0,"texture":"#1","tintindex":0},"down":{"uv":[9.625,2.25,9.125,2.0],"rotation":0,"texture":"#1","tintindex":0}}},{"from":[7.4805193,-0.20655632,9.189796],"to":[8.486234,0.547729,10.069796],"rotation":{"angle":0.0,"axis":"y","origin":[7.9833765,-0.6936989,10.083641]},"faces":{"east":{"uv":[5.125,7.5,4.25,8.25],"rotation":0,"texture":"#1","tintindex":0},"south":{"uv":[8.25,7.0,7.25,7.75],"rotation":0,"texture":"#1","tintindex":0},"north":{"uv":[1.0,7.375,0.0,8.125],"rotation":0,"texture":"#1","tintindex":0},"west":{"uv":[8.375,4.75,7.5,5.5],"rotation":0,"texture":"#1","tintindex":0},"up":{"uv":[1.0,6.5,0.0,7.375],"rotation":0,"texture":"#1","tintindex":0},"down":{"uv":[2.0,7.375,1.0,6.5],"rotation":0,"texture":"#1","tintindex":0}}},{"from":[7.1662335,0.547729,8.812653],"to":[8.80052,0.7991581,10.4469385],"rotation":{"angle":0.0,"axis":"y","origin":[7.9833765,-0.6936989,10.083641]},"faces":{"east":{"uv":[9.5,4.25,7.875,4.5],"rotation":0,"texture":"#1","tintindex":0},"south":{"uv":[9.5,4.0,7.875,4.25],"rotation":0,"texture":"#1","tintindex":0},"north":{"uv":[9.5,4.5,7.875,4.75],"rotation":0,"texture":"#1","tintindex":0},"west":{"uv":[9.625,1.0,8.0,1.25],"rotation":0,"texture":"#1","tintindex":0},"up":{"uv":[5.375,0.0,3.75,1.625],"rotation":0,"texture":"#1","tintindex":0},"down":{"uv":[5.375,3.25,3.75,1.625],"rotation":0,"texture":"#1","tintindex":0}}},{"from":[7.417662,0.547729,9.064081],"to":[8.549091,1.3020153,10.195511],"rotation":{"angle":0.0,"axis":"y","origin":[7.9833765,-0.6936989,10.083641]},"faces":{"east":{"uv":[8.0,1.0,6.875,1.75],"rotation":0,"texture":"#1","tintindex":0},"south":{"uv":[7.875,4.0,6.75,4.75],"rotation":0,"texture":"#1","tintindex":0},"north":{"uv":[7.875,4.0,6.75,4.75],"rotation":0,"texture":"#1","tintindex":0},"west":{"uv":[8.375,6.25,7.25,7.0],"rotation":0,"texture":"#1","tintindex":0},"up":{"uv":[4.375,6.375,3.25,7.5],"rotation":0,"texture":"#1","tintindex":0},"down":{"uv":[5.5,7.5,4.375,6.375],"rotation":0,"texture":"#1","tintindex":0}}},{"from":[7.386234,0.7991581,9.0012245],"to":[8.58052,1.0505862,10.258368],"rotation":{"angle":0.0,"axis":"y","origin":[7.9833765,-0.6936989,10.083641]},"faces":{"east":{"uv":[6.625,3.0,5.375,3.25],"rotation":0,"texture":"#1","tintindex":0},"south":{"uv":[9.4375,7.25,8.25,7.5],"rotation":0,"texture":"#1","tintindex":0},"north":{"uv":[9.4375,7.5,8.25,7.75],"rotation":0,"texture":"#1","tintindex":0},"west":{"uv":[9.5,7.0,8.25,7.25],"rotation":0,"texture":"#1","tintindex":0}}},{"from":[7.889091,0.7991581,10.132653],"to":[8.329091,1.1134439,10.321224],"rotation":{"angle":0.0,"axis":"y","origin":[7.9833765,-0.6936989,10.083641]},"faces":{"east":{"uv":[1.0625,9.375,0.875,9.6875],"rotation":0,"texture":"#1","tintindex":0},"south":{"uv":[1.1875,9.0,0.75,9.3125],"rotation":0,"texture":"#1","tintindex":0},"north":{"uv":[2.8125,9.0,2.375,9.3125],"rotation":0,"texture":"#1","tintindex":0},"west":{"uv":[1.9375,9.375,1.75,9.6875],"rotation":0,"texture":"#1","tintindex":0},"up":{"uv":[8.4375,9.25,8.0,9.4375],"rotation":0,"texture":"#1","tintindex":0},"down":{"uv":[8.9375,9.4375,8.5,9.25],"rotation":0,"texture":"#1","tintindex":0}}},{"from":[8.337035,-0.60317993,9.830938],"to":[8.714178,-0.22603607,10.082367],"rotation":{"angle":22.5,"axis":"z","origin":[7.9833765,-0.6936989,10.083641]},"faces":{"east":{"uv":[7.625,2.5,7.375,2.875],"rotation":0,"texture":"#1","tintindex":0},"south":{"uv":[0.375,9.0,0.0,9.375],"rotation":0,"texture":"#1","tintindex":0},"north":{"uv":[0.75,9.0,0.375,9.375],"rotation":0,"texture":"#1","tintindex":0},"west":{"uv":[8.375,8.875,8.125,9.25],"rotation":0,"texture":"#1","tintindex":0},"up":{"uv":[7.625,9.25,7.25,9.5],"rotation":0,"texture":"#1","tintindex":0},"down":{"uv":[8.0,9.5,7.625,9.25],"rotation":0,"texture":"#1","tintindex":0}}},{"from":[7.252575,-0.60317993,9.830938],"to":[7.629718,-0.22603607,10.082367],"rotation":{"angle":-22.5,"axis":"z","origin":[7.9833765,-0.6936989,10.083641]},"faces":{"east":{"uv":[8.125,8.875,8.375,9.25],"rotation":0,"texture":"#1","tintindex":0},"south":{"uv":[0.0,9.0,0.375,9.375],"rotation":0,"texture":"#1","tintindex":0},"north":{"uv":[0.375,9.0,0.75,9.375],"rotation":0,"texture":"#1","tintindex":0},"west":{"uv":[7.375,2.5,7.625,2.875],"rotation":0,"texture":"#1","tintindex":0},"up":{"uv":[7.25,9.25,7.625,9.5],"rotation":0,"texture":"#1","tintindex":0},"down":{"uv":[7.625,9.5,8.0,9.25],"rotation":0,"texture":"#1","tintindex":0}}}],"display":{"head":{"translation":[0.0,-6.4,0.0],"scale":[4.0,4.0,4.0]}}}