{"textures":{"0":"modelengine:entity/wyvern_ender"},"elements":[{"from":[6.5714283,7.0,4.1071424],"to":[9.428572,8.142858,8.107142],"rotation":{"angle":0.0,"axis":"y","origin":[8.0,10.116012,9.490927]},"faces":{"east":{"uv":[7.875,2.5625,8.3125,2.6875],"rotation":0,"texture":"#0","tintindex":0},"south":{"uv":[7.4375,9.6875,7.75,9.8125],"rotation":0,"texture":"#0","tintindex":0},"north":{"uv":[9.6875,6.5625,10.0,6.6875],"rotation":0,"texture":"#0","tintindex":0},"west":{"uv":[8.4375,6.5625,8.875,6.6875],"rotation":0,"texture":"#0","tintindex":0},"up":{"uv":[9.3125,4.4375,9.0,4.0],"rotation":0,"texture":"#0","tintindex":0},"down":{"uv":[9.3125,4.5,9.0,4.9375],"rotation":0,"texture":"#0","tintindex":0}}},{"from":[6.714286,8.142858,4.25],"to":[9.285714,9.285714,4.25],"rotation":{"angle":0.0,"axis":"y","origin":[8.0,10.116012,9.490927]},"faces":{"east":{"uv":[8.375,7.0625,8.375,7.1875],"rotation":0,"texture":"#0","tintindex":0},"south":{"uv":[10.0,8.5,9.6875,8.625],"rotation":0,"texture":"#0","tintindex":0},"north":{"uv":[9.6875,8.5,10.0,8.625],"rotation":0,"texture":"#0","tintindex":0},"west":{"uv":[8.4375,7.0625,8.4375,7.1875],"rotation":0,"texture":"#0","tintindex":0},"up":{"uv":[4.0,8.25,3.6875,8.25],"rotation":0,"texture":"#0","tintindex":0},"down":{"uv":[8.875,8.3125,8.5625,8.3125],"rotation":0,"texture":"#0","tintindex":0}}},{"from":[6.714286,8.142858,4.25],"to":[6.714286,9.285714,7.678571],"rotation":{"angle":0.0,"axis":"y","origin":[8.0,10.116012,9.490927]},"faces":{"east":{"uv":[5.625,9.625,5.25,9.75],"rotation":0,"texture":"#0","tintindex":0},"south":{"uv":[5.375,8.875,5.375,9.0],"rotation":0,"texture":"#0","tintindex":0},"north":{"uv":[8.5625,2.5625,8.5625,2.6875],"rotation":0,"texture":"#0","tintindex":0},"west":{"uv":[5.25,9.625,5.625,9.75],"rotation":0,"texture":"#0","tintindex":0},"up":{"uv":[3.3125,10.3125,3.3125,9.9375],"rotation":0,"texture":"#0","tintindex":0},"down":{"uv":[3.375,9.9375,3.375,10.3125],"rotation":0,"texture":"#0","tintindex":0}}},{"from":[9.285714,8.142858,4.25],"to":[9.285714,9.285714,7.678571],"rotation":{"angle":0.0,"axis":"y","origin":[8.0,10.116012,9.490927]},"faces":{"east":{"uv":[5.625,9.625,5.25,9.75],"rotation":0,"texture":"#0","tintindex":0},"south":{"uv":[5.375,8.875,5.375,9.0],"rotation":0,"texture":"#0","tintindex":0},"north":{"uv":[8.5625,2.5625,8.5625,2.6875],"rotation":0,"texture":"#0","tintindex":0},"west":{"uv":[5.25,9.625,5.625,9.75],"rotation":0,"texture":"#0","tintindex":0},"up":{"uv":[3.3125,10.3125,3.3125,9.9375],"rotation":0,"texture":"#0","tintindex":0},"down":{"uv":[3.375,9.9375,3.375,10.3125],"rotation":0,"texture":"#0","tintindex":0}}}],"display":{"head":{"translation":[0.0,-6.4,0.0],"scale":[4.0,4.0,4.0]}}}