{"textures":{"0":"modelengine:entity/wyvern_ender"},"elements":[{"from":[1.1522822,7.6380954,7.0809717],"to":[11.437997,8.209524,8.795258],"rotation":{"angle":22.5,"axis":"y","origin":[6.830475,8.023809,14.462672]},"faces":{"east":{"uv":[9.625,2.75,9.8125,2.8125],"rotation":0,"texture":"#0","tintindex":0},"south":{"uv":[9.375,4.125,10.5,4.1875],"rotation":0,"texture":"#0","tintindex":0},"north":{"uv":[9.375,4.0,10.5,4.0625],"rotation":0,"texture":"#0","tintindex":0},"west":{"uv":[9.6875,6.75,9.875,6.8125],"rotation":0,"texture":"#0","tintindex":0},"up":{"uv":[9.375,3.6875,8.25,3.5],"rotation":0,"texture":"#0","tintindex":0},"down":{"uv":[9.375,3.5,8.25,3.6875],"rotation":0,"texture":"#0","tintindex":0}}},{"from":[-8.1620655,7.595238,5.469919],"to":[4.4093637,8.195238,7.184205],"rotation":{"angle":45.0,"axis":"y","origin":[6.830475,8.023809,14.462671]},"faces":{"east":{"uv":[9.8125,3.875,10.0,3.9375],"rotation":0,"texture":"#0","tintindex":0},"south":{"uv":[9.0625,3.0,10.4375,3.0625],"rotation":0,"texture":"#0","tintindex":0},"north":{"uv":[9.0625,2.875,10.4375,2.9375],"rotation":0,"texture":"#0","tintindex":0},"west":{"uv":[9.875,2.75,10.0625,2.8125],"rotation":0,"texture":"#0","tintindex":0},"up":{"uv":[9.125,1.3125,7.75,1.125],"rotation":0,"texture":"#0","tintindex":0},"down":{"uv":[9.125,1.125,7.75,1.3125],"rotation":0,"texture":"#0","tintindex":0}}},{"from":[-11.431555,8.180952,5.714284],"to":[7.997018,8.180952,32.0],"rotation":{"angle":0.0,"axis":"y","origin":[13.717468,12.886158,9.051407]},"faces":{"east":{"uv":[9.9375,6.8125,12.8125,6.8125],"rotation":0,"texture":"#0","tintindex":0},"south":{"uv":[9.9375,8.25,12.0625,8.25],"rotation":0,"texture":"#0","tintindex":0},"north":{"uv":[9.9375,6.75,12.0625,6.75],"rotation":0,"texture":"#0","tintindex":0},"west":{"uv":[9.9375,8.3125,12.8125,8.3125],"rotation":0,"texture":"#0","tintindex":0},"up":{"uv":[2.125,2.875,0.0,0.0],"rotation":0,"texture":"#0","tintindex":0},"down":{"uv":[2.125,0.0,0.0,2.875],"rotation":0,"texture":"#0","tintindex":0}}}],"display":{"head":{"translation":[0.0,-6.4,4.9440994],"scale":[4.0,4.0,4.0]}}}