{"textures":{"0":"modelengine:entity/wyvern_ender"},"elements":[{"from":[10.217041,7.58,2.2082806],"to":[20.502756,8.18,3.9225664],"rotation":{"angle":45.0,"axis":"y","origin":[15.436075,8.022857,9.279829]},"faces":{"east":{"uv":[4.0,9.0,3.8125,9.0625],"rotation":0,"texture":"#0","tintindex":0},"south":{"uv":[10.375,6.875,9.25,6.9375],"rotation":0,"texture":"#0","tintindex":0},"north":{"uv":[10.3125,2.0,9.1875,2.0625],"rotation":0,"texture":"#0","tintindex":0},"west":{"uv":[6.0,8.375,5.8125,8.4375],"rotation":0,"texture":"#0","tintindex":0},"up":{"uv":[7.75,3.9375,8.875,3.75],"rotation":0,"texture":"#0","tintindex":0},"down":{"uv":[7.75,3.75,8.875,3.9375],"rotation":0,"texture":"#0","tintindex":0}}},{"from":[7.9981036,8.165714,1.1028695],"to":[14.283818,8.165714,26.817158],"rotation":{"angle":0.0,"axis":"y","origin":[15.436075,8.022857,9.279829]},"faces":{"east":{"uv":[12.75,1.9375,9.9375,1.9375],"rotation":0,"texture":"#0","tintindex":0},"south":{"uv":[10.625,1.875,9.9375,1.875],"rotation":0,"texture":"#0","tintindex":0},"north":{"uv":[10.625,1.0,9.9375,1.0],"rotation":0,"texture":"#0","tintindex":0},"west":{"uv":[12.75,1.8125,9.9375,1.8125],"rotation":0,"texture":"#0","tintindex":0},"up":{"uv":[5.4375,5.4375,6.125,2.625],"rotation":0,"texture":"#0","tintindex":0},"down":{"uv":[5.4375,2.625,6.125,5.4375],"rotation":0,"texture":"#0","tintindex":0}}}],"display":{"head":{"translation":[0.0,-6.4,0.0],"scale":[4.0,4.0,4.0]}}}