{"textures":{"0":"modelengine:entity/wyvern_ender"},"elements":[{"from":[6.857143,4.3202734,7.141691],"to":[9.142858,7.7488446,13.427406],"rotation":{"angle":45.0,"axis":"x","origin":[7.714286,6.098915,10.253783]},"faces":{"east":{"uv":[7.6875,6.3125,8.375,6.6875],"rotation":0,"texture":"#0","tintindex":0},"south":{"uv":[7.125,9.1875,7.375,9.5625],"rotation":0,"texture":"#0","tintindex":0},"north":{"uv":[7.125,9.1875,7.375,9.5625],"rotation":0,"texture":"#0","tintindex":0},"west":{"uv":[7.75,0.6875,8.4375,1.0625],"rotation":0,"texture":"#0","tintindex":0},"up":{"uv":[8.3125,9.3125,8.0625,8.625],"rotation":0,"texture":"#0","tintindex":0},"down":{"uv":[8.3125,8.625,8.0625,9.3125],"rotation":0,"texture":"#0","tintindex":0}}},{"from":[8.0,7.7488446,7.141691],"to":[8.0,10.605988,13.427406],"rotation":{"angle":45.0,"axis":"x","origin":[8.857143,6.098915,10.253783]},"faces":{"east":{"uv":[8.9375,3.125,8.25,3.4375],"rotation":0,"texture":"#0","tintindex":0},"south":{"uv":[1.0625,9.9375,1.0625,10.25],"rotation":0,"texture":"#0","tintindex":0},"north":{"uv":[1.0,9.9375,1.0,10.25],"rotation":0,"texture":"#0","tintindex":0},"west":{"uv":[8.25,3.125,8.9375,3.4375],"rotation":0,"texture":"#0","tintindex":0},"up":{"uv":[1.4375,10.625,1.4375,9.9375],"rotation":0,"texture":"#0","tintindex":0},"down":{"uv":[1.5,9.9375,1.5,10.625],"rotation":0,"texture":"#0","tintindex":0}}}],"display":{"head":{"translation":[0.0,-6.4,0.0],"scale":[4.0,4.0,4.0]}}}