{"textures":{"0":"modelengine:entity/nocsy_fpv2_ghoul"},"elements":[{"from":[7.1234083,6.4948463,5.982239],"to":[8.95198,8.323418,8.382238],"rotation":{"angle":22.5,"axis":"x","origin":[8.036242,7.1806436,7.18824]},"faces":{"east":{"uv":[9.875,9.0,10.375,9.375],"rotation":0,"texture":"#0","tintindex":0},"south":{"uv":[10.25,10.0,10.625,10.375],"rotation":0,"texture":"#0","tintindex":0},"north":{"uv":[10.25,9.5,10.625,9.875],"rotation":0,"texture":"#0","tintindex":0},"west":{"uv":[10.0,4.875,10.5,5.25],"rotation":0,"texture":"#0","tintindex":0},"up":{"uv":[10.5,4.625,10.125,4.125],"rotation":0,"texture":"#0","tintindex":0},"down":{"uv":[5.25,10.125,4.875,10.625],"rotation":0,"texture":"#0","tintindex":0}}},{"from":[7.315381,6.75303,2.5844197],"to":[7.315381,8.467316,6.5844197],"rotation":{"angle":-45.0,"axis":"z","origin":[7.4652443,7.458255,4.5025253]},"faces":{"east":{"uv":[5.0,9.625,5.875,10.0],"rotation":0,"texture":"#0","tintindex":0},"south":{"uv":[6.0,8.75,6.0,9.125],"rotation":0,"texture":"#0","tintindex":0},"north":{"uv":[2.5,8.25,2.5,8.625],"rotation":0,"texture":"#0","tintindex":0},"west":{"uv":[9.75,3.125,10.625,3.5],"rotation":0,"texture":"#0","tintindex":0},"up":{"uv":[9.125,11.125,9.125,10.25],"rotation":0,"texture":"#0","tintindex":0},"down":{"uv":[2.0,10.375,2.0,11.25],"rotation":0,"texture":"#0","tintindex":0}}},{"from":[8.829346,6.7509756,2.5844197],"to":[8.829346,8.465261,6.5844197],"rotation":{"angle":45.0,"axis":"z","origin":[8.677427,7.458255,4.5025253]},"faces":{"east":{"uv":[3.375,9.75,4.25,10.125],"rotation":0,"texture":"#0","tintindex":0},"south":{"uv":[6.25,8.75,6.25,9.125],"rotation":0,"texture":"#0","tintindex":0},"north":{"uv":[6.125,8.75,6.125,9.125],"rotation":0,"texture":"#0","tintindex":0},"west":{"uv":[9.75,3.625,10.625,4.0],"rotation":0,"texture":"#0","tintindex":0},"up":{"uv":[2.125,11.25,2.125,10.375],"rotation":0,"texture":"#0","tintindex":0},"down":{"uv":[2.25,10.375,2.25,11.25],"rotation":0,"texture":"#0","tintindex":0}}}],"display":{"head":{"translation":[0.0,-6.4,0.0],"scale":[4.0,4.0,4.0]}}}