{"textures":{"0":"modelengine:entity/fireaxolotl"},"elements":[{"name":"cube","from":[6.6052923,7.195673,6.302885],"to":[9.605293,8.395674,8.102885],"rotation":{"angle":0.0,"axis":"x","origin":[12.305293,10.795673,14.702885]},"faces":{"down":{"uv":[10.375,0.625,11.0,1.0],"rotation":0,"texture":"#0","tintindex":0},"east":{"uv":[11.0,0.25,10.625,0.5],"rotation":0,"texture":"#0","tintindex":0},"north":{"uv":[11.125,1.875,10.5,2.125],"rotation":0,"texture":"#0","tintindex":0},"south":{"uv":[11.125,2.125,10.5,2.375],"rotation":0,"texture":"#0","tintindex":0},"up":{"uv":[10.25,8.75,10.875,8.375],"rotation":0,"texture":"#0","tintindex":0},"west":{"uv":[11.0,0.0,10.625,0.25],"rotation":0,"texture":"#0","tintindex":0}}},{"name":"cube","from":[4.805292,7.195673,6.6028852],"to":[6.6052923,7.7956734,7.802885],"rotation":{"angle":0.0,"axis":"x","origin":[12.305293,10.795673,14.702885]},"faces":{"down":{"uv":[5.25,10.625,5.625,10.875],"rotation":0,"texture":"#0","tintindex":0},"east":{"uv":[5.875,10.625,5.625,10.75],"rotation":0,"texture":"#0","tintindex":0},"north":{"uv":[10.25,8.625,9.875,8.75],"rotation":0,"texture":"#0","tintindex":0},"south":{"uv":[10.875,2.375,10.5,2.5],"rotation":0,"texture":"#0","tintindex":0},"up":{"uv":[4.875,10.875,5.25,10.625],"rotation":0,"texture":"#0","tintindex":0},"west":{"uv":[3.125,10.625,2.875,10.75],"rotation":0,"texture":"#0","tintindex":0}}},{"name":"cube","from":[9.605293,7.195673,6.6028852],"to":[11.4052925,7.7956734,7.802885],"rotation":{"angle":0.0,"axis":"x","origin":[12.305293,10.795673,14.702885]},"faces":{"down":{"uv":[10.625,9.125,11.0,9.375],"rotation":0,"texture":"#0","tintindex":0},"east":{"uv":[10.875,9.375,10.625,9.5],"rotation":0,"texture":"#0","tintindex":0},"north":{"uv":[11.0,0.5,10.625,0.625],"rotation":0,"texture":"#0","tintindex":0},"south":{"uv":[11.0,4.75,10.625,4.875],"rotation":0,"texture":"#0","tintindex":0},"up":{"uv":[9.0,10.875,9.375,10.625],"rotation":0,"texture":"#0","tintindex":0},"west":{"uv":[9.625,10.625,9.375,10.75],"rotation":0,"texture":"#0","tintindex":0}}},{"name":"cube","from":[7.5052924,7.195673,4.502885],"to":[8.705293,7.7956734,6.302885],"rotation":{"angle":0.0,"axis":"x","origin":[12.305293,10.795673,14.702885]},"faces":{"down":{"uv":[6.625,10.375,6.875,10.75],"rotation":0,"texture":"#0","tintindex":0},"east":{"uv":[10.125,8.125,9.75,8.25],"rotation":0,"texture":"#0","tintindex":0},"north":{"uv":[9.25,10.0,9.0,10.125],"rotation":0,"texture":"#0","tintindex":0},"south":{"uv":[3.375,10.125,3.125,10.25],"rotation":0,"texture":"#0","tintindex":0},"up":{"uv":[1.25,10.5,1.5,10.125],"rotation":0,"texture":"#0","tintindex":0},"west":{"uv":[9.875,8.625,9.5,8.75],"rotation":0,"texture":"#0","tintindex":0}}}],"display":{"head":{"translation":[0.0,-6.4,0.0],"rotation":[0.0,0.0,0.0],"scale":[3.8095,3.8095,3.8095]}}}
