{"textures":{"0":"modelengine:entity/fireaxolotl"},"elements":[{"from":[5.714286,1.4705343,4.4279637],"to":[7.428571,3.1848202,8.427964],"rotation":{"angle":0.0,"axis":"y","origin":[10.571428,4.899106,10.713678]},"faces":{"east":{"uv":[0.875,10.125,0.0,10.5],"rotation":0,"texture":"#0","tintindex":0},"south":{"uv":[8.0,10.5,7.625,10.875],"rotation":0,"texture":"#0","tintindex":0},"north":{"uv":[7.625,10.5,7.25,10.875],"rotation":0,"texture":"#0","tintindex":0},"west":{"uv":[7.25,1.25,6.375,1.625],"rotation":0,"texture":"#0","tintindex":0},"up":{"uv":[5.875,5.875,6.25,5.0],"rotation":0,"texture":"#0","tintindex":0},"down":{"uv":[0.875,10.125,1.25,11.0],"rotation":0,"texture":"#0","tintindex":0}}},{"from":[5.714286,3.1848202,5.570821],"to":[7.428571,5.4705343,8.427964],"rotation":{"angle":0.0,"axis":"y","origin":[10.571428,4.899106,10.713678]},"faces":{"east":{"uv":[9.625,10.125,9.0,10.625],"rotation":0,"texture":"#0","tintindex":0},"south":{"uv":[2.125,10.5,1.75,11.0],"rotation":0,"texture":"#0","tintindex":0},"north":{"uv":[0.875,10.5,0.5,11.0],"rotation":0,"texture":"#0","tintindex":0},"west":{"uv":[8.375,0.75,7.75,1.25],"rotation":0,"texture":"#0","tintindex":0},"up":{"uv":[10.25,9.75,10.625,9.125],"rotation":0,"texture":"#0","tintindex":0},"down":{"uv":[10.25,9.75,10.625,10.375],"rotation":0,"texture":"#0","tintindex":0}}},{"from":[5.714286,5.4705343,5.570821],"to":[9.142858,9.470534,9.570821],"rotation":{"angle":0.0,"axis":"y","origin":[10.571428,4.899106,10.713678]},"faces":{"east":{"uv":[7.5,9.125,6.625,10.0],"rotation":0,"texture":"#0","tintindex":0},"south":{"uv":[9.25,9.125,8.5,10.0],"rotation":0,"texture":"#0","tintindex":0},"north":{"uv":[4.875,7.5,4.125,8.375],"rotation":0,"texture":"#0","tintindex":0},"west":{"uv":[6.625,9.125,5.75,10.0],"rotation":0,"texture":"#0","tintindex":0},"up":{"uv":[0.0,10.125,0.75,9.25],"rotation":0,"texture":"#0","tintindex":0},"down":{"uv":[0.75,9.25,1.5,10.125],"rotation":0,"texture":"#0","tintindex":0}}}],"display":{"head":{"translation":[0.0,-6.4,0.0],"scale":[4.0,4.0,4.0]}}}