{"textures":{"0":"modelengine:entity/winterbeast"},"elements":[{"from":[13.360743,12.08675,0.79999924],"to":[15.417885,15.172464,2.8571424],"rotation":{"angle":0.0,"axis":"y","origin":[31.875027,2.829607,8.0]},"faces":{"east":{"uv":[8.5,1.625,8.75,2.0],"rotation":0,"texture":"#0","tintindex":0},"south":{"uv":[9.875,9.5,10.125,9.875],"rotation":0,"texture":"#0","tintindex":0},"north":{"uv":[8.375,5.625,8.625,6.0],"rotation":0,"texture":"#0","tintindex":0},"west":{"uv":[10.375,1.25,10.625,1.625],"rotation":0,"texture":"#0","tintindex":0},"up":{"uv":[12.5,11.875,12.25,11.625],"rotation":0,"texture":"#0","tintindex":0},"down":{"uv":[12.5,11.875,12.25,12.125],"rotation":0,"texture":"#0","tintindex":0}}},{"from":[28.5836,25.663895,1.5714283],"to":[29.612171,29.77818,2.6],"rotation":{"angle":45.0,"axis":"z","origin":[31.875027,2.829607,8.0]},"faces":{"east":{"uv":[6.375,8.875,6.5,9.375],"rotation":0,"texture":"#0","tintindex":0},"south":{"uv":[6.375,9.375,6.5,9.875],"rotation":0,"texture":"#0","tintindex":0},"north":{"uv":[0.875,8.875,1.0,9.375],"rotation":0,"texture":"#0","tintindex":0},"west":{"uv":[9.875,0.0,10.0,0.5],"rotation":0,"texture":"#0","tintindex":0},"up":{"uv":[6.625,5.125,6.5,5.0],"rotation":0,"texture":"#0","tintindex":0},"down":{"uv":[6.75,5.0,6.625,5.125],"rotation":0,"texture":"#0","tintindex":0}}},{"from":[19.328514,20.523094,13.402058],"to":[21.381542,23.604694,14.426515],"rotation":{"angle":22.5,"axis":"z","origin":[31.875027,2.829607,19.828571]},"faces":{"east":{"uv":[1.0,5.5,1.125,5.875],"rotation":0,"texture":"#0","tintindex":0},"south":{"uv":[11.125,10.5,11.375,10.875],"rotation":0,"texture":"#0","tintindex":0},"north":{"uv":[10.875,9.25,11.125,9.625],"rotation":0,"texture":"#0","tintindex":0},"west":{"uv":[8.625,5.625,8.75,6.0],"rotation":0,"texture":"#0","tintindex":0},"up":{"uv":[6.125,5.125,5.875,5.0],"rotation":0,"texture":"#0","tintindex":0},"down":{"uv":[4.875,6.125,4.625,6.25],"rotation":0,"texture":"#0","tintindex":0}}},{"from":[28.5836,25.663895,13.4],"to":[29.612171,29.77818,14.428572],"rotation":{"angle":45.0,"axis":"z","origin":[31.875027,2.829607,19.828571]},"faces":{"east":{"uv":[7.75,10.75,7.875,11.25],"rotation":0,"texture":"#0","tintindex":0},"south":{"uv":[1.875,10.875,2.0,11.375],"rotation":0,"texture":"#0","tintindex":0},"north":{"uv":[1.875,10.375,2.0,10.875],"rotation":0,"texture":"#0","tintindex":0},"west":{"uv":[7.75,11.25,7.875,11.75],"rotation":0,"texture":"#0","tintindex":0},"up":{"uv":[6.875,5.125,6.75,5.0],"rotation":0,"texture":"#0","tintindex":0},"down":{"uv":[7.0,5.0,6.875,5.125],"rotation":0,"texture":"#0","tintindex":0}}},{"from":[13.360743,12.08675,13.142858],"to":[15.417885,15.172464,15.200001],"rotation":{"angle":0.0,"axis":"y","origin":[31.875027,2.829607,20.342857]},"faces":{"east":{"uv":[10.5,12.125,10.75,12.5],"rotation":0,"texture":"#0","tintindex":0},"south":{"uv":[10.75,12.125,11.0,12.5],"rotation":0,"texture":"#0","tintindex":0},"north":{"uv":[10.25,12.125,10.5,12.5],"rotation":0,"texture":"#0","tintindex":0},"west":{"uv":[11.0,12.125,11.25,12.5],"rotation":0,"texture":"#0","tintindex":0},"up":{"uv":[6.5,12.625,6.25,12.375],"rotation":0,"texture":"#0","tintindex":0},"down":{"uv":[6.75,12.375,6.5,12.625],"rotation":0,"texture":"#0","tintindex":0}}},{"from":[19.328514,20.523094,1.5734854],"to":[21.381542,23.604694,2.5979428],"rotation":{"angle":22.5,"axis":"z","origin":[31.875027,2.829607,8.0]},"faces":{"east":{"uv":[8.75,1.625,8.875,2.0],"rotation":0,"texture":"#0","tintindex":0},"south":{"uv":[12.125,12.125,12.375,12.5],"rotation":0,"texture":"#0","tintindex":0},"north":{"uv":[11.25,12.125,11.5,12.5],"rotation":0,"texture":"#0","tintindex":0},"west":{"uv":[0.875,9.375,1.0,9.75],"rotation":0,"texture":"#0","tintindex":0},"up":{"uv":[5.125,6.25,4.875,6.125],"rotation":0,"texture":"#0","tintindex":0},"down":{"uv":[6.375,5.0,6.125,5.125],"rotation":0,"texture":"#0","tintindex":0}}},{"from":[12.259487,15.762362,4.9142857],"to":[12.259487,17.819506,11.085714],"rotation":{"angle":0.0,"axis":"y","origin":[22.545202,-6.866211,8.0]},"faces":{"east":{"uv":[9.0,8.75,9.75,9.0],"rotation":0,"texture":"#0","tintindex":0},"south":{"uv":[0.0,0.0,0.0,0.25],"rotation":0,"texture":"#0","tintindex":0},"north":{"uv":[0.0,0.0,0.0,0.25],"rotation":0,"texture":"#0","tintindex":0},"west":{"uv":[9.75,8.75,9.0,9.0],"rotation":0,"texture":"#0","tintindex":0},"up":{"uv":[0.0,0.75,0.0,0.0],"rotation":0,"texture":"#0","tintindex":0},"down":{"uv":[0.0,0.0,0.0,0.75],"rotation":0,"texture":"#0","tintindex":0}}},{"from":[9.173773,15.762362,8.0],"to":[15.3452015,17.819506,8.0],"rotation":{"angle":0.0,"axis":"y","origin":[22.545202,-6.866211,8.0]},"faces":{"east":{"uv":[0.0,0.0,0.0,0.25],"rotation":0,"texture":"#0","tintindex":0},"south":{"uv":[9.75,8.75,9.0,9.0],"rotation":0,"texture":"#0","tintindex":0},"north":{"uv":[9.0,8.75,9.75,9.0],"rotation":0,"texture":"#0","tintindex":0},"west":{"uv":[0.0,0.0,0.0,0.25],"rotation":0,"texture":"#0","tintindex":0},"up":{"uv":[0.75,0.0,0.0,0.0],"rotation":0,"texture":"#0","tintindex":0},"down":{"uv":[0.75,0.0,0.0,0.0],"rotation":0,"texture":"#0","tintindex":0}}},{"from":[7.11663,7.53379,2.8571424],"to":[17.402346,15.762362,13.142858],"rotation":{"angle":0.0,"axis":"y","origin":[22.545202,-6.866211,8.0]},"faces":{"east":{"uv":[6.625,2.0,7.875,3.0],"rotation":0,"texture":"#0","tintindex":0},"south":{"uv":[1.25,6.75,2.5,7.75],"rotation":0,"texture":"#0","tintindex":0},"north":{"uv":[6.25,1.0,7.5,2.0],"rotation":0,"texture":"#0","tintindex":0},"west":{"uv":[6.75,0.0,8.0,1.0],"rotation":0,"texture":"#0","tintindex":0},"up":{"uv":[2.625,1.25,1.375,0.0],"rotation":0,"texture":"#0","tintindex":0},"down":{"uv":[3.375,5.5,2.125,6.75],"rotation":0,"texture":"#0","tintindex":0}}},{"from":[17.402346,9.590933,-5.3714285],"to":[18.430916,13.705219,-2.285715],"rotation":{"angle":45.0,"axis":"y","origin":[22.545202,-6.866211,8.0]},"faces":{"east":{"uv":[4.75,3.25,5.125,3.75],"rotation":0,"texture":"#0","tintindex":0},"south":{"uv":[1.5,12.25,1.625,12.75],"rotation":0,"texture":"#0","tintindex":0},"north":{"uv":[9.625,11.375,9.75,11.875],"rotation":0,"texture":"#0","tintindex":0},"west":{"uv":[9.375,3.25,9.75,3.75],"rotation":0,"texture":"#0","tintindex":0},"up":{"uv":[10.0,0.875,9.875,0.5],"rotation":0,"texture":"#0","tintindex":0},"down":{"uv":[10.25,9.5,10.125,9.875],"rotation":0,"texture":"#0","tintindex":0}}},{"from":[17.402346,9.590933,18.285715],"to":[18.430916,13.705219,21.37143],"rotation":{"angle":-45.0,"axis":"y","origin":[22.545202,-6.866211,8.0]},"faces":{"east":{"uv":[7.5,11.875,7.875,12.375],"rotation":0,"texture":"#0","tintindex":0},"south":{"uv":[7.125,12.375,7.25,12.875],"rotation":0,"texture":"#0","tintindex":0},"north":{"uv":[7.0,12.375,7.125,12.875],"rotation":0,"texture":"#0","tintindex":0},"west":{"uv":[9.875,11.875,10.25,12.375],"rotation":0,"texture":"#0","tintindex":0},"up":{"uv":[9.0,11.375,8.875,11.0],"rotation":0,"texture":"#0","tintindex":0},"down":{"uv":[11.5,10.5,11.375,10.875],"rotation":0,"texture":"#0","tintindex":0}}},{"from":[22.545202,9.590933,6.9714284],"to":[24.602346,11.648076,9.028571],"rotation":{"angle":22.5,"axis":"z","origin":[22.545202,-6.866211,8.0]},"faces":{"east":{"uv":[7.5,12.375,7.75,12.625],"rotation":0,"texture":"#0","tintindex":0},"south":{"uv":[7.75,12.375,8.0,12.625],"rotation":0,"texture":"#0","tintindex":0},"north":{"uv":[7.25,12.375,7.5,12.625],"rotation":0,"texture":"#0","tintindex":0},"west":{"uv":[8.0,12.375,8.25,12.625],"rotation":0,"texture":"#0","tintindex":0},"up":{"uv":[8.5,12.625,8.25,12.375],"rotation":0,"texture":"#0","tintindex":0},"down":{"uv":[8.75,12.375,8.5,12.625],"rotation":0,"texture":"#0","tintindex":0}}},{"from":[17.402346,11.648076,2.8571424],"to":[18.430916,13.705219,13.142858],"rotation":{"angle":0.0,"axis":"y","origin":[22.545202,-6.866211,8.0]},"faces":{"east":{"uv":[11.5,5.75,12.75,6.0],"rotation":0,"texture":"#0","tintindex":0},"south":{"uv":[1.875,11.375,2.0,11.625],"rotation":0,"texture":"#0","tintindex":0},