{"textures":{"0":"modelengine:entity/lr_cinderbite"},"elements":[{"from":[8.0,8.863396,7.7994394],"to":[8.0,10.006253,11.228011],"rotation":{"angle":0.0,"axis":"y","origin":[8.0,9.149111,9.513725]},"faces":{"east":{"uv":[11.258,12.508,12.742,12.992],"rotation":0,"texture":"#0","tintindex":0},"south":{"uv":[0.008,0.008,0.008,0.492],"rotation":0,"texture":"#0","tintindex":0},"north":{"uv":[0.008,0.008,0.008,0.492],"rotation":0,"texture":"#0","tintindex":0},"west":{"uv":[12.742,12.508,11.258,12.992],"rotation":0,"texture":"#0","tintindex":0},"up":{"uv":[0.008,1.492,0.008,0.008],"rotation":0,"texture":"#0","tintindex":0},"down":{"uv":[0.008,0.008,0.008,1.492],"rotation":0,"texture":"#0","tintindex":0}}},{"from":[6.857143,7.1491103,7.7994394],"to":[9.142858,8.863396,11.228011],"rotation":{"angle":0.0,"axis":"y","origin":[8.0,9.149111,9.513725]},"faces":{"east":{"uv":[12.508,1.008,13.992,1.742],"rotation":0,"texture":"#0","tintindex":0},"south":{"uv":[4.258,7.758,5.242,8.492],"rotation":0,"texture":"#0","tintindex":0},"north":{"uv":[2.508,7.008,3.492,7.742],"rotation":0,"texture":"#0","tintindex":0},"west":{"uv":[12.508,1.758,13.992,2.492],"rotation":0,"texture":"#0","tintindex":0},"up":{"uv":[7.742,12.992,6.758,11.508],"rotation":0,"texture":"#0","tintindex":0},"down":{"uv":[0.992,11.758,0.008,13.242],"rotation":0,"texture":"#0","tintindex":0}}}],"display":{"head":{"translation":[0.0,-6.4,0.0],"scale":[4.0,4.0,4.0]}}}