{"textures":{"0":"modelengine:entity/golemking_corrupted_damage"},"elements":[{"from":[8.0,3.142857,6.285714],"to":[11.428572,8.285714,9.714286],"rotation":{"angle":0.0,"axis":"y","origin":[33.14286,20.285715,-4.8571434]},"faces":{"east":{"uv":[2.9375,12.0625,3.3125,12.625],"rotation":0,"texture":"#0","tintindex":0},"south":{"uv":[4.0,12.0625,4.375,12.625],"rotation":0,"texture":"#0","tintindex":0},"north":{"uv":[12.0,11.8125,12.375,12.375],"rotation":0,"texture":"#0","tintindex":0},"west":{"uv":[12.0625,6.5625,12.4375,7.125],"rotation":0,"texture":"#0","tintindex":0},"up":{"uv":[12.6875,9.75,12.3125,9.375],"rotation":0,"texture":"#0","tintindex":0},"down":{"uv":[10.0625,12.3125,9.6875,12.6875],"rotation":0,"texture":"#0","tintindex":0}}}],"display":{"head":{"translation":[0.0,-6.4,0.0],"scale":[4.0,4.0,4.0]}}}