{"textures":{"0":"modelengine:entity/golemking_corrupted_damage"},"elements":[{"from":[5.428571,6.714286,4.285714],"to":[10.571428,13.0,8.857143],"rotation":{"angle":0.0,"axis":"y","origin":[6.0,-8.1428585,-0.8571434]},"faces":{"east":{"uv":[7.875,11.0,8.375,11.6875],"rotation":0,"texture":"#0","tintindex":0},"south":{"uv":[10.875,0.625,11.4375,1.3125],"rotation":0,"texture":"#0","tintindex":0},"north":{"uv":[10.625,10.8125,11.1875,11.5],"rotation":0,"texture":"#0","tintindex":0},"west":{"uv":[0.5,11.0625,1.0,11.75],"rotation":0,"texture":"#0","tintindex":0},"up":{"uv":[11.875,10.125,11.3125,9.625],"rotation":0,"texture":"#0","tintindex":0},"down":{"uv":[11.9375,0.0,11.375,0.5],"rotation":0,"texture":"#0","tintindex":0}}},{"from":[7.142857,6.714286,3.142857],"to":[8.857143,10.142858,4.285714],"rotation":{"angle":0.0,"axis":"y","origin":[6.0,-8.1428585,-0.8571434]},"faces":{"east":{"uv":[4.375,5.8125,4.5,6.1875],"rotation":0,"texture":"#0","tintindex":0},"south":{"uv":[7.1875,4.4375,7.375,4.8125],"rotation":0,"texture":"#0","tintindex":0},"north":{"uv":[1.4375,2.5,1.625,2.875],"rotation":0,"texture":"#0","tintindex":0},"west":{"uv":[6.4375,3.4375,6.5625,3.8125],"rotation":0,"texture":"#0","tintindex":0},"up":{"uv":[1.625,3.0,1.4375,2.875],"rotation":0,"texture":"#0","tintindex":0},"down":{"uv":[5.375,2.4375,5.1875,2.5625],"rotation":0,"texture":"#0","tintindex":0}}}],"display":{"head":{"translation":[0.0,-6.4,0.0],"scale":[4.0,4.0,4.0]}}}