{"textures":{"0":"modelengine:entity/golemking_corrupted_damage"},"elements":[{"from":[5.1596785,4.285714,1.1428566],"to":[10.840322,11.714286,5.714286],"rotation":{"angle":45.0,"axis":"y","origin":[8.0,9.428572,8.0]},"faces":{"east":{"uv":[3.5,10.125,4.0,10.9375],"rotation":0,"texture":"#0","tintindex":0},"south":{"uv":[9.375,3.375,10.0,4.1875],"rotation":0,"texture":"#0","tintindex":0},"north":{"uv":[3.5625,9.3125,4.1875,10.125],"rotation":0,"texture":"#0","tintindex":0},"west":{"uv":[10.1875,2.1875,10.6875,3.0],"rotation":0,"texture":"#0","tintindex":0},"up":{"uv":[11.875,3.375,11.25,2.875],"rotation":0,"texture":"#0","tintindex":0},"down":{"uv":[11.875,3.375,11.25,3.875],"rotation":0,"texture":"#0","tintindex":0}}},{"from":[5.1596785,4.285714,1.1428566],"to":[10.840322,11.714286,5.714286],"rotation":{"angle":0.0,"axis":"y","origin":[8.0,9.428572,8.0]},"faces":{"east":{"uv":[10.25,0.0,10.75,0.8125],"rotation":0,"texture":"#0","tintindex":0},"south":{"uv":[0.75,9.4375,1.375,10.25],"rotation":0,"texture":"#0","tintindex":0},"north":{"uv":[9.375,7.8125,10.0,8.625],"rotation":0,"texture":"#0","tintindex":0},"west":{"uv":[0.625,10.25,1.125,11.0625],"rotation":0,"texture":"#0","tintindex":0},"up":{"uv":[11.875,4.375,11.25,3.875],"rotation":0,"texture":"#0","tintindex":0},"down":{"uv":[11.875,4.375,11.25,4.875],"rotation":0,"texture":"#0","tintindex":0}}},{"from":[5.1596785,4.285714,10.285714],"to":[10.840322,11.714286,14.857143],"rotation":{"angle":45.0,"axis":"y","origin":[8.0,9.428572,8.0]},"faces":{"east":{"uv":[8.5,10.25,9.0,11.0625],"rotation":0,"texture":"#0","tintindex":0},"south":{"uv":[9.5,7.0,10.125,7.8125],"rotation":0,"texture":"#0","tintindex":0},"north":{"uv":[9.4375,4.1875,10.0625,5.0],"rotation":0,"texture":"#0","tintindex":0},"west":{"uv":[10.25,8.5625,10.75,9.375],"rotation":0,"texture":"#0","tintindex":0},"up":{"uv":[5.1875,11.75,4.5625,11.25],"rotation":0,"texture":"#0","tintindex":0},"down":{"uv":[11.875,4.875,11.25,5.375],"rotation":0,"texture":"#0","tintindex":0}}},{"from":[5.1596785,4.285714,10.285714],"to":[10.840322,11.714286,14.857143],"rotation":{"angle":0.0,"axis":"y","origin":[8.0,9.428572,8.0]},"faces":{"east":{"uv":[10.25,9.375,10.75,10.1875],"rotation":0,"texture":"#0","tintindex":0},"south":{"uv":[9.0,9.5625,9.625,10.375],"rotation":0,"texture":"#0","tintindex":0},"north":{"uv":[9.5625,2.25,10.1875,3.0625],"rotation":0,"texture":"#0","tintindex":0},"west":{"uv":[9.625,10.25,10.125,11.0625],"rotation":0,"texture":"#0","tintindex":0},"up":{"uv":[11.875,6.75,11.25,6.25],"rotation":0,"texture":"#0","tintindex":0},"down":{"uv":[11.875,10.125,11.25,10.625],"rotation":0,"texture":"#0","tintindex":0}}},{"from":[10.285714,4.285714,5.1596785],"to":[14.857143,11.714286,10.840322],"rotation":{"angle":45.0,"axis":"y","origin":[8.0,9.428572,8.0]},"faces":{"east":{"uv":[9.625,0.0,10.25,0.8125],"rotation":0,"texture":"#0","tintindex":0},"south":{"uv":[10.375,0.8125,10.875,1.625],"rotation":0,"texture":"#0","tintindex":0},"north":{"uv":[10.125,10.25,10.625,11.0625],"rotation":0,"texture":"#0","tintindex":0},"west":{"uv":[9.625,8.625,10.25,9.4375],"rotation":0,"texture":"#0","tintindex":0},"up":{"uv":[11.8125,1.9375,11.3125,1.3125],"rotation":0,"texture":"#0","tintindex":0},"down":{"uv":[1.9375,11.3125,1.4375,11.9375],"rotation":0,"texture":"#0","tintindex":0}}},{"from":[10.285714,4.285714,5.1596785],"to":[14.857143,11.714286,10.840322],"rotation":{"angle":0.0,"axis":"y","origin":[8.0,9.428572,8.0]},"faces":{"east":{"uv":[9.625,9.4375,10.25,10.25],"rotation":0,"texture":"#0","tintindex":0},"south":{"uv":[9.0,10.375,9.5,11.1875],"rotation":0,"texture":"#0","tintindex":0},"north":{"uv":[10.375,3.0,10.875,3.8125],"rotation":0,"texture":"#0","tintindex":0},"west":{"uv":[2.125,9.6875,2.75,10.5],"rotation":0,"texture":"#0","tintindex":0},"up":{"uv":[2.4375,11.9375,1.9375,11.3125],"rotation":0,"texture":"#0","tintindex":0},"down":{"uv":[11.8125,1.9375,11.3125,2.5625],"rotation":0,"texture":"#0","tintindex":0}}},{"from":[1.1428566,4.285714,5.1596785],"to":[5.714286,11.714286,10.840322],"rotation":{"angle":45.0,"axis":"y","origin":[8.0,9.428572,8.0]},"faces":{"east":{"uv":[5.75,9.6875,6.375,10.5],"rotation":0,"texture":"#0","tintindex":0},"south":{"uv":[2.25,10.5,2.75,11.3125],"rotation":0,"texture":"#0","tintindex":0},"north":{"uv":[1.75,10.5,2.25,11.3125],"rotation":0,"texture":"#0","tintindex":0},"west":{"uv":[0.0,9.75,0.625,10.5625],"rotation":0,"texture":"#0","tintindex":0},"up":{"uv":[2.9375,11.9375,2.4375,11.3125],"rotation":0,"texture":"#0","tintindex":0},"down":{"uv":[6.25,11.3125,5.75,11.9375],"rotation":0,"texture":"#0","tintindex":0}}},{"from":[1.1428566,4.285714,5.1596785],"to":[5.714286,11.714286,10.840322],"rotation":{"angle":0.0,"axis":"y","origin":[8.0,9.428572,8.0]},"faces":{"east":{"uv":[9.75,0.8125,10.375,1.625],"rotation":0,"texture":"#0","tintindex":0},"south":{"uv":[0.0,10.5625,0.5,11.375],"rotation":0,"texture":"#0","tintindex":0},"north":{"uv":[5.75,10.5,6.25,11.3125],"rotation":0,"texture":"#0","tintindex":0},"west":{"uv":[5.125,9.8125,5.75,10.625],"rotation":0,"texture":"#0","tintindex":0},"up":{"uv":[11.8125,8.25,11.3125,7.625],"rotation":0,"texture":"#0","tintindex":0},"down":{"uv":[11.8125,8.25,11.3125,8.875],"rotation":0,"texture":"#0","tintindex":0}}},{"from":[1.1428566,11.742857,1.1428566],"to":[14.857143,11.742857,14.857143],"rotation":{"angle":0.0,"axis":"y","origin":[8.0,8.0,8.0]},"faces":{"east":{"uv":[14.5,0.0,16.0,0.0],"rotation":0,"texture":"#0","tintindex":0},"south":{"uv":[14.5,0.0,16.0,0.0],"rotation":0,"texture":"#0","tintindex":0},"north":{"uv":[14.5,0.0,16.0,0.0],"rotation":0,"texture":"#0","tintindex":0},"west":{"uv":[14.5,0.0,16.0,0.0],"rotation":0,"texture":"#0","tintindex":0},"up":{"uv":[14.5,0.0,16.0,1.5],"rotation":0,"texture":"#0","tintindex":0},"down":{"uv":[14.5,0.0,16.0,1.5],"rotation":0,"texture":"#0","tintindex":0}}}],"display":{"head":{"translation":[0.0,-6.4,0.0],"scale":[4.0,4.0,4.0]}}}