{"textures":{"0":"modelengine:entity/king"},"elements":[{"name":"cube","from":[5.0,5.6333857,4.2150335],"to":[11.0,8.633386,7.815034],"rotation":{"angle":0.0,"axis":"x","origin":[8.0,-6.9666147,7.2150335]},"faces":{"down":{"uv":[8.1125,0.0125,6.8875,0.7375],"rotation":0,"texture":"#0","tintindex":0},"east":{"uv":[9.0125,0.0125,9.7375,0.6125],"rotation":0,"texture":"#0","tintindex":0},"north":{"uv":[6.8875,3.7625,8.1125,4.3625],"rotation":0,"texture":"#0","tintindex":0},"south":{"uv":[7.6375,4.3875,8.8625,4.9875],"rotation":0,"texture":"#0","tintindex":0},"up":{"uv":[7.8625,6.2375,6.6375,5.5125],"rotation":0,"texture":"#0","tintindex":0},"west":{"uv":[9.1375,4.8875,9.8625,5.4875],"rotation":0,"texture":"#0","tintindex":0}}},{"name":"cube","from":[5.0,1.5932378,3.411398],"to":[11.0,5.7932377,3.411398],"rotation":{"angle":22.5,"axis":"x","origin":[8.0,3.6932378,3.411398]},"faces":{"down":{"uv":[1.2375,0.0125,0.0125,0.0125],"rotation":0,"texture":"#0","tintindex":0},"east":{"uv":[0.0125,0.0125,0.0125,0.8625],"rotation":0,"texture":"#0","tintindex":0},"north":{"uv":[5.3875,4.5125,6.6125,5.3625],"rotation":0,"texture":"#0","tintindex":0},"south":{"uv":[6.6125,4.5125,5.3875,5.3625],"rotation":0,"texture":"#0","tintindex":0},"up":{"uv":[1.2375,0.0125,0.0125,0.0125],"rotation":0,"texture":"#0","tintindex":0},"west":{"uv":[0.0125,0.0125,0.0125,0.8625],"rotation":0,"texture":"#0","tintindex":0}}},{"name":"cube","from":[5.3209543,7.6198378,3.6150336],"to":[7.720955,8.819838,4.8150334],"rotation":{"angle":22.5,"axis":"z","origin":[6.5209546,8.219837,3.9150336]},"faces":{"down":{"uv":[8.6125,9.3875,8.1375,9.6125],"rotation":0,"texture":"#0","tintindex":0},"east":{"uv":[6.6375,2.7625,6.8625,2.9875],"rotation":0,"texture":"#0","tintindex":0},"north":{"uv":[8.2625,7.0125,8.7375,7.2375],"rotation":0,"texture":"#0","tintindex":0},"south":{"uv":[8.8875,7.8875,9.3625,8.1125],"rotation":0,"texture":"#0","tintindex":0},"up":{"uv":[9.8625,8.1125,9.3875,7.8875],"rotation":0,"texture":"#0","tintindex":0},"west":{"uv":[8.5125,2.5125,8.7375,2.7375],"rotation":0,"texture":"#0","tintindex":0}}},{"name":"cube","from":[8.279045,7.6198378,3.6150336],"to":[10.679045,8.819838,4.8150334],"rotation":{"angle":-22.5,"axis":"z","origin":[9.479046,8.219837,3.9150336]},"faces":{"down":{"uv":[8.1375,9.3875,8.6125,9.6125],"rotation":0,"texture":"#0","tintindex":0},"east":{"uv":[8.7375,2.5125,8.5125,2.7375],"rotation":0,"texture":"#0","tintindex":0},"north":{"uv":[8.7375,7.0125,8.2625,7.2375],"rotation":0,"texture":"#0","tintindex":0},"south":{"uv":[9.3625,7.8875,8.8875,8.1125],"rotation":0,"texture":"#0","tintindex":0},"up":{"uv":[9.3875,8.1125,9.8625,7.8875],"rotation":0,"texture":"#0","tintindex":0},"west":{"uv":[6.8625,2.7625,6.6375,2.9875],"rotation":0,"texture":"#0","tintindex":0}}},{"name":"cube","from":[8.6,9.833385,4.2150335],"to":[11.0,11.033386,4.8150334],"rotation":{"angle":0.0,"axis":"x","origin":[8.0,-6.9666147,7.2150335]},"faces":{"down":{"uv":[9.8625,8.1375,9.3875,8.2375],"rotation":0,"texture":"#0","tintindex":0},"east":{"uv":[6.1375,9.3875,6.2375,9.6125],"rotation":0,"texture":"#0","tintindex":0},"north":{"uv":[3.0125,7.1375,3.4875,7.3625],"rotation":0,"texture":"#0","tintindex":0},"south":{"uv":[8.1375,4.0125,8.6125,4.2375],"rotation":0,"texture":"#0","tintindex":0},"up":{"uv":[9.3625,8.2375,8.8875,8.1375],"rotation":0,"texture":"#0","tintindex":0},"west":{"uv":[8.6375,9.3875,8.7375,9.6125],"rotation":0,"texture":"#0","tintindex":0}}},{"name":"cube","from":[5.0,9.833385,4.2150335],"to":[7.4,11.033386,4.8150334],"rotation":{"angle":0.0,"axis":"x","origin":[8.0,-6.9666147,7.2150335]},"faces":{"down":{"uv":[8.6125,4.2625,8.1375,4.3625],"rotation":0,"texture":"#0","tintindex":0},"east":{"uv":[8.7625,3.7625,8.8625,3.9875],"rotation":0,"texture":"#0","tintindex":0},"north":{"uv":[5.6375,2.7625,6.1125,2.9875],"rotation":0,"texture":"#0","tintindex":0},"south":{"uv":[6.1375,2.7625,6.6125,2.9875],"rotation":0,"texture":"#0","tintindex":0},"up":{"uv":[7.3625,4.4875,6.8875,4.3875],"rotation":0,"texture":"#0","tintindex":0},"west":{"uv":[8.7625,7.0125,8.8625,7.2375],"rotation":0,"texture":"#0","tintindex":0}}},{"name":"cube","from":[7.4,8.633386,4.2150335],"to":[8.6,10.433386,4.8150334],"rotation":{"angle":0.0,"axis":"x","origin":[8.0,-6.9666147,7.2150335]},"faces":{"down":{"uv":[7.6125,4.3875,7.3875,4.4875],"rotation":0,"texture":"#0","tintindex":0},"east":{"uv":[8.0125,8.3875,8.1125,8.7375],"rotation":0,"texture":"#0","tintindex":0},"north":{"uv":[8.6375,4.0125,8.8625,4.3625],"rotation":0,"texture":"#0","tintindex":0},"south":{"uv":[2.1375,9.3875,2.3625,9.7375],"rotation":0,"texture":"#0","tintindex":0},"up":{"uv":[3.4875,7.4875,3.2625,7.3875],"rotation":0,"texture":"#0","tintindex":0},"west":{"uv":[8.0125,8.7625,8.1125,9.1125],"rotation":0,"texture":"#0","tintindex":0}}},{"name":"cube","from":[5.3475537,8.633386,7.2841663],"to":[5.9475536,10.433386,8.484166],"rotation":{"angle":-22.5,"axis":"y","origin":[5.6475534,9.533386,7.8841662]},"faces":{"down":{"uv":[2.4875,9.6375,2.3875,9.8625],"rotation":0,"texture":"#0","tintindex":0},"east":{"uv":[5.8875,9.3875,6.1125,9.7375],"rotation":0,"texture":"#0","tintindex":0},"north":{"uv":[2.3875,8.8875,2.4875,9.2375],"rotation":0,"texture":"#0","tintindex":0},"south":{"uv":[2.3875,9.2625,2.4875,9.6125],"rotation":0,"texture":"#0","tintindex":0},"up":{"uv":[4.6125,9.7375,4.5125,9.5125],"rotation":0,"texture":"#0","tintindex":0},"west":{"uv":[3.5125,9.5125,3.7375,9.8625],"rotation":0,"texture":"#0","tintindex":0}}},{"name":"cube","from":[5.6,7.433386,4.8150334],"to":[10.4,12.233385,9.615034],"rotation":{"angle":0.0,"axis":"x","origin":[8.0,-6.9666147,7.2150335]},"faces":{"down":{"uv":[2.9875,6.3875,2.0125,7.3625],"rotation":0,"texture":"#0","tintindex":0},"east":{"uv":[5.6375,1.7625,6.6125,2.7375],"rotation":0,"texture":"#0","tintindex":0},"north":{"uv":[5.6375,0.7625,6.6125,1.7375],"rotation":0,"texture":"#0","tintindex":0},"south":{"uv":[5.3875,6.2625,6.3625,7.2375],"rotation":0,"texture":"#0","tintindex":0},"up":{"uv":[1.9875,7.3625,1.0125,6.3875],"rotation":0,"texture":"#0","tintindex":0},"west":{"uv":[0.0125,6.3875,0.9875,7.3625],"rotation":0,"texture":"#0","tintindex":0}}},{"name":"cube","from":[5.6,12.233385,9.615034],"to":[10.4,17.033386,9.615034],"rotation":{"angle":0.0,"axis":"x","origin":[8.0,-6.9666147,7.2150335]},"faces":{"down":{"uv":[6.3625,7.2625,5.3875,8.2375],"rotation":0,"texture":"#0","tintindex":0},"east":{"uv":[6.6375,0.7625,7.6125,1.7375],"rotation":0,"texture":"#0","tintindex":0},"north":{"uv":[7.85,2.7625,6.8875,3.725],"rotation":0,"texture":"#0","tintindex":0},"south":{"uv":[6.6375,1.7625,7.6125,2.7375],"rotation":0,"texture":"#0","tintindex":0},"up":{"uv":[7.8625,3.7375,6.8875,2.7625],"rotation":0,"texture":"#0","tintindex":0},"west":{"uv":[6.6375,1.7625,7.6125,2.7375],"rotation":0,"texture":"#0","tintindex":0}}},{"name":"cube","from":[5.6,12.207214,4.814462],"to":[10.4,17.007214,4.814462],"rotation":{"angle":0.0,"axis":"x","origin":[8.0,-6.9666147,7.2150335]},"faces":{"down":{"uv":[6.3625,7.2625,5.3875,8.2375],"rotation":0,"texture":"#0","tintindex":0},"east":{"uv":[6.6375,0.7625,7.6125,1.7375],"rotation":0,"texture":"#0","tintindex":0},"north":{"uv":[6.3875,6.2625,7.3625,7.2375],"rotation":0,"texture":"#0","tintindex":0},"south":{"uv":[7.85,2.7625,6.8875,3.725],"rotation":0,"texture":"#0","tintindex":0},"up":{"uv":[7.8625,3.7375,6.8875,2.7625],"rotation":0,"texture":"#0","tintindex":0},"west":{"uv":[6.6375,4.5125,7.6125,5.4875],"rotation":0,"texture":"#0","tintindex":0}}},{"name":"cube","from":[5.6,12.233385,4.8150334],"to":[5.6,17.033386,9.615034],"rotation":{"angle":0.0,"axis":"x","origin":[8.0,-6.9666147,7.2150335]},"faces":{"down":{"uv":[6.3625,7.2625,5.3875,8.2375],"rotation":0,"texture":"#0","tintindex":0},"east":{"uv":[7.85,2.7625,6.8875,3.725],"rotation":0,"texture":"#0","tintindex":0},"north":{"uv":[6.3875,6.2625,7.3625,7.2375],"rotation":0,"texture":"#0","tintindex":0},