{"textures":{"0":"modelengine:entity/king"},"elements":[{"name":"cube","from":[6.2,5.2677393,6.395227],"to":[8.6,9.467739,9.395227],"rotation":{"angle":0.0,"axis":"x","origin":[5.0,7.4,11.0]},"faces":{"down":{"uv":[10.8625,4.8875,10.3875,5.4875],"rotation":0,"texture":"#0","tintindex":0},"east":{"uv":[10.6375,3.7625,11.2375,4.6125],"rotation":0,"texture":"#0","tintindex":0},"north":{"uv":[9.7625,2.8875,10.2375,3.7375],"rotation":0,"texture":"#0","tintindex":0},"south":{"uv":[10.2625,2.8875,10.7375,3.7375],"rotation":0,"texture":"#0","tintindex":0},"up":{"uv":[10.3625,5.4875,9.8875,4.8875],"rotation":0,"texture":"#0","tintindex":0},"west":{"uv":[10.0125,3.7625,10.6125,4.6125],"rotation":0,"texture":"#0","tintindex":0}}}],"display":{"head":{"translation":[0.0,-6.4,0.0],"rotation":[0.0,0.0,0.0],"scale":[3.8095,3.8095,3.8095]}}}