{"textures":{"0":"modelengine:entity/king"},"elements":[{"from":[6.285714,5.3978467,6.4716444],"to":[8.571428,9.397847,9.328788],"rotation":{"angle":0.0,"axis":"y","origin":[5.142857,7.428571,10.857143]},"faces":{"east":{"uv":[10.6375,3.7625,11.2375,4.6125],"rotation":0,"texture":"#0","tintindex":0},"south":{"uv":[10.2625,2.8875,10.7375,3.7375],"rotation":0,"texture":"#0","tintindex":0},"north":{"uv":[9.7625,2.8875,10.2375,3.7375],"rotation":0,"texture":"#0","tintindex":0},"west":{"uv":[10.0125,3.7625,10.6125,4.6125],"rotation":0,"texture":"#0","tintindex":0},"up":{"uv":[10.3625,5.4875,9.8875,4.8875],"rotation":0,"texture":"#0","tintindex":0},"down":{"uv":[10.8625,4.8875,10.3875,5.4875],"rotation":0,"texture":"#0","tintindex":0}}}],"display":{"head":{"translation":[0.0,-6.4,0.0],"scale":[4.0,4.0,4.0]}}}