{"textures":{"0":"modelengine:entity/king"},"elements":[{"from":[6.857143,3.969275,8.043074],"to":[9.142858,7.9692755,10.900216],"rotation":{"angle":0.0,"axis":"y","origin":[5.714286,10.0,12.428572]},"faces":{"east":{"uv":[7.8875,5.3875,8.4875,6.2375],"rotation":0,"texture":"#0","tintindex":0},"south":{"uv":[8.7625,2.8875,9.2375,3.7375],"rotation":0,"texture":"#0","tintindex":0},"north":{"uv":[2.5125,9.0125,2.9875,9.8625],"rotation":0,"texture":"#0","tintindex":0},"west":{"uv":[8.1375,3.1375,8.7375,3.9875],"rotation":0,"texture":"#0","tintindex":0},"up":{"uv":[9.7375,3.2375,9.2625,2.6375],"rotation":0,"texture":"#0","tintindex":0},"down":{"uv":[9.7375,2.6375,9.2625,3.2375],"rotation":0,"texture":"#0","tintindex":0}}},{"from":[6.857143,3.969275,7.4716444],"to":[9.142858,5.112132,8.043074],"rotation":{"angle":0.0,"axis":"y","origin":[5.714286,10.0,9.571428]},"faces":{"east":{"uv":[9.6375,5.5125,9.7375,5.7375],"rotation":0,"texture":"#0","tintindex":0},"south":{"uv":[9.3875,9.2625,9.8625,9.4875],"rotation":0,"texture":"#0","tintindex":0},"north":{"uv":[9.3875,9.0125,9.8625,9.2375],"rotation":0,"texture":"#0","tintindex":0},"west":{"uv":[9.6375,5.7625,9.7375,5.9875],"rotation":0,"texture":"#0","tintindex":0},"up":{"uv":[9.9875,4.6125,9.5125,4.5125],"rotation":0,"texture":"#0","tintindex":0},"down":{"uv":[9.9875,7.7625,9.5125,7.8625],"rotation":0,"texture":"#0","tintindex":0}}}],"display":{"head":{"translation":[0.0,-6.4,0.0],"scale":[4.0,4.0,4.0]}}}