{"textures":{"0":"modelengine:entity/king"},"elements":[{"name":"cube","from":[6.8,3.7677388,8.045227],"to":[9.2,7.967739,11.045227],"rotation":{"angle":0.0,"axis":"x","origin":[10.4,10.1,12.650001]},"faces":{"down":{"uv":[9.2625,2.6375,9.7375,3.2375],"rotation":0,"texture":"#0","tintindex":0},"east":{"uv":[8.7375,3.1375,8.1375,3.9875],"rotation":0,"texture":"#0","tintindex":0},"north":{"uv":[2.9875,9.0125,2.5125,9.8625],"rotation":0,"texture":"#0","tintindex":0},"south":{"uv":[9.2375,2.8875,8.7625,3.7375],"rotation":0,"texture":"#0","tintindex":0},"up":{"uv":[9.2625,3.2375,9.7375,2.6375],"rotation":0,"texture":"#0","tintindex":0},"west":{"uv":[8.4875,5.3875,7.8875,6.2375],"rotation":0,"texture":"#0","tintindex":0}}},{"name":"cube","from":[6.8,3.7677388,7.445227],"to":[9.2,4.967739,8.045227],"rotation":{"angle":0.0,"axis":"x","origin":[10.4,10.1,9.65]},"faces":{"down":{"uv":[9.5125,7.7625,9.9875,7.8625],"rotation":0,"texture":"#0","tintindex":0},"east":{"uv":[9.7375,5.7625,9.6375,5.9875],"rotation":0,"texture":"#0","tintindex":0},"north":{"uv":[9.8625,9.0125,9.3875,9.2375],"rotation":0,"texture":"#0","tintindex":0},"south":{"uv":[9.8625,9.2625,9.3875,9.4875],"rotation":0,"texture":"#0","tintindex":0},"up":{"uv":[9.5125,4.6125,9.9875,4.5125],"rotation":0,"texture":"#0","tintindex":0},"west":{"uv":[9.7375,5.5125,9.6375,5.7375],"rotation":0,"texture":"#0","tintindex":0}}}],"display":{"head":{"translation":[0.0,-6.4,0.0],"rotation":[0.0,0.0,0.0],"scale":[3.8095,3.8095,3.8095]}}}