{"textures":{"0":"modelengine:entity/skog"},"elements":[{"from":[5.714286,7.4279685,4.2904954],"to":[10.857143,12.570826,10.004782],"rotation":{"angle":0.0,"axis":"y","origin":[8.285714,7.9993973,4.861924]},"faces":{"east":{"uv":[7.1895,4.752,7.8105,5.3105],"rotation":0,"texture":"#0","tintindex":0},"south":{"uv":[10.877,5.877,11.4355,6.4355],"rotation":0,"texture":"#0","tintindex":0},"north":{"uv":[10.877,4.6895,11.4355,5.248],"rotation":0,"texture":"#0","tintindex":0},"west":{"uv":[1.377,10.627,1.998,11.1855],"rotation":0,"texture":"#0","tintindex":0},"up":{"uv":[4.5605,11.248,4.002,10.627],"rotation":0,"texture":"#0","tintindex":0},"down":{"uv":[7.6855,10.627,7.127,11.248],"rotation":0,"texture":"#0","tintindex":0}}},{"from":[4.5714283,9.142255,2.576209],"to":[8.571428,13.713683,7.1476383],"rotation":{"angle":0.0,"axis":"y","origin":[8.285714,7.9993973,4.861924]},"faces":{"east":{"uv":[1.252,11.1895,1.748,11.6855],"rotation":0,"texture":"#0","tintindex":0},"south":{"uv":[11.502,1.6895,11.9355,2.1855],"rotation":0,"texture":"#0","tintindex":0},"north":{"uv":[11.4395,5.5645,11.873,6.0605],"rotation":0,"texture":"#0","tintindex":0},"west":{"uv":[11.252,2.627,11.748,3.123],"rotation":0,"texture":"#0","tintindex":0},"up":{"uv":[5.248,11.998,4.8145,11.502],"rotation":0,"texture":"#0","tintindex":0},"down":{"uv":[10.9355,11.502,10.502,11.998],"rotation":0,"texture":"#0","tintindex":0}}},{"from":[5.142857,6.85654,3.7190666],"to":[6.857143,9.142255,6.0047812],"rotation":{"angle":0.0,"axis":"y","origin":[8.285714,7.9993973,4.861924]},"faces":{"east":{"uv":[9.252,3.0645,9.498,3.3105],"rotation":0,"texture":"#0","tintindex":0},"south":{"uv":[12.1895,7.502,12.373,7.748],"rotation":0,"texture":"#0","tintindex":0},"north":{"uv":[12.1895,7.252,12.373,7.498],"rotation":0,"texture":"#0","tintindex":0},"west":{"uv":[5.752,10.252,5.998,10.498],"rotation":0,"texture":"#0","tintindex":0},"up":{"uv":[9.0605,12.4355,8.877,12.1895],"rotation":0,"texture":"#0","tintindex":0},"down":{"uv":[9.248,12.1895,9.0645,12.4355],"rotation":0,"texture":"#0","tintindex":0}}},{"from":[8.571428,4.832999,3.8942456],"to":[16.0,9.4044285,3.8942456],"rotation":{"angle":-22.5,"axis":"z","origin":[8.857143,8.261571,4.4656744]},"faces":{"east":{"uv":[0.002,0.002,0.002,0.498],"rotation":0,"texture":"#0","tintindex":0},"south":{"uv":[11.123,2.4395,10.3145,2.9355],"rotation":0,"texture":"#0","tintindex":0},"north":{"uv":[10.3145,2.4395,11.123,2.9355],"rotation":0,"texture":"#0","tintindex":0},"west":{"uv":[0.002,0.002,0.002,0.498],"rotation":0,"texture":"#0","tintindex":0},"up":{"uv":[0.8105,0.002,0.002,0.002],"rotation":0,"texture":"#0","tintindex":0},"down":{"uv":[0.8105,0.002,0.002,0.002],"rotation":0,"texture":"#0","tintindex":0}}},{"from":[-0.5279312,5.051676,3.8942456],"to":[6.9006405,9.623104,3.8942456],"rotation":{"angle":22.5,"axis":"z","origin":[7.142857,8.261571,4.4656744]},"faces":{"east":{"uv":[0.002,0.002,0.002,0.498],"rotation":0,"texture":"#0","tintindex":0},"south":{"uv":[10.3145,2.4395,11.123,2.9355],"rotation":0,"texture":"#0","tintindex":0},"north":{"uv":[11.123,2.4395,10.3145,2.9355],"rotation":0,"texture":"#0","tintindex":0},"west":{"uv":[0.002,0.002,0.002,0.498],"rotation":0,"texture":"#0","tintindex":0},"up":{"uv":[0.8105,0.002,0.002,0.002],"rotation":0,"texture":"#0","tintindex":0},"down":{"uv":[0.8105,0.002,0.002,0.002],"rotation":0,"texture":"#0","tintindex":0}}},{"from":[7.142857,7.4279685,2.576209],"to":[8.857143,10.285111,5.4333525],"rotation":{"angle":-22.5,"axis":"x","origin":[8.285714,8.85654,3.4333525]},"faces":{"east":{"uv":[9.627,12.002,9.9355,12.3105],"rotation":0,"texture":"#0","tintindex":0},"south":{"uv":[12.0645,10.1895,12.248,10.498],"rotation":0,"texture":"#0","tintindex":0},"north":{"uv":[7.6895,10.627,7.873,10.9355],"rotation":0,"texture":"#0","tintindex":0},"west":{"uv":[10.877,12.002,11.1855,12.3105],"rotation":0,"texture":"#0","tintindex":0},"up":{"uv":[12.3105,1.498,12.127,1.1895],"rotation":0,"texture":"#0","tintindex":0},"down":{"uv":[1.873,12.127,1.6895,12.4355],"rotation":0,"texture":"#0","tintindex":0}}},{"from":[5.714286,9.713683,3.1476378],"to":[10.857143,12.570826,4.2904954],"rotation":{"angle":0.0,"axis":"y","origin":[8.285714,7.9993973,4.861924]},"faces":{"east":{"uv":[4.127,3.377,4.248,3.6855],"rotation":0,"texture":"#0","tintindex":0},"south":{"uv":[10.3145,4.6895,10.873,4.998],"rotation":0,"texture":"#0","tintindex":0},"north":{"uv":[8.1895,7.8145,8.748,8.123],"rotation":0,"texture":"#0","tintindex":0},"west":{"uv":[5.752,1.877,5.873,2.1855],"rotation":0,"texture":"#0","tintindex":0},"up":{"uv":[7.998,0.873,7.4395,0.752],"rotation":0,"texture":"#0","tintindex":0},"down":{"uv":[6.6855,8.9395,6.127,9.0605],"rotation":0,"texture":"#0","tintindex":0}}},{"from":[4.5714283,4.832999,4.4656744],"to":[11.428572,7.690142,7.8942456],"rotation":{"angle":-22.5,"axis":"x","origin":[8.0,6.261571,6.17996]},"faces":{"east":{"uv":[9.252,7.502,9.623,7.8105],"rotation":0,"texture":"#0","tintindex":0},"south":{"uv":[11.377,5.252,12.123,5.5605],"rotation":0,"texture":"#0","tintindex":0},"north":{"uv":[11.3145,10.252,12.0605,10.5605],"rotation":0,"texture":"#0","tintindex":0},"west":{"uv":[10.502,12.002,10.873,12.3105],"rotation":0,"texture":"#0","tintindex":0},"up":{"uv":[11.6855,8.6855,10.9395,8.3145],"rotation":0,"texture":"#0","tintindex":0},"down":{"uv":[11.873,0.3145,11.127,0.6855],"rotation":0,"texture":"#0","tintindex":0}}}],"display":{"head":{"translation":[0.0,-6.4,0.0],"scale":[4.0,4.0,4.0]}}}