{"textures":{"0":"modelengine:entity/skog"},"elements":[{"from":[11.272202,5.5913186,9.885715],"to":[12.986486,7.3056045,13.314286],"rotation":{"angle":0.0,"axis":"y","origin":[7.8281803,-9.092199,7.6]},"faces":{"east":{"uv":[7.002,1.6895,7.373,1.873],"rotation":0,"texture":"#0","tintindex":0},"south":{"uv":[8.502,1.502,8.6855,1.6855],"rotation":0,"texture":"#0","tintindex":0},"north":{"uv":[6.127,5.377,6.3105,5.5605],"rotation":0,"texture":"#0","tintindex":0},"west":{"uv":[9.9395,4.1895,10.3105,4.373],"rotation":0,"texture":"#0","tintindex":0},"up":{"uv":[5.248,12.373,5.0645,12.002],"rotation":0,"texture":"#0","tintindex":0},"down":{"uv":[8.873,12.002,8.6895,12.373],"rotation":0,"texture":"#0","tintindex":0}}},{"from":[6.129344,6.1627474,12.742857],"to":[9.557916,11.877033,15.028572],"rotation":{"angle":0.0,"axis":"y","origin":[7.8281803,-9.092199,7.6]},"faces":{"east":{"uv":[2.002,11.877,2.248,12.498],"rotation":0,"texture":"#0","tintindex":0},"south":{"uv":[3.502,11.377,3.873,11.998],"rotation":0,"texture":"#0","tintindex":0},"north":{"uv":[0.002,11.377,0.373,11.998],"rotation":0,"texture":"#0","tintindex":0},"west":{"uv":[11.9395,10.5645,12.1855,11.1855],"rotation":0,"texture":"#0","tintindex":0},"up":{"uv":[8.1855,7.248,7.8145,7.002],"rotation":0,"texture":"#0","tintindex":0},"down":{"uv":[10.3105,0.502,9.9395,0.748],"rotation":0,"texture":"#0","tintindex":0}}},{"from":[9.557916,5.5913186,13.314286],"to":[12.986486,7.3056045,15.028572],"rotation":{"angle":0.0,"axis":"y","origin":[7.8281803,-9.092199,7.6]},"faces":{"east":{"uv":[10.5645,5.877,10.748,6.0605],"rotation":0,"texture":"#0","tintindex":0},"south":{"uv":[11.4395,9.627,11.8105,9.8105],"rotation":0,"texture":"#0","tintindex":0},"north":{"uv":[11.3145,7.002,11.6855,7.1855],"rotation":0,"texture":"#0","tintindex":0},"west":{"uv":[10.8145,0.3145,10.998,0.498],"rotation":0,"texture":"#0","tintindex":0},"up":{"uv":[12.1855,7.873,11.8145,7.6895],"rotation":0,"texture":"#0","tintindex":0},"down":{"uv":[12.3105,11.1895,11.9395,11.373],"rotation":0,"texture":"#0","tintindex":0}}},{"from":[6.129344,9.591319,10.457143],"to":[9.557916,11.877033,12.742857],"rotation":{"angle":0.0,"axis":"y","origin":[7.8281803,-9.092199,7.6]},"faces":{"east":{"uv":[12.0645,7.877,12.3105,8.123],"rotation":0,"texture":"#0","tintindex":0},"south":{"uv":[10.9395,8.6895,11.3105,8.9355],"rotation":0,"texture":"#0","tintindex":0},"north":{"uv":[10.752,2.1895,11.123,2.4355],"rotation":0,"texture":"#0","tintindex":0},"west":{"uv":[12.0645,8.127,12.3105,8.373],"rotation":0,"texture":"#0","tintindex":0},"up":{"uv":[12.373,7.248,12.002,7.002],"rotation":0,"texture":"#0","tintindex":0},"down":{"uv":[12.373,11.752,12.002,11.998],"rotation":0,"texture":"#0","tintindex":0}}},{"from":[6.129344,6.7341757,7.028571],"to":[9.557916,11.877033,10.457143],"rotation":{"angle":0.0,"axis":"y","origin":[7.8281803,-9.092199,7.6]},"faces":{"east":{"uv":[11.6895,0.6895,12.0605,1.248],"rotation":0,"texture":"#0","tintindex":0},"south":{"uv":[1.0645,11.6895,1.4355,12.248],"rotation":0,"texture":"#0","tintindex":0},"north":{"uv":[0.6895,11.6895,1.0605,12.248],"rotation":0,"texture":"#0","tintindex":0},"west":{"uv":[2.8145,11.6895,3.1855,12.248],"rotation":0,"texture":"#0","tintindex":0},"up":{"uv":[12.373,2.873,12.002,2.502],"rotation":0,"texture":"#0","tintindex":0},"down":{"uv":[3.873,12.002,3.502,12.373],"rotation":0,"texture":"#0","tintindex":0}}}],"display":{"head":{"translation":[0.0,-6.4,0.0],"scale":[4.0,4.0,4.0]}}}