{"textures":{"0":"modelengine:entity/skog"},"elements":[{"name":"cube","from":[11.499458,2.1285663,7.8685327],"to":[16.899458,4.5285664,9.068533],"rotation":{"angle":-22.5,"axis":"z","origin":[11.664557,10.520323,10.501489]},"faces":{"down":{"uv":[12.373,3.877,11.8145,3.998],"rotation":0,"texture":"#0","tintindex":0},"east":{"uv":[8.627,9.0645,8.748,9.3105],"rotation":0,"texture":"#0","tintindex":0},"north":{"uv":[12.002,6.002,12.5605,6.248],"rotation":0,"texture":"#0","tintindex":0},"south":{"uv":[12.002,6.252,12.5605,6.498],"rotation":0,"texture":"#0","tintindex":0},"up":{"uv":[11.8105,3.6855,11.252,3.5645],"rotation":0,"texture":"#0","tintindex":0},"west":{"uv":[8.627,9.3145,8.748,9.5605],"rotation":0,"texture":"#0","tintindex":0}}},{"name":"cube","from":[7.3543334,2.9059415,7.2685328],"to":[9.7543335,10.705942,9.668533],"rotation":{"angle":0.0,"axis":"x","origin":[9.864557,15.020324,12.901488]},"faces":{"down":{"uv":[12.3105,9.127,12.0645,9.373],"rotation":0,"texture":"#0","tintindex":0},"east":{"uv":[11.752,6.4395,11.998,7.248],"rotation":0,"texture":"#0","tintindex":0},"north":{"uv":[11.752,2.1895,11.998,2.998],"rotation":0,"texture":"#0","tintindex":0},"south":{"uv":[11.8145,3.002,12.0605,3.8105],"rotation":0,"texture":"#0","tintindex":0},"up":{"uv":[12.3105,9.123,12.0645,8.877],"rotation":0,"texture":"#0","tintindex":0},"west":{"uv":[6.377,11.8145,6.623,12.623],"rotation":0,"texture":"#0","tintindex":0}}}],"display":{"head":{"translation":[0.0,-6.4,0.0],"rotation":[0.0,0.0,0.0],"scale":[3.8095,3.8095,3.8095]}}}
