{"textures":{"0":"modelengine:entity/skog"},"elements":[{"name":"cube","from":[4.972853,-3.7461133,6.0193415],"to":[7.9728537,8.853888,10.219341],"rotation":{"angle":-22.5,"axis":"z","origin":[7.5116053,4.0724034,11.99022]},"faces":{"down":{"uv":[6.3105,12.002,6.002,12.4355],"rotation":0,"texture":"#0","tintindex":0},"east":{"uv":[2.002,9.627,2.4355,10.9355],"rotation":0,"texture":"#0","tintindex":0},"north":{"uv":[4.627,9.8145,4.9355,11.123],"rotation":0,"texture":"#0","tintindex":0},"south":{"uv":[3.1895,10.1895,3.498,11.498],"rotation":0,"texture":"#0","tintindex":0},"up":{"uv":[10.623,1.4355,10.3145,1.002],"rotation":0,"texture":"#0","tintindex":0},"west":{"uv":[7.877,9.627,8.3105,10.9355],"rotation":0,"texture":"#0","tintindex":0}}}],"display":{"head":{"translation":[0.0,-6.4,0.0],"rotation":[0.0,0.0,0.0],"scale":[3.8095,3.8095,3.8095]}}}