{"textures":{"0":"modelengine:entity/skog"},"elements":[{"from":[7.142857,-0.57142925,4.5714283],"to":[10.571428,12.0,12.0],"rotation":{"angle":0.0,"axis":"y","origin":[9.714286,5.142857,8.0]},"faces":{"east":{"uv":[4.248,7.4395,3.4395,8.8105],"rotation":0,"texture":"#0","tintindex":0},"south":{"uv":[9.0605,9.6895,8.6895,11.0605],"rotation":0,"texture":"#0","tintindex":0},"north":{"uv":[8.6855,9.627,8.3145,10.998],"rotation":0,"texture":"#0","tintindex":0},"west":{"uv":[3.4355,7.4395,2.627,8.8105],"rotation":0,"texture":"#0","tintindex":0},"up":{"uv":[5.377,11.5605,5.748,10.752],"rotation":0,"texture":"#0","tintindex":0},"down":{"uv":[10.127,10.8145,10.498,11.623],"rotation":0,"texture":"#0","tintindex":0}}},{"from":[10.0,2.8571424,4.0],"to":[12.857143,9.142858,12.571428],"rotation":{"angle":0.0,"axis":"y","origin":[9.714286,5.142857,8.0]},"faces":{"east":{"uv":[10.3105,0.752,9.377,1.4355],"rotation":0,"texture":"#0","tintindex":0},"south":{"uv":[0.6855,11.6895,0.377,12.373],"rotation":0,"texture":"#0","tintindex":0},"north":{"uv":[10.248,11.627,9.9395,12.3105],"rotation":0,"texture":"#0","tintindex":0},"west":{"uv":[10.1855,6.8145,9.252,7.498],"rotation":0,"texture":"#0","tintindex":0},"up":{"uv":[8.3145,11.9355,8.623,11.002],"rotation":0,"texture":"#0","tintindex":0},"down":{"uv":[11.002,9.8145,11.3105,10.748],"rotation":0,"texture":"#0","tintindex":0}}},{"from":[10.571428,9.142858,4.5714283],"to":[12.285715,12.0,13.714286],"rotation":{"angle":0.0,"axis":"y","origin":[9.714286,5.142857,8.0]},"faces":{"east":{"uv":[11.8105,3.6895,10.8145,3.998],"rotation":0,"texture":"#0","tintindex":0},"south":{"uv":[12.373,4.002,12.1895,4.3105],"rotation":0,"texture":"#0","tintindex":0},"north":{"uv":[3.373,12.1895,3.1895,12.498],"rotation":0,"texture":"#0","tintindex":0},"west":{"uv":[11.8105,0.002,10.8145,0.3105],"rotation":0,"texture":"#0","tintindex":0},"up":{"uv":[5.5645,12.5605,5.748,11.5645],"rotation":0,"texture":"#0","tintindex":0},"down":{"uv":[6.627,11.8145,6.8105,12.8105],"rotation":0,"texture":"#0","tintindex":0}}}],"display":{"head":{"translation":[0.0,-6.4,0.0],"scale":[4.0,4.0,4.0]}}}