{"textures":{"0":"modelengine:entity/skog"},"elements":[{"name":"cube","from":[5.8999996,4.999999,6.2],"to":[10.1,10.4,15.2],"rotation":{"angle":0.0,"axis":"x","origin":[8.0,12.8,8.0]},"faces":{"down":{"uv":[10.1895,9.877,10.623,10.8105],"rotation":0,"texture":"#0","tintindex":0},"east":{"uv":[5.998,9.6895,5.0645,10.248],"rotation":0,"texture":"#0","tintindex":0},"north":{"uv":[7.248,11.252,6.8145,11.8105],"rotation":0,"texture":"#0","tintindex":0},"south":{"uv":[7.6855,11.252,7.252,11.8105],"rotation":0,"texture":"#0","tintindex":0},"up":{"uv":[10.1895,9.873,10.623,8.9395],"rotation":0,"texture":"#0","tintindex":0},"west":{"uv":[10.623,1.4395,9.6895,1.998],"rotation":0,"texture":"#0","tintindex":0}}},{"name":"cube","from":[5.8999996,-0.40000033,9.8],"to":[10.1,4.999999,13.400001],"rotation":{"angle":0.0,"axis":"x","origin":[8.0,12.8,8.0]},"faces":{"down":{"uv":[11.877,9.5645,12.3105,9.9355],"rotation":0,"texture":"#0","tintindex":0},"east":{"uv":[12.0605,9.002,11.6895,9.5605],"rotation":0,"texture":"#0","tintindex":0},"north":{"uv":[9.373,11.252,8.9395,11.8105],"rotation":0,"texture":"#0","tintindex":0},"south":{"uv":[11.748,6.4395,11.3145,6.998],"rotation":0,"texture":"#0","tintindex":0},"up":{"uv":[7.627,12.248,8.0605,11.877],"rotation":0,"texture":"#0","tintindex":0},"west":{"uv":[12.0605,8.4395,11.6895,8.998],"rotation":0,"texture":"#0","tintindex":0}}}],"display":{"head":{"translation":[0.0,-6.4,0.0],"rotation":[0.0,0.0,0.0],"scale":[3.8095,3.8095,3.8095]}}}
