{"textures":{"0":"modelengine:entity/admin_crate"},"elements":[{"from":[13.604948,16.307465,4.285714],"to":[18.176376,18.593178,7.142857],"rotation":{"angle":22.5,"axis":"z","origin":[15.142858,17.714287,5.714286]},"faces":{"east":{"uv":[7.75,13.75,8.375,14.25],"rotation":0,"texture":"#0","tintindex":0},"south":{"uv":[3.625,11.375,4.625,11.875],"rotation":0,"texture":"#0","tintindex":0},"north":{"uv":[0.0,11.375,1.0,11.875],"rotation":0,"texture":"#0","tintindex":0},"west":{"uv":[13.75,6.25,14.375,6.75],"rotation":0,"texture":"#0","tintindex":0},"up":{"uv":[1.125,10.75,2.125,10.125],"rotation":0,"texture":"#0","tintindex":0},"down":{"uv":[10.125,4.125,11.125,4.75],"rotation":0,"texture":"#0","tintindex":0}}},{"from":[17.322811,19.682373,4.8571424],"to":[20.179953,21.396658,6.5714283],"rotation":{"angle":45.0,"axis":"z","origin":[19.894238,19.396658,5.714286]},"faces":{"east":{"uv":[10.375,15.125,10.75,15.5],"rotation":0,"texture":"#0","tintindex":0},"south":{"uv":[15.375,1.375,14.75,1.75],"rotation":0,"texture":"#0","tintindex":0},"north":{"uv":[14.75,1.375,15.375,1.75],"rotation":0,"texture":"#0","tintindex":0},"west":{"uv":[2.625,14.5,3.0,14.875],"rotation":0,"texture":"#0","tintindex":0},"up":{"uv":[13.875,15.125,14.5,14.75],"rotation":0,"texture":"#0","tintindex":0},"down":{"uv":[1.0,15.25,1.625,14.875],"rotation":0,"texture":"#0","tintindex":0}}}],"display":{"head":{"translation":[0.0,-6.4,0.0],"scale":[4.0,4.0,4.0]}}}