{"textures":{"0":"modelengine:entity/admin_crate"},"elements":[{"from":[6.352752,6.5714283,6.043497],"to":[9.209895,9.428572,8.9006405],"rotation":{"angle":22.5,"axis":"z","origin":[7.781324,8.0,7.472069]},"faces":{"east":{"uv":[13.5,1.875,12.875,2.5],"rotation":0,"texture":"#0","tintindex":0},"south":{"uv":[12.875,1.875,13.5,2.5],"rotation":0,"texture":"#0","tintindex":0},"north":{"uv":[12.875,1.875,13.5,2.5],"rotation":0,"texture":"#0","tintindex":0},"west":{"uv":[13.5,1.875,12.875,2.5],"rotation":0,"texture":"#0","tintindex":0},"up":{"uv":[13.5,1.25,12.875,0.625],"rotation":0,"texture":"#0","tintindex":0},"down":{"uv":[8.75,13.625,9.375,13.0],"rotation":0,"texture":"#0","tintindex":0}}},{"from":[6.1540327,8.705504,6.3292117],"to":[8.439747,11.562648,8.614926],"rotation":{"angle":0.0,"axis":"y","origin":[6.7254615,10.41979,7.472069]},"faces":{"east":{"uv":[6.125,14.25,5.625,14.875],"rotation":0,"texture":"#0","tintindex":0},"south":{"uv":[5.625,14.25,6.125,14.875],"rotation":0,"texture":"#0","tintindex":0},"north":{"uv":[5.625,14.25,6.125,14.875],"rotation":0,"texture":"#0","tintindex":0},"west":{"uv":[5.625,14.25,6.125,14.875],"rotation":0,"texture":"#0","tintindex":0},"up":{"uv":[11.875,14.625,11.375,15.125],"rotation":0,"texture":"#0","tintindex":0},"down":{"uv":[9.875,14.625,9.375,15.125],"rotation":0,"texture":"#0","tintindex":0}}},{"from":[3.2968903,8.134076,6.043497],"to":[6.7254615,9.848362,8.329212],"rotation":{"angle":0.0,"axis":"y","origin":[6.7254615,10.41979,7.472069]},"faces":{"east":{"uv":[15.0,14.125,15.5,14.5],"rotation":0,"texture":"#0","tintindex":0},"south":{"uv":[15.25,3.0,14.5,3.375],"rotation":0,"texture":"#0","tintindex":0},"north":{"uv":[1.125,14.5,1.875,14.875],"rotation":0,"texture":"#0","tintindex":0},"west":{"uv":[15.0,14.5,15.5,14.875],"rotation":0,"texture":"#0","tintindex":0},"up":{"uv":[3.375,13.5,2.625,14.0],"rotation":0,"texture":"#0","tintindex":0},"down":{"uv":[14.25,1.125,13.5,1.625],"rotation":0,"texture":"#0","tintindex":0}}},{"from":[7.29689,11.276934,6.614926],"to":[9.011176,13.562648,8.329212],"rotation":{"angle":-22.5,"axis":"z","origin":[7.29689,12.9912195,7.472069]},"faces":{"east":{"uv":[5.125,15.125,5.5,15.625],"rotation":0,"texture":"#0","tintindex":0},"south":{"uv":[5.5,15.125,5.125,15.625],"rotation":0,"texture":"#0","tintindex":0},"north":{"uv":[5.5,15.125,5.125,15.625],"rotation":0,"texture":"#0","tintindex":0},"west":{"uv":[5.125,15.125,5.5,15.625],"rotation":0,"texture":"#0","tintindex":0},"up":{"uv":[15.5,12.625,15.125,12.25],"rotation":0,"texture":"#0","tintindex":0},"down":{"uv":[12.25,15.125,11.875,15.5],"rotation":0,"texture":"#0","tintindex":0}}},{"from":[9.03053,12.818426,6.9006405],"to":[10.173388,15.104141,8.043497],"rotation":{"angle":-45.0,"axis":"z","origin":[8.744816,14.246998,7.472069]},"faces":{"east":{"uv":[13.875,15.125,14.125,15.625],"rotation":0,"texture":"#0","tintindex":0},"south":{"uv":[14.125,15.125,13.875,15.625],"rotation":0,"texture":"#0","tintindex":0},"north":{"uv":[14.125,15.125,13.875,15.625],"rotation":0,"texture":"#0","tintindex":0},"west":{"uv":[15.125,13.625,15.375,14.125],"rotation":0,"texture":"#0","tintindex":0},"up":{"uv":[10.875,5.625,10.625,5.375],"rotation":0,"texture":"#0","tintindex":0},"down":{"uv":[10.5,7.0,10.25,7.25],"rotation":0,"texture":"#0","tintindex":0}}},{"from":[3.7131429,13.856001,6.570286],"to":[8.286858,16.144001,8.858286],"rotation":{"angle":0.0,"axis":"y","origin":[2.2857141,6.5714283,2.8571424]},"faces":{"east":{"uv":[14.625,11.25,15.125,11.75],"rotation":0,"texture":"#0","tintindex":0},"south":{"uv":[0.0,11.875,1.0,12.375],"rotation":0,"texture":"#0","tintindex":0},"north":{"uv":[0.0,11.875,1.0,12.375],"rotation":0,"texture":"#0","tintindex":0},"west":{"uv":[9.875,14.625,10.375,15.125],"rotation":0,"texture":"#0","tintindex":0},"up":{"uv":[11.875,2.0,12.875,2.5],"rotation":0,"texture":"#0","tintindex":0},"down":{"uv":[11.875,2.5,12.875,2.0],"rotation":0,"texture":"#0","tintindex":0}}}],"display":{"head":{"translation":[0.0,-6.4,0.0],"scale":[4.0,4.0,4.0]}}}