{"textures":{"0":"modelengine:entity/yukio_full_hit"},"elements":[{"from":[3.4285712,-4.5714293,7.857143],"to":[12.571428,8.0,15.285715],"rotation":{"angle":0.0,"axis":"y","origin":[8.0,1.7142854,11.571428]},"faces":{"east":{"uv":[1.8125,9.96875,2.21875,10.65625],"rotation":0,"texture":"#0","tintindex":0},"south":{"uv":[8.28125,9.21875,8.78125,9.90625],"rotation":0,"texture":"#0","tintindex":0},"north":{"uv":[9.21875,2.53125,9.71875,3.21875],"rotation":0,"texture":"#0","tintindex":0},"west":{"uv":[2.21875,9.96875,2.625,10.65625],"rotation":0,"texture":"#0","tintindex":0},"up":{"uv":[11.4375,3.34375,10.9375,2.9375],"rotation":0,"texture":"#0","tintindex":0},"down":{"uv":[8.21875,10.9375,7.71875,11.34375],"rotation":0,"texture":"#0","tintindex":0}}}],"display":{"head":{"translation":[0.0,-6.4,0.0],"scale":[4.0,4.0,4.0]}}}