{"textures":{"0":"modelengine:entity/whale_flesh"},"elements":[{"from":[6.4345236,7.5714283,6.427381],"to":[9.148809,8.357142,6.8559523],"rotation":{"angle":0.0,"axis":"y","origin":[7.963095,-11.714287,5.213095]},"faces":{"east":{"uv":[1.5,9.5,1.875,10.25],"rotation":0,"texture":"#0","tintindex":0},"south":{"uv":[6.0,9.5,8.375,10.25],"rotation":0,"texture":"#0","tintindex":0},"north":{"uv":[2.5,9.5,4.875,10.25],"rotation":0,"texture":"#0","tintindex":0},"west":{"uv":[11.5,7.0,11.875,7.75],"rotation":0,"texture":"#0","tintindex":0},"up":{"uv":[11.875,4.875,9.5,4.5],"rotation":0,"texture":"#0","tintindex":0},"down":{"uv":[12.375,2.5,10.0,2.875],"rotation":0,"texture":"#0","tintindex":0}}},{"from":[7.577381,8.357142,6.570238],"to":[8.363095,9.0,6.713095],"rotation":{"angle":0.0,"axis":"y","origin":[7.963095,-11.714287,5.213095]},"faces":{"east":{"uv":[2.5,12.5,2.625,13.125],"rotation":0,"texture":"#0","tintindex":0},"south":{"uv":[10.5,5.0,11.25,5.625],"rotation":0,"texture":"#0","tintindex":0},"north":{"uv":[0.0,9.5,0.75,10.125],"rotation":0,"texture":"#0","tintindex":0},"west":{"uv":[12.5,2.5,12.625,3.125],"rotation":0,"texture":"#0","tintindex":0},"up":{"uv":[9.75,12.125,9.0,12.0],"rotation":0,"texture":"#0","tintindex":0},"down":{"uv":[12.75,9.5,12.0,9.625],"rotation":0,"texture":"#0","tintindex":0}}},{"from":[7.577381,8.357142,9.284524],"to":[8.363095,9.0,9.4273815],"rotation":{"angle":0.0,"axis":"y","origin":[7.963095,-11.714287,5.213095]},"faces":{"east":{"uv":[3.0,12.5,3.125,13.125],"rotation":0,"texture":"#0","tintindex":0},"south":{"uv":[2.0,11.5,2.75,12.125],"rotation":0,"texture":"#0","tintindex":0},"north":{"uv":[11.5,1.5,12.25,2.125],"rotation":0,"texture":"#0","tintindex":0},"west":{"uv":[3.5,12.5,3.625,13.125],"rotation":0,"texture":"#0","tintindex":0},"up":{"uv":[10.75,12.125,10.0,12.0],"rotation":0,"texture":"#0","tintindex":0},"down":{"uv":[12.75,10.0,12.0,10.125],"rotation":0,"texture":"#0","tintindex":0}}},{"from":[9.291667,8.357142,7.6130953],"to":[9.434524,9.0,8.398809],"rotation":{"angle":0.0,"axis":"y","origin":[6.5059524,8.535714,8.74881]},"faces":{"east":{"uv":[3.0,11.5,3.75,12.125],"rotation":0,"texture":"#0","tintindex":0},"south":{"uv":[4.0,12.5,4.125,13.125],"rotation":0,"texture":"#0","tintindex":0},"north":{"uv":[12.5,3.5,12.625,4.125],"rotation":0,"texture":"#0","tintindex":0},"west":{"uv":[11.5,3.0,12.25,3.625],"rotation":0,"texture":"#0","tintindex":0},"up":{"uv":[12.125,11.25,12.0,10.5],"rotation":0,"texture":"#0","tintindex":0},"down":{"uv":[12.125,11.5,12.0,12.25],"rotation":0,"texture":"#0","tintindex":0}}},{"from":[6.5773807,8.357142,7.6130953],"to":[6.7202377,9.0,8.398809],"rotation":{"angle":0.0,"axis":"y","origin":[6.5059524,8.535714,8.74881]},"faces":{"east":{"uv":[4.0,11.5,4.75,12.125],"rotation":0,"texture":"#0","tintindex":0},"south":{"uv":[12.5,4.5,12.625,5.125],"rotation":0,"texture":"#0","tintindex":0},"north":{"uv":[4.5,12.5,4.625,13.125],"rotation":0,"texture":"#0","tintindex":0},"west":{"uv":[11.5,5.0,12.25,5.625],"rotation":0,"texture":"#0","tintindex":0},"up":{"uv":[12.625,2.25,12.5,1.5],"rotation":0,"texture":"#0","tintindex":0},"down":{"uv":[2.125,12.5,2.0,13.25],"rotation":0,"texture":"#0","tintindex":0}}},{"from":[6.8630953,7.5714283,9.141666],"to":[9.577381,8.357142,9.570238],"rotation":{"angle":0.0,"axis":"y","origin":[8.391666,-11.714287,3.9273806]},"faces":{"east":{"uv":[11.5,9.5,11.875,10.25],"rotation":0,"texture":"#0","tintindex":0},"south":{"uv":[10.0,6.0,12.375,6.75],"rotation":0,"texture":"#0","tintindex":0},"north":{"uv":[8.5,9.5,10.875,10.25],"rotation":0,"texture":"#0","tintindex":0},"west":{"uv":[11.5,10.5,11.875,11.25],"rotation":0,"texture":"#0","tintindex":0},"up":{"uv":[12.375,9.375,10.0,9.0],"rotation":0,"texture":"#0","tintindex":0},"down":{"uv":[12.875,1.0,10.5,1.375],"rotation":0,"texture":"#0","tintindex":0}}},{"from":[6.4345236,7.5714283,6.8559523],"to":[6.8630953,8.357142,9.570238],"rotation":{"angle":0.0,"axis":"y","origin":[6.820238,7.5,7.3559523]},"faces":{"east":{"uv":[10.0,8.0,12.375,8.75],"rotation":0,"texture":"#0","tintindex":0},"south":{"uv":[12.0,4.0,12.375,4.75],"rotation":0,"texture":"#0","tintindex":0},"north":{"uv":[11.5,11.5,11.875,12.25],"rotation":0,"texture":"#0","tintindex":0},"west":{"uv":[0.0,10.5,2.375,11.25],"rotation":0,"texture":"#0","tintindex":0},"up":{"uv":[5.375,11.875,5.0,9.5],"rotation":0,"texture":"#0","tintindex":0},"down":{"uv":[5.875,10.0,5.5,12.375],"rotation":0,"texture":"#0","tintindex":0}}},{"from":[9.148809,7.5714283,6.427381],"to":[9.577381,8.357142,9.141666],"rotation":{"angle":0.0,"axis":"y","origin":[5.534524,7.5,6.927381]},"faces":{"east":{"uv":[10.5,0.0,12.875,0.75],"rotation":0,"texture":"#0","tintindex":0},"south":{"uv":[7.0,12.0,7.375,12.75],"rotation":0,"texture":"#0","tintindex":0},"north":{"uv":[5.0,12.0,5.375,12.75],"rotation":0,"texture":"#0","tintindex":0},"west":{"uv":[2.5,10.5,4.875,11.25],"rotation":0,"texture":"#0","tintindex":0},"up":{"uv":[6.375,12.875,6.0,10.5],"rotation":0,"texture":"#0","tintindex":0},"down":{"uv":[6.875,10.5,6.5,12.875],"rotation":0,"texture":"#0","tintindex":0}}},{"from":[9.035953,7.5714283,6.3559523],"to":[9.648809,8.857143,6.9688096],"rotation":{"angle":0.0,"axis":"y","origin":[6.9090953,7.5,6.757381]},"faces":{"east":{"uv":[7.0,10.5,7.5,11.625],"rotation":0,"texture":"#0","tintindex":0},"south":{"uv":[7.5,10.5,8.0,11.625],"rotation":0,"texture":"#0","tintindex":0},"north":{"uv":[10.5,3.0,11.0,4.125],"rotation":0,"texture":"#0","tintindex":0},"west":{"uv":[8.0,10.5,8.5,11.625],"rotation":0,"texture":"#0","tintindex":0},"up":{"uv":[10.0,7.0,9.5,6.5],"rotation":0,"texture":"#0","tintindex":0},"down":{"uv":[1.5,10.0,1.0,10.5],"rotation":0,"texture":"#0","tintindex":0}}},{"from":[9.035953,7.5714283,9.02881],"to":[9.648809,8.857143,9.641666],"rotation":{"angle":0.0,"axis":"y","origin":[6.9090953,7.5,7.8259525]},"faces":{"east":{"uv":[9.0,10.5,9.5,11.625],"rotation":0,"texture":"#0","tintindex":0},"south":{"uv":[9.5,10.5,10.0,11.625],"rotation":0,"texture":"#0","tintindex":0},"north":{"uv":[8.5,10.5,9.0,11.625],"rotation":0,"texture":"#0","tintindex":0},"west":{"uv":[10.0,10.5,10.5,11.625],"rotation":0,"texture":"#0","tintindex":0},"up":{"uv":[12.0,4.5,11.5,4.0],"rotation":0,"texture":"#0","tintindex":0},"down":{"uv":[12.5,7.0,12.0,7.5],"rotation":0,"texture":"#0","tintindex":0}}},{"from":[6.3630953,7.5714283,9.02881],"to":[6.975952,8.857143,9.641666],"rotation":{"angle":0.0,"axis":"y","origin":[5.8405237,7.5,7.8259525]},"faces":{"east":{"uv":[11.0,3.0,11.5,4.125],"rotation":0,"texture":"#0","tintindex":0},"south":{"uv":[11.0,9.5,11.5,10.625],"rotation":0,"texture":"#0","tintindex":0},"north":{"uv":[10.5,10.5,11.0,11.625],"rotation":0,"texture":"#0","tintindex":0},"west":{"uv":[11.0,11.0,11.5,12.125],"rotation":0,"texture":"#0","tintindex":0},"up":{"uv":[8.0,12.5,7.5,12.0],"rotation":0,"texture":"#0","tintindex":0},"down":{"uv":[12.5,7.5,12.0,8.0],"rotation":0,"texture":"#0","tintindex":0}}},{"from":[6.3630953,7.5714283,6.3559523],"to":[6.975952,8.857143,6.9688096],"rotation":{"angle":0.0,"axis":"y","origin":[5.8405237,7.5,6.757381]},"faces":{"east":{"uv":[0.5,11.5,1.0,12.625],"rotation":0,"texture":"#0","tintindex":0},"south":{"uv":[1.0,11.5,1.5,12.625],"rotation":0,"texture":"#0","tintindex":0},"north":{"uv":[0.0,11.5,0.5,12.625],"rotation":0,"texture":"#0","tintindex":0},"west":{"uv":[1.5,11.5,2.0,12.625],"rotation":0,"texture":"#0","tintindex":0},"up":{"uv":[8.5,12.5,8.0,12.0],"rotation":0,"texture":"#0","tintindex":0},"down":{"uv":[9.0,12.0,8.5,12.5],"rotation":0,"texture":"#0","tintindex":0}}}],"display":{"head":{"translation":[0.0,-6.4,0.0],"scale":[4.0,4.0,4.0]}}}