{"textures":{"0":"modelengine:entity/whale_flesh"},"elements":[{"from":[4.768571,7.7146554,7.2833214],"to":[11.231429,8.11237,7.681036],"rotation":{"angle":0.0,"axis":"y","origin":[8.0,6.2232265,8.526178]},"faces":{"east":{"uv":[6.875,4.75,7.0,4.875],"rotation":0,"texture":"#0","tintindex":0},"south":{"uv":[4.875,3.625,6.25,3.75],"rotation":0,"texture":"#0","tintindex":0},"north":{"uv":[3.0,2.25,4.375,2.375],"rotation":0,"texture":"#0","tintindex":0},"west":{"uv":[6.875,4.875,7.0,5.0],"rotation":0,"texture":"#0","tintindex":0},"up":{"uv":[10.375,0.75,9.0,0.625],"rotation":0,"texture":"#0","tintindex":0},"down":{"uv":[10.375,0.75,9.0,0.875],"rotation":0,"texture":"#0","tintindex":0}}},{"from":[4.917714,7.466084,6.985036],"to":[11.082286,8.360941,7.9793215],"rotation":{"angle":0.0,"axis":"y","origin":[8.0,6.2232265,8.526178]},"faces":{"east":{"uv":[8.0,4.5,8.25,4.75],"rotation":0,"texture":"#0","tintindex":0},"south":{"uv":[8.75,4.125,10.125,4.375],"rotation":0,"texture":"#0","tintindex":0},"north":{"uv":[8.75,3.875,10.125,4.125],"rotation":0,"texture":"#0","tintindex":0},"west":{"uv":[3.375,8.25,3.625,8.5],"rotation":0,"texture":"#0","tintindex":0},"up":{"uv":[10.25,1.125,8.875,0.875],"rotation":0,"texture":"#0","tintindex":0},"down":{"uv":[10.25,1.125,8.875,1.375],"rotation":0,"texture":"#0","tintindex":0}}},{"from":[5.3154287,7.466084,-3.4549646],"to":[10.684571,11.194655,-2.9578218],"rotation":{"angle":0.0,"axis":"y","origin":[8.0,6.2232265,8.526178]},"faces":{"east":{"uv":[7.0,5.75,7.125,6.625],"rotation":0,"texture":"#0","tintindex":0},"south":{"uv":[3.625,7.75,4.75,8.625],"rotation":0,"texture":"#0","tintindex":0},"north":{"uv":[7.25,7.625,8.375,8.5],"rotation":0,"texture":"#0","tintindex":0},"west":{"uv":[7.125,5.75,7.25,6.625],"rotation":0,"texture":"#0","tintindex":0},"up":{"uv":[10.125,5.5,9.0,5.375],"rotation":0,"texture":"#0","tintindex":0},"down":{"uv":[10.125,5.5,9.0,5.625],"rotation":0,"texture":"#0","tintindex":0}}},{"from":[5.1165714,7.466084,-2.9578218],"to":[10.883429,11.443227,1.6158924],"rotation":{"angle":0.0,"axis":"y","origin":[8.0,6.2232265,8.526178]},"faces":{"east":{"uv":[8.0,0.0,9.0,0.875],"rotation":0,"texture":"#0","tintindex":0},"south":{"uv":[7.5,3.5,8.75,4.375],"rotation":0,"texture":"#0","tintindex":0},"north":{"uv":[7.25,6.75,8.5,7.625],"rotation":0,"texture":"#0","tintindex":0},"west":{"uv":[2.375,8.25,3.375,9.125],"rotation":0,"texture":"#0","tintindex":0},"up":{"uv":[7.25,7.625,6.0,6.625],"rotation":0,"texture":"#0","tintindex":0},"down":{"uv":[8.25,4.75,7.0,5.75],"rotation":0,"texture":"#0","tintindex":0}}},{"from":[5.017143,7.466084,1.5661783],"to":[10.982857,11.691798,9.222178],"rotation":{"angle":0.0,"axis":"y","origin":[8.0,6.2232265,8.526178]},"faces":{"east":{"uv":[3.0,1.375,4.625,2.25],"rotation":0,"texture":"#0","tintindex":0},"south":{"uv":[1.125,7.625,2.375,8.5],"rotation":0,"texture":"#0","tintindex":0},"north":{"uv":[7.625,1.0,8.875,1.875],"rotation":0,"texture":"#0","tintindex":0},"west":{"uv":[4.875,2.75,6.5,3.625],"rotation":0,"texture":"#0","tintindex":0},"up":{"uv":[1.25,6.625,0.0,5.0],"rotation":0,"texture":"#0","tintindex":0},"down":{"uv":[2.5,5.0,1.25,6.625],"rotation":0,"texture":"#0","tintindex":0}}}],"display":{"head":{"translation":[0.0,-6.4,0.0],"scale":[4.0,4.0,4.0]}}}