{"textures":{"0":"modelengine:entity/pet_dupe"},"elements":[{"from":[-0.59428596,1.8515162,13.231841],"to":[4.8914285,5.874374,13.231841],"rotation":{"angle":-22.5,"axis":"x","origin":[8.0,6.615811,3.4013572]},"faces":{"east":{"uv":[1.0,7.3125,1.0,8.0],"rotation":0,"texture":"#0","tintindex":0},"south":{"uv":[1.9375,1.5,2.875,2.1875],"rotation":0,"texture":"#0","tintindex":0},"north":{"uv":[1.9375,0.75,2.875,1.4375],"rotation":0,"texture":"#0","tintindex":0},"west":{"uv":[1.0625,7.3125,1.0625,8.0],"rotation":0,"texture":"#0","tintindex":0},"up":{"uv":[8.1875,1.5,7.25,1.5],"rotation":0,"texture":"#0","tintindex":0},"down":{"uv":[8.1875,1.5625,7.25,1.5625],"rotation":0,"texture":"#0","tintindex":0}}},{"from":[-0.59428596,1.8515162,13.158698],"to":[4.8914285,5.874374,13.158698],"rotation":{"angle":-22.5,"axis":"x","origin":[8.0,6.615811,3.4013572]},"faces":{"east":{"uv":[1.125,7.3125,1.125,8.0],"rotation":0,"texture":"#0","tintindex":0},"south":{"uv":[1.0,2.25,1.9375,2.9375],"rotation":0,"texture":"#0","tintindex":0},"north":{"uv":[0.0,2.25,0.9375,2.9375],"rotation":0,"texture":"#0","tintindex":0},"west":{"uv":[1.1875,7.3125,1.1875,8.0],"rotation":0,"texture":"#0","tintindex":0},"up":{"uv":[8.1875,1.625,7.25,1.625],"rotation":0,"texture":"#0","tintindex":0},"down":{"uv":[8.1875,1.6875,7.25,1.6875],"rotation":0,"texture":"#0","tintindex":0}}},{"from":[0.35657072,2.4828053,13.170317],"to":[3.9405713,5.774234,13.170317],"rotation":{"angle":-22.5,"axis":"x","origin":[8.0,6.6253853,3.3032613]},"faces":{"east":{"uv":[1.25,7.3125,1.25,7.875],"rotation":0,"texture":"#0","tintindex":0},"south":{"uv":[4.125,4.1875,4.75,4.75],"rotation":0,"texture":"#0","tintindex":0},"north":{"uv":[4.1875,1.9375,4.8125,2.5],"rotation":0,"texture":"#0","tintindex":0},"west":{"uv":[1.3125,7.3125,1.3125,7.875],"rotation":0,"texture":"#0","tintindex":0},"up":{"uv":[7.875,2.875,7.25,2.875],"rotation":0,"texture":"#0","tintindex":0},"down":{"uv":[7.875,2.9375,7.25,2.9375],"rotation":0,"texture":"#0","tintindex":0}}},{"from":[0.7588568,2.0439477,13.170317],"to":[3.5382853,2.4828053,13.170317],"rotation":{"angle":-22.5,"axis":"x","origin":[7.926857,6.6253853,3.3032613]},"faces":{"east":{"uv":[5.3125,2.375,5.3125,2.4375],"rotation":0,"texture":"#0","tintindex":0},"south":{"uv":[7.0625,6.375,7.5625,6.4375],"rotation":0,"texture":"#0","tintindex":0},"north":{"uv":[3.5,2.9375,4.0,3.0],"rotation":0,"texture":"#0","tintindex":0},"west":{"uv":[5.375,3.0,5.375,3.0625],"rotation":0,"texture":"#0","tintindex":0},"up":{"uv":[7.75,3.0,7.25,3.0],"rotation":0,"texture":"#0","tintindex":0},"down":{"uv":[7.75,3.25,7.25,3.25],"rotation":0,"texture":"#0","tintindex":0}}}],"display":{"head":{"translation":[0.0,-6.4,0.0],"scale":[4.0,4.0,4.0]}}}