{"textures":{"0":"modelengine:entity/nocsy_chibi_dark_mage"},"elements":[{"from":[-5.4285717,2.383988,15.217644],"to":[3.142857,8.669703,15.217644],"rotation":{"angle":22.5,"axis":"x","origin":[8.0,5.8519454,9.624896]},"faces":{"east":{"uv":[5.9375,7.25,5.9375,7.9375],"rotation":0,"texture":"#0","tintindex":0},"south":{"uv":[0.9375,0.75,1.875,1.4375],"rotation":0,"texture":"#0","tintindex":0},"north":{"uv":[0.9375,0.0,1.875,0.6875],"rotation":0,"texture":"#0","tintindex":0},"west":{"uv":[7.25,7.125,7.25,7.8125],"rotation":0,"texture":"#0","tintindex":0},"up":{"uv":[8.125,4.125,7.1875,4.125],"rotation":0,"texture":"#0","tintindex":0},"down":{"uv":[8.125,5.625,7.1875,5.625],"rotation":0,"texture":"#0","tintindex":0}}},{"from":[-5.4285717,2.383988,15.389072],"to":[3.142857,8.669703,15.389072],"rotation":{"angle":22.5,"axis":"x","origin":[8.0,5.8519454,9.624896]},"faces":{"east":{"uv":[0.0,7.3125,0.0,8.0],"rotation":0,"texture":"#0","tintindex":0},"south":{"uv":[1.9375,0.0,2.875,0.6875],"rotation":0,"texture":"#0","tintindex":0},"north":{"uv":[0.9375,1.5,1.875,2.1875],"rotation":0,"texture":"#0","tintindex":0},"west":{"uv":[0.0625,7.3125,0.0625,8.0],"rotation":0,"texture":"#0","tintindex":0},"up":{"uv":[8.1875,0.0,7.25,0.0],"rotation":0,"texture":"#0","tintindex":0},"down":{"uv":[8.1875,0.0625,7.25,0.0625],"rotation":0,"texture":"#0","tintindex":0}}},{"from":[-3.9714298,3.2982736,15.33193],"to":[1.6857138,8.669703,15.33193],"rotation":{"angle":22.5,"axis":"x","origin":[7.9714284,5.8519454,9.624896]},"faces":{"east":{"uv":[0.125,7.3125,0.125,7.875],"rotation":0,"texture":"#0","tintindex":0},"south":{"uv":[4.125,3.5625,4.75,4.125],"rotation":0,"texture":"#0","tintindex":0},"north":{"uv":[4.0625,2.9375,4.6875,3.5],"rotation":0,"texture":"#0","tintindex":0},"west":{"uv":[0.1875,7.3125,0.1875,7.875],"rotation":0,"texture":"#0","tintindex":0},"up":{"uv":[7.875,0.125,7.25,0.125],"rotation":0,"texture":"#0","tintindex":0},"down":{"uv":[7.875,1.4375,7.25,1.4375],"rotation":0,"texture":"#0","tintindex":0}}},{"from":[-2.7142859,2.783988,15.33193],"to":[0.42857122,3.2982736,15.33193],"rotation":{"angle":22.5,"axis":"x","origin":[7.9142857,5.8519454,9.624896]},"faces":{"east":{"uv":[4.75,3.4375,4.75,3.5],"rotation":0,"texture":"#0","tintindex":0},"south":{"uv":[7.125,4.4375,7.5,4.5],"rotation":0,"texture":"#0","tintindex":0},"north":{"uv":[7.125,4.3125,7.5,4.375],"rotation":0,"texture":"#0","tintindex":0},"west":{"uv":[4.8125,1.8125,4.8125,1.875],"rotation":0,"texture":"#0","tintindex":0},"up":{"uv":[6.125,0.4375,5.75,0.4375],"rotation":0,"texture":"#0","tintindex":0},"down":{"uv":[6.5625,6.0625,6.1875,6.0625],"rotation":0,"texture":"#0","tintindex":0}}}],"display":{"head":{"translation":[0.0,-6.4,0.0],"scale":[4.0,4.0,4.0]}}}