{"textures":{"0":"modelengine:entity/nocsy_chibi_dark_mage"},"elements":[{"from":[-2.982503,4.3382635,12.825398],"to":[-1.2682171,6.0525494,16.825397],"rotation":{"angle":0.0,"axis":"y","origin":[7.7266655,8.2733345,8.44844]},"faces":{"east":{"uv":[6.0625,3.0625,6.5,3.25],"rotation":0,"texture":"#0","tintindex":0},"south":{"uv":[7.0625,6.125,7.25,6.3125],"rotation":0,"texture":"#0","tintindex":0},"north":{"uv":[5.125,1.5625,5.3125,1.75],"rotation":0,"texture":"#0","tintindex":0},"west":{"uv":[6.0625,4.375,6.5,4.5625],"rotation":0,"texture":"#0","tintindex":0},"up":{"uv":[0.75,2.1875,0.5625,1.75],"rotation":0,"texture":"#0","tintindex":0},"down":{"uv":[0.8125,6.125,0.625,6.5625],"rotation":0,"texture":"#0","tintindex":0}}},{"from":[-1.1539307,6.166835,16.939684],"to":[-3.0967894,4.223978,12.711113],"rotation":{"angle":0.0,"axis":"y","origin":[9.440951,9.98762,12.44844]},"faces":{"east":{"uv":[0.875,6.125,1.3125,6.3125],"rotation":0,"texture":"#0","tintindex":0},"south":{"uv":[7.125,0.4375,7.3125,0.625],"rotation":0,"texture":"#0","tintindex":0},"north":{"uv":[7.125,0.1875,7.3125,0.375],"rotation":0,"texture":"#0","tintindex":0},"west":{"uv":[1.375,6.125,1.8125,6.3125],"rotation":0,"texture":"#0","tintindex":0},"up":{"uv":[2.0625,6.5625,1.875,6.125],"rotation":0,"texture":"#0","tintindex":0},"down":{"uv":[2.3125,6.125,2.125,6.5625],"rotation":0,"texture":"#0","tintindex":0}}},{"from":[2.0475497,-2.0123806,12.440696],"to":[8.333264,-2.0123806,19.29784],"rotation":{"angle":-45.0,"axis":"z","origin":[9.120574,7.98762,8.734154]},"faces":{"east":{"uv":[7.125,1.0,7.875,1.0],"rotation":0,"texture":"#0","tintindex":0},"south":{"uv":[7.125,2.8125,7.8125,2.8125],"rotation":0,"texture":"#0","tintindex":0},"north":{"uv":[7.0625,6.5,7.75,6.5],"rotation":0,"texture":"#0","tintindex":0},"west":{"uv":[7.125,3.1875,7.875,3.1875],"rotation":0,"texture":"#0","tintindex":0},"up":{"uv":[2.6875,3.1875,2.0,2.4375],"rotation":0,"texture":"#0","tintindex":0},"down":{"uv":[2.6875,2.4375,2.0,3.1875],"rotation":0,"texture":"#0","tintindex":0}}},{"from":[2.3332644,-2.0123806,17.583553],"to":[5.7618356,-2.0123806,17.869267],"rotation":{"angle":-45.0,"axis":"z","origin":[9.120574,7.98762,8.734154]},"faces":{"east":{"uv":[7.125,1.0,7.875,1.0],"rotation":0,"texture":"#0","tintindex":0},"south":{"uv":[7.125,2.8125,7.8125,2.8125],"rotation":0,"texture":"#0","tintindex":0},"north":{"uv":[7.0625,6.5,7.75,6.5],"rotation":0,"texture":"#0","tintindex":0},"west":{"uv":[7.125,3.1875,7.875,3.1875],"rotation":0,"texture":"#0","tintindex":0},"up":{"uv":[3.125,4.75,3.0,4.625],"rotation":0,"texture":"#0","tintindex":0},"down":{"uv":[3.125,4.75,3.0,4.625],"rotation":0,"texture":"#0","tintindex":0}}},{"from":[5.476121,-2.0123806,16.440697],"to":[5.7618356,-2.0123806,17.583553],"rotation":{"angle":-45.0,"axis":"z","origin":[9.120574,7.98762,8.734154]},"faces":{"east":{"uv":[7.125,1.0,7.875,1.0],"rotation":0,"texture":"#0","tintindex":0},"south":{"uv":[7.125,2.8125,7.8125,2.8125],"rotation":0,"texture":"#0","tintindex":0},"north":{"uv":[7.0625,6.5,7.75,6.5],"rotation":0,"texture":"#0","tintindex":0},"west":{"uv":[7.125,3.1875,7.875,3.1875],"rotation":0,"texture":"#0","tintindex":0},"up":{"uv":[3.125,4.75,3.0,4.625],"rotation":0,"texture":"#0","tintindex":0},"down":{"uv":[3.125,4.75,3.0,4.625],"rotation":0,"texture":"#0","tintindex":0}}},{"from":[4.3332644,-2.0123806,16.154982],"to":[5.7618356,-2.0123806,16.440697],"rotation":{"angle":-45.0,"axis":"z","origin":[9.120574,7.98762,8.734154]},"faces":{"east":{"uv":[7.125,1.0,7.875,1.0],"rotation":0,"texture":"#0","tintindex":0},"south":{"uv":[7.125,2.8125,7.8125,2.8125],"rotation":0,"texture":"#0","tintindex":0},"north":{"uv":[7.0625,6.5,7.75,6.5],"rotation":0,"texture":"#0","tintindex":0},"west":{"uv":[7.125,3.1875,7.875,3.1875],"rotation":0,"texture":"#0","tintindex":0},"up":{"uv":[3.125,4.75,3.0,4.625],"rotation":0,"texture":"#0","tintindex":0},"down":{"uv":[3.125,4.75,3.0,4.625],"rotation":0,"texture":"#0","tintindex":0}}},{"from":[2.3332644,-2.0123806,15.926411],"to":[2.6189785,-2.0123806,17.583553],"rotation":{"angle":-45.0,"axis":"z","origin":[9.120574,7.98762,8.734154]},"faces":{"east":{"uv":[7.125,1.0,7.875,1.0],"rotation":0,"texture":"#0","tintindex":0},"south":{"uv":[7.125,2.8125,7.8125,2.8125],"rotation":0,"texture":"#0","tintindex":0},"north":{"uv":[7.0625,6.5,7.75,6.5],"rotation":0,"texture":"#0","tintindex":0},"west":{"uv":[7.125,3.1875,7.875,3.1875],"rotation":0,"texture":"#0","tintindex":0},"up":{"uv":[3.125,4.75,3.0,4.625],"rotation":0,"texture":"#0","tintindex":0},"down":{"uv":[3.0,4.75,3.125,4.625],"rotation":0,"texture":"#0","tintindex":0}}}],"display":{"head":{"translation":[0.0,-6.4,0.0],"scale":[4.0,4.0,4.0]}}}