{"textures":{"0":"modelengine:entity/nocsy_chibi_dark_mage"},"elements":[{"from":[-1.8170156,-1.3582048,12.571428],"to":[-1.8170156,4.92751,19.428572],"rotation":{"angle":-22.5,"axis":"z","origin":[11.472655,5.0865784,8.0]},"faces":{"east":{"uv":[0.8125,3.0,1.5625,3.6875],"rotation":0,"texture":"#0","tintindex":0},"south":{"uv":[7.1875,7.125,7.1875,7.8125],"rotation":0,"texture":"#0","tintindex":0},"north":{"uv":[6.6875,7.1875,6.6875,7.875],"rotation":0,"texture":"#0","tintindex":0},"west":{"uv":[1.625,3.0625,2.375,3.75],"rotation":0,"texture":"#0","tintindex":0},"up":{"uv":[0.375,8.0,0.375,7.25],"rotation":0,"texture":"#0","tintindex":0},"down":{"uv":[0.4375,7.25,0.4375,8.0],"rotation":0,"texture":"#0","tintindex":0}}},{"from":[-1.7027302,-1.3582048,12.571428],"to":[-1.7027302,4.92751,19.428572],"rotation":{"angle":-22.5,"axis":"z","origin":[11.472655,5.0865784,8.0]},"faces":{"east":{"uv":[2.4375,3.0625,3.1875,3.75],"rotation":0,"texture":"#0","tintindex":0},"south":{"uv":[0.8125,7.25,0.8125,7.9375],"rotation":0,"texture":"#0","tintindex":0},"north":{"uv":[0.5,7.25,0.5,7.9375],"rotation":0,"texture":"#0","tintindex":0},"west":{"uv":[3.25,3.0625,4.0,3.75],"rotation":0,"texture":"#0","tintindex":0},"up":{"uv":[0.875,8.0,0.875,7.25],"rotation":0,"texture":"#0","tintindex":0},"down":{"uv":[0.9375,7.25,0.9375,8.0],"rotation":0,"texture":"#0","tintindex":0}}},{"from":[-1.544095,0.55001926,13.565035],"to":[-1.544095,5.6928763,18.47932],"rotation":{"angle":-22.5,"axis":"z","origin":[10.6598625,5.8519454,7.27932]},"faces":{"east":{"uv":[4.5,1.1875,5.0625,1.75],"rotation":0,"texture":"#0","tintindex":0},"south":{"uv":[5.6875,7.25,5.6875,7.8125],"rotation":0,"texture":"#0","tintindex":0},"north":{"uv":[5.625,7.25,5.625,7.8125],"rotation":0,"texture":"#0","tintindex":0},"west":{"uv":[2.875,4.5,3.4375,5.0625],"rotation":0,"texture":"#0","tintindex":0},"up":{"uv":[5.75,7.8125,5.75,7.25],"rotation":0,"texture":"#0","tintindex":0},"down":{"uv":[5.8125,7.25,5.8125,7.8125],"rotation":0,"texture":"#0","tintindex":0}}},{"from":[-1.544095,-0.021409988,14.07932],"to":[-1.544095,0.55001926,17.907892],"rotation":{"angle":-22.5,"axis":"z","origin":[10.6598625,5.8519454,7.27932]},"faces":{"east":{"uv":[7.125,2.4375,7.5625,2.5],"rotation":0,"texture":"#0","tintindex":0},"south":{"uv":[4.75,1.8125,4.75,1.875],"rotation":0,"texture":"#0","tintindex":0},"north":{"uv":[4.4375,0.5625,4.4375,0.625],"rotation":0,"texture":"#0","tintindex":0},"west":{"uv":[7.125,2.5625,7.5625,2.625],"rotation":0,"texture":"#0","tintindex":0},"up":{"uv":[7.25,5.5625,7.25,5.125],"rotation":0,"texture":"#0","tintindex":0},"down":{"uv":[5.875,7.25,5.875,7.6875],"rotation":0,"texture":"#0","tintindex":0}}}],"display":{"head":{"translation":[0.0,-6.4,0.0],"scale":[4.0,4.0,4.0]}}}