{"textures":{"0":"modelengine:entity/bear"},"elements":[{"name":"cube","from":[5.8399997,5.1471496,-0.81666136],"to":[10.16,9.7071495,2.5433383],"rotation":{"angle":-22.5,"axis":"x","origin":[8.0,7.9071503,0.62333846]},"faces":{"down":{"uv":[6.25,0.875,5.125,1.75],"rotation":0,"texture":"#0","tintindex":0},"east":{"uv":[5.375,2.25,4.5,3.4375],"rotation":0,"texture":"#0","tintindex":0},"north":{"uv":[0.0,2.875,1.125,4.0625],"rotation":0,"texture":"#0","tintindex":0},"south":{"uv":[1.125,2.875,2.25,4.0625],"rotation":0,"texture":"#0","tintindex":0},"up":{"uv":[6.25,0.875,5.125,0.0],"rotation":0,"texture":"#0","tintindex":0},"west":{"uv":[4.5,2.25,5.375,3.4375],"rotation":0,"texture":"#0","tintindex":0}}},{"name":"cube","from":[5.8399997,10.206839,-1.8877687],"to":[10.16,10.206839,0.5122311],"rotation":{"angle":-45.0,"axis":"x","origin":[8.0,10.206839,-0.2077694]},"faces":{"down":{"uv":[5.25,4.5,6.375,5.125],"rotation":0,"texture":"#0","tintindex":0},"east":{"uv":[0.0,0.0,0.625,0.0],"rotation":0,"texture":"#0","tintindex":0},"north":{"uv":[0.0,0.0,1.125,0.0],"rotation":0,"texture":"#0","tintindex":0},"south":{"uv":[0.0,0.0,1.125,0.0],"rotation":0,"texture":"#0","tintindex":0},"up":{"uv":[6.375,5.125,5.25,4.5],"rotation":0,"texture":"#0","tintindex":0},"west":{"uv":[0.0,0.0,0.625,0.0],"rotation":0,"texture":"#0","tintindex":0}}},{"name":"cube","from":[5.8399997,5.1471496,6.383339],"to":[10.16,9.7071495,10.463339],"rotation":{"angle":22.5,"axis":"x","origin":[8.0,7.9071503,8.303339]},"faces":{"down":{"uv":[4.375,4.0625,3.25,5.125],"rotation":0,"texture":"#0","tintindex":0},"east":{"uv":[2.125,4.0625,1.0625,5.25],"rotation":0,"texture":"#0","tintindex":0},"north":{"uv":[2.25,2.875,3.375,4.0625],"rotation":0,"texture":"#0","tintindex":0},"south":{"uv":[3.375,2.875,4.5,4.0625],"rotation":0,"texture":"#0","tintindex":0},"up":{"uv":[3.25,5.125,2.125,4.0625],"rotation":0,"texture":"#0","tintindex":0},"west":{"uv":[1.0625,4.0625,2.125,5.25],"rotation":0,"texture":"#0","tintindex":0}}},{"name":"cube","from":[7.16,8.74715,9.743339],"to":[8.84,9.947149,11.423339],"rotation":{"angle":22.5,"axis":"x","origin":[7.88,7.9071503,8.303339]},"faces":{"down":{"uv":[5.4375,7.6875,5.0,8.125],"rotation":0,"texture":"#0","tintindex":0},"east":{"uv":[4.5625,7.75,5.0,8.0625],"rotation":0,"texture":"#0","tintindex":0},"north":{"uv":[7.75,4.3125,8.1875,4.625],"rotation":0,"texture":"#0","tintindex":0},"south":{"uv":[7.8125,2.9375,8.25,3.25],"rotation":0,"texture":"#0","tintindex":0},"up":{"uv":[8.125,2.9375,7.6875,2.5],"rotation":0,"texture":"#0","tintindex":0},"west":{"uv":[7.8125,3.25,8.25,3.5625],"rotation":0,"texture":"#0","tintindex":0}}},{"name":"cube","from":[5.3599997,5.504885,1.7083573],"to":[10.639999,11.024885,7.2283573],"rotation":{"angle":0.0,"axis":"x","origin":[8.0,8.504885,3.1483572]},"faces":{"down":{"uv":[4.1875,1.4375,2.8125,2.875],"rotation":0,"texture":"#0","tintindex":0},"east":{"uv":[1.4375,1.4375,0.0,2.875],"rotation":0,"texture":"#0","tintindex":0},"north":{"uv":[1.4375,0.0,2.8125,1.4375],"rotation":0,"texture":"#0","tintindex":0},"south":{"uv":[1.4375,1.4375,2.8125,2.875],"rotation":0,"texture":"#0","tintindex":0},"up":{"uv":[4.1875,1.4375,2.8125,0.0],"rotation":0,"texture":"#0","tintindex":0},"west":{"uv":[0.0,1.4375,1.4375,2.875],"rotation":0,"texture":"#0","tintindex":0}}},{"name":"cube","from":[5.3599997,11.529806,1.6079698],"to":[10.639999,11.529806,4.24797],"rotation":{"angle":-22.5,"axis":"x","origin":[8.0,11.529806,2.9279697]},"faces":{"down":{"uv":[2.125,5.125,3.5,5.8125],"rotation":0,"texture":"#0","tintindex":0},"east":{"uv":[0.0,0.0,0.6875,0.0],"rotation":0,"texture":"#0","tintindex":0},"north":{"uv":[0.0,0.0,1.375,0.0],"rotation":0,"texture":"#0","tintindex":0},"south":{"uv":[0.0,0.0,1.375,0.0],"rotation":0,"texture":"#0","tintindex":0},"up":{"uv":[3.5,5.8125,2.125,5.125],"rotation":0,"texture":"#0","tintindex":0},"west":{"uv":[0.0,0.0,0.6875,0.0],"rotation":0,"texture":"#0","tintindex":0}}},{"name":"cube","from":[7.04,5.9599996,-1.3600001],"to":[8.96,8.6,0.55999994],"rotation":{"angle":22.5,"axis":"x","origin":[8.0,7.2799997,-0.40000033]},"faces":{"down":{"uv":[6.6875,7.375,6.1875,7.875],"rotation":0,"texture":"#0","tintindex":0},"east":{"uv":[5.6875,6.8125,6.1875,7.5],"rotation":0,"texture":"#0","tintindex":0},"north":{"uv":[6.8125,3.625,7.3125,4.3125],"rotation":0,"texture":"#0","tintindex":0},"south":{"uv":[6.8125,5.75,7.3125,6.4375],"rotation":0,"texture":"#0","tintindex":0},"up":{"uv":[7.8125,6.4375,7.3125,5.9375],"rotation":0,"texture":"#0","tintindex":0},"west":{"uv":[0.0,6.875,0.5,7.5625],"rotation":0,"texture":"#0","tintindex":0}}},{"name":"cube","from":[8.0,4.5199995,-0.8800006],"to":[8.0,5.9599996,1.9999998],"rotation":{"angle":22.5,"axis":"x","origin":[8.0,7.2799997,-0.40000033]},"faces":{"down":{"uv":[0.0,0.0,0.0,0.75],"rotation":0,"texture":"#0","tintindex":0},"east":{"uv":[7.75,4.3125,7.0,4.6875],"rotation":0,"texture":"#0","tintindex":0},"north":{"uv":[0.0,0.0,0.0,0.375],"rotation":0,"texture":"#0","tintindex":0},"south":{"uv":[0.0,0.0,0.0,0.375],"rotation":0,"texture":"#0","tintindex":0},"up":{"uv":[0.0,0.75,0.0,0.0],"rotation":0,"texture":"#0","tintindex":0},"west":{"uv":[7.0,4.3125,7.75,4.6875],"rotation":0,"texture":"#0","tintindex":0}}}],"display":{"head":{"translation":[0.0,-6.4,0.0],"rotation":[0.0,0.0,0.0],"scale":[3.8095,3.8095,3.8095]}}}