{"textures":{"0":"modelengine:entity/bear"},"elements":[{"from":[6.045985,8.8718405,7.0750046],"to":[7.4174137,10.243269,7.5321474],"rotation":{"angle":22.5,"axis":"y","origin":[6.731699,9.557555,7.303576]},"faces":{"east":{"uv":[5.125,1.75,5.25,2.125],"rotation":0,"texture":"#0","tintindex":0},"south":{"uv":[7.6875,7.5,8.0625,7.875],"rotation":0,"texture":"#0","tintindex":0},"north":{"uv":[7.6875,4.6875,8.0625,5.0625],"rotation":0,"texture":"#0","tintindex":0},"west":{"uv":[5.25,1.75,5.375,2.125],"rotation":0,"texture":"#0","tintindex":0},"up":{"uv":[6.1875,5.25,5.8125,5.125],"rotation":0,"texture":"#0","tintindex":0},"down":{"uv":[4.25,6.1875,3.875,6.3125],"rotation":0,"texture":"#0","tintindex":0}}},{"from":[6.503128,7.500412,5.932147],"to":[9.245985,9.557555,8.217861],"rotation":{"angle":0.0,"axis":"y","origin":[7.645985,4.300412,7.303576]},"faces":{"east":{"uv":[7.4375,0.0,6.8125,0.5625],"rotation":0,"texture":"#0","tintindex":0},"south":{"uv":[3.875,6.3125,4.625,6.875],"rotation":0,"texture":"#0","tintindex":0},"north":{"uv":[5.375,2.875,6.125,3.4375],"rotation":0,"texture":"#0","tintindex":0},"west":{"uv":[6.8125,0.0,7.4375,0.5625],"rotation":0,"texture":"#0","tintindex":0},"up":{"uv":[5.25,4.0625,4.5,3.4375],"rotation":0,"texture":"#0","tintindex":0},"down":{"uv":[1.3125,5.9375,0.5625,6.5625],"rotation":0,"texture":"#0","tintindex":0}}},{"from":[7.1888423,7.500412,4.5607185],"to":[8.56027,8.64327,5.932147],"rotation":{"angle":0.0,"axis":"y","origin":[7.645985,4.300412,7.303576]},"faces":{"east":{"uv":[6.5,7.875,6.125,8.1875],"rotation":0,"texture":"#0","tintindex":0},"south":{"uv":[7.875,0.0,8.25,0.3125],"rotation":0,"texture":"#0","tintindex":0},"north":{"uv":[7.8125,6.6875,8.1875,7.0],"rotation":0,"texture":"#0","tintindex":0},"west":{"uv":[6.125,7.875,6.5,8.1875],"rotation":0,"texture":"#0","tintindex":0},"up":{"uv":[3.0,8.125,2.625,7.75],"rotation":0,"texture":"#0","tintindex":0},"down":{"uv":[3.375,7.75,3.0,8.125],"rotation":0,"texture":"#0","tintindex":0}}},{"from":[8.331699,7.043269,4.7892904],"to":[8.331699,7.500412,5.246433],"rotation":{"angle":0.0,"axis":"y","origin":[7.645985,4.300412,7.303576]},"faces":{"east":{"uv":[6.625,10.5,6.5,10.625],"rotation":0,"texture":"#0","tintindex":0},"south":{"uv":[7.875,0.0,8.25,0.3125],"rotation":0,"texture":"#0","tintindex":0},"north":{"uv":[8.1875,9.3125,8.1875,9.4375],"rotation":0,"texture":"#0","tintindex":0},"west":{"uv":[6.5,10.5,6.625,10.625],"rotation":0,"texture":"#0","tintindex":0},"up":{"uv":[3.0,10.5,3.0,10.375],"rotation":0,"texture":"#0","tintindex":0},"down":{"uv":[3.375,10.375,3.375,10.5],"rotation":0,"texture":"#0","tintindex":0}}},{"from":[7.4174137,7.043269,4.7892904],"to":[7.4174137,7.500412,5.246433],"rotation":{"angle":0.0,"axis":"y","origin":[7.645985,4.300412,7.303576]},"faces":{"east":{"uv":[6.625,10.5,6.5,10.625],"rotation":0,"texture":"#0","tintindex":0},"south":{"uv":[7.875,0.0,8.25,0.3125],"rotation":0,"texture":"#0","tintindex":0},"north":{"uv":[8.1875,9.3125,8.1875,9.4375],"rotation":0,"texture":"#0","tintindex":0},"west":{"uv":[6.5,10.5,6.625,10.625],"rotation":0,"texture":"#0","tintindex":0},"up":{"uv":[3.0,10.5,3.0,10.375],"rotation":0,"texture":"#0","tintindex":0},"down":{"uv":[3.375,10.375,3.375,10.5],"rotation":0,"texture":"#0","tintindex":0}}},{"from":[6.731699,6.8146977,5.932147],"to":[9.017414,7.500412,8.217861],"rotation":{"angle":0.0,"axis":"y","origin":[7.645985,4.300412,7.303576]},"faces":{"east":{"uv":[7.875,0.3125,8.5,0.5],"rotation":0,"texture":"#0","tintindex":0},"south":{"uv":[7.4375,7.875,8.0625,8.0625],"rotation":0,"texture":"#0","tintindex":0},"north":{"uv":[7.625,1.1875,8.25,1.375],"rotation":0,"texture":"#0","tintindex":0},"west":{"uv":[7.9375,1.8125,8.5625,2.0],"rotation":0,"texture":"#0","tintindex":0},"up":{"uv":[7.0,5.125,6.375,4.5],"rotation":0,"texture":"#0","tintindex":0},"down":{"uv":[1.1875,6.5625,0.5625,7.1875],"rotation":0,"texture":"#0","tintindex":0}}},{"from":[6.731699,6.1550817,6.7490673],"to":[9.017414,6.8407965,6.7490673],"rotation":{"angle":-22.5,"axis":"x","origin":[7.8745565,6.497939,6.7490673]},"faces":{"east":{"uv":[0.0,0.0,0.0,0.1875],"rotation":0,"texture":"#0","tintindex":0},"south":{"uv":[7.9375,2.0,8.5625,2.1875],"rotation":0,"texture":"#0","tintindex":0},"north":{"uv":[7.9375,2.0,8.5625,2.1875],"rotation":0,"texture":"#0","tintindex":0},"west":{"uv":[0.0,0.0,0.0,0.1875],"rotation":0,"texture":"#0","tintindex":0},"up":{"uv":[0.625,0.0,0.0,0.0],"rotation":0,"texture":"#0","tintindex":0},"down":{"uv":[0.625,0.0,0.0,0.0],"rotation":0,"texture":"#0","tintindex":0}}},{"from":[5.7227364,6.8146977,7.169682],"to":[7.094165,9.557555,7.169682],"rotation":{"angle":45.0,"axis":"y","origin":[6.179879,8.528984,7.169682]},"faces":{"east":{"uv":[0.0,0.0,0.0,0.75],"rotation":0,"texture":"#0","tintindex":0},"south":{"uv":[3.625,7.0,3.25,7.75],"rotation":0,"texture":"#0","tintindex":0},"north":{"uv":[3.25,7.0,3.625,7.75],"rotation":0,"texture":"#0","tintindex":0},"west":{"uv":[0.0,0.0,0.0,0.75],"rotation":0,"texture":"#0","tintindex":0},"up":{"uv":[0.375,0.0,0.0,0.0],"rotation":0,"texture":"#0","tintindex":0},"down":{"uv":[0.375,0.0,0.0,0.0],"rotation":0,"texture":"#0","tintindex":0}}},{"from":[8.331699,8.8718405,7.0750046],"to":[9.703128,10.243269,7.5321474],"rotation":{"angle":-22.5,"axis":"y","origin":[9.017414,9.557555,7.303576]},"faces":{"east":{"uv":[5.375,1.75,5.25,2.125],"rotation":0,"texture":"#0","tintindex":0},"south":{"uv":[8.0625,7.5,7.6875,7.875],"rotation":0,"texture":"#0","tintindex":0},"north":{"uv":[8.0625,4.6875,7.6875,5.0625],"rotation":0,"texture":"#0","tintindex":0},"west":{"uv":[5.25,1.75,5.125,2.125],"rotation":0,"texture":"#0","tintindex":0},"up":{"uv":[5.8125,5.25,6.1875,5.125],"rotation":0,"texture":"#0","tintindex":0},"down":{"uv":[3.875,6.1875,4.25,6.3125],"rotation":0,"texture":"#0","tintindex":0}}},{"from":[8.654948,6.8146977,7.169682],"to":[10.026377,9.557555,7.169682],"rotation":{"angle":-45.0,"axis":"y","origin":[9.569234,8.528984,7.169682]},"faces":{"east":{"uv":[0.0,0.0,0.0,0.75],"rotation":0,"texture":"#0","tintindex":0},"south":{"uv":[3.25,7.0,3.625,7.75],"rotation":0,"texture":"#0","tintindex":0},"north":{"uv":[3.625,7.0,3.25,7.75],"rotation":0,"texture":"#0","tintindex":0},"west":{"uv":[0.0,0.0,0.0,0.75],"rotation":0,"texture":"#0","tintindex":0},"up":{"uv":[0.0,0.0,0.375,0.0],"rotation":0,"texture":"#0","tintindex":0},"down":{"uv":[0.0,0.0,0.375,0.0],"rotation":0,"texture":"#0","tintindex":0}}}],"display":{"head":{"translation":[0.0,-6.4,0.0],"scale":[4.0,4.0,4.0]}}}