{"textures":{"0":"modelengine:entity/bear"},"elements":[{"name":"cube","from":[5.948284,8.915432,7.0287547],"to":[7.388284,10.3554325,7.5087547],"rotation":{"angle":22.5,"axis":"y","origin":[6.6682844,9.635433,7.2687545]},"faces":{"down":{"uv":[4.25,6.1875,3.875,6.3125],"rotation":0,"texture":"#0","tintindex":0},"east":{"uv":[5.125,1.75,5.25,2.125],"rotation":0,"texture":"#0","tintindex":0},"north":{"uv":[7.6875,4.6875,8.0625,5.0625],"rotation":0,"texture":"#0","tintindex":0},"south":{"uv":[7.6875,7.5,8.0625,7.875],"rotation":0,"texture":"#0","tintindex":0},"up":{"uv":[6.1875,5.25,5.8125,5.125],"rotation":0,"texture":"#0","tintindex":0},"west":{"uv":[5.25,1.75,5.375,2.125],"rotation":0,"texture":"#0","tintindex":0}}},{"name":"cube","from":[6.4282846,7.4754324,5.8287544],"to":[9.308285,9.635433,8.228755],"rotation":{"angle":0.0,"axis":"x","origin":[7.628284,4.1154327,7.2687545]},"faces":{"down":{"uv":[1.3125,5.9375,0.5625,6.5625],"rotation":0,"texture":"#0","tintindex":0},"east":{"uv":[7.4375,0.0,6.8125,0.5625],"rotation":0,"texture":"#0","tintindex":0},"north":{"uv":[5.375,2.875,6.125,3.4375],"rotation":0,"texture":"#0","tintindex":0},"south":{"uv":[3.875,6.3125,4.625,6.875],"rotation":0,"texture":"#0","tintindex":0},"up":{"uv":[5.25,4.0625,4.5,3.4375],"rotation":0,"texture":"#0","tintindex":0},"west":{"uv":[6.8125,0.0,7.4375,0.5625],"rotation":0,"texture":"#0","tintindex":0}}},{"name":"cube","from":[7.148284,7.4754324,4.388755],"to":[8.588284,8.675432,5.8287544],"rotation":{"angle":0.0,"axis":"x","origin":[7.628284,4.1154327,7.2687545]},"faces":{"down":{"uv":[3.375,7.75,3.0,8.125],"rotation":0,"texture":"#0","tintindex":0},"east":{"uv":[6.5,7.875,6.125,8.1875],"rotation":0,"texture":"#0","tintindex":0},"north":{"uv":[7.8125,6.6875,8.1875,7.0],"rotation":0,"texture":"#0","tintindex":0},"south":{"uv":[7.875,0.0,8.25,0.3125],"rotation":0,"texture":"#0","tintindex":0},"up":{"uv":[3.0,8.125,2.625,7.75],"rotation":0,"texture":"#0","tintindex":0},"west":{"uv":[6.125,7.875,6.5,8.1875],"rotation":0,"texture":"#0","tintindex":0}}},{"name":"cube","from":[8.348284,6.9954324,4.6287546],"to":[8.348284,7.4754324,5.1087546],"rotation":{"angle":0.0,"axis":"x","origin":[7.628284,4.1154327,7.2687545]},"faces":{"down":{"uv":[3.375,10.375,3.375,10.5],"rotation":0,"texture":"#0","tintindex":0},"east":{"uv":[6.625,10.5,6.5,10.625],"rotation":0,"texture":"#0","tintindex":0},"north":{"uv":[8.1875,9.3125,8.1875,9.4375],"rotation":0,"texture":"#0","tintindex":0},"south":{"uv":[7.875,0.0,8.25,0.3125],"rotation":0,"texture":"#0","tintindex":0},"up":{"uv":[3.0,10.5,3.0,10.375],"rotation":0,"texture":"#0","tintindex":0},"west":{"uv":[6.5,10.5,6.625,10.625],"rotation":0,"texture":"#0","tintindex":0}}},{"name":"cube","from":[7.388284,6.9954324,4.6287546],"to":[7.388284,7.4754324,5.1087546],"rotation":{"angle":0.0,"axis":"x","origin":[7.628284,4.1154327,7.2687545]},"faces":{"down":{"uv":[3.375,10.375,3.375,10.5],"rotation":0,"texture":"#0","tintindex":0},"east":{"uv":[6.625,10.5,6.5,10.625],"rotation":0,"texture":"#0","tintindex":0},"north":{"uv":[8.1875,9.3125,8.1875,9.4375],"rotation":0,"texture":"#0","tintindex":0},"south":{"uv":[7.875,0.0,8.25,0.3125],"rotation":0,"texture":"#0","tintindex":0},"up":{"uv":[3.0,10.5,3.0,10.375],"rotation":0,"texture":"#0","tintindex":0},"west":{"uv":[6.5,10.5,6.625,10.625],"rotation":0,"texture":"#0","tintindex":0}}},{"name":"cube","from":[6.6682844,6.7554326,5.8287544],"to":[9.068284,7.4754324,8.228755],"rotation":{"angle":0.0,"axis":"x","origin":[7.628284,4.1154327,7.2687545]},"faces":{"down":{"uv":[1.1875,6.5625,0.5625,7.1875],"rotation":0,"texture":"#0","tintindex":0},"east":{"uv":[7.875,0.3125,8.5,0.5],"rotation":0,"texture":"#0","tintindex":0},"north":{"uv":[7.625,1.1875,8.25,1.375],"rotation":0,"texture":"#0","tintindex":0},"south":{"uv":[7.4375,7.875,8.0625,8.0625],"rotation":0,"texture":"#0","tintindex":0},"up":{"uv":[7.0,5.125,6.375,4.5],"rotation":0,"texture":"#0","tintindex":0},"west":{"uv":[7.9375,1.8125,8.5625,2.0],"rotation":0,"texture":"#0","tintindex":0}}},{"name":"cube","from":[6.6682844,6.0628357,6.6865206],"to":[9.068284,6.782836,6.6865206],"rotation":{"angle":-22.5,"axis":"x","origin":[7.868284,6.422836,6.6865206]},"faces":{"down":{"uv":[0.625,0.0,0.0,0.0],"rotation":0,"texture":"#0","tintindex":0},"east":{"uv":[0.0,0.0,0.0,0.1875],"rotation":0,"texture":"#0","tintindex":0},"north":{"uv":[7.9375,2.0,8.5625,2.1875],"rotation":0,"texture":"#0","tintindex":0},"south":{"uv":[7.9375,2.0,8.5625,2.1875],"rotation":0,"texture":"#0","tintindex":0},"up":{"uv":[0.625,0.0,0.0,0.0],"rotation":0,"texture":"#0","tintindex":0},"west":{"uv":[0.0,0.0,0.0,0.1875],"rotation":0,"texture":"#0","tintindex":0}}},{"name":"cube","from":[5.6088734,6.7554326,7.128166],"to":[7.048873,9.635433,7.128166],"rotation":{"angle":45.0,"axis":"y","origin":[6.088873,8.555433,7.128166]},"faces":{"down":{"uv":[0.375,0.0,0.0,0.0],"rotation":0,"texture":"#0","tintindex":0},"east":{"uv":[0.0,0.0,0.0,0.75],"rotation":0,"texture":"#0","tintindex":0},"north":{"uv":[3.25,7.0,3.625,7.75],"rotation":0,"texture":"#0","tintindex":0},"south":{"uv":[3.625,7.0,3.25,7.75],"rotation":0,"texture":"#0","tintindex":0},"up":{"uv":[0.375,0.0,0.0,0.0],"rotation":0,"texture":"#0","tintindex":0},"west":{"uv":[0.0,0.0,0.0,0.75],"rotation":0,"texture":"#0","tintindex":0}}},{"name":"cube","from":[8.348284,8.915432,7.0287547],"to":[9.788284,10.3554325,7.5087547],"rotation":{"angle":-22.5,"axis":"y","origin":[9.068284,9.635433,7.2687545]},"faces":{"down":{"uv":[3.875,6.1875,4.25,6.3125],"rotation":0,"texture":"#0","tintindex":0},"east":{"uv":[5.375,1.75,5.25,2.125],"rotation":0,"texture":"#0","tintindex":0},"north":{"uv":[8.0625,4.6875,7.6875,5.0625],"rotation":0,"texture":"#0","tintindex":0},"south":{"uv":[8.0625,7.5,7.6875,7.875],"rotation":0,"texture":"#0","tintindex":0},"up":{"uv":[5.8125,5.25,6.1875,5.125],"rotation":0,"texture":"#0","tintindex":0},"west":{"uv":[5.25,1.75,5.125,2.125],"rotation":0,"texture":"#0","tintindex":0}}},{"name":"cube","from":[8.6876955,6.7554326,7.128166],"to":[10.127696,9.635433,7.128166],"rotation":{"angle":-45.0,"axis":"y","origin":[9.647696,8.555433,7.128166]},"faces":{"down":{"uv":[0.0,0.0,0.375,0.0],"rotation":0,"texture":"#0","tintindex":0},"east":{"uv":[0.0,0.0,0.0,0.75],"rotation":0,"texture":"#0","tintindex":0},"north":{"uv":[3.625,7.0,3.25,7.75],"rotation":0,"texture":"#0","tintindex":0},"south":{"uv":[3.25,7.0,3.625,7.75],"rotation":0,"texture":"#0","tintindex":0},"up":{"uv":[0.0,0.0,0.375,0.0],"rotation":0,"texture":"#0","tintindex":0},"west":{"uv":[0.0,0.0,0.0,0.75],"rotation":0,"texture":"#0","tintindex":0}}}],"display":{"head":{"translation":[0.0,-6.4,0.0],"rotation":[0.0,0.0,0.0],"scale":[3.8095,3.8095,3.8095]}}}
