{"textures":{"0":"modelengine:entity/bear"},"elements":[{"from":[7.2,6.0571427,5.8285713],"to":[9.714286,9.942858,9.028571],"rotation":{"angle":0.0,"axis":"y","origin":[9.942858,7.7714286,6.742857]},"faces":{"east":{"uv":[6.125,3.4375,5.25,4.5],"rotation":0,"texture":"#0","tintindex":0},"south":{"uv":[5.0625,5.25,4.375,6.3125],"rotation":0,"texture":"#0","tintindex":0},"north":{"uv":[2.0625,5.25,1.375,6.3125],"rotation":0,"texture":"#0","tintindex":0},"west":{"uv":[4.375,5.125,3.5,6.1875],"rotation":0,"texture":"#0","tintindex":0},"up":{"uv":[2.625,6.6875,3.3125,5.8125],"rotation":0,"texture":"#0","tintindex":0},"down":{"uv":[5.0625,5.875,5.75,6.75],"rotation":0,"texture":"#0","tintindex":0}}},{"from":[10.020432,6.0571427,8.967675],"to":[10.020432,9.942858,10.567676],"rotation":{"angle":22.5,"axis":"y","origin":[10.020432,8.0,9.767675]},"faces":{"east":{"uv":[6.5625,2.8125,6.125,3.875],"rotation":0,"texture":"#0","tintindex":0},"south":{"uv":[0.0,0.0,0.0,1.0625],"rotation":0,"texture":"#0","tintindex":0},"north":{"uv":[0.0,0.0,0.0,1.0625],"rotation":0,"texture":"#0","tintindex":0},"west":{"uv":[6.125,2.8125,6.5625,3.875],"rotation":0,"texture":"#0","tintindex":0},"up":{"uv":[0.0,0.4375,0.0,0.0],"rotation":0,"texture":"#0","tintindex":0},"down":{"uv":[0.0,0.0,0.0,0.4375],"rotation":0,"texture":"#0","tintindex":0}}},{"from":[7.6571426,4.2285714,6.5142856],"to":[9.714286,6.0571427,9.028571],"rotation":{"angle":0.0,"axis":"y","origin":[9.942858,7.7714286,6.742857]},"faces":{"east":{"uv":[4.5625,6.875,3.875,7.375],"rotation":0,"texture":"#0","tintindex":0},"south":{"uv":[7.3125,7.125,6.75,7.625],"rotation":0,"texture":"#0","tintindex":0},"north":{"uv":[7.6875,2.6875,7.125,3.1875],"rotation":0,"texture":"#0","tintindex":0},"west":{"uv":[7.5625,1.4375,6.875,1.9375],"rotation":0,"texture":"#0","tintindex":0},"up":{"uv":[6.5625,2.9375,7.125,2.25],"rotation":0,"texture":"#0","tintindex":0},"down":{"uv":[6.5625,2.9375,7.125,3.625],"rotation":0,"texture":"#0","tintindex":0}}},{"from":[8.986976,4.2285714,8.72731],"to":[8.986976,6.0571427,10.784452],"rotation":{"angle":-45.0,"axis":"y","origin":[8.986976,5.028571,9.755881]},"faces":{"east":{"uv":[3.1875,7.25,2.625,7.75],"rotation":0,"texture":"#0","tintindex":0},"south":{"uv":[0.0,0.0,0.0,0.5],"rotation":0,"texture":"#0","tintindex":0},"north":{"uv":[0.0,0.0,0.0,0.5],"rotation":0,"texture":"#0","tintindex":0},"west":{"uv":[2.625,7.25,3.1875,7.75],"rotation":0,"texture":"#0","tintindex":0},"up":{"uv":[0.0,0.5625,0.0,0.0],"rotation":0,"texture":"#0","tintindex":0},"down":{"uv":[0.0,0.0,0.0,0.5625],"rotation":0,"texture":"#0","tintindex":0}}}],"display":{"head":{"translation":[0.0,-6.4,0.0],"scale":[4.0,4.0,4.0]}}}