{"textures":{"0":"modelengine:entity/bear"},"elements":[{"from":[7.342016,4.9556293,6.312295],"to":[9.3991585,9.069916,9.740867],"rotation":{"angle":22.5,"axis":"x","origin":[5.9705873,7.3556294,8.140866]},"faces":{"east":{"uv":[5.125,1.125,4.1875,2.25],"rotation":0,"texture":"#0","tintindex":0},"south":{"uv":[2.625,5.8125,2.0625,6.9375],"rotation":0,"texture":"#0","tintindex":0},"north":{"uv":[5.9375,1.75,5.375,2.875],"rotation":0,"texture":"#0","tintindex":0},"west":{"uv":[5.125,0.0,4.1875,1.125],"rotation":0,"texture":"#0","tintindex":0},"up":{"uv":[5.75,6.8125,6.3125,5.875],"rotation":0,"texture":"#0","tintindex":0},"down":{"uv":[0.0,5.9375,0.5625,6.875],"rotation":0,"texture":"#0","tintindex":0}}},{"from":[7.5705876,4.9556293,9.740867],"to":[9.170588,7.0127726,12.026581],"rotation":{"angle":22.5,"axis":"x","origin":[5.9705873,7.3556294,8.140866]},"faces":{"east":{"uv":[5.6875,6.75,5.0625,7.3125],"rotation":0,"texture":"#0","tintindex":0},"south":{"uv":[7.875,0.0,7.4375,0.5625],"rotation":0,"texture":"#0","tintindex":0},"north":{"uv":[7.8125,6.4375,7.375,7.0],"rotation":0,"texture":"#0","tintindex":0},"west":{"uv":[3.25,6.6875,2.625,7.25],"rotation":0,"texture":"#0","tintindex":0},"up":{"uv":[4.5625,7.75,5.0,7.125],"rotation":0,"texture":"#0","tintindex":0},"down":{"uv":[1.875,7.3125,2.3125,7.9375],"rotation":0,"texture":"#0","tintindex":0}}},{"from":[8.914286,5.942857,9.6],"to":[8.914286,8.228572,10.971429],"rotation":{"angle":-22.5,"axis":"y","origin":[8.914286,7.0857143,10.285714]},"faces":{"east":{"uv":[8.0,0.5625,7.625,1.1875],"rotation":0,"texture":"#0","tintindex":0},"south":{"uv":[0.0,0.0,0.0,0.625],"rotation":0,"texture":"#0","tintindex":0},"north":{"uv":[0.0,0.0,0.0,0.625],"rotation":0,"texture":"#0","tintindex":0},"west":{"uv":[7.625,0.5625,8.0,1.1875],"rotation":0,"texture":"#0","tintindex":0},"up":{"uv":[0.0,0.375,0.0,0.0],"rotation":0,"texture":"#0","tintindex":0},"down":{"uv":[0.0,0.0,0.0,0.375],"rotation":0,"texture":"#0","tintindex":0}}}],"display":{"head":{"translation":[0.0,-6.4,0.0],"scale":[4.0,4.0,4.0]}}}