{"textures":{"0":"modelengine:entity/troll_kopesh","1":"modelengine:entity/troll_elite"},"elements":[{"from":[5.014165,5.051684,6.5714283],"to":[6.157022,6.7659693,9.428572],"rotation":{"angle":-22.5,"axis":"z","origin":[6.442736,6.480255,7.714286]},"faces":{"east":{"uv":[8.875,5.125,9.5,5.5],"rotation":0,"texture":"#1","tintindex":0},"south":{"uv":[9.375,5.5,9.625,5.875],"rotation":0,"texture":"#1","tintindex":0},"north":{"uv":[7.375,8.0,7.625,8.375],"rotation":0,"texture":"#1","tintindex":0},"west":{"uv":[8.875,5.875,9.5,6.25],"rotation":0,"texture":"#1","tintindex":0},"up":{"uv":[2.375,10.0,2.125,9.375],"rotation":0,"texture":"#1","tintindex":0},"down":{"uv":[2.625,9.375,2.375,10.0],"rotation":0,"texture":"#1","tintindex":0}}},{"from":[5.014165,6.7659693,6.5714283],"to":[6.157022,7.908827,8.285714],"rotation":{"angle":-22.5,"axis":"z","origin":[6.442736,6.480255,7.714286]},"faces":{"east":{"uv":[9.375,7.625,9.75,7.875],"rotation":0,"texture":"#1","tintindex":0},"south":{"uv":[9.5,2.625,9.75,2.875],"rotation":0,"texture":"#1","tintindex":0},"north":{"uv":[8.875,6.25,9.125,6.5],"rotation":0,"texture":"#1","tintindex":0},"west":{"uv":[9.375,7.875,9.75,8.125],"rotation":0,"texture":"#1","tintindex":0},"up":{"uv":[9.625,9.375,9.375,9.0],"rotation":0,"texture":"#1","tintindex":0},"down":{"uv":[9.625,9.375,9.375,9.75],"rotation":0,"texture":"#1","tintindex":0}}},{"from":[6.157022,5.051684,6.5714283],"to":[7.299879,8.480255,9.428572],"rotation":{"angle":-22.5,"axis":"z","origin":[6.442736,6.480255,7.714286]},"faces":{"east":{"uv":[2.875,7.375,3.5,8.125],"rotation":0,"texture":"#1","tintindex":0},"south":{"uv":[7.625,9.125,7.875,9.875],"rotation":0,"texture":"#1","tintindex":0},"north":{"uv":[7.375,9.125,7.625,9.875],"rotation":0,"texture":"#1","tintindex":0},"west":{"uv":[7.625,7.625,8.25,8.375],"rotation":0,"texture":"#1","tintindex":0},"up":{"uv":[2.875,10.0,2.625,9.375],"rotation":0,"texture":"#1","tintindex":0},"down":{"uv":[9.625,3.125,9.375,3.75],"rotation":0,"texture":"#1","tintindex":0}}},{"from":[6.285714,5.714286,4.0],"to":[7.428571,6.857143,17.714287],"rotation":{"angle":-22.5,"axis":"z","origin":[8.0,8.571428,-1.1428576]},"faces":{"east":{"uv":[2.5,2.0,8.5,2.5],"rotation":0,"texture":"#0","tintindex":0},"south":{"uv":[5.75,1.5,6.25,2.0],"rotation":0,"texture":"#0","tintindex":0},"north":{"uv":[5.75,1.0,6.25,1.5],"rotation":0,"texture":"#0","tintindex":0},"west":{"uv":[2.5,2.5,8.5,3.0],"rotation":0,"texture":"#0","tintindex":0},"up":{"uv":[0.5,9.0,0.0,3.0],"rotation":0,"texture":"#0","tintindex":0},"down":{"uv":[1.0,3.0,0.5,9.0],"rotation":0,"texture":"#0","tintindex":0}}},{"from":[5.714286,5.142857,0.5714283],"to":[8.0,7.428571,4.0],"rotation":{"angle":-22.5,"axis":"z","origin":[8.0,8.571428,-1.1428576]},"faces":{"east":{"uv":[1.0,4.5,2.5,5.5],"rotation":0,"texture":"#0","tintindex":0},"south":{"uv":[5.5,0.0,6.5,1.0],"rotation":0,"texture":"#0","tintindex":0},"north":{"uv":[5.0,4.5,6.0,5.5],"rotation":0,"texture":"#0","tintindex":0},"west":{"uv":[2.5,4.5,1.0,5.5],"rotation":0,"texture":"#0","tintindex":0},"up":{"uv":[5.0,6.0,4.0,4.5],"rotation":0,"texture":"#0","tintindex":0},"down":{"uv":[6.0,3.0,5.0,4.5],"rotation":0,"texture":"#0","tintindex":0}}},{"from":[6.5714283,4.5714283,-2.8571434],"to":[7.142857,8.0,2.8571424],"rotation":{"angle":-22.5,"axis":"z","origin":[8.0,8.571428,-1.1428576]},"faces":{"east":{"uv":[0.0,0.0,2.5,1.5],"rotation":0,"texture":"#0","tintindex":0},"south":{"uv":[2.75,5.5,3.0,7.0],"rotation":0,"texture":"#0","tintindex":0},"north":{"uv":[2.5,5.5,2.75,7.0],"rotation":0,"texture":"#0","tintindex":0},"west":{"uv":[2.5,0.0,0.0,1.5],"rotation":0,"texture":"#0","tintindex":0},"up":{"uv":[1.75,8.0,1.5,5.5],"rotation":0,"texture":"#0","tintindex":0},"down":{"uv":[2.0,5.5,1.75,8.0],"rotation":0,"texture":"#0","tintindex":0}}},{"from":[6.5714283,1.1428566,-2.8571434],"to":[7.142857,4.5714283,-0.57142925],"rotation":{"angle":-22.5,"axis":"z","origin":[8.0,8.571428,-1.1428576]},"faces":{"east":{"uv":[3.0,3.0,4.0,4.5],"rotation":0,"texture":"#0","tintindex":0},"south":{"uv":[3.25,5.5,3.5,7.0],"rotation":0,"texture":"#0","tintindex":0},"north":{"uv":[3.0,5.5,3.25,7.0],"rotation":0,"texture":"#0","tintindex":0},"west":{"uv":[4.0,3.0,3.0,4.5],"rotation":0,"texture":"#0","tintindex":0},"up":{"uv":[4.0,6.5,3.75,5.5],"rotation":0,"texture":"#0","tintindex":0},"down":{"uv":[5.25,5.5,5.0,6.5],"rotation":0,"texture":"#0","tintindex":0}}},{"from":[6.5714283,1.1428566,-9.714287],"to":[7.142857,3.4285712,-2.8571434],"rotation":{"angle":-22.5,"axis":"z","origin":[8.0,8.571428,-1.1428576]},"faces":{"east":{"uv":[2.5,0.0,5.5,1.0],"rotation":0,"texture":"#0","tintindex":0},"south":{"uv":[5.5,5.5,5.75,6.5],"rotation":0,"texture":"#0","tintindex":0},"north":{"uv":[5.25,5.5,5.5,6.5],"rotation":0,"texture":"#0","tintindex":0},"west":{"uv":[5.5,0.0,2.5,1.0],"rotation":0,"texture":"#0","tintindex":0},"up":{"uv":[1.25,8.5,1.0,5.5],"rotation":0,"texture":"#0","tintindex":0},"down":{"uv":[1.5,5.5,1.25,8.5],"rotation":0,"texture":"#0","tintindex":0}}},{"from":[6.5714283,3.4285712,-9.714287],"to":[7.142857,6.857143,-7.4285717],"rotation":{"angle":-22.5,"axis":"z","origin":[8.0,8.571428,-1.1428576]},"faces":{"east":{"uv":[1.0,3.0,2.0,4.5],"rotation":0,"texture":"#0","tintindex":0},"south":{"uv":[2.25,5.5,2.5,7.0],"rotation":0,"texture":"#0","tintindex":0},"north":{"uv":[2.0,5.5,2.25,7.0],"rotation":0,"texture":"#0","tintindex":0},"west":{"uv":[2.0,3.0,1.0,4.5],"rotation":0,"texture":"#0","tintindex":0},"up":{"uv":[5.75,2.0,5.5,1.0],"rotation":0,"texture":"#0","tintindex":0},"down":{"uv":[3.75,5.5,3.5,6.5],"rotation":0,"texture":"#0","tintindex":0}}}],"display":{"head":{"translation":[0.0,-6.4,0.0],"scale":[4.0,4.0,4.0]}}}