{"textures":{"0":"modelengine:entity/fillmore"},"elements":[{"from":[1.1428566,10.151167,-5.1428576],"to":[14.857143,22.722597,20.0],"rotation":{"angle":0.0,"axis":"y","origin":[8.0,5.0083103,7.428571]},"faces":{"east":{"uv":[2.75,2.75,5.5,4.125],"rotation":0,"texture":"#0","tintindex":0},"south":{"uv":[2.75,4.125,4.25,5.5],"rotation":0,"texture":"#0","tintindex":0},"north":{"uv":[3.0,1.375,4.5,2.75],"rotation":0,"texture":"#0","tintindex":0},"west":{"uv":[5.5,2.75,2.75,4.125],"rotation":0,"texture":"#0","tintindex":0},"up":{"uv":[1.5,2.75,0.0,0.0],"rotation":0,"texture":"#0","tintindex":0},"down":{"uv":[3.0,0.0,1.5,2.75],"rotation":0,"texture":"#0","tintindex":0}}},{"from":[1.1428566,7.2940245,18.285715],"to":[14.857143,9.00831,20.57143],"rotation":{"angle":0.0,"axis":"y","origin":[8.0,5.0083103,7.428571]},"faces":{"east":{"uv":[6.5,6.25,6.75,6.4375],"rotation":0,"texture":"#0","tintindex":0},"south":{"uv":[5.75,4.5625,7.25,4.75],"rotation":0,"texture":"#0","tintindex":0},"north":{"uv":[5.75,4.375,7.25,4.5625],"rotation":0,"texture":"#0","tintindex":0},"west":{"uv":[2.25,6.5625,2.5,6.75],"rotation":0,"texture":"#0","tintindex":0},"up":{"uv":[7.0,4.0625,5.5,3.8125],"rotation":0,"texture":"#0","tintindex":0},"down":{"uv":[7.25,0.0,5.75,0.25],"rotation":0,"texture":"#0","tintindex":0}}},{"from":[1.1428566,7.2940245,4.0],"to":[14.857143,10.151167,12.571428],"rotation":{"angle":0.0,"axis":"y","origin":[8.0,5.0083103,7.428571]},"faces":{"east":{"uv":[1.5,5.5625,2.4375,5.875],"rotation":0,"texture":"#0","tintindex":0},"south":{"uv":[5.5,3.5,7.0,3.8125],"rotation":0,"texture":"#0","tintindex":0},"north":{"uv":[5.5,3.1875,7.0,3.5],"rotation":0,"texture":"#0","tintindex":0},"west":{"uv":[5.75,4.0625,6.6875,4.375],"rotation":0,"texture":"#0","tintindex":0},"up":{"uv":[5.75,5.0625,4.25,4.125],"rotation":0,"texture":"#0","tintindex":0},"down":{"uv":[6.0,1.375,4.5,2.3125],"rotation":0,"texture":"#0","tintindex":0}}},{"from":[0.5714283,7.2940245,-6.285715],"to":[15.428572,9.00831,-1.7142859],"rotation":{"angle":0.0,"axis":"y","origin":[8.0,5.0083103,7.428571]},"faces":{"east":{"uv":[6.125,2.5,6.5625,2.6875],"rotation":0,"texture":"#0","tintindex":0},"south":{"uv":[5.75,1.1875,7.375,1.375],"rotation":0,"texture":"#0","tintindex":0},"north":{"uv":[5.75,1.0,7.375,1.1875],"rotation":0,"texture":"#0","tintindex":0},"west":{"uv":[1.0,6.1875,1.4375,6.375],"rotation":0,"texture":"#0","tintindex":0},"up":{"uv":[6.125,2.75,4.5,2.3125],"rotation":0,"texture":"#0","tintindex":0},"down":{"uv":[5.875,5.0625,4.25,5.5],"rotation":0,"texture":"#0","tintindex":0}}},{"from":[1.1428566,9.00831,-5.1428576],"to":[14.857143,10.151167,-1.1428576],"rotation":{"angle":0.0,"axis":"y","origin":[8.0,5.0083103,7.428571]},"faces":{"east":{"uv":[6.5,5.75,6.9375,5.875],"rotation":0,"texture":"#0","tintindex":0},"south":{"uv":[5.75,4.875,7.25,5.0],"rotation":0,"texture":"#0","tintindex":0},"north":{"uv":[5.75,4.75,7.25,4.875],"rotation":0,"texture":"#0","tintindex":0},"west":{"uv":[6.5,5.875,6.9375,6.0],"rotation":0,"texture":"#0","tintindex":0},"up":{"uv":[4.25,5.9375,2.75,5.5],"rotation":0,"texture":"#0","tintindex":0},"down":{"uv":[7.0,2.75,5.5,3.1875],"rotation":0,"texture":"#0","tintindex":0}}},{"from":[1.1428566,9.00831,-5.714287],"to":[14.857143,17.579739,-5.1428576],"rotation":{"angle":0.0,"axis":"y","origin":[8.0,5.0083103,7.428571]},"faces":{"east":{"uv":[0.0,7.40625,0.0625,8.34375],"rotation":0,"texture":"#0","tintindex":0},"south":{"uv":[1.625,7.40625,3.125,8.34375],"rotation":0,"texture":"#0","tintindex":0},"north":{"uv":[7.034375,2.7828126,8.534375,3.7203126],"rotation":0,"texture":"#0","tintindex":0},"west":{"uv":[1.5625,7.40625,1.625,8.34375],"rotation":0,"texture":"#0","tintindex":0},"up":{"uv":[1.5625,7.40625,0.0625,7.34375],"rotation":0,"texture":"#0","tintindex":0},"down":{"uv":[3.0625,7.34375,1.5625,7.40625],"rotation":0,"texture":"#0","tintindex":0}}},{"from":[1.1428566,9.00831,3.4285712],"to":[14.857143,10.151167,4.0],"rotation":{"angle":0.0,"axis":"y","origin":[8.0,5.0083103,7.428571]},"faces":{"east":{"uv":[4.9375,6.75,5.0,6.875],"rotation":0,"texture":"#0","tintindex":0},"south":{"uv":[6.0,1.375,7.5,1.5],"rotation":0,"texture":"#0","tintindex":0},"north":{"uv":[2.25,5.9375,3.75,6.0625],"rotation":0,"texture":"#0","tintindex":0},"west":{"uv":[5.0,6.75,5.0625,6.875],"rotation":0,"texture":"#0","tintindex":0},"up":{"uv":[7.5,2.3125,6.0,2.25],"rotation":0,"texture":"#0","tintindex":0},"down":{"uv":[7.625,2.3125,6.125,2.375],"rotation":0,"texture":"#0","tintindex":0}}},{"from":[1.1428566,9.00831,12.571428],"to":[14.857143,10.151167,13.142858],"rotation":{"angle":0.0,"axis":"y","origin":[8.0,5.0083103,7.428571]},"faces":{"east":{"uv":[5.1875,6.75,5.25,6.875],"rotation":0,"texture":"#0","tintindex":0},"south":{"uv":[6.0,1.625,7.5,1.75],"rotation":0,"texture":"#0","tintindex":0},"north":{"uv":[6.0,1.5,7.5,1.625],"rotation":0,"texture":"#0","tintindex":0},"west":{"uv":[5.25,6.75,5.3125,6.875],"rotation":0,"texture":"#0","tintindex":0},"up":{"uv":[7.625,2.4375,6.125,2.375],"rotation":0,"texture":"#0","tintindex":0},"down":{"uv":[7.625,2.4375,6.125,2.5],"rotation":0,"texture":"#0","tintindex":0}}},{"from":[1.1428566,9.00831,17.714287],"to":[14.857143,10.151167,20.0],"rotation":{"angle":0.0,"axis":"y","origin":[8.0,5.0083103,7.428571]},"faces":{"east":{"uv":[1.75,6.6875,2.0,6.8125],"rotation":0,"texture":"#0","tintindex":0},"south":{"uv":[5.875,5.375,7.375,5.5],"rotation":0,"texture":"#0","tintindex":0},"north":{"uv":[5.875,5.25,7.375,5.375],"rotation":0,"texture":"#0","tintindex":0},"west":{"uv":[2.0,6.6875,2.25,6.8125],"rotation":0,"texture":"#0","tintindex":0},"up":{"uv":[7.25,0.5,5.75,0.25],"rotation":0,"texture":"#0","tintindex":0},"down":{"uv":[7.25,0.5,5.75,0.75],"rotation":0,"texture":"#0","tintindex":0}}},{"from":[4.5714283,7.8654532,-1.7142859],"to":[11.428572,10.151167,4.0],"rotation":{"angle":0.0,"axis":"y","origin":[8.0,5.0083103,7.428571]},"faces":{"east":{"uv":[6.0,2.0,6.625,2.25],"rotation":0,"texture":"#0","tintindex":0},"south":{"uv":[5.75,5.75,6.5,6.0],"rotation":0,"texture":"#0","tintindex":0},"north":{"uv":[5.75,5.5,6.5,5.75],"rotation":0,"texture":"#0","tintindex":0},"west":{"uv":[5.75,6.0,6.375,6.25],"rotation":0,"texture":"#0","tintindex":0},"up":{"uv":[5.0,6.125,4.25,5.5],"rotation":0,"texture":"#0","tintindex":0},"down":{"uv":[5.75,5.5,5.0,6.125],"rotation":0,"texture":"#0","tintindex":0}}},{"from":[4.5714283,7.8654532,12.571428],"to":[11.428572,10.151167,18.285715],"rotation":{"angle":0.0,"axis":"y","origin":[8.0,5.0083103,7.428571]},"faces":{"east":{"uv":[2.25,6.0625,2.875,6.3125],"rotation":0,"texture":"#0","tintindex":0},"south":{"uv":[5.875,5.0,6.625,5.25],"rotation":0,"texture":"#0","tintindex":0},"north":{"uv":[1.5,5.875,2.25,6.125],"rotation":0,"texture":"#0","tintindex":0},"west":{"uv":[2.875,6.0625,3.5,6.3125],"rotation":0,"texture":"#0","tintindex":0},"up":{"uv":[0.75,6.1875,0.0,5.5625],"rotation":0,"texture":"#0","tintindex":0},"down":{"uv":[1.5,5.5625,0.75,6.1875],"rotation":0,"texture":"#0","tintindex":0}}},{"from":[1.7142854,22.722597,-5.714287],"to":[14.285715,23.865454,20.0],"rotation":{"angle":0.0,"axis":"y","origin":[8.0,5.0083103,7.428571]},"faces":{"east":{"uv":[5.75,0.75,8.5625,0.875],"rotation":0,"texture":"#0","tintindex":0},"south":{"uv":[6.0,1.875,7.375,2.0],"rotation":0,"texture":"#0","tintindex":0},"north":{"uv":[6.0,1.75,7.375,1.875],"rotation":0,"texture":"#0","tintindex":0},"west":{"uv":[5.75,0.875,8.5625,1.0],"rotation":0,"texture":"#0","tintindex":0},"up":{"uv":[1.375,5.5625,0.0,2.75],"rotation":0,"texture":"#0","tintindex":0},"down":{"uv":[2.75,2.75,1.375,5.5625],"rotation":0,"texture":"#0","tintindex":0}}},{"from":[14.857143,17.00831,-5.1428576],"to":[15.428572,18.151169,-4.000001],"rotation":{"angle":0.0,"axis":"y","origin":[8.0,3.294024,7.428571]},"faces":{"east":{"uv":[0.6875,6.75,0.8125,6.875],"rotation":0,"texture":"#0","tintindex":0},"south":{"uv":[4.75,6.75,4.8125,6.875],"rotation":0,"texture":"#0","tintindex":0},