{"textures":{"0":"modelengine:entity/fillmore"},"elements":[{"from":[7.714286,7.7158394,6.5714283],"to":[8.285714,8.284161,9.428572],"rotation":{"angle":45.0,"axis":"x","origin":[10.0,8.0,8.0]},"faces":{"east":{"uv":[6.6875,4.1875,7.0,4.25],"rotation":0,"texture":"#0","tintindex":0},"south":{"uv":[5.375,6.75,5.4375,6.8125],"rotation":0,"texture":"#0","tintindex":0},"north":{"uv":[5.4375,6.75,5.5,6.8125],"rotation":0,"texture":"#0","tintindex":0},"west":{"uv":[6.6875,4.125,7.0,4.1875],"rotation":0,"texture":"#0","tintindex":0},"up":{"uv":[2.6875,5.5625,2.75,5.875],"rotation":0,"texture":"#0","tintindex":0},"down":{"uv":[4.25,7.0,4.3125,6.6875],"rotation":0,"texture":"#0","tintindex":0}}},{"from":[7.714286,7.7158394,6.5714283],"to":[8.285714,8.284161,9.428572],"rotation":{"angle":22.5,"axis":"x","origin":[10.0,8.0,8.0]},"faces":{"east":{"uv":[4.3125,6.6875,4.625,6.75],"rotation":0,"texture":"#0","tintindex":0},"south":{"uv":[5.5,6.75,5.5625,6.8125],"rotation":0,"texture":"#0","tintindex":0},"north":{"uv":[5.5625,6.75,5.625,6.8125],"rotation":0,"texture":"#0","tintindex":0},"west":{"uv":[6.6875,4.25,7.0,4.3125],"rotation":0,"texture":"#0","tintindex":0},"up":{"uv":[4.625,6.6875,4.6875,7.0],"rotation":0,"texture":"#0","tintindex":0},"down":{"uv":[4.6875,7.0,4.75,6.6875],"rotation":0,"texture":"#0","tintindex":0}}},{"from":[7.714286,7.7158394,6.5714283],"to":[8.285714,8.284161,9.428572],"rotation":{"angle":0.0,"axis":"y","origin":[10.0,8.0,8.0]},"faces":{"east":{"uv":[4.75,6.6875,5.0625,6.75],"rotation":0,"texture":"#0","tintindex":0},"south":{"uv":[5.625,6.75,5.6875,6.8125],"rotation":0,"texture":"#0","tintindex":0},"north":{"uv":[5.6875,6.75,5.75,6.8125],"rotation":0,"texture":"#0","tintindex":0},"west":{"uv":[6.6875,4.3125,7.0,4.375],"rotation":0,"texture":"#0","tintindex":0},"up":{"uv":[5.0625,6.6875,5.125,7.0],"rotation":0,"texture":"#0","tintindex":0},"down":{"uv":[5.125,7.0,5.1875,6.6875],"rotation":0,"texture":"#0","tintindex":0}}},{"from":[7.714286,7.7158394,6.5714283],"to":[8.285714,8.284161,9.428572],"rotation":{"angle":-22.5,"axis":"x","origin":[10.0,8.0,8.0]},"faces":{"east":{"uv":[5.5,6.6875,5.8125,6.75],"rotation":0,"texture":"#0","tintindex":0},"south":{"uv":[5.75,6.75,5.8125,6.8125],"rotation":0,"texture":"#0","tintindex":0},"north":{"uv":[5.9375,6.75,6.0,6.8125],"rotation":0,"texture":"#0","tintindex":0},"west":{"uv":[5.1875,6.6875,5.5,6.75],"rotation":0,"texture":"#0","tintindex":0},"up":{"uv":[5.8125,6.6875,5.875,7.0],"rotation":0,"texture":"#0","tintindex":0},"down":{"uv":[5.875,7.0,5.9375,6.6875],"rotation":0,"texture":"#0","tintindex":0}}},{"from":[7.714286,7.7158394,6.5714283],"to":[8.285714,8.284161,9.428572],"rotation":{"angle":-45.0,"axis":"x","origin":[10.0,8.0,8.0]},"faces":{"east":{"uv":[6.25,6.6875,6.5625,6.75],"rotation":0,"texture":"#0","tintindex":0},"south":{"uv":[6.0,6.75,6.0625,6.8125],"rotation":0,"texture":"#0","tintindex":0},"north":{"uv":[6.0625,6.75,6.125,6.8125],"rotation":0,"texture":"#0","tintindex":0},"west":{"uv":[5.9375,6.6875,6.25,6.75],"rotation":0,"texture":"#0","tintindex":0},"up":{"uv":[6.5625,6.6875,6.625,7.0],"rotation":0,"texture":"#0","tintindex":0},"down":{"uv":[6.625,7.0,6.6875,6.6875],"rotation":0,"texture":"#0","tintindex":0}}},{"from":[7.714286,6.5714283,7.7158394],"to":[8.285714,9.428572,8.284161],"rotation":{"angle":22.5,"axis":"x","origin":[10.0,8.0,8.0]},"faces":{"east":{"uv":[0.125,6.75,0.1875,7.0625],"rotation":0,"texture":"#0","tintindex":0},"south":{"uv":[6.6875,6.6875,6.75,7.0],"rotation":0,"texture":"#0","tintindex":0},"north":{"uv":[0.0625,6.75,0.125,7.0625],"rotation":0,"texture":"#0","tintindex":0},"west":{"uv":[0.0,6.75,0.0625,7.0625],"rotation":0,"texture":"#0","tintindex":0},"up":{"uv":[6.125,6.75,6.1875,6.8125],"rotation":0,"texture":"#0","tintindex":0},"down":{"uv":[6.1875,6.8125,6.25,6.75],"rotation":0,"texture":"#0","tintindex":0}}},{"from":[7.714286,6.5714283,7.7158394],"to":[8.285714,9.428572,8.284161],"rotation":{"angle":0.0,"axis":"y","origin":[10.0,8.0,8.0]},"faces":{"east":{"uv":[0.375,6.75,0.4375,7.0625],"rotation":0,"texture":"#0","tintindex":0},"south":{"uv":[0.1875,6.75,0.25,7.0625],"rotation":0,"texture":"#0","tintindex":0},"north":{"uv":[0.3125,6.75,0.375,7.0625],"rotation":0,"texture":"#0","tintindex":0},"west":{"uv":[0.25,6.75,0.3125,7.0625],"rotation":0,"texture":"#0","tintindex":0},"up":{"uv":[6.25,6.75,6.3125,6.8125],"rotation":0,"texture":"#0","tintindex":0},"down":{"uv":[6.75,6.3125,6.8125,6.25],"rotation":0,"texture":"#0","tintindex":0}}},{"from":[7.714286,6.5714283,7.7158394],"to":[8.285714,9.428572,8.284161],"rotation":{"angle":-22.5,"axis":"x","origin":[10.0,8.0,8.0]},"faces":{"east":{"uv":[0.625,6.75,0.6875,7.0625],"rotation":0,"texture":"#0","tintindex":0},"south":{"uv":[0.4375,6.75,0.5,7.0625],"rotation":0,"texture":"#0","tintindex":0},"north":{"uv":[0.5625,6.75,0.625,7.0625],"rotation":0,"texture":"#0","tintindex":0},"west":{"uv":[0.5,6.75,0.5625,7.0625],"rotation":0,"texture":"#0","tintindex":0},"up":{"uv":[6.3125,6.75,6.375,6.8125],"rotation":0,"texture":"#0","tintindex":0},"down":{"uv":[6.75,6.375,6.8125,6.3125],"rotation":0,"texture":"#0","tintindex":0}}}],"display":{"head":{"translation":[0.0,-6.4,0.0],"scale":[4.0,4.0,4.0]}}}