{"textures":{"0":"modelengine:entity/direwolf"},"elements":[{"from":[6.9714284,4.5941706,6.3170986],"to":[8.114285,8.022742,8.031384],"rotation":{"angle":0.0,"axis":"y","origin":[7.8428574,10.308456,7.059956]},"faces":{"east":{"uv":[6.125,8.125,5.75,8.875],"rotation":0,"texture":"#0","tintindex":0},"south":{"uv":[9.125,1.875,8.875,2.625],"rotation":0,"texture":"#0","tintindex":0},"north":{"uv":[2.125,8.875,1.875,9.625],"rotation":0,"texture":"#0","tintindex":0},"west":{"uv":[8.5,5.625,8.125,6.375],"rotation":0,"texture":"#0","tintindex":0},"up":{"uv":[2.125,9.25,2.375,8.875],"rotation":0,"texture":"#0","tintindex":0},"down":{"uv":[9.0,6.375,9.25,6.75],"rotation":0,"texture":"#0","tintindex":0}}},{"from":[6.7714286,3.1084561,5.859956],"to":[8.485714,4.8227415,8.14567],"rotation":{"angle":0.0,"axis":"y","origin":[7.4714284,11.79417,7.059956]},"faces":{"east":{"uv":[9.375,2.625,8.875,3.0],"rotation":0,"texture":"#0","tintindex":0},"south":{"uv":[9.375,1.125,9.0,1.5],"rotation":0,"texture":"#0","tintindex":0},"north":{"uv":[9.375,0.0,9.0,0.375],"rotation":0,"texture":"#0","tintindex":0},"west":{"uv":[9.25,7.25,8.75,7.625],"rotation":0,"texture":"#0","tintindex":0},"up":{"uv":[2.75,9.375,3.125,8.875],"rotation":0,"texture":"#0","tintindex":0},"down":{"uv":[8.875,4.125,9.25,4.625],"rotation":0,"texture":"#0","tintindex":0}}},{"from":[6.385714,3.4834046,4.6912746],"to":[8.671429,5.1976905,6.4055605],"rotation":{"angle":45.0,"axis":"x","origin":[7.4714284,3.8504739,5.17221]},"faces":{"east":{"uv":[9.375,1.5,9.0,1.875],"rotation":0,"texture":"#0","tintindex":0},"south":{"uv":[5.125,8.875,4.625,9.25],"rotation":0,"texture":"#0","tintindex":0},"north":{"uv":[9.375,3.0,8.875,3.375],"rotation":0,"texture":"#0","tintindex":0},"west":{"uv":[1.75,9.0,1.375,9.375],"rotation":0,"texture":"#0","tintindex":0},"up":{"uv":[8.875,5.0,9.375,4.625],"rotation":0,"texture":"#0","tintindex":0},"down":{"uv":[5.125,8.875,5.625,9.25],"rotation":0,"texture":"#0","tintindex":0}}},{"from":[6.385714,2.6401033,4.603214],"to":[8.671429,3.7829604,4.603214],"rotation":{"angle":22.5,"axis":"x","origin":[7.4714284,3.9354143,4.9602795]},"faces":{"east":{"uv":[0.0,0.0,0.0,0.25],"rotation":0,"texture":"#0","tintindex":0},"south":{"uv":[9.5,5.875,9.0,6.125],"rotation":0,"texture":"#0","tintindex":0},"north":{"uv":[9.5,5.875,9.0,6.125],"rotation":0,"texture":"#0","tintindex":0},"west":{"uv":[0.0,0.0,0.0,0.25],"rotation":0,"texture":"#0","tintindex":0},"up":{"uv":[0.0,0.0,0.5,0.0],"rotation":0,"texture":"#0","tintindex":0},"down":{"uv":[0.0,0.0,0.5,0.0],"rotation":0,"texture":"#0","tintindex":0}}}],"display":{"head":{"translation":[0.0,-6.4,0.0],"scale":[4.0,4.0,4.0]}}}