{"textures":{"0":"modelengine:entity/lr_anubis"},"elements":[{"from":[4.5714283,-0.2857151,4.8571424],"to":[9.142858,10.0,10.571428],"rotation":{"angle":0.0,"axis":"y","origin":[8.857143,6.857143,7.714286]},"faces":{"east":{"uv":[2.0,1.5625,2.625,2.6875],"rotation":0,"texture":"#0","tintindex":0},"south":{"uv":[3.0625,2.6875,3.5625,3.8125],"rotation":0,"texture":"#0","tintindex":0},"north":{"uv":[3.0625,0.0,3.5625,1.125],"rotation":0,"texture":"#0","tintindex":0},"west":{"uv":[0.8125,2.0625,1.4375,3.1875],"rotation":0,"texture":"#0","tintindex":0},"up":{"uv":[5.4375,5.8125,4.9375,5.1875],"rotation":0,"texture":"#0","tintindex":0},"down":{"uv":[0.5,5.25,0.0,5.875],"rotation":0,"texture":"#0","tintindex":0}}},{"from":[5.142857,-2.487424,5.2950897],"to":[8.571428,0.3697195,8.152233],"rotation":{"angle":-22.5,"axis":"x","origin":[7.428571,-1.0588522,6.7236614]},"faces":{"east":{"uv":[7.1875,7.75,7.5,8.0625],"rotation":0,"texture":"#0","tintindex":0},"south":{"uv":[5.3125,7.5,5.6875,7.8125],"rotation":0,"texture":"#0","tintindex":0},"north":{"uv":[7.5,3.75,7.875,4.0625],"rotation":0,"texture":"#0","tintindex":0},"west":{"uv":[7.5,7.75,7.8125,8.0625],"rotation":0,"texture":"#0","tintindex":0},"up":{"uv":[7.1875,7.8125,6.8125,7.5],"rotation":0,"texture":"#0","tintindex":0},"down":{"uv":[7.9375,0.0,7.5625,0.3125],"rotation":0,"texture":"#0","tintindex":0}}}],"display":{"head":{"translation":[0.0,-6.4,0.0],"scale":[4.0,4.0,4.0]}}}