{"textures":{"0":"modelengine:entity/pharaoh"},"elements":[{"from":[7.091784,4.5714283,3.5698152],"to":[9.377499,5.714286,4.712672],"rotation":{"angle":0.0,"axis":"y","origin":[8.234641,5.714286,6.9983864]},"faces":{"east":{"uv":[6.25,8.75,6.5,9.0],"rotation":0,"texture":"#0","tintindex":0},"south":{"uv":[11.75,6.625,12.25,6.875],"rotation":0,"texture":"#0","tintindex":0},"north":{"uv":[11.625,8.5,12.125,8.75],"rotation":0,"texture":"#0","tintindex":0},"west":{"uv":[6.625,10.25,6.875,10.5],"rotation":0,"texture":"#0","tintindex":0},"up":{"uv":[12.25,7.125,11.75,6.875],"rotation":0,"texture":"#0","tintindex":0},"down":{"uv":[9.75,11.75,9.25,12.0],"rotation":0,"texture":"#0","tintindex":0}}},{"from":[5.948927,5.714286,3.5698152],"to":[10.520355,8.0,6.9983864],"rotation":{"angle":0.0,"axis":"y","origin":[8.234641,5.714286,6.9983864]},"faces":{"east":{"uv":[11.0,3.875,11.75,4.375],"rotation":0,"texture":"#0","tintindex":0},"south":{"uv":[10.125,2.125,11.125,2.625],"rotation":0,"texture":"#0","tintindex":0},"north":{"uv":[10.125,1.625,11.125,2.125],"rotation":0,"texture":"#0","tintindex":0},"west":{"uv":[11.0,6.625,11.75,7.125],"rotation":0,"texture":"#0","tintindex":0},"up":{"uv":[7.875,9.75,6.875,9.0],"rotation":0,"texture":"#0","tintindex":0},"down":{"uv":[10.125,5.5,9.125,6.25],"rotation":0,"texture":"#0","tintindex":0}}},{"from":[6.80607,3.4285712,2.9983864],"to":[9.663213,3.4285712,6.426958],"rotation":{"angle":-22.5,"axis":"x","origin":[8.234641,5.714286,5.2841005]},"faces":{"east":{"uv":[10.125,5.5,10.875,6.125],"rotation":0,"texture":"#0","tintindex":0},"south":{"uv":[10.75,2.625,11.375,3.25],"rotation":0,"texture":"#0","tintindex":0},"north":{"uv":[10.75,0.75,11.375,1.375],"rotation":0,"texture":"#0","tintindex":0},"west":{"uv":[10.25,10.125,11.0,10.75],"rotation":0,"texture":"#0","tintindex":0},"up":{"uv":[11.0,4.375,10.375,3.625],"rotation":0,"texture":"#0","tintindex":0},"down":{"uv":[11.0,3.625,10.375,4.375],"rotation":0,"texture":"#0","tintindex":0}}},{"from":[9.663213,3.4285712,2.9983864],"to":[9.663213,6.285714,6.426958],"rotation":{"angle":-22.5,"axis":"x","origin":[8.234641,5.714286,5.2841005]},"faces":{"east":{"uv":[10.125,5.5,10.875,6.125],"rotation":0,"texture":"#0","tintindex":0},"south":{"uv":[10.75,2.625,11.375,3.25],"rotation":0,"texture":"#0","tintindex":0},"north":{"uv":[10.75,0.75,11.375,1.375],"rotation":0,"texture":"#0","tintindex":0},"west":{"uv":[10.875,5.5,10.125,6.125],"rotation":0,"texture":"#0","tintindex":0},"up":{"uv":[1.875,11.125,1.25,10.375],"rotation":0,"texture":"#0","tintindex":0},"down":{"uv":[11.0,3.625,10.375,4.375],"rotation":0,"texture":"#0","tintindex":0}}},{"from":[6.80607,3.4285712,2.9983864],"to":[6.80607,6.285714,6.426958],"rotation":{"angle":-22.5,"axis":"x","origin":[8.234641,5.714286,5.2841005]},"faces":{"east":{"uv":[11.0,10.125,10.25,10.75],"rotation":0,"texture":"#0","tintindex":0},"south":{"uv":[10.75,2.625,11.375,3.25],"rotation":0,"texture":"#0","tintindex":0},"north":{"uv":[10.75,0.75,11.375,1.375],"rotation":0,"texture":"#0","tintindex":0},"west":{"uv":[10.25,10.125,11.0,10.75],"rotation":0,"texture":"#0","tintindex":0},"up":{"uv":[1.875,11.125,1.25,10.375],"rotation":0,"texture":"#0","tintindex":0},"down":{"uv":[11.0,3.625,10.375,4.375],"rotation":0,"texture":"#0","tintindex":0}}},{"from":[6.80607,3.4285712,2.9983864],"to":[9.663213,6.285714,2.9983864],"rotation":{"angle":-22.5,"axis":"x","origin":[8.234641,5.714286,5.2841005]},"faces":{"east":{"uv":[10.125,5.5,10.875,6.125],"rotation":0,"texture":"#0","tintindex":0},"south":{"uv":[10.75,0.75,11.375,1.375],"rotation":0,"texture":"#0","tintindex":0},"north":{"uv":[10.75,0.75,11.375,1.375],"rotation":0,"texture":"#0","tintindex":0},"west":{"uv":[10.25,10.125,11.0,10.75],"rotation":0,"texture":"#0","tintindex":0},"up":{"uv":[1.875,11.125,1.25,10.375],"rotation":0,"texture":"#0","tintindex":0},"down":{"uv":[11.0,3.625,10.375,4.375],"rotation":0,"texture":"#0","tintindex":0}}},{"from":[10.405439,2.7641854,5.142857],"to":[13.83401,4.4784713,6.285714],"rotation":{"angle":0.0,"axis":"y","origin":[12.119724,5.0499,2.2857141]},"faces":{"east":{"uv":[9.375,3.0,9.625,3.375],"rotation":0,"texture":"#0","tintindex":0},"south":{"uv":[11.375,7.5,12.125,7.875],"rotation":0,"texture":"#0","tintindex":0},"north":{"uv":[11.375,7.125,12.125,7.5],"rotation":0,"texture":"#0","tintindex":0},"west":{"uv":[7.625,9.75,7.875,10.125],"rotation":0,"texture":"#0","tintindex":0},"up":{"uv":[12.25,2.125,11.5,1.875],"rotation":0,"texture":"#0","tintindex":0},"down":{"uv":[12.25,10.375,11.5,10.625],"rotation":0,"texture":"#0","tintindex":0}}},{"from":[2.6802754,2.7641854,5.142857],"to":[6.1088467,4.4784713,6.285714],"rotation":{"angle":0.0,"axis":"y","origin":[4.394561,5.0499,2.2857141]},"faces":{"east":{"uv":[7.875,9.75,7.625,10.125],"rotation":0,"texture":"#0","tintindex":0},"south":{"uv":[12.125,7.5,11.375,7.875],"rotation":0,"texture":"#0","tintindex":0},"north":{"uv":[12.125,7.125,11.375,7.5],"rotation":0,"texture":"#0","tintindex":0},"west":{"uv":[9.625,3.0,9.375,3.375],"rotation":0,"texture":"#0","tintindex":0},"up":{"uv":[11.5,2.125,12.25,1.875],"rotation":0,"texture":"#0","tintindex":0},"down":{"uv":[11.5,10.375,12.25,10.625],"rotation":0,"texture":"#0","tintindex":0}}},{"from":[10.405439,4.4784713,5.142857],"to":[13.83401,5.6213284,8.571428],"rotation":{"angle":0.0,"axis":"y","origin":[12.119724,5.0499,2.2857141]},"faces":{"east":{"uv":[11.25,6.375,12.0,6.625],"rotation":0,"texture":"#0","tintindex":0},"south":{"uv":[11.375,3.0,12.125,3.25],"rotation":0,"texture":"#0","tintindex":0},"north":{"uv":[7.5,2.125,8.25,2.375],"rotation":0,"texture":"#0","tintindex":0},"west":{"uv":[11.375,7.875,12.125,8.125],"rotation":0,"texture":"#0","tintindex":0},"up":{"uv":[10.75,7.0,10.0,6.25],"rotation":0,"texture":"#0","tintindex":0},"down":{"uv":[10.75,8.5,10.0,9.25],"rotation":0,"texture":"#0","tintindex":0}}},{"from":[2.6802754,4.4784713,5.142857],"to":[6.1088467,5.6213284,8.571428],"rotation":{"angle":0.0,"axis":"y","origin":[4.394561,5.0499,2.2857141]},"faces":{"east":{"uv":[12.125,7.875,11.375,8.125],"rotation":0,"texture":"#0","tintindex":0},"south":{"uv":[12.125,3.0,11.375,3.25],"rotation":0,"texture":"#0","tintindex":0},"north":{"uv":[8.25,2.125,7.5,2.375],"rotation":0,"texture":"#0","tintindex":0},"west":{"uv":[12.0,6.375,11.25,6.625],"rotation":0,"texture":"#0","tintindex":0},"up":{"uv":[10.0,7.0,10.75,6.25],"rotation":0,"texture":"#0","tintindex":0},"down":{"uv":[10.0,8.5,10.75,9.25],"rotation":0,"texture":"#0","tintindex":0}}},{"from":[9.156836,4.7478127,5.142857],"to":[12.871121,11.033527,8.571428],"rotation":{"angle":22.5,"axis":"z","origin":[11.156836,7.6049557,6.857143]},"faces":{"east":{"uv":[0.0,8.5,0.75,9.875],"rotation":0,"texture":"#0","tintindex":0},"south":{"uv":[8.625,2.125,9.375,3.5],"rotation":0,"texture":"#0","tintindex":0},"north":{"uv":[2.0,8.25,2.75,9.625],"rotation":0,"texture":"#0","tintindex":0},"west":{"uv":[8.75,0.75,9.5,2.125],"rotation":0,"texture":"#0","tintindex":0},"up":{"uv":[0.75,10.625,0.0,9.875],"rotation":0,"texture":"#0","tintindex":0},"down":{"uv":[3.375,10.0,2.625,10.75],"rotation":0,"texture":"#0","tintindex":0}}},{"from":[3.6431642,4.7478127,5.142857],"to":[7.3574505,11.033527,8.571428],"rotation":{"angle":-22.5,"axis":"z","origin":[5.35745,7.6049557,6.857143]},"faces":{"east":{"uv":[9.5,0.75,8.75,2.125],"rotation":0,"texture":"#0","tintindex":0},"south":{"uv":[9.375,2.125,8.625,3.5],"rotation":0,"texture":"#0","tintindex":0},"north":{"uv":[2.75,8.25,2.0,9.625],"rotation":0,"texture":"#0","tintindex":0},"west":{"uv":[0.75,8.5,0.0,9.875],"rotation":0,"texture":"#0","tintindex":0},"up":{"uv":[0.0,10.625,0.75,9.875],"rotation":0,"texture":"#0","tintindex":0},"down":{"uv":[2.625,10.0,3.375,10.75],"rotation":0,"texture":"#0","tintindex":0}}},{"from":[10.405439,-1.8072424,5.142857],"to":[12.691153,2.7641854,6.285714],"rotation":{"angle":0.0,"axis":"y","origin":[11.548296,0.47847128,5.142857]},"faces":{"east":{"uv":[2.0,6.0,2.25,7.0],