{"textures":{"0":"modelengine:entity/pharaoh"},"elements":[{"from":[5.1235948,5.748708,6.7819953],"to":[7.9807377,10.320137,10.210567],"rotation":{"angle":0.0,"axis":"y","origin":[10.174681,5.88195,4.196696]},"faces":{"east":{"uv":[8.625,9.25,7.875,10.25],"rotation":0,"texture":"#0","tintindex":0},"south":{"uv":[2.625,9.625,2.0,10.625],"rotation":0,"texture":"#0","tintindex":0},"north":{"uv":[10.125,0.75,9.5,1.75],"rotation":0,"texture":"#0","tintindex":0},"west":{"uv":[10.0,6.25,9.25,7.25],"rotation":0,"texture":"#0","tintindex":0},"up":{"uv":[10.375,10.0,11.0,9.25],"rotation":0,"texture":"#0","tintindex":0},"down":{"uv":[10.5,0.0,11.125,0.75],"rotation":0,"texture":"#0","tintindex":0}}},{"from":[5.6950235,1.177279,7.924853],"to":[7.9807377,5.748708,10.210567],"rotation":{"angle":0.0,"axis":"y","origin":[10.174681,1.3105211,4.196696]},"faces":{"east":{"uv":[10.75,2.625,10.25,3.625],"rotation":0,"texture":"#0","tintindex":0},"south":{"uv":[10.25,10.125,9.75,11.125],"rotation":0,"texture":"#0","tintindex":0},"north":{"uv":[10.625,7.0,10.125,8.0],"rotation":0,"texture":"#0","tintindex":0},"west":{"uv":[9.75,10.125,9.25,11.125],"rotation":0,"texture":"#0","tintindex":0},"up":{"uv":[3.875,8.25,4.375,7.75],"rotation":0,"texture":"#0","tintindex":0},"down":{"uv":[5.25,8.25,5.75,8.75],"rotation":0,"texture":"#0","tintindex":0}}}],"display":{"head":{"translation":[0.0,-6.4,0.0],"scale":[4.0,4.0,4.0]}}}