{"textures":{"0":"modelengine:entity/pharaoh"},"elements":[{"from":[6.964883,6.421538,15.229808],"to":[9.250597,12.135824,18.086952],"rotation":{"angle":-45.0,"axis":"x","origin":[10.715074,1.2599092,16.517935]},"faces":{"east":{"uv":[6.875,9.0,6.25,10.25],"rotation":0,"texture":"#0","tintindex":0},"south":{"uv":[10.125,7.25,9.625,8.5],"rotation":0,"texture":"#0","tintindex":0},"north":{"uv":[6.125,9.625,5.625,10.875],"rotation":0,"texture":"#0","tintindex":0},"west":{"uv":[5.0,9.0,4.375,10.25],"rotation":0,"texture":"#0","tintindex":0},"up":{"uv":[9.75,11.75,10.25,11.125],"rotation":0,"texture":"#0","tintindex":0},"down":{"uv":[11.0,11.125,11.5,11.75],"rotation":0,"texture":"#0","tintindex":0}}},{"from":[6.964883,-2.4751654,13.234907],"to":[9.250597,0.95340633,14.949193],"rotation":{"angle":22.5,"axis":"x","origin":[10.715074,-3.35213,20.085157]},"faces":{"east":{"uv":[11.875,4.375,11.5,5.125],"rotation":0,"texture":"#0","tintindex":0},"south":{"uv":[11.5,10.0,11.0,10.75],"rotation":0,"texture":"#0","tintindex":0},"north":{"uv":[11.5,9.25,11.0,10.0],"rotation":0,"texture":"#0","tintindex":0},"west":{"uv":[1.875,11.5,1.5,12.25],"rotation":0,"texture":"#0","tintindex":0},"up":{"uv":[11.625,5.5,12.125,5.125],"rotation":0,"texture":"#0","tintindex":0},"down":{"uv":[11.625,5.5,12.125,5.875],"rotation":0,"texture":"#0","tintindex":0}}},{"from":[6.964883,1.8501096,15.229808],"to":[9.250597,6.421538,16.944094],"rotation":{"angle":-45.0,"axis":"x","origin":[10.715074,1.2599092,16.517935]},"faces":{"east":{"uv":[11.375,7.125,11.0,8.125],"rotation":0,"texture":"#0","tintindex":0},"south":{"uv":[8.625,10.25,8.125,11.25],"rotation":0,"texture":"#0","tintindex":0},"north":{"uv":[8.125,10.25,7.625,11.25],"rotation":0,"texture":"#0","tintindex":0},"west":{"uv":[3.75,11.0,3.375,12.0],"rotation":0,"texture":"#0","tintindex":0},"up":{"uv":[9.5,2.125,10.0,1.75],"rotation":0,"texture":"#0","tintindex":0},"down":{"uv":[11.625,3.25,12.125,3.625],"rotation":0,"texture":"#0","tintindex":0}}},{"from":[6.964883,-0.012489319,14.381489],"to":[9.250597,1.1303682,16.667202],"rotation":{"angle":-22.5,"axis":"x","origin":[10.715074,-2.7866793,17.58914]},"faces":{"east":{"uv":[12.375,1.625,11.875,1.875],"rotation":0,"texture":"#0","tintindex":0},"south":{"uv":[12.375,1.375,11.875,1.625],"rotation":0,"texture":"#0","tintindex":0},"north":{"uv":[12.0,11.75,11.5,12.0],"rotation":0,"texture":"#0","tintindex":0},"west":{"uv":[12.375,1.125,11.875,1.375],"rotation":0,"texture":"#0","tintindex":0},"up":{"uv":[10.125,8.5,10.625,8.0],"rotation":0,"texture":"#0","tintindex":0},"down":{"uv":[8.5,11.5,9.0,12.0],"rotation":0,"texture":"#0","tintindex":0}}}],"display":{"head":{"translation":[0.0,-6.4,0.0],"scale":[4.0,4.0,4.0]}}}