{"textures":{"0":"modelengine:entity/pharaoh"},"elements":[{"from":[7.0101004,3.3506866,5.139676],"to":[9.2958145,7.979258,7.9968195],"rotation":{"angle":0.0,"axis":"y","origin":[4.2447286,3.3377218,4.871125]},"faces":{"east":{"uv":[9.625,3.0,10.25,4.0],"rotation":0,"texture":"#0","tintindex":0},"south":{"uv":[6.125,10.25,6.625,11.25],"rotation":0,"texture":"#0","tintindex":0},"north":{"uv":[4.375,10.25,4.875,11.25],"rotation":0,"texture":"#0","tintindex":0},"west":{"uv":[5.0,9.625,5.625,10.625],"rotation":0,"texture":"#0","tintindex":0},"up":{"uv":[11.625,8.75,11.125,8.125],"rotation":0,"texture":"#0","tintindex":0},"down":{"uv":[9.75,11.125,9.25,11.75],"rotation":0,"texture":"#0","tintindex":0}}},{"from":[7.581529,-0.13502789,6.2825336],"to":[9.2958145,3.3506866,7.9968195],"rotation":{"angle":0.0,"axis":"y","origin":[4.8161573,-0.7194214,4.871125]},"faces":{"east":{"uv":[0.75,11.5,1.125,12.25],"rotation":0,"texture":"#0","tintindex":0},"south":{"uv":[1.125,11.5,1.5,12.25],"rotation":0,"texture":"#0","tintindex":0},"north":{"uv":[8.125,11.25,8.5,12.0],"rotation":0,"texture":"#0","tintindex":0},"west":{"uv":[11.5,1.125,11.875,1.875],"rotation":0,"texture":"#0","tintindex":0},"up":{"uv":[8.75,1.125,8.375,0.75],"rotation":0,"texture":"#0","tintindex":0},"down":{"uv":[10.75,4.375,10.375,4.75],"rotation":0,"texture":"#0","tintindex":0}}},{"from":[9.32798,-2.8917475,6.320461],"to":[10.470837,-1.6917477,8.034747],"rotation":{"angle":22.5,"axis":"z","origin":[4.6373944,-7.140382,5.809415]},"faces":{"east":{"uv":[7.125,1.125,7.5,1.375],"rotation":0,"texture":"#0","tintindex":0},"south":{"uv":[1.625,11.125,1.875,11.375],"rotation":0,"texture":"#0","tintindex":0},"north":{"uv":[10.75,1.375,11.0,1.625],"rotation":0,"texture":"#0","tintindex":0},"west":{"uv":[8.25,2.125,8.625,2.375],"rotation":0,"texture":"#0","tintindex":0},"up":{"uv":[11.0,3.625,10.75,3.25],"rotation":0,"texture":"#0","tintindex":0},"down":{"uv":[11.0,6.625,10.75,7.0],"rotation":0,"texture":"#0","tintindex":0}}},{"from":[10.470837,-5.74889,6.320461],"to":[11.613694,-1.6917477,9.177604],"rotation":{"angle":22.5,"axis":"z","origin":[4.6373944,-7.140382,5.809415]},"faces":{"east":{"uv":[8.625,10.0,9.25,10.875],"rotation":0,"texture":"#0","tintindex":0},"south":{"uv":[9.0,11.5,9.25,12.375],"rotation":0,"texture":"#0","tintindex":0},"north":{"uv":[4.625,11.25,4.875,12.125],"rotation":0,"texture":"#0","tintindex":0},"west":{"uv":[10.125,0.75,10.75,1.625],"rotation":0,"texture":"#0","tintindex":0},"up":{"uv":[5.25,9.625,5.0,9.0],"rotation":0,"texture":"#0","tintindex":0},"down":{"uv":[7.625,10.5,7.375,11.125],"rotation":0,"texture":"#0","tintindex":0}}},{"from":[8.756552,-5.74889,6.320461],"to":[10.470837,-2.8346052,9.177604],"rotation":{"angle":22.5,"axis":"z","origin":[4.6373944,-7.140382,5.809415]},"faces":{"east":{"uv":[8.625,10.875,9.25,11.5],"rotation":0,"texture":"#0","tintindex":0},"south":{"uv":[11.5,9.125,11.875,9.75],"rotation":0,"texture":"#0","tintindex":0},"north":{"uv":[6.375,5.5,6.75,6.125],"rotation":0,"texture":"#0","tintindex":0},"west":{"uv":[11.0,3.25,11.625,3.875],"rotation":0,"texture":"#0","tintindex":0},"up":{"uv":[11.875,10.375,11.5,9.75],"rotation":0,"texture":"#0","tintindex":0},"down":{"uv":[11.875,11.125,11.5,11.75],"rotation":0,"texture":"#0","tintindex":0}}},{"from":[6.9231086,-2.8546667,-3.904871],"to":[8.637395,-1.1403818,16.09513],"rotation":{"angle":0.0,"axis":"y","origin":[5.7802515,2.8596182,6.3808436]},"faces":{"east":{"uv":[6.375,4.75,10.75,5.125],"rotation":0,"texture":"#0","tintindex":0},"south":{"uv":[6.5,11.625,6.875,12.0],"rotation":0,"texture":"#0","tintindex":0},"north":{"uv":[5.625,11.625,6.0,12.0],"rotation":0,"texture":"#0","tintindex":0},"west":{"uv":[6.375,5.125,10.75,5.5],"rotation":0,"texture":"#0","tintindex":0},"up":{"uv":[1.625,10.375,1.25,6.0],"rotation":0,"texture":"#0","tintindex":0},"down":{"uv":[2.0,6.0,1.625,10.375],"rotation":0,"texture":"#0","tintindex":0}}},{"from":[6.9231086,-6.303544,-5.570135],"to":[8.637395,-1.1606865,-3.8558493],"rotation":{"angle":45.0,"axis":"x","origin":[7.7802515,-3.1606865,-4.7129927]},"faces":{"east":{"uv":[6.625,10.5,7.0,11.625],"rotation":0,"texture":"#0","tintindex":0},"south":{"uv":[7.0,10.5,7.375,11.625],"rotation":0,"texture":"#0","tintindex":0},"north":{"uv":[2.75,8.25,3.125,9.375],"rotation":0,"texture":"#0","tintindex":0},"west":{"uv":[0.0,10.625,0.375,11.75],"rotation":0,"texture":"#0","tintindex":0},"up":{"uv":[7.25,12.0,6.875,11.625],"rotation":0,"texture":"#0","tintindex":0},"down":{"uv":[7.625,11.625,7.25,12.0],"rotation":0,"texture":"#0","tintindex":0}}},{"from":[6.9231086,-6.303544,-13.945482],"to":[8.637395,-1.1606865,-12.231195],"rotation":{"angle":-45.0,"axis":"x","origin":[7.7802515,-3.1606865,-13.088339]},"faces":{"east":{"uv":[3.875,10.625,4.25,11.75],"rotation":0,"texture":"#0","tintindex":0},"south":{"uv":[4.875,10.625,5.25,11.75],"rotation":0,"texture":"#0","tintindex":0},"north":{"uv":[2.25,10.625,2.625,11.75],"rotation":0,"texture":"#0","tintindex":0},"west":{"uv":[5.25,10.625,5.625,11.75],"rotation":0,"texture":"#0","tintindex":0},"up":{"uv":[0.375,12.125,0.0,11.75],"rotation":0,"texture":"#0","tintindex":0},"down":{"uv":[0.75,11.75,0.375,12.125],"rotation":0,"texture":"#0","tintindex":0}}},{"from":[6.9231086,1.5984144,-13.945482],"to":[8.637395,6.741272,-12.231195],"rotation":{"angle":45.0,"axis":"x","origin":[7.7802515,3.5984144,-13.088339]},"faces":{"east":{"uv":[10.25,10.75,10.625,11.875],"rotation":0,"texture":"#0","tintindex":0},"south":{"uv":[10.625,10.75,11.0,11.875],"rotation":0,"texture":"#0","tintindex":0},"north":{"uv":[10.75,8.125,11.125,9.25],"rotation":0,"texture":"#0","tintindex":0},"west":{"uv":[10.875,5.5,11.25,6.625],"rotation":0,"texture":"#0","tintindex":0},"up":{"uv":[12.125,4.0,11.75,3.625],"rotation":0,"texture":"#0","tintindex":0},"down":{"uv":[4.125,11.75,3.75,12.125],"rotation":0,"texture":"#0","tintindex":0}}},{"from":[6.9231086,-5.9891148,-11.4720955],"to":[8.637395,-4.274829,-6.329237],"rotation":{"angle":0.0,"axis":"y","origin":[7.7802515,-3.9891148,-8.900665]},"faces":{"east":{"uv":[7.25,4.375,8.375,4.75],"rotation":0,"texture":"#0","tintindex":0},"south":{"uv":[11.625,8.125,12.0,8.5],"rotation":0,"texture":"#0","tintindex":0},"north":{"uv":[7.625,11.625,8.0,12.0],"rotation":0,"texture":"#0","tintindex":0},"west":{"uv":[8.375,4.375,9.5,4.75],"rotation":0,"texture":"#0","tintindex":0},"up":{"uv":[0.75,11.75,0.375,10.625],"rotation":0,"texture":"#0","tintindex":0},"down":{"uv":[2.25,10.625,1.875,11.75],"rotation":0,"texture":"#0","tintindex":0}}},{"from":[6.9231086,4.712556,-11.4720955],"to":[8.637395,6.4268417,-7.4720945],"rotation":{"angle":0.0,"axis":"y","origin":[7.7802515,6.7125564,-8.900665]},"faces":{"east":{"uv":[11.125,0.375,12.0,0.75],"rotation":0,"texture":"#0","tintindex":0},"south":{"uv":[4.875,11.75,5.25,12.125],"rotation":0,"texture":"#0","tintindex":0},"north":{"uv":[11.75,4.0,12.125,4.375],"rotation":0,"texture":"#0","tintindex":0},"west":{"uv":[0.75,11.125,1.625,11.5],"rotation":0,"texture":"#0","tintindex":0},"up":{"uv":[11.5,2.25,11.125,1.375],"rotation":0,"texture":"#0","tintindex":0},"down":{"uv":[11.5,4.375,11.125,5.25],"rotation":0,"texture":"#0","tintindex":0}}},{"from":[6.9231086,-2.3525648,-15.1086445],"to":[8.637395,2.7902927,-13.394358],"rotation":{"angle":0.0,"axis":"y","origin":[7.7802515,-0.3525648,-15.965786]},"faces":{"east":{"uv":[2.625,10.75,3.0,11.875],"rotation":0,"texture":"#0","tintindex":0},"south":{"uv":[3.0,10.75,3.375,11.875],"rotation":0,"texture":"#0","tintindex":0},"north":{"uv":[10.625,7.0,11.0,8.125],"rotation":0,"texture":"#0","tintindex":0},"west":{"uv":[10.75,4.375,11.125,5.5],"rotation":0,"texture":"#0","tintindex":0},"up":{"uv":[2.25,12.125,1.875,11.75],"rotation":0,"texture":"#0","tintindex":0},"down":{"uv":[2.625,11.75,2.25,12.125],"rotation":0,"texture":"#0","tintindex":0}}}],"display":{"head":{"translation":[0.0,-6.4,0.0],"scale":[4.0,4.0,4.0]}}}