{"textures":{"0":"modelengine:entity/zz_guide_drone"},"elements":[{"from":[6.2585716,3.665028,6.3828573],"to":[9.898571,7.9450283,9.742857],"rotation":{"angle":0.0,"axis":"y","origin":[7.9385715,-2.9749718,7.9228573]},"faces":{"east":{"uv":[3.75,6.625,4.75,8.0],"rotation":0,"texture":"#0","tintindex":0},"south":{"uv":[2.625,6.625,3.75,8.0],"rotation":0,"texture":"#0","tintindex":0},"north":{"uv":[1.5,6.625,2.625,8.0],"rotation":0,"texture":"#0","tintindex":0},"west":{"uv":[4.75,6.625,5.75,8.0],"rotation":0,"texture":"#0","tintindex":0},"up":{"uv":[8.625,4.0,7.5,3.0],"rotation":0,"texture":"#0","tintindex":0},"down":{"uv":[8.625,4.0,7.5,5.0],"rotation":0,"texture":"#0","tintindex":0}}},{"from":[6.9585714,7.9450283,6.9428573],"to":[9.198571,8.645028,9.1828575],"rotation":{"angle":0.0,"axis":"y","origin":[7.9385715,-2.9749718,7.9228573]},"faces":{"east":{"uv":[1.75,8.0,2.5,8.25],"rotation":0,"texture":"#0","tintindex":0},"south":{"uv":[2.5,8.0,3.25,8.25],"rotation":0,"texture":"#0","tintindex":0},"north":{"uv":[7.5,5.25,8.25,5.5],"rotation":0,"texture":"#0","tintindex":0},"west":{"uv":[3.25,8.0,4.0,8.25],"rotation":0,"texture":"#0","tintindex":0},"up":{"uv":[7.0,8.375,6.25,7.625],"rotation":0,"texture":"#0","tintindex":0},"down":{"uv":[7.75,7.625,7.0,8.375],"rotation":0,"texture":"#0","tintindex":0}}},{"from":[7.3785715,8.645028,7.3628573],"to":[8.778571,9.345029,8.762857],"rotation":{"angle":0.0,"axis":"y","origin":[7.9385715,-2.9749718,7.9228573]},"faces":{"east":{"uv":[8.0,7.875,8.375,8.125],"rotation":0,"texture":"#0","tintindex":0},"south":{"uv":[8.0,8.125,8.375,8.375],"rotation":0,"texture":"#0","tintindex":0},"north":{"uv":[8.0,7.625,8.375,7.875],"rotation":0,"texture":"#0","tintindex":0},"west":{"uv":[1.75,8.25,2.125,8.5],"rotation":0,"texture":"#0","tintindex":0},"up":{"uv":[4.375,8.375,4.0,8.0],"rotation":0,"texture":"#0","tintindex":0},"down":{"uv":[4.75,8.0,4.375,8.375],"rotation":0,"texture":"#0","tintindex":0}}},{"from":[7.3785715,14.845029,7.3628573],"to":[8.778571,15.545029,8.762857],"rotation":{"angle":0.0,"axis":"y","origin":[7.9385715,-2.9749718,7.9228573]},"faces":{"east":{"uv":[8.0,7.875,8.375,8.125],"rotation":0,"texture":"#0","tintindex":0},"south":{"uv":[8.0,8.125,8.375,8.375],"rotation":0,"texture":"#0","tintindex":0},"north":{"uv":[8.0,7.625,8.375,7.875],"rotation":0,"texture":"#0","tintindex":0},"west":{"uv":[1.75,8.25,2.125,8.5],"rotation":0,"texture":"#0","tintindex":0},"up":{"uv":[4.375,8.375,4.0,8.0],"rotation":0,"texture":"#0","tintindex":0},"down":{"uv":[4.75,8.0,4.375,8.375],"rotation":0,"texture":"#0","tintindex":0}}},{"from":[7.7985716,9.345029,7.782857],"to":[8.358571,15.08503,8.342857],"rotation":{"angle":0.0,"axis":"y","origin":[7.9385715,-2.9749718,7.9228573]},"faces":{"east":{"uv":[7.875,7.625,8.0,9.375],"rotation":0,"texture":"#0","tintindex":0},"south":{"uv":[1.5,8.0,1.625,9.75],"rotation":0,"texture":"#0","tintindex":0},"north":{"uv":[7.75,7.625,7.875,9.375],"rotation":0,"texture":"#0","tintindex":0},"west":{"uv":[1.625,8.0,1.75,9.75],"rotation":0,"texture":"#0","tintindex":0},"up":{"uv":[6.375,8.5,6.25,8.375],"rotation":0,"texture":"#0","tintindex":0},"down":{"uv":[6.5,8.375,6.375,8.5],"rotation":0,"texture":"#0","tintindex":0}}},{"from":[9.588572,6.565028,7.3828573],"to":[25.88857,7.2450285,8.462857],"rotation":{"angle":0.0,"axis":"y","origin":[7.9085712,5.7050285,12.542857]},"faces":{"east":{"uv":[2.125,8.25,2.5,8.5],"rotation":0,"texture":"#0","tintindex":0},"south":{"uv":[5.75,6.875,10.875,7.125],"rotation":0,"texture":"#0","tintindex":0},"north":{"uv":[5.75,6.625,10.875,6.875],"rotation":0,"texture":"#0","tintindex":0},"west":{"uv":[2.5,8.25,2.875,8.5],"rotation":0,"texture":"#0","tintindex":0},"up":{"uv":[10.125,5.875,5.0,5.5],"rotation":0,"texture":"#0","tintindex":0},"down":{"uv":[10.125,5.875,5.0,6.25],"rotation":0,"texture":"#0","tintindex":0}}},{"from":[-10.011429,6.565028,7.3828573],"to":[6.2885714,7.2450285,8.462857],"rotation":{"angle":0.0,"axis":"y","origin":[7.9085712,5.7050285,12.542857]},"faces":{"east":{"uv":[2.875,8.25,3.25,8.5],"rotation":0,"texture":"#0","tintindex":0},"south":{"uv":[5.75,7.375,10.875,7.625],"rotation":0,"texture":"#0","tintindex":0},"north":{"uv":[5.75,7.125,10.875,7.375],"rotation":0,"texture":"#0","tintindex":0},"west":{"uv":[3.25,8.25,3.625,8.5],"rotation":0,"texture":"#0","tintindex":0},"up":{"uv":[5.125,6.625,0.0,6.25],"rotation":0,"texture":"#0","tintindex":0},"down":{"uv":[10.25,6.25,5.125,6.625],"rotation":0,"texture":"#0","tintindex":0}}},{"from":[7.3985715,6.565028,9.572857],"to":[8.478572,7.2450285,25.872858],"rotation":{"angle":0.0,"axis":"y","origin":[7.9385715,6.9050283,7.9228573]},"faces":{"east":{"uv":[7.5,2.0,12.625,2.25],"rotation":0,"texture":"#0","tintindex":0},"south":{"uv":[8.25,5.25,8.625,5.5],"rotation":0,"texture":"#0","tintindex":0},"north":{"uv":[3.625,8.25,4.0,8.5],"rotation":0,"texture":"#0","tintindex":0},"west":{"uv":[7.5,2.25,12.625,2.5],"rotation":0,"texture":"#0","tintindex":0},"up":{"uv":[0.375,11.75,0.0,6.625],"rotation":0,"texture":"#0","tintindex":0},"down":{"uv":[0.75,6.625,0.375,11.75],"rotation":0,"texture":"#0","tintindex":0}}},{"from":[7.3985715,6.565028,-10.0271435],"to":[8.478572,7.2450285,6.272857],"rotation":{"angle":0.0,"axis":"y","origin":[7.9385715,6.9050283,7.9228573]},"faces":{"east":{"uv":[7.5,2.5,12.625,2.75],"rotation":0,"texture":"#0","tintindex":0},"south":{"uv":[4.375,8.375,4.75,8.625],"rotation":0,"texture":"#0","tintindex":0},"north":{"uv":[4.0,8.375,4.375,8.625],"rotation":0,"texture":"#0","tintindex":0},"west":{"uv":[7.5,2.75,12.625,3.0],"rotation":0,"texture":"#0","tintindex":0},"up":{"uv":[1.125,11.75,0.75,6.625],"rotation":0,"texture":"#0","tintindex":0},"down":{"uv":[1.5,6.625,1.125,11.75],"rotation":0,"texture":"#0","tintindex":0}}}],"display":{"head":{"translation":[0.0,-6.4,0.0],"scale":[4.0,4.0,4.0]}}}