{"textures":{"0":"modelengine:entity/zz_guide_drone"},"elements":[{"from":[7.785714,3.8599997,-1.9285717],"to":[8.185715,8.26,18.214287],"rotation":{"angle":0.0,"axis":"y","origin":[7.9857144,6.8814287,22.042858]},"faces":{"east":{"uv":[0.0,2.0,5.0,3.0],"rotation":0,"texture":"#0","tintindex":0},"south":{"uv":[5.125,8.0,5.25,9.0],"rotation":0,"texture":"#0","tintindex":0},"north":{"uv":[5.0,8.0,5.125,9.0],"rotation":0,"texture":"#0","tintindex":0},"west":{"uv":[0.0,3.0,5.0,4.0],"rotation":0,"texture":"#0","tintindex":0},"up":{"uv":[6.125,12.625,6.0,7.625],"rotation":0,"texture":"#0","tintindex":0},"down":{"uv":[6.25,7.625,6.125,12.625],"rotation":0,"texture":"#0","tintindex":0}}},{"from":[7.785714,-1.568572,-1.0714293],"to":[8.185715,1.688571,17.357143],"rotation":{"angle":0.0,"axis":"y","origin":[7.9857144,6.8814287,22.042858]},"faces":{"east":{"uv":[0.0,2.0,5.0,3.0],"rotation":0,"texture":"#0","tintindex":0},"south":{"uv":[5.125,8.0,5.25,9.0],"rotation":0,"texture":"#0","tintindex":0},"north":{"uv":[5.0,8.0,5.125,9.0],"rotation":0,"texture":"#0","tintindex":0},"west":{"uv":[0.0,3.0,5.0,4.0],"rotation":0,"texture":"#0","tintindex":0},"up":{"uv":[6.125,12.625,6.0,7.625],"rotation":0,"texture":"#0","tintindex":0},"down":{"uv":[6.25,7.625,6.125,12.625],"rotation":0,"texture":"#0","tintindex":0}}},{"from":[7.785714,-6.4257154,-1.0714293],"to":[8.185715,-3.1685724,17.357143],"rotation":{"angle":0.0,"axis":"y","origin":[7.9857144,6.8814287,22.042858]},"faces":{"east":{"uv":[0.0,2.0,5.0,3.0],"rotation":0,"texture":"#0","tintindex":0},"south":{"uv":[5.125,8.0,5.25,9.0],"rotation":0,"texture":"#0","tintindex":0},"north":{"uv":[5.0,8.0,5.125,9.0],"rotation":0,"texture":"#0","tintindex":0},"west":{"uv":[0.0,3.0,5.0,4.0],"rotation":0,"texture":"#0","tintindex":0},"up":{"uv":[6.125,12.625,6.0,7.625],"rotation":0,"texture":"#0","tintindex":0},"down":{"uv":[6.25,7.625,6.125,12.625],"rotation":0,"texture":"#0","tintindex":0}}},{"from":[7.928571,-7.1614285,2.2999997],"to":[8.114285,7.267143,2.6999998],"rotation":{"angle":0.0,"axis":"y","origin":[8.021428,0.052856445,7.785714]},"faces":{"east":{"uv":[5.75,6.625,10.875,6.875],"rotation":90,"texture":"#0","tintindex":0},"south":{"uv":[10.125,5.875,5.0,6.25],"rotation":270,"texture":"#0","tintindex":0},"north":{"uv":[10.125,5.875,5.0,5.5],"rotation":270,"texture":"#0","tintindex":0},"west":{"uv":[5.75,6.875,10.875,7.125],"rotation":270,"texture":"#0","tintindex":0},"up":{"uv":[2.125,8.25,2.5,8.5],"rotation":0,"texture":"#0","tintindex":0},"down":{"uv":[2.5,8.25,2.875,8.5],"rotation":180,"texture":"#0","tintindex":0}}},{"from":[7.928571,-7.1614285,12.8714285],"to":[8.114285,7.267143,13.271429],"rotation":{"angle":0.0,"axis":"y","origin":[8.021428,0.052856445,7.785714]},"faces":{"east":{"uv":[5.75,6.625,10.875,6.875],"rotation":90,"texture":"#0","tintindex":0},"south":{"uv":[10.125,5.875,5.0,6.25],"rotation":270,"texture":"#0","tintindex":0},"north":{"uv":[10.125,5.875,5.0,5.5],"rotation":270,"texture":"#0","tintindex":0},"west":{"uv":[5.75,6.875,10.875,7.125],"rotation":270,"texture":"#0","tintindex":0},"up":{"uv":[2.125,8.25,2.5,8.5],"rotation":0,"texture":"#0","tintindex":0},"down":{"uv":[2.5,8.25,2.875,8.5],"rotation":180,"texture":"#0","tintindex":0}}}],"display":{"head":{"translation":[0.0,-6.4,0.0],"scale":[4.0,4.0,4.0]}}}