{"textures":{"0":"modelengine:entity/yukio_full"},"elements":[{"from":[10.285187,11.42879,-2.8571434],"to":[10.285187,19.428791,8.0],"rotation":{"angle":-22.5,"axis":"z","origin":[10.285187,11.42879,2.5714283]},"faces":{"east":{"uv":[8.84375,6.53125,9.4375,6.96875],"rotation":0,"texture":"#0","tintindex":0},"south":{"uv":[0.0,0.0,0.0,0.4375],"rotation":0,"texture":"#0","tintindex":0},"north":{"uv":[0.0,0.0,0.0,0.4375],"rotation":0,"texture":"#0","tintindex":0},"west":{"uv":[9.96875,9.625,10.5625,10.0625],"rotation":0,"texture":"#0","tintindex":0},"up":{"uv":[0.0,0.59375,0.0,0.0],"rotation":0,"texture":"#0","tintindex":0},"down":{"uv":[0.0,0.0,0.0,0.59375],"rotation":0,"texture":"#0","tintindex":0}}},{"from":[5.1868825,11.647467,-2.8571434],"to":[5.1868825,19.647467,8.0],"rotation":{"angle":22.5,"axis":"z","origin":[5.714813,11.42879,2.5714283]},"faces":{"east":{"uv":[10.0,3.75,10.59375,4.1875],"rotation":0,"texture":"#0","tintindex":0},"south":{"uv":[0.0,0.0,0.0,0.4375],"rotation":0,"texture":"#0","tintindex":0},"north":{"uv":[0.0,0.0,0.0,0.4375],"rotation":0,"texture":"#0","tintindex":0},"west":{"uv":[10.0,4.1875,10.59375,4.625],"rotation":0,"texture":"#0","tintindex":0},"up":{"uv":[0.0,0.59375,0.0,0.0],"rotation":0,"texture":"#0","tintindex":0},"down":{"uv":[0.0,0.0,0.0,0.59375],"rotation":0,"texture":"#0","tintindex":0}}},{"from":[2.8571424,1.1428566,-2.8571434],"to":[12.571428,11.428572,8.0],"rotation":{"angle":0.0,"axis":"y","origin":[8.0,9.714286,7.428571]},"faces":{"east":{"uv":[9.4375,6.53125,10.03125,7.09375],"rotation":0,"texture":"#0","tintindex":0},"south":{"uv":[9.90625,1.28125,10.4375,1.84375],"rotation":0,"texture":"#0","tintindex":0},"north":{"uv":[9.71875,2.53125,10.25,3.09375],"rotation":0,"texture":"#0","tintindex":0},"west":{"uv":[9.4375,7.09375,10.03125,7.65625],"rotation":0,"texture":"#0","tintindex":0},"up":{"uv":[10.0625,8.25,9.53125,7.65625],"rotation":0,"texture":"#0","tintindex":0},"down":{"uv":[10.0625,8.25,9.53125,8.84375],"rotation":0,"texture":"#0","tintindex":0}}},{"from":[2.0490208,11.093837,-2.8571434],"to":[2.0490208,13.379551,8.0],"rotation":{"angle":45.0,"axis":"z","origin":[2.0490208,12.236694,2.5714283]},"faces":{"east":{"uv":[11.9375,1.6875,12.53125,1.8125],"rotation":0,"texture":"#0","tintindex":0},"south":{"uv":[0.0,0.0,0.0,0.125],"rotation":0,"texture":"#0","tintindex":0},"north":{"uv":[0.0,0.0,0.0,0.125],"rotation":0,"texture":"#0","tintindex":0},"west":{"uv":[11.9375,5.03125,12.53125,5.15625],"rotation":0,"texture":"#0","tintindex":0},"up":{"uv":[0.0,0.59375,0.0,0.0],"rotation":0,"texture":"#0","tintindex":0},"down":{"uv":[0.0,0.0,0.0,0.59375],"rotation":0,"texture":"#0","tintindex":0}}},{"from":[13.379551,11.093837,-2.8571434],"to":[13.379551,13.379551,8.0],"rotation":{"angle":-45.0,"axis":"z","origin":[13.379551,12.236694,2.5714283]},"faces":{"east":{"uv":[11.9375,5.15625,12.53125,5.28125],"rotation":0,"texture":"#0","tintindex":0},"south":{"uv":[0.0,0.0,0.0,0.125],"rotation":0,"texture":"#0","tintindex":0},"north":{"uv":[0.0,0.0,0.0,0.125],"rotation":0,"texture":"#0","tintindex":0},"west":{"uv":[11.96875,4.90625,12.5625,5.03125],"rotation":0,"texture":"#0","tintindex":0},"up":{"uv":[0.0,0.59375,0.0,0.0],"rotation":0,"texture":"#0","tintindex":0},"down":{"uv":[0.0,0.0,0.0,0.59375],"rotation":0,"texture":"#0","tintindex":0}}},{"from":[6.285714,8.0,3.4285712],"to":[9.142858,12.571428,11.428572],"rotation":{"angle":-45.0,"axis":"x","origin":[7.142857,6.285714,2.5714283]},"faces":{"east":{"uv":[11.5625,7.03125,12.0,7.28125],"rotation":0,"texture":"#0","tintindex":0},"south":{"uv":[11.0,12.1875,11.15625,12.4375],"rotation":0,"texture":"#0","tintindex":0},"north":{"uv":[12.1875,10.8125,12.34375,11.0625],"rotation":0,"texture":"#0","tintindex":0},"west":{"uv":[11.59375,9.0625,12.03125,9.3125],"rotation":0,"texture":"#0","tintindex":0},"up":{"uv":[8.5,12.46875,8.34375,12.03125],"rotation":0,"texture":"#0","tintindex":0},"down":{"uv":[12.1875,9.8125,12.03125,10.25],"rotation":0,"texture":"#0","tintindex":0}}},{"from":[7.428571,-1.1428576,-2.8571434],"to":[7.428571,1.1428566,8.0],"rotation":{"angle":0.0,"axis":"y","origin":[8.0,9.714286,7.428571]},"faces":{"east":{"uv":[11.84375,2.15625,12.4375,2.28125],"rotation":0,"texture":"#0","tintindex":0},"south":{"uv":[0.0,0.0,0.0,0.125],"rotation":0,"texture":"#0","tintindex":0},"north":{"uv":[0.0,0.0,0.0,0.125],"rotation":0,"texture":"#0","tintindex":0},"west":{"uv":[11.9375,1.5625,12.53125,1.6875],"rotation":0,"texture":"#0","tintindex":0},"up":{"uv":[0.0,0.59375,0.0,0.0],"rotation":0,"texture":"#0","tintindex":0},"down":{"uv":[0.0,0.0,0.0,0.59375],"rotation":0,"texture":"#0","tintindex":0}}}],"display":{"head":{"translation":[0.0,-6.4,0.0],"scale":[4.0,4.0,4.0]}}}