{"textures":{"0":"modelengine:entity/yukio_full"},"elements":[{"from":[7.029613,4.3771243,-1.8617496],"to":[12.629613,11.977125,-1.8617496],"rotation":{"angle":-22.5,"axis":"x","origin":[11.429613,25.777124,-2.6617498]},"faces":{"east":{"uv":[0.0,0.0,0.0,0.59375],"rotation":0,"texture":"#0","tintindex":0},"south":{"uv":[7.625,10.34375,8.0625,10.9375],"rotation":0,"texture":"#0","tintindex":0},"north":{"uv":[8.0625,10.34375,7.625,10.9375],"rotation":0,"texture":"#0","tintindex":0},"west":{"uv":[0.0,0.0,0.0,0.59375],"rotation":0,"texture":"#0","tintindex":0},"up":{"uv":[0.4375,0.0,0.0,0.0],"rotation":0,"texture":"#0","tintindex":0},"down":{"uv":[0.4375,0.0,0.0,0.0],"rotation":0,"texture":"#0","tintindex":0}}},{"from":[8.0,1.6501203,-2.8000002],"to":[8.0,29.65012,32.0],"rotation":{"angle":0.0,"axis":"y","origin":[9.2,12.05012,6.4]},"faces":{"east":{"uv":[0.84375,0.0,3.5625,2.1875],"rotation":0,"texture":"#0","tintindex":0},"south":{"uv":[0.0,0.0,0.0,2.1875],"rotation":0,"texture":"#0","tintindex":0},"north":{"uv":[0.0,0.0,0.0,2.1875],"rotation":0,"texture":"#0","tintindex":0},"west":{"uv":[0.0,2.1875,2.71875,4.375],"rotation":0,"texture":"#0","tintindex":0},"up":{"uv":[0.0,2.71875,0.0,0.0],"rotation":0,"texture":"#0","tintindex":0},"down":{"uv":[0.0,0.0,0.0,2.71875],"rotation":0,"texture":"#0","tintindex":0}}},{"from":[8.629613,3.9114056,6.673473],"to":[15.429613,19.911407,6.673473],"rotation":{"angle":-22.5,"axis":"x","origin":[12.0296135,9.511406,6.673473]},"faces":{"east":{"uv":[0.0,0.0,0.0,1.25],"rotation":0,"texture":"#0","tintindex":0},"south":{"uv":[5.6875,8.40625,6.21875,9.65625],"rotation":0,"texture":"#0","tintindex":0},"north":{"uv":[5.15625,8.40625,5.6875,9.65625],"rotation":0,"texture":"#0","tintindex":0},"west":{"uv":[0.0,0.0,0.0,1.25],"rotation":0,"texture":"#0","tintindex":0},"up":{"uv":[0.53125,0.0,0.0,0.0],"rotation":0,"texture":"#0","tintindex":0},"down":{"uv":[0.53125,0.0,0.0,0.0],"rotation":0,"texture":"#0","tintindex":0}}},{"from":[6.229613,4.0000005,3.2811322],"to":[8.629613,32.0,5.6811323],"rotation":{"angle":-22.5,"axis":"x","origin":[9.2,12.05012,6.4]},"faces":{"east":{"uv":[8.09375,8.5,8.28125,10.6875],"rotation":0,"texture":"#0","tintindex":0},"south":{"uv":[8.90625,7.65625,9.09375,9.84375],"rotation":0,"texture":"#0","tintindex":0},"north":{"uv":[1.4375,8.5,1.625,10.6875],"rotation":0,"texture":"#0","tintindex":0},"west":{"uv":[1.625,9.03125,1.8125,11.21875],"rotation":0,"texture":"#0","tintindex":0},"up":{"uv":[7.75,3.5625,7.5625,3.375],"rotation":0,"texture":"#0","tintindex":0},"down":{"uv":[4.71875,12.21875,4.53125,12.40625],"rotation":0,"texture":"#0","tintindex":0}}}],"display":{"head":{"translation":[0.0,1.1328521,0.0],"scale":[4.0,4.0,4.0]}}}