{"textures":{"0":"modelengine:entity/yukio_full"},"elements":[{"from":[8.0,-0.19047642,-8.57143],"to":[19.428572,12.952381,12.571428],"rotation":{"angle":0.0,"axis":"y","origin":[-1.7142859,-11.047619,-54.285717]},"faces":{"east":{"uv":[7.78125,4.46875,6.625,5.1875],"rotation":0,"texture":"#0","tintindex":0},"south":{"uv":[4.5,8.875,3.875,9.59375],"rotation":0,"texture":"#0","tintindex":0},"north":{"uv":[3.875,8.875,3.25,9.59375],"rotation":0,"texture":"#0","tintindex":0},"west":{"uv":[7.59375,3.75,6.4375,4.46875],"rotation":0,"texture":"#0","tintindex":0},"up":{"uv":[7.125,2.21875,7.75,1.0625],"rotation":0,"texture":"#0","tintindex":0},"down":{"uv":[7.125,2.21875,7.75,3.375],"rotation":0,"texture":"#0","tintindex":0}}},{"from":[11.428572,8.952381,5.142857],"to":[16.57143,15.809525,18.285715],"rotation":{"angle":-22.5,"axis":"x","origin":[16.857143,13.523809,12.857143]},"faces":{"east":{"uv":[10.6875,9.25,9.96875,9.625],"rotation":0,"texture":"#0","tintindex":0},"south":{"uv":[11.125,11.65625,10.84375,12.03125],"rotation":0,"texture":"#0","tintindex":0},"north":{"uv":[0.625,11.65625,0.34375,12.03125],"rotation":0,"texture":"#0","tintindex":0},"west":{"uv":[10.6875,5.46875,9.96875,5.84375],"rotation":0,"texture":"#0","tintindex":0},"up":{"uv":[11.0,6.46875,11.28125,5.75],"rotation":0,"texture":"#0","tintindex":0},"down":{"uv":[11.0,7.59375,11.28125,8.3125],"rotation":0,"texture":"#0","tintindex":0}}},{"from":[8.571428,17.173452,1.0957756],"to":[15.428572,24.030596,10.810061],"rotation":{"angle":-45.0,"axis":"x","origin":[14.0,12.030595,12.238633]},"faces":{"east":{"uv":[11.5625,0.84375,11.03125,1.21875],"rotation":0,"texture":"#0","tintindex":0},"south":{"uv":[3.40625,11.40625,3.03125,11.78125],"rotation":0,"texture":"#0","tintindex":0},"north":{"uv":[11.78125,1.59375,11.40625,1.96875],"rotation":0,"texture":"#0","tintindex":0},"west":{"uv":[11.53125,10.0625,11.0,10.4375],"rotation":0,"texture":"#0","tintindex":0},"up":{"uv":[11.03125,1.75,11.40625,1.21875],"rotation":0,"texture":"#0","tintindex":0},"down":{"uv":[11.03125,1.75,11.40625,2.28125],"rotation":0,"texture":"#0","tintindex":0}}},{"from":[13.714286,3.2380953,12.571428],"to":[17.142857,7.2380953,17.714287],"rotation":{"angle":0.0,"axis":"y","origin":[19.714287,10.666667,20.285715]},"faces":{"east":{"uv":[12.375,7.28125,12.09375,7.5],"rotation":0,"texture":"#0","tintindex":0},"south":{"uv":[12.375,10.0,12.1875,10.21875],"rotation":0,"texture":"#0","tintindex":0},"north":{"uv":[8.21875,11.34375,8.03125,11.5625],"rotation":0,"texture":"#0","tintindex":0},"west":{"uv":[11.3125,2.28125,11.03125,2.5],"rotation":0,"texture":"#0","tintindex":0},"up":{"uv":[10.5625,12.40625,10.75,12.125],"rotation":0,"texture":"#0","tintindex":0},"down":{"uv":[12.125,12.03125,12.3125,12.3125],"rotation":0,"texture":"#0","tintindex":0}}},{"from":[14.006351,-4.990263,14.0464735],"to":[23.720638,17.86688,14.0464735],"rotation":{"angle":-45.0,"axis":"y","origin":[20.006351,1.8668799,15.189331]},"faces":{"east":{"uv":[0.0,0.0,0.0,1.25],"rotation":0,"texture":"#0","tintindex":0},"south":{"uv":[3.5625,7.625,4.09375,8.875],"rotation":0,"texture":"#0","tintindex":0},"north":{"uv":[4.09375,7.625,3.5625,8.875],"rotation":0,"texture":"#0","tintindex":0},"west":{"uv":[0.0,0.0,0.0,1.25],"rotation":0,"texture":"#0","tintindex":0},"up":{"uv":[0.0,0.0,0.53125,0.0],"rotation":0,"texture":"#0","tintindex":0},"down":{"uv":[0.0,0.0,0.53125,0.0],"rotation":0,"texture":"#0","tintindex":0}}},{"from":[9.149208,13.009737,-8.239241],"to":[9.149208,22.724024,14.617903],"rotation":{"angle":22.5,"axis":"z","origin":[10.863494,17.86688,3.18933]},"faces":{"east":{"uv":[8.84375,3.5625,7.59375,4.09375],"rotation":0,"texture":"#0","tintindex":0},"south":{"uv":[0.0,0.0,0.0,0.53125],"rotation":0,"texture":"#0","tintindex":0},"north":{"uv":[0.0,0.0,0.0,0.53125],"rotation":0,"texture":"#0","tintindex":0},"west":{"uv":[8.78125,5.1875,7.53125,5.71875],"rotation":0,"texture":"#0","tintindex":0},"up":{"uv":[0.0,1.25,0.0,0.0],"rotation":0,"texture":"#0","tintindex":0},"down":{"uv":[0.0,0.0,0.0,1.25],"rotation":0,"texture":"#0","tintindex":0}}},{"from":[23.733053,2.2643185,3.87494],"to":[23.733053,13.121462,11.874941],"rotation":{"angle":45.0,"axis":"y","origin":[22.018768,9.407176,9.589226]},"faces":{"east":{"uv":[0.875,10.1875,1.3125,10.78125],"rotation":0,"texture":"#0","tintindex":0},"south":{"uv":[0.0,0.0,0.0,0.59375],"rotation":0,"texture":"#0","tintindex":0},"north":{"uv":[0.0,0.0,0.0,0.59375],"rotation":0,"texture":"#0","tintindex":0},"west":{"uv":[1.3125,10.1875,0.875,10.78125],"rotation":0,"texture":"#0","tintindex":0},"up":{"uv":[0.0,0.4375,0.0,0.0],"rotation":0,"texture":"#0","tintindex":0},"down":{"uv":[0.0,0.0,0.0,0.4375],"rotation":0,"texture":"#0","tintindex":0}}},{"from":[17.714287,11.581165,-0.24478436],"to":[17.714287,19.581165,10.612359],"rotation":{"angle":-22.5,"axis":"z","origin":[17.714287,16.152596,5.1837873]},"faces":{"east":{"uv":[10.84375,2.53125,10.25,2.96875],"rotation":0,"texture":"#0","tintindex":0},"south":{"uv":[0.0,0.0,0.0,0.4375],"rotation":0,"texture":"#0","tintindex":0},"north":{"uv":[0.0,0.0,0.0,0.4375],"rotation":0,"texture":"#0","tintindex":0},"west":{"uv":[9.90625,10.21875,9.3125,10.65625],"rotation":0,"texture":"#0","tintindex":0},"up":{"uv":[0.0,0.59375,0.0,0.0],"rotation":0,"texture":"#0","tintindex":0},"down":{"uv":[0.0,0.0,0.0,0.59375],"rotation":0,"texture":"#0","tintindex":0}}}],"display":{"head":{"translation":[0.0,-6.4,0.0],"scale":[4.0,4.0,4.0]}}}