{"textures":{"0":"modelengine:entity/yukio_full"},"elements":[{"from":[6.285714,3.3747458,0.24298477],"to":[9.714286,10.803317,8.814414],"rotation":{"angle":0.0,"axis":"y","origin":[10.857143,7.374746,7.100128]},"faces":{"east":{"uv":[11.5625,0.40625,11.09375,0.8125],"rotation":0,"texture":"#0","tintindex":0},"south":{"uv":[8.34375,11.90625,8.15625,12.3125],"rotation":0,"texture":"#0","tintindex":0},"north":{"uv":[10.5625,11.875,10.375,12.28125],"rotation":0,"texture":"#0","tintindex":0},"west":{"uv":[11.5,5.03125,11.03125,5.4375],"rotation":0,"texture":"#0","tintindex":0},"up":{"uv":[8.3125,7.4375,8.5,6.96875],"rotation":0,"texture":"#0","tintindex":0},"down":{"uv":[8.84375,3.53125,9.03125,4.0],"rotation":0,"texture":"#0","tintindex":0}}},{"from":[6.857143,1.66046,0.716372],"to":[9.142858,4.517603,3.0020866],"rotation":{"angle":-45.0,"axis":"x","origin":[8.0,3.3747458,1.8592291]},"faces":{"east":{"uv":[8.09375,9.875,7.96875,10.03125],"rotation":0,"texture":"#0","tintindex":0},"south":{"uv":[8.90625,9.75,8.78125,9.90625],"rotation":0,"texture":"#0","tintindex":0},"north":{"uv":[8.90625,9.59375,8.78125,9.75],"rotation":0,"texture":"#0","tintindex":0},"west":{"uv":[8.09375,9.71875,7.96875,9.875],"rotation":0,"texture":"#0","tintindex":0},"up":{"uv":[9.40625,1.0625,9.53125,0.9375],"rotation":0,"texture":"#0","tintindex":0},"down":{"uv":[9.71875,3.09375,9.84375,3.21875],"rotation":0,"texture":"#0","tintindex":0}}}],"display":{"head":{"translation":[0.0,-6.4,0.0],"scale":[4.0,4.0,4.0]}}}