{"textures":{"0":"modelengine:entity/yukio_full"},"elements":[{"from":[3.4285712,-4.5714293,7.857143],"to":[12.571428,8.0,15.285715],"rotation":{"angle":0.0,"axis":"y","origin":[-7.4285717,-2.8571434,-37.857143]},"faces":{"east":{"uv":[2.625,9.96875,2.21875,10.65625],"rotation":0,"texture":"#0","tintindex":0},"south":{"uv":[8.78125,9.21875,8.28125,9.90625],"rotation":0,"texture":"#0","tintindex":0},"north":{"uv":[9.71875,2.53125,9.21875,3.21875],"rotation":0,"texture":"#0","tintindex":0},"west":{"uv":[2.21875,9.96875,1.8125,10.65625],"rotation":0,"texture":"#0","tintindex":0},"up":{"uv":[10.9375,3.34375,11.4375,2.9375],"rotation":0,"texture":"#0","tintindex":0},"down":{"uv":[7.71875,10.9375,8.21875,11.34375],"rotation":0,"texture":"#0","tintindex":0}}}],"display":{"head":{"translation":[0.0,-6.4,0.0],"scale":[4.0,4.0,4.0]}}}