{"textures":{"0":"modelengine:entity/yukio_full"},"elements":[{"from":[-3.7881746,-10.717459,-16.0],"to":[19.06897,12.711115,2.2857141],"rotation":{"angle":0.0,"axis":"y","origin":[7.640397,0.99682856,-6.8571434]},"faces":{"east":{"uv":[0.0,5.09375,1.0,6.375],"rotation":0,"texture":"#0","tintindex":0},"south":{"uv":[4.125,4.46875,5.375,5.75],"rotation":0,"texture":"#0","tintindex":0},"north":{"uv":[2.875,4.46875,4.125,5.75],"rotation":0,"texture":"#0","tintindex":0},"west":{"uv":[1.0,5.09375,2.0,6.375],"rotation":0,"texture":"#0","tintindex":0},"up":{"uv":[6.625,5.46875,5.375,4.46875],"rotation":0,"texture":"#0","tintindex":0},"down":{"uv":[6.625,5.46875,5.375,6.46875],"rotation":0,"texture":"#0","tintindex":0}}},{"from":[1.3546824,9.67318,3.8441591],"to":[1.3546824,17.67318,14.701303],"rotation":{"angle":22.5,"axis":"x","origin":[-1.5024605,13.67318,10.415587]},"faces":{"east":{"uv":[10.0625,7.75,10.65625,8.1875],"rotation":0,"texture":"#0","tintindex":0},"south":{"uv":[0.0,0.0,0.0,0.4375],"rotation":0,"texture":"#0","tintindex":0},"north":{"uv":[0.0,0.0,0.0,0.4375],"rotation":0,"texture":"#0","tintindex":0},"west":{"uv":[10.0625,8.1875,10.65625,8.625],"rotation":0,"texture":"#0","tintindex":0},"up":{"uv":[0.0,0.59375,0.0,0.0],"rotation":0,"texture":"#0","tintindex":0},"down":{"uv":[0.0,0.0,0.0,0.59375],"rotation":0,"texture":"#0","tintindex":0}}},{"from":[13.926111,9.67318,3.8441591],"to":[13.926111,17.67318,14.701303],"rotation":{"angle":22.5,"axis":"x","origin":[17.926113,13.67318,10.415587]},"faces":{"east":{"uv":[10.25,4.625,10.84375,5.0625],"rotation":0,"texture":"#0","tintindex":0},"south":{"uv":[0.0,0.0,0.0,0.4375],"rotation":0,"texture":"#0","tintindex":0},"north":{"uv":[0.0,0.0,0.0,0.4375],"rotation":0,"texture":"#0","tintindex":0},"west":{"uv":[3.0625,10.28125,3.65625,10.71875],"rotation":0,"texture":"#0","tintindex":0},"up":{"uv":[0.0,0.59375,0.0,0.0],"rotation":0,"texture":"#0","tintindex":0},"down":{"uv":[0.0,0.0,0.0,0.59375],"rotation":0,"texture":"#0","tintindex":0}}},{"from":[-3.7881746,11.28849,-9.70834],"to":[19.06897,21.002777,-9.70834],"rotation":{"angle":45.0,"axis":"x","origin":[7.640397,16.145634,-9.70834]},"faces":{"east":{"uv":[0.0,0.0,0.0,0.53125],"rotation":0,"texture":"#0","tintindex":0},"south":{"uv":[6.0,7.34375,7.25,7.875],"rotation":0,"texture":"#0","tintindex":0},"north":{"uv":[4.75,7.34375,6.0,7.875],"rotation":0,"texture":"#0","tintindex":0},"west":{"uv":[0.0,0.0,0.0,0.53125],"rotation":0,"texture":"#0","tintindex":0},"up":{"uv":[1.25,0.0,0.0,0.0],"rotation":0,"texture":"#0","tintindex":0},"down":{"uv":[1.25,0.0,0.0,0.0],"rotation":0,"texture":"#0","tintindex":0}}},{"from":[-3.7881746,11.28849,5.720233],"to":[19.06897,21.002777,5.720233],"rotation":{"angle":45.0,"axis":"x","origin":[7.640397,16.145634,5.720233]},"faces":{"east":{"uv":[0.0,0.0,0.0,0.53125],"rotation":0,"texture":"#0","tintindex":0},"south":{"uv":[7.25,7.4375,8.5,7.96875],"rotation":0,"texture":"#0","tintindex":0},"north":{"uv":[0.0,7.4375,1.25,7.96875],"rotation":0,"texture":"#0","tintindex":0},"west":{"uv":[0.0,0.0,0.0,0.53125],"rotation":0,"texture":"#0","tintindex":0},"up":{"uv":[1.25,0.0,0.0,0.0],"rotation":0,"texture":"#0","tintindex":0},"down":{"uv":[1.25,0.0,0.0,0.0],"rotation":0,"texture":"#0","tintindex":0}}},{"from":[4.783254,7.839614,-11.0963],"to":[11.068969,20.411043,-4.2391567],"rotation":{"angle":45.0,"axis":"x","origin":[-0.6453171,14.125328,-8.524872]},"faces":{"east":{"uv":[10.59375,3.84375,10.96875,4.53125],"rotation":0,"texture":"#0","tintindex":0},"south":{"uv":[9.9375,10.65625,10.28125,11.34375],"rotation":0,"texture":"#0","tintindex":0},"north":{"uv":[9.59375,10.65625,9.9375,11.34375],"rotation":0,"texture":"#0","tintindex":0},"west":{"uv":[10.625,5.84375,11.0,6.53125],"rotation":0,"texture":"#0","tintindex":0},"up":{"uv":[7.5,11.875,7.15625,11.5],"rotation":0,"texture":"#0","tintindex":0},"down":{"uv":[10.5625,11.5,10.21875,11.875],"rotation":0,"texture":"#0","tintindex":0}}},{"from":[10.49754,11.568257,-14.285715],"to":[13.354683,22.99683,-11.428572],"rotation":{"angle":-22.5,"axis":"z","origin":[7.354683,16.139687,-18.57143]},"faces":{"east":{"uv":[11.71875,5.34375,11.875,5.96875],"rotation":0,"texture":"#0","tintindex":0},"south":{"uv":[1.90625,11.75,2.0625,12.375],"rotation":0,"texture":"#0","tintindex":0},"north":{"uv":[2.8125,11.5625,2.96875,12.1875],"rotation":0,"texture":"#0","tintindex":0},"west":{"uv":[2.0625,11.75,2.21875,12.375],"rotation":0,"texture":"#0","tintindex":0},"up":{"uv":[4.53125,11.46875,4.375,11.3125],"rotation":0,"texture":"#0","tintindex":0},"down":{"uv":[4.875,12.21875,4.71875,12.375],"rotation":0,"texture":"#0","tintindex":0}}},{"from":[4.783254,7.970715,3.2286386],"to":[11.068969,15.399286,15.800068],"rotation":{"angle":-22.5,"axis":"x","origin":[14.211826,11.685001,9.514353]},"faces":{"east":{"uv":[10.65625,8.84375,9.96875,9.25],"rotation":0,"texture":"#0","tintindex":0},"south":{"uv":[6.15625,11.4375,6.5,11.84375],"rotation":0,"texture":"#0","tintindex":0},"north":{"uv":[0.0,11.40625,0.34375,11.8125],"rotation":0,"texture":"#0","tintindex":0},"west":{"uv":[9.96875,0.0,10.65625,0.40625],"rotation":0,"texture":"#0","tintindex":0},"up":{"uv":[11.03125,5.75,10.6875,5.0625],"rotation":0,"texture":"#0","tintindex":0},"down":{"uv":[0.34375,10.71875,0.0,11.40625],"rotation":0,"texture":"#0","tintindex":0}}},{"from":[-1.5024605,-8.231199,-2.675621],"to":[17.354683,11.197372,9.895808],"rotation":{"angle":22.5,"axis":"x","origin":[7.640397,-0.5169134,3.610094]},"faces":{"east":{"uv":[2.875,6.96875,3.5625,8.03125],"rotation":0,"texture":"#0","tintindex":0},"south":{"uv":[0.0,6.375,1.03125,7.4375],"rotation":0,"texture":"#0","tintindex":0},"north":{"uv":[3.8125,5.75,4.84375,6.8125],"rotation":0,"texture":"#0","tintindex":0},"west":{"uv":[7.125,0.0,7.8125,1.0625],"rotation":0,"texture":"#0","tintindex":0},"up":{"uv":[8.3125,6.75,7.28125,6.0625],"rotation":0,"texture":"#0","tintindex":0},"down":{"uv":[8.3125,6.75,7.28125,7.4375],"rotation":0,"texture":"#0","tintindex":0}}},{"from":[3.4285712,13.026224,-14.307064],"to":[7.428571,18.740509,-9.735636],"rotation":{"angle":0.0,"axis":"y","origin":[4.0,1.0262232,-10.307064]},"faces":{"east":{"uv":[11.03125,5.4375,11.28125,5.75],"rotation":0,"texture":"#0","tintindex":0},"south":{"uv":[12.0625,8.28125,12.28125,8.59375],"rotation":0,"texture":"#0","tintindex":0},"north":{"uv":[12.0625,0.40625,12.28125,0.71875],"rotation":0,"texture":"#0","tintindex":0},"west":{"uv":[11.875,3.28125,12.125,3.59375],"rotation":0,"texture":"#0","tintindex":0},"up":{"uv":[8.28125,10.9375,8.0625,10.6875],"rotation":0,"texture":"#0","tintindex":0},"down":{"uv":[12.34375,3.03125,12.125,3.28125],"rotation":0,"texture":"#0","tintindex":0}}},{"from":[7.428571,10.740509,-4.021351],"to":[10.285714,20.454796,-1.1642075],"rotation":{"angle":22.5,"axis":"x","origin":[4.8571424,14.169081,-3.7356358]},"faces":{"east":{"uv":[1.625,8.5,1.78125,9.03125],"rotation":0,"texture":"#0","tintindex":0},"south":{"uv":[1.03125,11.875,1.1875,12.40625],"rotation":0,"texture":"#0","tintindex":0},"north":{"uv":[1.78125,7.25,1.9375,7.78125],"rotation":0,"texture":"#0","tintindex":0},"west":{"uv":[5.15625,11.875,5.3125,12.40625],"rotation":0,"texture":"#0","tintindex":0},"up":{"uv":[5.03125,12.375,4.875,12.21875],"rotation":0,"texture":"#0","tintindex":0},"down":{"uv":[6.0625,12.21875,5.90625,12.375],"rotation":0,"texture":"#0","tintindex":0}}},{"from":[2.8571424,10.194413,0.4383459],"to":[5.714286,19.908699,3.2954893],"rotation":{"angle":22.5,"axis":"z","origin":[8.857143,15.051557,-2.1330833]},"faces":{"east":{"uv":[11.875,5.34375,12.03125,5.875],"rotation":0,"texture":"#0","tintindex":0},"south":{"uv":[7.15625,11.875,7.3125,12.40625],"rotation":0,"texture":"#0","tintindex":0},"north":{"uv":[5.3125,11.875,5.46875,12.40625],"rotation":0,"texture":"#0","tintindex":0},"west":{"uv":[7.3125,11.875,7.46875,12.40625],"rotation":0,"texture":"#0","tintindex":0},"up":{"uv":[7.84375,12.375,7.6875,12.21875],"rotation":0,