{"textures":{"0":"modelengine:entity/pet_transmutation"},"elements":[{"from":[7.8994284,7.6709886,7.2408133],"to":[9.042286,8.813846,9.526527],"rotation":{"angle":0.0,"axis":"y","origin":[8.470858,8.242417,8.383671]},"faces":{"east":{"uv":[9.5,9.0,10.0,9.25],"rotation":0,"texture":"#0","tintindex":0},"south":{"uv":[0.75,10.625,1.0,10.875],"rotation":0,"texture":"#0","tintindex":0},"north":{"uv":[10.375,10.5,10.625,10.75],"rotation":0,"texture":"#0","tintindex":0},"west":{"uv":[9.625,3.75,10.125,4.0],"rotation":0,"texture":"#0","tintindex":0},"up":{"uv":[6.625,10.0,6.375,9.5],"rotation":0,"texture":"#0","tintindex":0},"down":{"uv":[4.25,9.625,4.0,10.125],"rotation":0,"texture":"#0","tintindex":0}}},{"from":[6.7565713,7.6709886,8.383671],"to":[7.8994284,8.813846,9.526527],"rotation":{"angle":0.0,"axis":"y","origin":[7.8994284,8.242417,8.955099]},"faces":{"east":{"uv":[10.625,2.125,10.875,2.375],"rotation":0,"texture":"#0","tintindex":0},"south":{"uv":[3.875,10.625,4.125,10.875],"rotation":0,"texture":"#0","tintindex":0},"north":{"uv":[1.125,10.625,1.375,10.875],"rotation":0,"texture":"#0","tintindex":0},"west":{"uv":[10.625,4.0,10.875,4.25],"rotation":0,"texture":"#0","tintindex":0},"up":{"uv":[10.875,5.375,10.625,5.125],"rotation":0,"texture":"#0","tintindex":0},"down":{"uv":[10.875,5.5,10.625,5.75],"rotation":0,"texture":"#0","tintindex":0}}},{"from":[6.390007,7.7852745,8.629638],"to":[7.3042927,8.69956,10.686781],"rotation":{"angle":-22.5,"axis":"y","origin":[6.84715,8.242417,9.658209]},"faces":{"east":{"uv":[7.25,9.625,7.75,9.875],"rotation":0,"texture":"#0","tintindex":0},"south":{"uv":[10.625,6.25,10.875,6.5],"rotation":0,"texture":"#0","tintindex":0},"north":{"uv":[10.625,5.875,10.875,6.125],"rotation":0,"texture":"#0","tintindex":0},"west":{"uv":[9.625,9.375,10.125,9.625],"rotation":0,"texture":"#0","tintindex":0},"up":{"uv":[4.625,10.125,4.375,9.625],"rotation":0,"texture":"#0","tintindex":0},"down":{"uv":[1.75,9.75,1.5,10.25],"rotation":0,"texture":"#0","tintindex":0}}},{"from":[6.922621,8.013845,9.813742],"to":[7.4940495,8.585275,12.670885],"rotation":{"angle":45.0,"axis":"y","origin":[7.0940495,8.242417,10.899456]},"faces":{"east":{"uv":[8.5,2.0,9.125,2.125],"rotation":0,"texture":"#0","tintindex":0},"south":{"uv":[11.0,6.375,11.125,6.5],"rotation":0,"texture":"#0","tintindex":0},"north":{"uv":[11.0,6.125,11.125,6.25],"rotation":0,"texture":"#0","tintindex":0},"west":{"uv":[10.25,4.5,10.875,4.625],"rotation":0,"texture":"#0","tintindex":0},"up":{"uv":[3.875,8.125,3.75,7.5],"rotation":0,"texture":"#0","tintindex":0},"down":{"uv":[9.5,9.875,9.375,10.5],"rotation":0,"texture":"#0","tintindex":0}}},{"from":[5.7797637,8.299561,9.813742],"to":[8.636907,8.299561,16.099457],"rotation":{"angle":45.0,"axis":"y","origin":[7.0940495,8.242417,10.899456]},"faces":{"east":{"uv":[5.0,11.125,6.375,11.125],"rotation":0,"texture":"#0","tintindex":0},"south":{"uv":[11.125,5.0,11.75,5.0],"rotation":0,"texture":"#0","tintindex":0},"north":{"uv":[11.125,4.875,11.75,4.875],"rotation":0,"texture":"#0","tintindex":0},"west":{"uv":[7.75,11.125,9.125,11.125],"rotation":0,"texture":"#0","tintindex":0},"up":{"uv":[6.875,7.75,6.25,6.375],"rotation":0,"texture":"#0","tintindex":0},"down":{"uv":[7.125,4.25,6.5,5.625],"rotation":0,"texture":"#0","tintindex":0}}}],"display":{"head":{"translation":[0.0,-6.4,0.0],"scale":[4.0,4.0,4.0]}}}