{"textures":{"0":"modelengine:entity/pet_transmutation"},"elements":[{"from":[5.058601,7.419943,6.305876],"to":[9.058601,8.5628,7.4487333],"rotation":{"angle":22.5,"axis":"y","origin":[7.3443155,7.9913716,8.020162]},"faces":{"east":{"uv":[6.25,10.5,6.5,10.75],"rotation":0,"texture":"#0","tintindex":0},"south":{"uv":[8.25,3.375,9.125,3.625],"rotation":0,"texture":"#0","tintindex":0},"north":{"uv":[8.25,3.0,9.125,3.25],"rotation":0,"texture":"#0","tintindex":0},"west":{"uv":[6.625,10.5,6.875,10.75],"rotation":0,"texture":"#0","tintindex":0},"up":{"uv":[4.625,8.5,3.75,8.25],"rotation":0,"texture":"#0","tintindex":0},"down":{"uv":[9.125,6.5,8.25,6.75],"rotation":0,"texture":"#0","tintindex":0}}},{"from":[7.7443156,7.0199428,5.963019],"to":[9.458601,8.734228,7.6773047],"rotation":{"angle":22.5,"axis":"y","origin":[7.3443155,7.9913716,8.020162]},"faces":{"east":{"uv":[0.5,8.875,0.875,9.25],"rotation":0,"texture":"#0","tintindex":0},"south":{"uv":[6.875,8.875,7.25,9.25],"rotation":0,"texture":"#0","tintindex":0},"north":{"uv":[8.875,0.0,9.25,0.375],"rotation":0,"texture":"#0","tintindex":0},"west":{"uv":[8.0,8.875,8.375,9.25],"rotation":0,"texture":"#0","tintindex":0},"up":{"uv":[1.375,9.375,1.0,9.0],"rotation":0,"texture":"#0","tintindex":0},"down":{"uv":[9.375,1.375,9.0,1.75],"rotation":0,"texture":"#0","tintindex":0}}},{"from":[-3.9985418,7.9913716,6.8773046],"to":[8.001458,7.9913716,17.734447],"rotation":{"angle":0.0,"axis":"y","origin":[7.3443155,7.9913716,8.020162]},"faces":{"east":{"uv":[11.125,2.5,13.5,2.5],"rotation":0,"texture":"#0","tintindex":0},"south":{"uv":[11.125,2.625,13.75,2.625],"rotation":0,"texture":"#0","tintindex":0},"north":{"uv":[11.125,2.0,13.75,2.0],"rotation":0,"texture":"#0","tintindex":0},"west":{"uv":[11.125,2.75,13.5,2.75],"rotation":0,"texture":"#0","tintindex":0},"up":{"uv":[5.375,2.375,2.75,0.0],"rotation":0,"texture":"#0","tintindex":0},"down":{"uv":[5.375,2.5,2.75,4.875],"rotation":0,"texture":"#0","tintindex":0}}}],"display":{"head":{"translation":[0.0,-6.4,0.0],"scale":[4.0,4.0,4.0]}}}