{"textures":{"0":"modelengine:entity/september_monthly_crate"},"elements":[{"from":[2.8571424,0.16100311,2.8571424],"to":[13.142858,1.875289,13.142858],"rotation":{"angle":0.0,"axis":"y","origin":[8.0,14.0181465,7.714286]},"faces":{"east":{"uv":[4.125,6.75,5.25,6.9375],"rotation":0,"texture":"#0","tintindex":0},"south":{"uv":[5.25,6.75,6.375,6.9375],"rotation":0,"texture":"#0","tintindex":0},"north":{"uv":[6.75,3.25,7.875,3.4375],"rotation":0,"texture":"#0","tintindex":0},"west":{"uv":[1.5,6.8125,2.625,7.0],"rotation":0,"texture":"#0","tintindex":0},"up":{"uv":[4.25,4.875,3.125,3.75],"rotation":0,"texture":"#0","tintindex":0},"down":{"uv":[5.375,3.75,4.25,4.875],"rotation":0,"texture":"#0","tintindex":0}}},{"from":[4.5714283,1.875289,3.4285712],"to":[11.428572,8.161004,4.5714283],"rotation":{"angle":0.0,"axis":"y","origin":[8.0,14.0181465,7.714286]},"faces":{"east":{"uv":[7.0,7.125,7.125,7.8125],"rotation":0,"texture":"#0","tintindex":0},"south":{"uv":[4.25,6.0625,5.0,6.75],"rotation":0,"texture":"#0","tintindex":0},"north":{"uv":[4.25,6.0625,5.0,6.75],"rotation":0,"texture":"#0","tintindex":0},"west":{"uv":[7.125,7.125,7.25,7.8125],"rotation":0,"texture":"#0","tintindex":0},"up":{"uv":[0.75,6.875,0.0,6.75],"rotation":0,"texture":"#0","tintindex":0},"down":{"uv":[7.875,2.5625,7.125,2.6875],"rotation":0,"texture":"#0","tintindex":0}}},{"from":[11.428572,1.875289,3.4285712],"to":[12.571428,8.161004,12.571428],"rotation":{"angle":0.0,"axis":"y","origin":[8.0,14.0181465,7.714286]},"faces":{"east":{"uv":[5.5,2.4375,6.5,3.125],"rotation":0,"texture":"#0","tintindex":0},"south":{"uv":[6.875,7.125,7.0,7.8125],"rotation":0,"texture":"#0","tintindex":0},"north":{"uv":[6.0,7.0625,6.125,7.75],"rotation":0,"texture":"#0","tintindex":0},"west":{"uv":[3.25,5.5,4.25,6.1875],"rotation":0,"texture":"#0","tintindex":0},"up":{"uv":[6.75,8.0,6.625,7.0],"rotation":0,"texture":"#0","tintindex":0},"down":{"uv":[6.875,7.0,6.75,8.0],"rotation":0,"texture":"#0","tintindex":0}}},{"from":[3.4285712,1.875289,3.4285712],"to":[4.5714283,8.161004,12.571428],"rotation":{"angle":0.0,"axis":"y","origin":[8.0,14.0181465,7.714286]},"faces":{"east":{"uv":[1.25,5.5,2.25,6.1875],"rotation":0,"texture":"#0","tintindex":0},"south":{"uv":[1.0,7.0625,1.125,7.75],"rotation":0,"texture":"#0","tintindex":0},"north":{"uv":[0.875,7.0625,1.0,7.75],"rotation":0,"texture":"#0","tintindex":0},"west":{"uv":[2.25,5.5,3.25,6.1875],"rotation":0,"texture":"#0","tintindex":0},"up":{"uv":[4.125,8.0,4.0,7.0],"rotation":0,"texture":"#0","tintindex":0},"down":{"uv":[6.625,7.0,6.5,8.0],"rotation":0,"texture":"#0","tintindex":0}}},{"from":[4.5714283,1.875289,11.428572],"to":[11.428572,8.161004,12.571428],"rotation":{"angle":0.0,"axis":"y","origin":[8.0,14.0181465,7.714286]},"faces":{"east":{"uv":[0.0,7.1875,0.125,7.875],"rotation":0,"texture":"#0","tintindex":0},"south":{"uv":[0.75,6.1875,1.5,6.875],"rotation":0,"texture":"#0","tintindex":0},"north":{"uv":[0.75,6.1875,1.5,6.875],"rotation":0,"texture":"#0","tintindex":0},"west":{"uv":[0.125,7.1875,0.25,7.875],"rotation":0,"texture":"#0","tintindex":0},"up":{"uv":[7.875,5.125,7.125,5.0],"rotation":0,"texture":"#0","tintindex":0},"down":{"uv":[7.875,5.125,7.125,5.25],"rotation":0,"texture":"#0","tintindex":0}}}],"display":{"head":{"translation":[0.0,-6.4,0.0],"scale":[4.0,4.0,4.0]}}}