{"textures":{"0":"modelengine:entity/september_monthly_crate"},"elements":[{"from":[5.714286,7.5714283,7.5714283],"to":[8.571428,8.428572,8.428572],"rotation":{"angle":0.0,"axis":"y","origin":[-2.285715,19.857143,11.714286]},"faces":{"east":{"uv":[7.75,7.625,7.84375,7.71875],"rotation":0,"texture":"#0","tintindex":0},"south":{"uv":[7.5,1.5625,7.8125,1.65625],"rotation":0,"texture":"#0","tintindex":0},"north":{"uv":[7.5,1.4375,7.8125,1.53125],"rotation":0,"texture":"#0","tintindex":0},"west":{"uv":[7.75,7.75,7.84375,7.84375],"rotation":0,"texture":"#0","tintindex":0},"up":{"uv":[7.8125,1.78125,7.5,1.6875],"rotation":0,"texture":"#0","tintindex":0},"down":{"uv":[7.8125,1.8125,7.5,1.90625],"rotation":0,"texture":"#0","tintindex":0}}},{"from":[8.571428,7.714286,7.714286],"to":[9.142858,8.285714,8.285714],"rotation":{"angle":0.0,"axis":"y","origin":[-2.285715,19.857143,11.714286]},"faces":{"east":{"uv":[7.8125,7.125,7.875,7.1875],"rotation":0,"texture":"#0","tintindex":0},"south":{"uv":[7.1875,7.8125,7.25,7.875],"rotation":0,"texture":"#0","tintindex":0},"north":{"uv":[7.125,7.8125,7.1875,7.875],"rotation":0,"texture":"#0","tintindex":0},"west":{"uv":[7.8125,7.1875,7.875,7.25],"rotation":0,"texture":"#0","tintindex":0},"up":{"uv":[7.875,7.3125,7.8125,7.25],"rotation":0,"texture":"#0","tintindex":0},"down":{"uv":[7.875,7.3125,7.8125,7.375],"rotation":0,"texture":"#0","tintindex":0}}}],"display":{"head":{"translation":[0.0,-6.4,0.0],"scale":[4.0,4.0,4.0]}}}