{"textures":{"0":"modelengine:entity/september_monthly_crate"},"elements":[{"from":[7.142857,7.6590075,6.285714],"to":[8.857143,8.340993,7.428571],"rotation":{"angle":-45.0,"axis":"x","origin":[11.714286,8.0,8.0]},"faces":{"east":{"uv":[2.9375,7.8125,2.8125,7.875],"rotation":0,"texture":"#0","tintindex":0},"south":{"uv":[6.5,2.375,6.3125,2.4375],"rotation":0,"texture":"#0","tintindex":0},"north":{"uv":[6.3125,4.8125,6.125,4.875],"rotation":0,"texture":"#0","tintindex":0},"west":{"uv":[2.8125,7.8125,2.6875,7.875],"rotation":0,"texture":"#0","tintindex":0},"up":{"uv":[3.0,7.6875,3.1875,7.5625],"rotation":0,"texture":"#0","tintindex":0},"down":{"uv":[3.1875,7.5625,3.375,7.6875],"rotation":0,"texture":"#0","tintindex":0}}},{"from":[7.142857,7.6590075,6.285714],"to":[8.857143,8.340993,7.428571],"rotation":{"angle":-22.5,"axis":"x","origin":[11.714286,8.0,8.0]},"faces":{"east":{"uv":[3.1875,7.8125,3.0625,7.875],"rotation":0,"texture":"#0","tintindex":0},"south":{"uv":[7.125,2.0625,6.9375,2.125],"rotation":0,"texture":"#0","tintindex":0},"north":{"uv":[6.9375,3.4375,6.75,3.5],"rotation":0,"texture":"#0","tintindex":0},"west":{"uv":[3.0625,7.8125,2.9375,7.875],"rotation":0,"texture":"#0","tintindex":0},"up":{"uv":[3.375,7.6875,3.5625,7.5625],"rotation":0,"texture":"#0","tintindex":0},"down":{"uv":[3.5625,7.5625,3.75,7.6875],"rotation":0,"texture":"#0","tintindex":0}}},{"from":[7.142857,7.6590075,6.285714],"to":[8.857143,8.340993,7.428571],"rotation":{"angle":0.0,"axis":"y","origin":[11.714286,8.0,8.0]},"faces":{"east":{"uv":[3.4375,7.8125,3.3125,7.875],"rotation":0,"texture":"#0","tintindex":0},"south":{"uv":[6.3125,6.9375,6.125,7.0],"rotation":0,"texture":"#0","tintindex":0},"north":{"uv":[7.125,3.4375,6.9375,3.5],"rotation":0,"texture":"#0","tintindex":0},"west":{"uv":[3.3125,7.8125,3.1875,7.875],"rotation":0,"texture":"#0","tintindex":0},"up":{"uv":[3.75,7.6875,3.9375,7.5625],"rotation":0,"texture":"#0","tintindex":0},"down":{"uv":[7.5625,6.5,7.75,6.625],"rotation":0,"texture":"#0","tintindex":0}}},{"from":[7.142857,7.6590075,6.285714],"to":[8.857143,8.340993,7.428571],"rotation":{"angle":22.5,"axis":"x","origin":[11.714286,8.0,8.0]},"faces":{"east":{"uv":[7.9375,3.4375,7.8125,3.5],"rotation":0,"texture":"#0","tintindex":0},"south":{"uv":[7.3125,6.625,7.125,6.6875],"rotation":0,"texture":"#0","tintindex":0},"north":{"uv":[7.3125,2.6875,7.125,2.75],"rotation":0,"texture":"#0","tintindex":0},"west":{"uv":[3.5625,7.8125,3.4375,7.875],"rotation":0,"texture":"#0","tintindex":0},"up":{"uv":[7.5625,7.625,7.75,7.5],"rotation":0,"texture":"#0","tintindex":0},"down":{"uv":[0.25,7.625,0.4375,7.75],"rotation":0,"texture":"#0","tintindex":0}}},{"from":[7.142857,7.6590075,6.285714],"to":[8.857143,8.340993,7.428571],"rotation":{"angle":45.0,"axis":"x","origin":[11.714286,8.0,8.0]},"faces":{"east":{"uv":[3.6875,7.8125,3.5625,7.875],"rotation":0,"texture":"#0","tintindex":0},"south":{"uv":[7.5625,3.9375,7.375,4.0],"rotation":0,"texture":"#0","tintindex":0},"north":{"uv":[7.5,2.6875,7.3125,2.75],"rotation":0,"texture":"#0","tintindex":0},"west":{"uv":[7.9375,3.5,7.8125,3.5625],"rotation":0,"texture":"#0","tintindex":0},"up":{"uv":[0.4375,7.75,0.625,7.625],"rotation":0,"texture":"#0","tintindex":0},"down":{"uv":[0.625,7.625,0.8125,7.75],"rotation":0,"texture":"#0","tintindex":0}}},{"from":[7.142857,7.6590075,8.571428],"to":[8.857143,8.340993,9.714286],"rotation":{"angle":-45.0,"axis":"x","origin":[11.714286,8.0,8.0]},"faces":{"east":{"uv":[7.9375,3.625,7.8125,3.6875],"rotation":0,"texture":"#0","tintindex":0},"south":{"uv":[7.6875,6.9375,7.5,7.0],"rotation":0,"texture":"#0","tintindex":0},"north":{"uv":[7.6875,2.6875,7.5,2.75],"rotation":0,"texture":"#0","tintindex":0},"west":{"uv":[7.9375,3.5625,7.8125,3.625],"rotation":0,"texture":"#0","tintindex":0},"up":{"uv":[1.875,7.75,2.0625,7.625],"rotation":0,"texture":"#0","tintindex":0},"down":{"uv":[2.0625,7.625,2.25,7.75],"rotation":0,"texture":"#0","tintindex":0}}},{"from":[7.142857,7.6590075,8.571428],"to":[8.857143,8.340993,9.714286],"rotation":{"angle":-22.5,"axis":"x","origin":[11.714286,8.0,8.0]},"faces":{"east":{"uv":[7.9375,3.6875,7.8125,3.75],"rotation":0,"texture":"#0","tintindex":0},"south":{"uv":[7.75,6.625,7.5625,6.6875],"rotation":0,"texture":"#0","tintindex":0},"north":{"uv":[7.75,3.9375,7.5625,4.0],"rotation":0,"texture":"#0","tintindex":0},"west":{"uv":[3.8125,7.8125,3.6875,7.875],"rotation":0,"texture":"#0","tintindex":0},"up":{"uv":[2.25,7.75,2.4375,7.625],"rotation":0,"texture":"#0","tintindex":0},"down":{"uv":[2.625,7.625,2.8125,7.75],"rotation":0,"texture":"#0","tintindex":0}}},{"from":[7.142857,7.6590075,8.571428],"to":[8.857143,8.340993,9.714286],"rotation":{"angle":0.0,"axis":"y","origin":[11.714286,8.0,8.0]},"faces":{"east":{"uv":[3.9375,7.8125,3.8125,7.875],"rotation":0,"texture":"#0","tintindex":0},"south":{"uv":[7.875,5.375,7.6875,5.4375],"rotation":0,"texture":"#0","tintindex":0},"north":{"uv":[7.875,2.6875,7.6875,2.75],"rotation":0,"texture":"#0","tintindex":0},"west":{"uv":[7.9375,3.75,7.8125,3.8125],"rotation":0,"texture":"#0","tintindex":0},"up":{"uv":[2.8125,7.75,3.0,7.625],"rotation":0,"texture":"#0","tintindex":0},"down":{"uv":[7.625,3.6875,7.8125,3.8125],"rotation":0,"texture":"#0","tintindex":0}}},{"from":[7.142857,7.6590075,8.571428],"to":[8.857143,8.340993,9.714286],"rotation":{"angle":22.5,"axis":"x","origin":[11.714286,8.0,8.0]},"faces":{"east":{"uv":[7.9375,3.875,7.8125,3.9375],"rotation":0,"texture":"#0","tintindex":0},"south":{"uv":[2.0625,7.75,1.875,7.8125],"rotation":0,"texture":"#0","tintindex":0},"north":{"uv":[7.875,6.9375,7.6875,7.0],"rotation":0,"texture":"#0","tintindex":0},"west":{"uv":[7.9375,3.8125,7.8125,3.875],"rotation":0,"texture":"#0","tintindex":0},"up":{"uv":[7.625,3.9375,7.8125,3.8125],"rotation":0,"texture":"#0","tintindex":0},"down":{"uv":[4.375,7.625,4.5625,7.75],"rotation":0,"texture":"#0","tintindex":0}}},{"from":[7.142857,7.6590075,8.571428],"to":[8.857143,8.340993,9.714286],"rotation":{"angle":45.0,"axis":"x","origin":[11.714286,8.0,8.0]},"faces":{"east":{"uv":[4.375,7.8125,4.25,7.875],"rotation":0,"texture":"#0","tintindex":0},"south":{"uv":[2.4375,7.75,2.25,7.8125],"rotation":0,"texture":"#0","tintindex":0},"north":{"uv":[2.25,7.75,2.0625,7.8125],"rotation":0,"texture":"#0","tintindex":0},"west":{"uv":[4.25,7.8125,4.125,7.875],"rotation":0,"texture":"#0","tintindex":0},"up":{"uv":[4.5625,7.75,4.75,7.625],"rotation":0,"texture":"#0","tintindex":0},"down":{"uv":[7.375,7.625,7.5625,7.75],"rotation":0,"texture":"#0","tintindex":0}}},{"from":[7.142857,6.285714,7.6590075],"to":[8.857143,7.428571,8.340993],"rotation":{"angle":-22.5,"axis":"x","origin":[11.714286,8.0,8.0]},"faces":{"east":{"uv":[4.5,7.8125,4.4375,7.9375],"rotation":0,"texture":"#0","tintindex":0},"south":{"uv":[2.625,7.6875,2.4375,7.8125],"rotation":0,"texture":"#0","tintindex":0},"north":{"uv":[7.75,7.625,7.5625,7.75],"rotation":0,"texture":"#0","tintindex":0},"west":{"uv":[4.4375,7.8125,4.375,7.9375],"rotation":0,"texture":"#0","tintindex":0},"up":{"uv":[2.625,7.8125,2.8125,7.75],"rotation":0,"texture":"#0","tintindex":0},"down":{"uv":[2.8125,7.75,3.0,7.8125],"rotation":0,"texture":"#0","tintindex":0}}},{"from":[7.142857,6.285714,7.6590075],"to":[8.857143,7.428571,8.340993],"rotation":{"angle":0.0,"axis":"y","origin":[11.714286,8.0,8.0]},"faces":{"east":{"uv":[4.625,7.8125,4.5625,7.9375],"rotation":0,"texture":"#0","tintindex":0},"south":{"uv":[3.375,7.6875,3.1875,7.8125],"rotation":0,"texture":"#0","tintindex":0},"north":{"uv":[3.1875,7.6875,3.0,7.8125],"rotation":0,"texture":"#0","tintindex":0},"west":{"uv":[4.5625,7.8125,4.5,7.9375],"rotation":0,"texture":"#0","tintindex":0},"up":{"uv":[7.75,4.0,7.9375,3.9375],"rotation":0,"texture":"#0","tintindex":0},"down":{"uv":[4.375,7.75,4.5625,7.8125],"rotation":0,"texture":"#0","tintindex":0}}},{"from":[7.142857,6.285714,7.6590075],"to":[8.857143,7.428571,8.340993],"rotation":{"angle":22.5,"axis":"x","origin":[11.714286,8.0,8.0]},