{"textures":{"0":"modelengine:entity/combat_robot"},"elements":[{"from":[5.1571426,8.711913,8.37977],"to":[7.9857144,9.283342,9.608341],"rotation":{"angle":0.0,"axis":"y","origin":[7.428571,6.426199,8.951199]},"faces":{"east":{"uv":[5.25,8.25,5.5,8.375],"rotation":0,"texture":"#0","tintindex":0},"south":{"uv":[8.375,5.125,9.0,5.25],"rotation":0,"texture":"#0","tintindex":0},"north":{"uv":[8.375,4.875,9.0,5.0],"rotation":0,"texture":"#0","tintindex":0},"west":{"uv":[9.375,5.375,9.625,5.5],"rotation":0,"texture":"#0","tintindex":0},"up":{"uv":[5.75,6.875,5.125,6.625],"rotation":0,"texture":"#0","tintindex":0},"down":{"uv":[6.5,6.625,5.875,6.875],"rotation":0,"texture":"#0","tintindex":0}}},{"from":[5.1571426,6.8284273,5.212183],"to":[7.9857144,7.9712844,5.7836113],"rotation":{"angle":0.0,"axis":"y","origin":[7.428571,3.971284,5.7836113]},"faces":{"east":{"uv":[9.375,9.375,9.5,9.625],"rotation":0,"texture":"#0","tintindex":0},"south":{"uv":[2.0,6.75,2.625,7.0],"rotation":0,"texture":"#0","tintindex":0},"north":{"uv":[6.625,6.625,7.25,6.875],"rotation":0,"texture":"#0","tintindex":0},"west":{"uv":[0.0,9.5,0.125,9.75],"rotation":0,"texture":"#0","tintindex":0},"up":{"uv":[4.375,8.625,3.75,8.5],"rotation":0,"texture":"#0","tintindex":0},"down":{"uv":[5.125,8.5,4.5,8.625],"rotation":0,"texture":"#0","tintindex":0}}},{"from":[5.1571426,6.8284273,10.355041],"to":[7.9857144,7.9712844,10.926469],"rotation":{"angle":0.0,"axis":"y","origin":[7.428571,3.971284,10.926469]},"faces":{"east":{"uv":[0.25,9.5,0.375,9.75],"rotation":0,"texture":"#0","tintindex":0},"south":{"uv":[6.875,6.0,7.5,6.25],"rotation":0,"texture":"#0","tintindex":0},"north":{"uv":[2.75,6.75,3.375,7.0],"rotation":0,"texture":"#0","tintindex":0},"west":{"uv":[9.5,0.25,9.625,0.5],"rotation":0,"texture":"#0","tintindex":0},"up":{"uv":[5.875,8.625,5.25,8.5],"rotation":0,"texture":"#0","tintindex":0},"down":{"uv":[9.125,5.75,8.5,5.875],"rotation":0,"texture":"#0","tintindex":0}}},{"from":[5.142857,7.497897,7.636549],"to":[8.0,8.312183,8.207977],"rotation":{"angle":-45.0,"axis":"x","origin":[7.428571,4.640754,8.207977]},"faces":{"east":{"uv":[9.625,1.5,9.75,1.625],"rotation":0,"texture":"#0","tintindex":0},"south":{"uv":[8.5,6.0,9.125,6.125],"rotation":0,"texture":"#0","tintindex":0},"north":{"uv":[6.0,8.5,6.625,8.625],"rotation":0,"texture":"#0","tintindex":0},"west":{"uv":[9.625,1.75,9.75,1.875],"rotation":0,"texture":"#0","tintindex":0},"up":{"uv":[7.375,8.625,6.75,8.5],"rotation":0,"texture":"#0","tintindex":0},"down":{"uv":[9.125,6.875,8.5,7.0],"rotation":0,"texture":"#0","tintindex":0}}},{"from":[5.142857,7.493539,7.926316],"to":[8.0,8.307825,8.497745],"rotation":{"angle":45.0,"axis":"x","origin":[7.428571,4.636396,7.926316]},"faces":{"east":{"uv":[9.625,2.0,9.75,2.125],"rotation":0,"texture":"#0","tintindex":0},"south":{"uv":[0.0,8.625,0.625,8.75],"rotation":0,"texture":"#0","tintindex":0},"north":{"uv":[8.25,8.5,8.875,8.625],"rotation":0,"texture":"#0","tintindex":0},"west":{"uv":[9.625,2.25,9.75,2.375],"rotation":0,"texture":"#0","tintindex":0},"up":{"uv":[9.25,0.125,8.625,0.0],"rotation":0,"texture":"#0","tintindex":0},"down":{"uv":[1.375,8.625,0.75,8.75],"rotation":0,"texture":"#0","tintindex":0}}},{"from":[5.1571426,6.2569985,5.7836113],"to":[7.9857144,6.8284273,10.355041],"rotation":{"angle":0.0,"axis":"y","origin":[7.428571,3.971284,6.35504]},"faces":{"east":{"uv":[7.125,4.0,8.125,4.125],"rotation":0,"texture":"#0","tintindex":0},"south":{"uv":[8.625,2.875,9.25,3.0],"rotation":0,"texture":"#0","tintindex":0},"north":{"uv":[2.25,8.625,2.875,8.75],"rotation":0,"texture":"#0","tintindex":0},"west":{"uv":[7.25,0.75,8.25,0.875],"rotation":0,"texture":"#0","tintindex":0},"up":{"uv":[4.0,1.0,3.375,0.0],"rotation":0,"texture":"#0","tintindex":0},"down":{"uv":[2.75,3.75,2.125,4.75],"rotation":0,"texture":"#0","tintindex":0}}},{"from":[5.428571,6.971284,8.640755],"to":[7.714286,8.68557,10.355041],"rotation":{"angle":-45.0,"axis":"x","origin":[6.5714283,7.5427127,9.783611]},"faces":{"east":{"uv":[6.0,7.0,6.375,7.375],"rotation":0,"texture":"#0","tintindex":0},"south":{"uv":[6.5,5.5,7.0,5.875],"rotation":0,"texture":"#0","tintindex":0},"north":{"uv":[6.5,3.75,7.0,4.125],"rotation":0,"texture":"#0","tintindex":0},"west":{"uv":[6.5,7.0,6.875,7.375],"rotation":0,"texture":"#0","tintindex":0},"up":{"uv":[7.125,0.875,6.625,0.5],"rotation":0,"texture":"#0","tintindex":0},"down":{"uv":[7.125,1.0,6.625,1.375],"rotation":0,"texture":"#0","tintindex":0}}},{"from":[5.428571,7.1141415,5.7836113],"to":[7.714286,8.256999,6.926469],"rotation":{"angle":-45.0,"axis":"x","origin":[6.5714283,7.68557,6.926469]},"faces":{"east":{"uv":[9.125,0.25,9.375,0.5],"rotation":0,"texture":"#0","tintindex":0},"south":{"uv":[7.25,4.25,7.75,4.5],"rotation":0,"texture":"#0","tintindex":0},"north":{"uv":[7.25,1.0,7.75,1.25],"rotation":0,"texture":"#0","tintindex":0},"west":{"uv":[9.125,0.625,9.375,0.875],"rotation":0,"texture":"#0","tintindex":0},"up":{"uv":[7.75,4.875,7.25,4.625],"rotation":0,"texture":"#0","tintindex":0},"down":{"uv":[7.875,1.375,7.375,1.625],"rotation":0,"texture":"#0","tintindex":0}}},{"from":[5.428571,7.2569985,7.069326],"to":[7.714286,8.399856,8.212183],"rotation":{"angle":22.5,"axis":"x","origin":[6.5714283,7.8284273,8.212183]},"faces":{"east":{"uv":[9.125,4.125,9.375,4.375],"rotation":0,"texture":"#0","tintindex":0},"south":{"uv":[7.375,2.125,7.875,2.375],"rotation":0,"texture":"#0","tintindex":0},"north":{"uv":[7.375,1.75,7.875,2.0],"rotation":0,"texture":"#0","tintindex":0},"west":{"uv":[9.125,4.5,9.375,4.75],"rotation":0,"texture":"#0","tintindex":0},"up":{"uv":[7.875,2.75,7.375,2.5],"rotation":0,"texture":"#0","tintindex":0},"down":{"uv":[7.875,6.625,7.375,6.875],"rotation":0,"texture":"#0","tintindex":0}}},{"from":[5.428571,6.68557,7.35504],"to":[7.714286,7.2569985,7.926469],"rotation":{"angle":-22.5,"axis":"x","origin":[6.5714283,6.971284,7.6407547]},"faces":{"east":{"uv":[2.5,9.625,2.625,9.75],"rotation":0,"texture":"#0","tintindex":0},"south":{"uv":[9.125,4.875,9.625,5.0],"rotation":0,"texture":"#0","tintindex":0},"north":{"uv":[9.125,1.0,9.625,1.125],"rotation":0,"texture":"#0","tintindex":0},"west":{"uv":[9.625,2.5,9.75,2.625],"rotation":0,"texture":"#0","tintindex":0},"up":{"uv":[9.625,5.25,9.125,5.125],"rotation":0,"texture":"#0","tintindex":0},"down":{"uv":[6.25,9.125,5.75,9.25],"rotation":0,"texture":"#0","tintindex":0}}},{"from":[5.142857,8.077633,5.1910286],"to":[8.0,8.649061,8.6196],"rotation":{"angle":-22.5,"axis":"x","origin":[6.857143,8.363347,6.9053144]},"faces":{"east":{"uv":[8.0,1.375,8.75,1.5],"rotation":0,"texture":"#0","tintindex":0},"south":{"uv":[8.625,3.375,9.25,3.5],"rotation":0,"texture":"#0","tintindex":0},"north":{"uv":[8.625,3.125,9.25,3.25],"rotation":0,"texture":"#0","tintindex":0},"west":{"uv":[8.0,1.625,8.75,1.75],"rotation":0,"texture":"#0","tintindex":0},"up":{"uv":[3.25,5.75,2.625,5.0],"rotation":0,"texture":"#0","tintindex":0},"down":{"uv":[5.625,3.5,5.0,4.25],"rotation":0,"texture":"#0","tintindex":0}}},{"from":[5.142857,7.428571,6.714286],"to":[8.0,8.0,8.571428],"rotation":{"angle":45.0,"axis":"x","origin":[7.428571,5.142857,9.714286]},"faces":{"east":{"uv":[9.25,8.875,9.625,9.0],"rotation":0,"texture":"#0","tintindex":0},"south":{"uv":[8.625,5.375,9.25,5.5],"rotation":0,"texture":"#0","tintindex":0},"north":{"uv":[8.625,3.625,9.25,3.75],"rotation":0,"texture":"#0","tintindex":0},"west":{"uv":[9.375,0.0,9.75,0.125],"rotation":0,"texture":"#0","tintindex":0},"up":{"uv":[0.625,6.25,0.0,5.875],"rotation":0,"texture":"#0","tintindex":0},"down":{"uv":[3.125,5.875,2.5,6.25],"rotation":0,"texture":"#0","tintindex":0}}}],"display":{"head":{"translation":[0.0,-6.4,0.0],"scale":[4.0,4.0,4.0]}}}