{"textures":{"0":"modelengine:entity/mso_orca"},"elements":[{"name":"cube","from":[0.7999997,2.54805,-7.6716394],"to":[15.2,16.348051,11.528361],"rotation":{"angle":0.0,"axis":"x","origin":[0.7999997,2.54805,2.5283608]},"faces":{"down":{"uv":[3.9375,2.0,2.4375,4.0],"rotation":0,"texture":"#0","tintindex":0},"east":{"uv":[0.0,2.625,2.0,4.0625],"rotation":0,"texture":"#0","tintindex":0},"north":{"uv":[5.3125,1.4375,6.8125,2.875],"rotation":0,"texture":"#0","tintindex":0},"south":{"uv":[1.9375,5.3125,3.4375,6.75],"rotation":0,"texture":"#0","tintindex":0},"up":{"uv":[3.9375,2.0,2.4375,0.0],"rotation":0,"texture":"#0","tintindex":0},"west":{"uv":[3.9375,0.0,5.9375,1.4375],"rotation":0,"texture":"#0","tintindex":0}}},{"name":"cube","from":[7.4,16.348051,9.728361],"to":[8.6,30.148052,19.328362],"rotation":{"angle":22.5,"axis":"x","origin":[8.0,23.24805,8.528361]},"faces":{"down":{"uv":[2.25,2.625,2.125,3.625],"rotation":0,"texture":"#0","tintindex":0},"east":{"uv":[4.8125,6.125,5.8125,7.5625],"rotation":0,"texture":"#0","tintindex":0},"north":{"uv":[1.25,7.25,1.375,8.6875],"rotation":0,"texture":"#0","tintindex":0},"south":{"uv":[1.375,7.25,1.5,8.6875],"rotation":0,"texture":"#0","tintindex":0},"up":{"uv":[2.125,3.625,2.0,2.625],"rotation":0,"texture":"#0","tintindex":0},"west":{"uv":[5.8125,6.125,6.8125,7.5625],"rotation":0,"texture":"#0","tintindex":0}}}],"display":{"head":{"translation":[0.0,-6.4,0.0],"rotation":[0.0,0.0,0.0],"scale":[3.8095,3.8095,3.8095]}}}