{"textures":{"0":"modelengine:entity/mso_orca"},"elements":[{"from":[1.1428566,2.8076668,-6.925371],"to":[14.857143,15.950524,11.360344],"rotation":{"angle":0.0,"axis":"y","origin":[1.1428566,2.8076668,2.7889152]},"faces":{"east":{"uv":[0.0,2.625,2.0,4.0625],"rotation":0,"texture":"#0","tintindex":0},"south":{"uv":[1.9375,5.3125,3.4375,6.75],"rotation":0,"texture":"#0","tintindex":0},"north":{"uv":[5.3125,1.4375,6.8125,2.875],"rotation":0,"texture":"#0","tintindex":0},"west":{"uv":[3.9375,0.0,5.9375,1.4375],"rotation":0,"texture":"#0","tintindex":0},"up":{"uv":[3.9375,2.0,2.4375,0.0],"rotation":0,"texture":"#0","tintindex":0},"down":{"uv":[3.9375,2.0,2.4375,4.0],"rotation":0,"texture":"#0","tintindex":0}}},{"from":[7.428571,15.950524,9.646059],"to":[8.571428,29.093382,18.788916],"rotation":{"angle":22.5,"axis":"x","origin":[8.0,22.521954,8.5032015]},"faces":{"east":{"uv":[4.8125,6.125,5.8125,7.5625],"rotation":0,"texture":"#0","tintindex":0},"south":{"uv":[1.375,7.25,1.5,8.6875],"rotation":0,"texture":"#0","tintindex":0},"north":{"uv":[1.25,7.25,1.375,8.6875],"rotation":0,"texture":"#0","tintindex":0},"west":{"uv":[5.8125,6.125,6.8125,7.5625],"rotation":0,"texture":"#0","tintindex":0},"up":{"uv":[2.125,3.625,2.0,2.625],"rotation":0,"texture":"#0","tintindex":0},"down":{"uv":[2.25,2.625,2.125,3.625],"rotation":0,"texture":"#0","tintindex":0}}}],"display":{"head":{"translation":[0.0,-6.4,0.0],"scale":[4.0,4.0,4.0]}}}