{"textures":{"0":"modelengine:entity/mso_orca"},"elements":[{"name":"cube","from":[1.3999997,9.584684,-0.12663364],"to":[14.6,17.384686,10.073366],"rotation":{"angle":-22.5,"axis":"x","origin":[8.6,6.284683,17.873367]},"faces":{"down":{"uv":[7.3125,0.0,5.9375,1.0625],"rotation":0,"texture":"#0","tintindex":0},"east":{"uv":[6.8125,5.8125,7.875,6.625],"rotation":0,"texture":"#0","tintindex":0},"north":{"uv":[3.4375,6.625,4.8125,7.4375],"rotation":0,"texture":"#0","tintindex":0},"south":{"uv":[6.6875,2.875,8.0625,3.6875],"rotation":0,"texture":"#0","tintindex":0},"up":{"uv":[1.375,6.4375,0.0,5.375],"rotation":0,"texture":"#0","tintindex":0},"west":{"uv":[6.8125,6.625,7.875,7.4375],"rotation":0,"texture":"#0","tintindex":0}}}],"display":{"head":{"translation":[0.0,-6.4,0.0],"rotation":[0.0,0.0,0.0],"scale":[3.8095,3.8095,3.8095]}}}
