{"textures":{"0":"modelengine:entity/mso_orca"},"elements":[{"from":[1.7142854,9.509223,0.2603488],"to":[14.285715,16.937794,9.974635],"rotation":{"angle":-22.5,"axis":"x","origin":[8.571428,6.3663654,17.403206]},"faces":{"east":{"uv":[6.8125,5.8125,7.875,6.625],"rotation":0,"texture":"#0","tintindex":0},"south":{"uv":[6.6875,2.875,8.0625,3.6875],"rotation":0,"texture":"#0","tintindex":0},"north":{"uv":[3.4375,6.625,4.8125,7.4375],"rotation":0,"texture":"#0","tintindex":0},"west":{"uv":[6.8125,6.625,7.875,7.4375],"rotation":0,"texture":"#0","tintindex":0},"up":{"uv":[1.375,6.4375,0.0,5.375],"rotation":0,"texture":"#0","tintindex":0},"down":{"uv":[7.3125,0.0,5.9375,1.0625],"rotation":0,"texture":"#0","tintindex":0}}}],"display":{"head":{"translation":[0.0,-6.4,0.0],"scale":[4.0,4.0,4.0]}}}