{"textures":{"0":"modelengine:entity/neptune"},"elements":[{"from":[6.2285714,3.6,5.5036407],"to":[9.657143,8.057143,10.30364],"rotation":{"angle":0.0,"axis":"y","origin":[-21.885715,6.057143,10.475069]},"faces":{"east":{"uv":[7.875,4.1875,8.40625,4.6875],"rotation":0,"texture":"#0","tintindex":0},"south":{"uv":[9.4375,0.0,9.8125,0.5],"rotation":0,"texture":"#0","tintindex":0},"north":{"uv":[9.375,5.4375,9.75,5.9375],"rotation":0,"texture":"#0","tintindex":0},"west":{"uv":[7.875,4.6875,8.40625,5.1875],"rotation":0,"texture":"#0","tintindex":0},"up":{"uv":[9.5,9.28125,9.125,8.75],"rotation":0,"texture":"#0","tintindex":0},"down":{"uv":[2.9375,9.1875,2.5625,9.71875],"rotation":0,"texture":"#0","tintindex":0}}}],"display":{"head":{"translation":[0.0,-6.4,0.0],"scale":[4.0,4.0,4.0]}}}