{"textures":{"0":"modelengine:entity/neptune"},"elements":[{"from":[11.542857,7.3142858,7.428571],"to":[15.085714,8.742857,8.571428],"rotation":{"angle":0.0,"axis":"y","origin":[12.228572,8.171429,8.342857]},"faces":{"east":{"uv":[11.875,1.25,12.0,1.40625],"rotation":0,"texture":"#0","tintindex":0},"south":{"uv":[6.4375,11.5,6.8125,11.65625],"rotation":0,"texture":"#0","tintindex":0},"north":{"uv":[11.5,2.875,11.875,3.03125],"rotation":0,"texture":"#0","tintindex":0},"west":{"uv":[1.375,11.875,1.5,12.03125],"rotation":0,"texture":"#0","tintindex":0},"up":{"uv":[5.125,4.3125,4.75,4.1875],"rotation":0,"texture":"#0","tintindex":0},"down":{"uv":[5.625,1.8125,5.25,1.9375],"rotation":0,"texture":"#0","tintindex":0}}},{"from":[8.114285,7.1285715,7.285714],"to":[11.6,8.842857,8.714286],"rotation":{"angle":0.0,"axis":"y","origin":[8.8,8.157143,7.6857142]},"faces":{"east":{"uv":[1.5625,10.6875,1.71875,10.875],"rotation":0,"texture":"#0","tintindex":0},"south":{"uv":[11.3125,7.6875,11.6875,7.875],"rotation":0,"texture":"#0","tintindex":0},"north":{"uv":[7.5625,11.3125,7.9375,11.5],"rotation":0,"texture":"#0","tintindex":0},"west":{"uv":[6.3125,10.6875,6.46875,10.875],"rotation":0,"texture":"#0","tintindex":0},"up":{"uv":[11.8125,10.96875,11.4375,10.8125],"rotation":0,"texture":"#0","tintindex":0},"down":{"uv":[11.875,0.9375,11.5,1.09375],"rotation":0,"texture":"#0","tintindex":0}}}],"display":{"head":{"translation":[0.0,-6.4,0.0],"scale":[4.0,4.0,4.0]}}}