{"textures":{"0":"modelengine:entity/neptune"},"elements":[{"from":[8.0,6.928571,7.142857],"to":[11.3714285,8.928572,8.857143],"rotation":{"angle":0.0,"axis":"y","origin":[8.571428,8.1285715,8.285714]},"faces":{"east":{"uv":[6.125,11.6875,6.3125,11.90625],"rotation":0,"texture":"#0","tintindex":0},"south":{"uv":[0.0,11.125,0.375,11.34375],"rotation":0,"texture":"#0","tintindex":0},"north":{"uv":[11.0625,10.8125,11.4375,11.03125],"rotation":0,"texture":"#0","tintindex":0},"west":{"uv":[6.3125,11.6875,6.5,11.90625],"rotation":0,"texture":"#0","tintindex":0},"up":{"uv":[6.125,11.5,5.75,11.3125],"rotation":0,"texture":"#0","tintindex":0},"down":{"uv":[11.6875,7.0625,11.3125,7.25],"rotation":0,"texture":"#0","tintindex":0}}}],"display":{"head":{"translation":[0.0,-6.4,0.0],"scale":[4.0,4.0,4.0]}}}