{"textures":{"0":"modelengine:entity/neptune"},"elements":[{"from":[7.428571,7.457143,-11.119072],"to":[8.571428,8.6,30.538074],"rotation":{"angle":0.0,"axis":"y","origin":[2.2857141,-10.200001,7.738073]},"faces":{"east":{"uv":[7.875,2.0625,3.3125,2.1875],"rotation":0,"texture":"#0","tintindex":0},"south":{"uv":[6.5,8.9375,6.375,9.0625],"rotation":0,"texture":"#0","tintindex":0},"north":{"uv":[7.875,4.1875,7.75,4.3125],"rotation":0,"texture":"#0","tintindex":0},"west":{"uv":[7.875,1.9375,3.3125,2.0625],"rotation":0,"texture":"#0","tintindex":0},"up":{"uv":[0.625,7.3125,0.75,2.75],"rotation":0,"texture":"#0","tintindex":0},"down":{"uv":[0.75,3.25,0.875,7.8125],"rotation":0,"texture":"#0","tintindex":0}}},{"from":[7.142857,7.6245103,29.714285],"to":[8.857143,9.910225,32.0],"rotation":{"angle":-45.0,"axis":"x","origin":[8.285714,7.6245103,31.42857]},"faces":{"east":{"uv":[11.6875,5.5,11.4375,5.75],"rotation":0,"texture":"#0","tintindex":0},"south":{"uv":[9.375,11.625,9.1875,11.875],"rotation":0,"texture":"#0","tintindex":0},"north":{"uv":[8.875,11.625,8.6875,11.875],"rotation":0,"texture":"#0","tintindex":0},"west":{"uv":[5.0,11.4375,4.75,11.6875],"rotation":0,"texture":"#0","tintindex":0},"up":{"uv":[9.375,11.875,9.5625,11.625],"rotation":0,"texture":"#0","tintindex":0},"down":{"uv":[9.5625,11.625,9.75,11.875],"rotation":0,"texture":"#0","tintindex":0}}}],"display":{"head":{"translation":[0.0,-6.4,29.714294],"scale":[4.0,4.0,4.0]}}}