{"textures":{"0":"modelengine:entity/nocsy_fpv2_ghoul"},"elements":[{"from":[6.3132367,4.24113,6.288161],"to":[9.17038,8.24113,9.716732],"rotation":{"angle":0.0,"axis":"y","origin":[7.7047267,12.391231,8.031342]},"faces":{"east":{"uv":[6.875,6.0,7.625,6.875],"rotation":0,"texture":"#0","tintindex":0},"south":{"uv":[7.75,7.875,8.375,8.75],"rotation":0,"texture":"#0","tintindex":0},"north":{"uv":[7.875,6.875,8.5,7.75],"rotation":0,"texture":"#0","tintindex":0},"west":{"uv":[0.0,7.0,0.75,7.875],"rotation":0,"texture":"#0","tintindex":0},"up":{"uv":[2.625,9.625,2.0,8.875],"rotation":0,"texture":"#0","tintindex":0},"down":{"uv":[7.75,8.875,7.125,9.625],"rotation":0,"texture":"#0","tintindex":0}}},{"from":[9.17038,-0.9017277,6.288161],"to":[9.17038,4.24113,9.716732],"rotation":{"angle":0.0,"axis":"y","origin":[7.7047267,12.391231,8.031342]},"faces":{"east":{"uv":[0.875,5.875,1.625,7.0],"rotation":0,"texture":"#0","tintindex":0},"south":{"uv":[10.5,5.375,10.5,6.5],"rotation":0,"texture":"#0","tintindex":0},"north":{"uv":[10.5,1.25,10.5,2.375],"rotation":0,"texture":"#0","tintindex":0},"west":{"uv":[1.75,5.875,2.5,7.0],"rotation":0,"texture":"#0","tintindex":0},"up":{"uv":[10.5,7.375,10.5,6.625],"rotation":0,"texture":"#0","tintindex":0},"down":{"uv":[10.5,7.5,10.5,8.25],"rotation":0,"texture":"#0","tintindex":0}}},{"from":[7.029863,-0.9017277,6.435639],"to":[7.029863,4.24113,9.86421],"rotation":{"angle":22.5,"axis":"y","origin":[6.3008394,1.4456668,8.163261]},"faces":{"east":{"uv":[4.25,5.875,5.0,7.0],"rotation":0,"texture":"#0","tintindex":0},"south":{"uv":[9.375,10.5,9.375,11.625],"rotation":0,"texture":"#0","tintindex":0},"north":{"uv":[9.25,10.5,9.25,11.625],"rotation":0,"texture":"#0","tintindex":0},"west":{"uv":[5.125,6.0,5.875,7.125],"rotation":0,"texture":"#0","tintindex":0},"up":{"uv":[10.5,9.125,10.5,8.375],"rotation":0,"texture":"#0","tintindex":0},"down":{"uv":[9.5,10.5,9.5,11.25],"rotation":0,"texture":"#0","tintindex":0}}},{"from":[8.575477,-0.9017277,6.6964045],"to":[8.575477,4.24113,10.124976],"rotation":{"angle":22.5,"axis":"y","origin":[7.8464527,1.4456668,8.4240265]},"faces":{"east":{"uv":[6.0,6.0,6.75,7.125],"rotation":0,"texture":"#0","tintindex":0},"south":{"uv":[10.25,10.5,10.25,11.625],"rotation":0,"texture":"#0","tintindex":0},"north":{"uv":[9.625,10.5,9.625,11.625],"rotation":0,"texture":"#0","tintindex":0},"west":{"uv":[6.375,3.75,7.125,4.875],"rotation":0,"texture":"#0","tintindex":0},"up":{"uv":[10.375,11.25,10.375,10.5],"rotation":0,"texture":"#0","tintindex":0},"down":{"uv":[10.5,10.5,10.5,11.25],"rotation":0,"texture":"#0","tintindex":0}}},{"from":[8.552834,-0.9017277,5.8840976],"to":[8.552834,4.24113,9.31267],"rotation":{"angle":-22.5,"axis":"y","origin":[7.845925,1.4456668,7.6384377]},"faces":{"east":{"uv":[6.625,0.0,7.375,1.125],"rotation":0,"texture":"#0","tintindex":0},"south":{"uv":[0.125,10.625,0.125,11.75],"rotation":0,"texture":"#0","tintindex":0},"north":{"uv":[0.0,10.625,0.0,11.75],"rotation":0,"texture":"#0","tintindex":0},"west":{"uv":[6.625,1.25,7.375,2.375],"rotation":0,"texture":"#0","tintindex":0},"up":{"uv":[0.25,11.375,0.25,10.625],"rotation":0,"texture":"#0","tintindex":0},"down":{"uv":[0.375,10.625,0.375,11.375],"rotation":0,"texture":"#0","tintindex":0}}}],"display":{"head":{"translation":[0.0,-6.4,0.0],"scale":[4.0,4.0,4.0]}}}