{"textures":{"0":"modelengine:entity/zeus_transparent"},"elements":[{"from":[-14.978451,3.7094765,19.407425],"to":[-13.835594,4.566619,20.550282],"rotation":{"angle":0.0,"axis":"y","origin":[10.428572,-1.8571434,8.0]},"faces":{"east":{"uv":[14.875,14.0,15.375,14.375],"rotation":0,"texture":"#0","tintindex":0},"south":{"uv":[1.5,15.0,1.0,15.375],"rotation":0,"texture":"#0","tintindex":0},"north":{"uv":[11.875,5.0,11.375,5.375],"rotation":0,"texture":"#0","tintindex":0},"west":{"uv":[15.375,14.0,14.875,14.375],"rotation":0,"texture":"#0","tintindex":0},"up":{"uv":[9.5,12.0,10.0,11.5],"rotation":0,"texture":"#0","tintindex":0},"down":{"uv":[14.5,6.625,15.0,7.125],"rotation":0,"texture":"#0","tintindex":0}}},{"from":[-15.049879,2.2809048,19.335995],"to":[-13.764166,3.7094765,20.62171],"rotation":{"angle":0.0,"axis":"y","origin":[10.428572,-1.8571434,8.0]},"faces":{"east":{"uv":[14.1875,13.875,13.625,14.5],"rotation":0,"texture":"#0","tintindex":0},"south":{"uv":[14.4375,12.5,13.875,13.125],"rotation":0,"texture":"#0","tintindex":0},"north":{"uv":[13.875,12.5,14.4375,13.125],"rotation":0,"texture":"#0","tintindex":0},"west":{"uv":[10.6875,13.875,10.125,14.5],"rotation":0,"texture":"#0","tintindex":0},"up":{"uv":[14.25,4.5625,14.8125,4.0],"rotation":0,"texture":"#0","tintindex":0},"down":{"uv":[4.5,14.25,5.0625,14.8125],"rotation":0,"texture":"#0","tintindex":0}}},{"from":[-14.98177,11.1388,19.62171],"to":[-14.553198,12.567371,20.335995],"rotation":{"angle":22.5,"axis":"z","origin":[7.142857,6.714286,8.0]},"faces":{"east":{"uv":[6.4375,14.875,6.125,15.5],"rotation":0,"texture":"#0","tintindex":0},"south":{"uv":[10.9375,13.875,10.75,14.5],"rotation":0,"texture":"#0","tintindex":0},"north":{"uv":[3.4375,13.375,3.25,14.0],"rotation":0,"texture":"#0","tintindex":0},"west":{"uv":[4.9375,14.875,4.625,15.5],"rotation":0,"texture":"#0","tintindex":0},"up":{"uv":[13.875,10.5625,14.0625,10.25],"rotation":0,"texture":"#0","tintindex":0},"down":{"uv":[14.125,8.625,14.3125,8.9375],"rotation":0,"texture":"#0","tintindex":0}}},{"from":[-14.98177,12.567371,19.764568],"to":[-14.553198,12.853086,20.193138],"rotation":{"angle":22.5,"axis":"z","origin":[7.142857,6.714286,8.0]},"faces":{"east":{"uv":[14.0625,10.625,13.875,10.75],"rotation":0,"texture":"#0","tintindex":0},"south":{"uv":[7.3125,13.75,7.125,13.875],"rotation":0,"texture":"#0","tintindex":0},"north":{"uv":[13.6875,3.375,13.5,3.5],"rotation":0,"texture":"#0","tintindex":0},"west":{"uv":[1.4375,13.625,1.25,13.75],"rotation":0,"texture":"#0","tintindex":0},"up":{"uv":[5.5,14.8125,5.6875,14.625],"rotation":0,"texture":"#0","tintindex":0},"down":{"uv":[3.375,15.125,3.5625,15.3125],"rotation":0,"texture":"#0","tintindex":0}}},{"from":[-14.907022,1.5666189,19.478853],"to":[-13.907022,2.2809048,20.478853],"rotation":{"angle":0.0,"axis":"y","origin":[10.428572,-1.8571434,8.0]},"faces":{"east":{"uv":[12.25,15.0,12.6875,15.3125],"rotation":0,"texture":"#0","tintindex":0},"south":{"uv":[15.4375,12.375,15.0,12.6875],"rotation":0,"texture":"#0","tintindex":0},"north":{"uv":[12.1875,15.0,11.75,15.3125],"rotation":0,"texture":"#0","tintindex":0},"west":{"uv":[12.6875,15.0,12.25,15.3125],"rotation":0,"texture":"#0","tintindex":0},"up":{"uv":[14.875,7.5625,15.3125,7.125],"rotation":0,"texture":"#0","tintindex":0},"down":{"uv":[11.25,14.875,11.6875,15.3125],"rotation":0,"texture":"#0","tintindex":0}}}],"display":{"head":{"translation":[0.0,-6.4,0.0],"scale":[4.0,4.0,4.0]}}}