{"textures":{"0":"modelengine:entity/zeus_transparent"},"elements":[{"from":[-15.975857,10.678115,-3.7831554],"to":[-14.633001,11.535257,-1.6402988],"rotation":{"angle":0.0,"axis":"y","origin":[8.785714,6.0,8.0]},"faces":{"east":{"uv":[10.375,4.125,11.3125,4.5],"rotation":0,"texture":"#0","tintindex":0},"south":{"uv":[5.5,14.875,6.0625,15.25],"rotation":0,"texture":"#0","tintindex":0},"north":{"uv":[14.875,5.25,15.4375,5.625],"rotation":0,"texture":"#0","tintindex":0},"west":{"uv":[11.3125,4.125,10.375,4.5],"rotation":0,"texture":"#0","tintindex":0},"up":{"uv":[13.4375,3.4375,12.875,2.5],"rotation":0,"texture":"#0","tintindex":0},"down":{"uv":[13.4375,7.625,12.875,8.5625],"rotation":0,"texture":"#0","tintindex":0}}},{"from":[-15.975857,10.678115,-4.211727],"to":[-14.633001,11.392401,-3.7831554],"rotation":{"angle":0.0,"axis":"y","origin":[8.785714,6.0,8.0]},"faces":{"east":{"uv":[5.625,15.25,5.8125,15.5625],"rotation":0,"texture":"#0","tintindex":0},"south":{"uv":[8.875,15.0,9.4375,15.3125],"rotation":0,"texture":"#0","tintindex":0},"north":{"uv":[6.875,15.0,7.4375,15.3125],"rotation":0,"texture":"#0","tintindex":0},"west":{"uv":[5.8125,15.25,5.625,15.5625],"rotation":0,"texture":"#0","tintindex":0},"up":{"uv":[15.6875,0.4375,15.125,0.25],"rotation":0,"texture":"#0","tintindex":0},"down":{"uv":[15.6875,1.5,15.125,1.6875],"rotation":0,"texture":"#0","tintindex":0}}}],"display":{"head":{"translation":[0.0,-6.4,0.0],"scale":[4.0,4.0,4.0]}}}