{"textures":{"0":"modelengine:entity/zeus_transparent"},"elements":[{"from":[-15.856422,4.799158,18.330359],"to":[-14.570707,7.942015,19.616074],"rotation":{"angle":0.0,"axis":"y","origin":[7.214286,6.0,8.0]},"faces":{"east":{"uv":[3.875,11.5,4.4375,12.875],"rotation":0,"texture":"#0","tintindex":0},"south":{"uv":[11.5,8.0,12.0625,9.375],"rotation":0,"texture":"#0","tintindex":0},"north":{"uv":[5.25,11.0,5.8125,12.375],"rotation":0,"texture":"#0","tintindex":0},"west":{"uv":[4.4375,11.5,3.875,12.875],"rotation":0,"texture":"#0","tintindex":0},"up":{"uv":[14.8125,13.6875,14.25,13.125],"rotation":0,"texture":"#0","tintindex":0},"down":{"uv":[14.8125,13.75,14.25,14.3125],"rotation":0,"texture":"#0","tintindex":0}}},{"from":[-15.927851,5.3705864,18.044643],"to":[-14.499279,7.0848722,18.330359],"rotation":{"angle":0.0,"axis":"y","origin":[7.214286,6.0,8.0]},"faces":{"east":{"uv":[5.125,8.25,5.25,9.0],"rotation":0,"texture":"#0","tintindex":0},"south":{"uv":[13.25,6.875,13.875,7.625],"rotation":0,"texture":"#0","tintindex":0},"north":{"uv":[5.125,6.375,5.75,7.125],"rotation":0,"texture":"#0","tintindex":0},"west":{"uv":[5.25,8.25,5.125,9.0],"rotation":0,"texture":"#0","tintindex":0},"up":{"uv":[10.25,6.625,9.625,6.5],"rotation":0,"texture":"#0","tintindex":0},"down":{"uv":[7.25,10.625,6.625,10.75],"rotation":0,"texture":"#0","tintindex":0}}},{"from":[-15.927851,6.5134435,18.330359],"to":[-14.499279,6.799158,19.75893],"rotation":{"angle":0.0,"axis":"y","origin":[7.214286,6.0,8.0]},"faces":{"east":{"uv":[15.25,11.125,15.875,11.25],"rotation":0,"texture":"#0","tintindex":0},"south":{"uv":[15.25,11.25,15.875,11.375],"rotation":0,"texture":"#0","tintindex":0},"north":{"uv":[5.0,15.25,5.625,15.375],"rotation":0,"texture":"#0","tintindex":0},"west":{"uv":[15.25,11.375,15.875,11.5],"rotation":0,"texture":"#0","tintindex":0},"up":{"uv":[11.25,2.0,10.625,1.375],"rotation":0,"texture":"#0","tintindex":0},"down":{"uv":[14.125,7.625,13.5,8.25],"rotation":0,"texture":"#0","tintindex":0}}},{"from":[-15.927851,5.9420147,18.330359],"to":[-14.499279,6.2277293,19.75893],"rotation":{"angle":0.0,"axis":"y","origin":[7.214286,6.0,8.0]},"faces":{"east":{"uv":[15.25,11.625,15.875,11.75],"rotation":0,"texture":"#0","tintindex":0},"south":{"uv":[15.25,14.625,15.875,14.75],"rotation":0,"texture":"#0","tintindex":0},"north":{"uv":[15.25,11.5,15.875,11.625],"rotation":0,"texture":"#0","tintindex":0},"west":{"uv":[15.25,14.75,15.875,14.875],"rotation":0,"texture":"#0","tintindex":0},"up":{"uv":[14.125,11.375,13.5,10.75],"rotation":0,"texture":"#0","tintindex":0},"down":{"uv":[14.25,1.5,13.625,2.125],"rotation":0,"texture":"#0","tintindex":0}}},{"from":[-15.642138,5.9420147,17.75893],"to":[-14.784994,7.3705864,18.330359],"rotation":{"angle":0.0,"axis":"y","origin":[7.214286,6.0,8.0]},"faces":{"east":{"uv":[6.25,1.25,6.5,1.875],"rotation":0,"texture":"#0","tintindex":0},"south":{"uv":[8.125,14.5,8.5,15.125],"rotation":0,"texture":"#0","tintindex":0},"north":{"uv":[11.5,9.375,11.875,10.0],"rotation":0,"texture":"#0","tintindex":0},"west":{"uv":[6.5,1.25,6.25,1.875],"rotation":0,"texture":"#0","tintindex":0},"up":{"uv":[8.25,15.375,7.875,15.125],"rotation":0,"texture":"#0","tintindex":0},"down":{"uv":[8.625,15.125,8.25,15.375],"rotation":0,"texture":"#0","tintindex":0}}},{"from":[-15.499279,7.3705864,17.75893],"to":[-14.927851,7.656301,18.044643],"rotation":{"angle":0.0,"axis":"y","origin":[7.214286,6.0,8.0]},"faces":{"east":{"uv":[1.875,12.0,2.0,12.125],"rotation":0,"texture":"#0","tintindex":0},"south":{"uv":[7.0,7.25,7.25,7.375],"rotation":0,"texture":"#0","tintindex":0},"north":{"uv":[6.25,1.875,6.5,2.0],"rotation":0,"texture":"#0","tintindex":0},"west":{"uv":[12.25,3.75,12.375,3.875],"rotation":0,"texture":"#0","tintindex":0},"up":{"uv":[2.25,11.25,2.0,11.125],"rotation":0,"texture":"#0","tintindex":0},"down":{"uv":[12.25,2.625,12.0,2.75],"rotation":0,"texture":"#0","tintindex":0}}}],"display":{"head":{"translation":[0.0,-6.4,0.0],"scale":[4.0,4.0,4.0]}}}