{"textures":{"0":"modelengine:entity/guido"},"elements":[{"from":[1.5142851,9.285128,12.422285],"to":[2.6285715,9.842271,12.793715],"rotation":{"angle":0.0,"axis":"y","origin":[-1.0857143,7.8922706,16.693714]},"faces":{"east":{"uv":[2.625,7.25,2.75,7.4375],"rotation":0,"texture":"#0","tintindex":0},"south":{"uv":[9.25,7.0,9.625,7.1875],"rotation":0,"texture":"#0","tintindex":0},"north":{"uv":[9.25,6.75,9.625,6.9375],"rotation":0,"texture":"#0","tintindex":0},"west":{"uv":[2.625,7.5,2.75,7.6875],"rotation":0,"texture":"#0","tintindex":0},"up":{"uv":[3.5,6.0,3.125,5.875],"rotation":0,"texture":"#0","tintindex":0},"down":{"uv":[7.875,2.25,7.5,2.375],"rotation":0,"texture":"#0","tintindex":0}}},{"from":[1.6999998,9.470842,9.450856],"to":[2.4428568,9.656556,12.422285],"rotation":{"angle":0.0,"axis":"y","origin":[-1.0857143,7.8922706,16.693714]},"faces":{"east":{"uv":[9.875,3.375,10.875,3.4375],"rotation":0,"texture":"#0","tintindex":0},"south":{"uv":[10.25,1.0,10.5,1.0625],"rotation":0,"texture":"#0","tintindex":0},"north":{"uv":[0.5,10.25,0.75,10.3125],"rotation":0,"texture":"#0","tintindex":0},"west":{"uv":[10.0,0.0,11.0,0.0625],"rotation":0,"texture":"#0","tintindex":0},"up":{"uv":[7.5,8.125,7.25,7.125],"rotation":0,"texture":"#0","tintindex":0},"down":{"uv":[5.25,7.375,5.0,8.375],"rotation":0,"texture":"#0","tintindex":0}}}],"display":{"head":{"translation":[0.0,-6.4,0.0],"scale":[4.0,4.0,4.0]}}}