{"textures":{"0":"modelengine:entity/bear"},"elements":[{"from":[3.114962,10.179602,5.687511],"to":[6.543534,13.608173,6.8303685],"rotation":{"angle":22.5,"axis":"y","origin":[4.829248,11.8938875,6.2589397]},"faces":{"east":{"uv":[5.125,1.75,5.25,2.125],"rotation":0,"texture":"#0","tintindex":0},"south":{"uv":[7.6875,7.5,8.0625,7.875],"rotation":0,"texture":"#0","tintindex":0},"north":{"uv":[7.6875,4.6875,8.0625,5.0625],"rotation":0,"texture":"#0","tintindex":0},"west":{"uv":[5.25,1.75,5.375,2.125],"rotation":0,"texture":"#0","tintindex":0},"up":{"uv":[6.1875,5.25,5.8125,5.125],"rotation":0,"texture":"#0","tintindex":0},"down":{"uv":[4.25,6.1875,3.875,6.3125],"rotation":0,"texture":"#0","tintindex":0}}},{"from":[4.257819,6.7510304,2.8303685],"to":[11.114963,11.8938875,8.544654],"rotation":{"angle":0.0,"axis":"y","origin":[7.1149626,-1.24897,6.2589397]},"faces":{"east":{"uv":[7.4375,0.0,6.8125,0.5625],"rotation":0,"texture":"#0","tintindex":0},"south":{"uv":[3.875,6.3125,4.625,6.875],"rotation":0,"texture":"#0","tintindex":0},"north":{"uv":[5.375,2.875,6.125,3.4375],"rotation":0,"texture":"#0","tintindex":0},"west":{"uv":[6.8125,0.0,7.4375,0.5625],"rotation":0,"texture":"#0","tintindex":0},"up":{"uv":[5.25,4.0625,4.5,3.4375],"rotation":0,"texture":"#0","tintindex":0},"down":{"uv":[1.3125,5.9375,0.5625,6.5625],"rotation":0,"texture":"#0","tintindex":0}}},{"from":[5.972105,6.7510304,-0.59820366],"to":[9.400677,9.608173,2.8303685],"rotation":{"angle":0.0,"axis":"y","origin":[7.1149626,-1.24897,6.2589397]},"faces":{"east":{"uv":[6.5,7.875,6.125,8.1875],"rotation":0,"texture":"#0","tintindex":0},"south":{"uv":[7.875,0.0,8.25,0.3125],"rotation":0,"texture":"#0","tintindex":0},"north":{"uv":[7.8125,6.6875,8.1875,7.0],"rotation":0,"texture":"#0","tintindex":0},"west":{"uv":[6.125,7.875,6.5,8.1875],"rotation":0,"texture":"#0","tintindex":0},"up":{"uv":[3.0,8.125,2.625,7.75],"rotation":0,"texture":"#0","tintindex":0},"down":{"uv":[3.375,7.75,3.0,8.125],"rotation":0,"texture":"#0","tintindex":0}}},{"from":[8.829248,5.6081734,-0.026774406],"to":[8.829248,6.7510304,1.1160827],"rotation":{"angle":0.0,"axis":"y","origin":[7.1149626,-1.24897,6.2589397]},"faces":{"east":{"uv":[6.625,10.5,6.5,10.625],"rotation":0,"texture":"#0","tintindex":0},"south":{"uv":[7.875,0.0,8.25,0.3125],"rotation":0,"texture":"#0","tintindex":0},"north":{"uv":[8.1875,9.3125,8.1875,9.4375],"rotation":0,"texture":"#0","tintindex":0},"west":{"uv":[6.5,10.5,6.625,10.625],"rotation":0,"texture":"#0","tintindex":0},"up":{"uv":[3.0,10.5,3.0,10.375],"rotation":0,"texture":"#0","tintindex":0},"down":{"uv":[3.375,10.375,3.375,10.5],"rotation":0,"texture":"#0","tintindex":0}}},{"from":[6.543534,5.6081734,-0.026774406],"to":[6.543534,6.7510304,1.1160827],"rotation":{"angle":0.0,"axis":"y","origin":[7.1149626,-1.24897,6.2589397]},"faces":{"east":{"uv":[6.625,10.5,6.5,10.625],"rotation":0,"texture":"#0","tintindex":0},"south":{"uv":[7.875,0.0,8.25,0.3125],"rotation":0,"texture":"#0","tintindex":0},"north":{"uv":[8.1875,9.3125,8.1875,9.4375],"rotation":0,"texture":"#0","tintindex":0},"west":{"uv":[6.5,10.5,6.625,10.625],"rotation":0,"texture":"#0","tintindex":0},"up":{"uv":[3.0,10.5,3.0,10.375],"rotation":0,"texture":"#0","tintindex":0},"down":{"uv":[3.375,10.375,3.375,10.5],"rotation":0,"texture":"#0","tintindex":0}}},{"from":[4.829248,5.0367446,2.8303685],"to":[10.543534,6.7510304,8.544654],"rotation":{"angle":0.0,"axis":"y","origin":[7.1149626,-1.24897,6.2589397]},"faces":{"east":{"uv":[7.875,0.3125,8.5,0.5],"rotation":0,"texture":"#0","tintindex":0},"south":{"uv":[7.4375,7.875,8.0625,8.0625],"rotation":0,"texture":"#0","tintindex":0},"north":{"uv":[7.625,1.1875,8.25,1.375],"rotation":0,"texture":"#0","tintindex":0},"west":{"uv":[7.9375,1.8125,8.5625,2.0],"rotation":0,"texture":"#0","tintindex":0},"up":{"uv":[7.0,5.125,6.375,4.5],"rotation":0,"texture":"#0","tintindex":0},"down":{"uv":[1.1875,6.5625,0.5625,7.1875],"rotation":0,"texture":"#0","tintindex":0}}},{"from":[4.829248,3.3877048,4.8726683],"to":[10.543534,5.1019907,4.8726683],"rotation":{"angle":-22.5,"axis":"x","origin":[7.686391,4.244848,4.8726683]},"faces":{"east":{"uv":[0.0,0.0,0.0,0.1875],"rotation":0,"texture":"#0","tintindex":0},"south":{"uv":[7.9375,2.0,8.5625,2.1875],"rotation":0,"texture":"#0","tintindex":0},"north":{"uv":[7.9375,2.0,8.5625,2.1875],"rotation":0,"texture":"#0","tintindex":0},"west":{"uv":[0.0,0.0,0.0,0.1875],"rotation":0,"texture":"#0","tintindex":0},"up":{"uv":[0.625,0.0,0.0,0.0],"rotation":0,"texture":"#0","tintindex":0},"down":{"uv":[0.625,0.0,0.0,0.0],"rotation":0,"texture":"#0","tintindex":0}}},{"from":[2.3068404,5.0367446,5.924205],"to":[5.7354116,11.8938875,5.924205],"rotation":{"angle":45.0,"axis":"y","origin":[3.4496975,9.322459,5.924205]},"faces":{"east":{"uv":[0.0,0.0,0.0,0.75],"rotation":0,"texture":"#0","tintindex":0},"south":{"uv":[3.625,7.0,3.25,7.75],"rotation":0,"texture":"#0","tintindex":0},"north":{"uv":[3.25,7.0,3.625,7.75],"rotation":0,"texture":"#0","tintindex":0},"west":{"uv":[0.0,0.0,0.0,0.75],"rotation":0,"texture":"#0","tintindex":0},"up":{"uv":[0.375,0.0,0.0,0.0],"rotation":0,"texture":"#0","tintindex":0},"down":{"uv":[0.375,0.0,0.0,0.0],"rotation":0,"texture":"#0","tintindex":0}}},{"from":[8.829248,10.179602,5.687511],"to":[12.25782,13.608173,6.8303685],"rotation":{"angle":-22.5,"axis":"y","origin":[10.543534,11.8938875,6.2589397]},"faces":{"east":{"uv":[5.375,1.75,5.25,2.125],"rotation":0,"texture":"#0","tintindex":0},"south":{"uv":[8.0625,7.5,7.6875,7.875],"rotation":0,"texture":"#0","tintindex":0},"north":{"uv":[8.0625,4.6875,7.6875,5.0625],"rotation":0,"texture":"#0","tintindex":0},"west":{"uv":[5.25,1.75,5.125,2.125],"rotation":0,"texture":"#0","tintindex":0},"up":{"uv":[5.8125,5.25,6.1875,5.125],"rotation":0,"texture":"#0","tintindex":0},"down":{"uv":[3.875,6.1875,4.25,6.3125],"rotation":0,"texture":"#0","tintindex":0}}},{"from":[9.63737,5.0367446,5.924205],"to":[13.065943,11.8938875,5.924205],"rotation":{"angle":-45.0,"axis":"y","origin":[11.923084,9.322459,5.924205]},"faces":{"east":{"uv":[0.0,0.0,0.0,0.75],"rotation":0,"texture":"#0","tintindex":0},"south":{"uv":[3.25,7.0,3.625,7.75],"rotation":0,"texture":"#0","tintindex":0},"north":{"uv":[3.625,7.0,3.25,7.75],"rotation":0,"texture":"#0","tintindex":0},"west":{"uv":[0.0,0.0,0.0,0.75],"rotation":0,"texture":"#0","tintindex":0},"up":{"uv":[0.0,0.0,0.375,0.0],"rotation":0,"texture":"#0","tintindex":0},"down":{"uv":[0.0,0.0,0.375,0.0],"rotation":0,"texture":"#0","tintindex":0}}}],"display":{"head":{"translation":[0.0,-6.4,0.0],"scale":[4.0,4.0,4.0]}}}