{"textures":{"0":"modelengine:entity/bear"},"elements":[{"name":"cube","from":[4.3272076,0.008527517,3.5697744],"to":[9.727207,10.808528,12.569775],"rotation":{"angle":22.5,"axis":"x","origin":[13.327208,6.308528,8.369775]},"faces":{"down":{"uv":[0.5625,5.9375,0.0,6.875],"rotation":0,"texture":"#0","tintindex":0},"east":{"uv":[4.1875,0.0,5.125,1.125],"rotation":0,"texture":"#0","tintindex":0},"north":{"uv":[5.375,1.75,5.9375,2.875],"rotation":0,"texture":"#0","tintindex":0},"south":{"uv":[2.0625,5.8125,2.625,6.9375],"rotation":0,"texture":"#0","tintindex":0},"up":{"uv":[6.3125,6.8125,5.75,5.875],"rotation":0,"texture":"#0","tintindex":0},"west":{"uv":[4.1875,1.125,5.125,2.25],"rotation":0,"texture":"#0","tintindex":0}}},{"name":"cube","from":[4.927208,0.008527517,12.569775],"to":[9.127208,5.4085274,18.569775],"rotation":{"angle":22.5,"axis":"x","origin":[13.327208,6.308528,8.369775]},"faces":{"down":{"uv":[2.3125,7.3125,1.875,7.9375],"rotation":0,"texture":"#0","tintindex":0},"east":{"uv":[2.625,6.6875,3.25,7.25],"rotation":0,"texture":"#0","tintindex":0},"north":{"uv":[7.375,6.4375,7.8125,7.0],"rotation":0,"texture":"#0","tintindex":0},"south":{"uv":[7.4375,0.0,7.875,0.5625],"rotation":0,"texture":"#0","tintindex":0},"up":{"uv":[5.0,7.75,4.5625,7.125],"rotation":0,"texture":"#0","tintindex":0},"west":{"uv":[5.0625,6.75,5.6875,7.3125],"rotation":0,"texture":"#0","tintindex":0}}},{"name":"cube","from":[5.6000004,2.6,12.2],"to":[5.6000004,8.6,15.8],"rotation":{"angle":0.0,"axis":"x","origin":[5.6000004,5.6,14.0]},"faces":{"down":{"uv":[0.0,0.0,0.0,0.375],"rotation":0,"texture":"#0","tintindex":0},"east":{"uv":[8.0,0.5625,7.625,1.1875],"rotation":0,"texture":"#0","tintindex":0},"north":{"uv":[0.0,0.0,0.0,0.625],"rotation":0,"texture":"#0","tintindex":0},"south":{"uv":[0.0,0.0,0.0,0.625],"rotation":0,"texture":"#0","tintindex":0},"up":{"uv":[0.0,0.375,0.0,0.0],"rotation":0,"texture":"#0","tintindex":0},"west":{"uv":[7.625,0.5625,8.0,1.1875],"rotation":0,"texture":"#0","tintindex":0}}}],"display":{"head":{"translation":[0.0,-6.4,0.0],"rotation":[0.0,0.0,0.0],"scale":[3.8095,3.8095,3.8095]}}}
