{"textures":{"0":"modelengine:entity/npc_romancrate"},"elements":[{"from":[8.142858,7.714286,8.057143],"to":[13.857143,19.142857,8.057143],"rotation":{"angle":0.0,"axis":"y","origin":[7.0,6.857143,9.285714]},"faces":{"east":{"uv":[0.0,0.0,0.0,2.5],"rotation":0,"texture":"#0","tintindex":0},"south":{"uv":[5.625,0.0,6.875,2.5],"rotation":0,"texture":"#0","tintindex":0},"north":{"uv":[6.875,0.0,5.625,2.5],"rotation":0,"texture":"#0","tintindex":0},"west":{"uv":[0.0,0.0,0.0,2.5],"rotation":0,"texture":"#0","tintindex":0},"up":{"uv":[1.25,0.0,0.0,0.0],"rotation":0,"texture":"#0","tintindex":0},"down":{"uv":[1.25,0.0,0.0,0.0],"rotation":0,"texture":"#0","tintindex":0}}},{"from":[7.5714283,7.714286,7.5714283],"to":[8.428572,14.857143,8.428572],"rotation":{"angle":0.0,"axis":"y","origin":[7.0,6.857143,9.285714]},"faces":{"east":{"uv":[3.375,9.875,3.5625,11.4375],"rotation":0,"texture":"#0","tintindex":0},"south":{"uv":[5.125,9.875,5.3125,11.4375],"rotation":0,"texture":"#0","tintindex":0},"north":{"uv":[3.125,9.875,3.3125,11.4375],"rotation":0,"texture":"#0","tintindex":0},"west":{"uv":[5.375,9.875,5.5625,11.4375],"rotation":0,"texture":"#0","tintindex":0},"up":{"uv":[11.0625,11.0625,10.875,10.875],"rotation":0,"texture":"#0","tintindex":0},"down":{"uv":[0.1875,11.0,0.0,11.1875],"rotation":0,"texture":"#0","tintindex":0}}},{"from":[7.714286,14.857143,7.714286],"to":[8.285714,19.142857,8.285714],"rotation":{"angle":0.0,"axis":"y","origin":[7.0,6.857143,9.285714]},"faces":{"east":{"uv":[0.5,10.75,0.625,11.6875],"rotation":0,"texture":"#0","tintindex":0},"south":{"uv":[0.625,10.75,0.75,11.6875],"rotation":0,"texture":"#0","tintindex":0},"north":{"uv":[5.625,9.875,5.75,10.8125],"rotation":0,"texture":"#0","tintindex":0},"west":{"uv":[3.625,10.75,3.75,11.6875],"rotation":0,"texture":"#0","tintindex":0},"up":{"uv":[7.0,2.5,6.875,2.375],"rotation":0,"texture":"#0","tintindex":0},"down":{"uv":[1.375,7.625,1.25,7.75],"rotation":0,"texture":"#0","tintindex":0}}}],"display":{"head":{"translation":[0.0,-6.4,0.0],"scale":[4.0,4.0,4.0]}}}