{"textures":{"2":"modelengine:entity/questguide"},"elements":[{"from":[6.644107,0.70285654,7.315357],"to":[9.468393,1.73,8.956786],"rotation":{"angle":0.0,"axis":"y","origin":[6.134107,-3.297144,6.2139287]},"faces":{"east":{"uv":[8.25,7.25,8.875,8.75],"rotation":0,"texture":"#2","tintindex":0},"south":{"uv":[2.25,6.75,3.25,8.25],"rotation":0,"texture":"#2","tintindex":0},"north":{"uv":[6.75,2.0,7.75,3.5],"rotation":0,"texture":"#2","tintindex":0},"west":{"uv":[8.75,2.0,9.375,3.5],"rotation":0,"texture":"#2","tintindex":0},"up":{"uv":[11.0,9.625,10.0,9.0],"rotation":0,"texture":"#2","tintindex":0},"down":{"uv":[10.25,10.0,9.25,10.625],"rotation":0,"texture":"#2","tintindex":0}}},{"from":[5.0091066,0.70285654,8.733929],"to":[9.710536,1.3142858,9.252501],"rotation":{"angle":0.0,"axis":"y","origin":[6.134107,-3.297144,6.2139287]},"faces":{"east":{"uv":[1.75,11.0,1.90125,11.345],"rotation":0,"texture":"#2","tintindex":0},"south":{"uv":[10.25,2.0,11.37125,2.345],"rotation":0,"texture":"#2","tintindex":0},"north":{"uv":[10.25,1.5,11.37125,1.845],"rotation":0,"texture":"#2","tintindex":0},"west":{"uv":[11.0,6.75,11.15125,7.095],"rotation":0,"texture":"#2","tintindex":0},"up":{"uv":[10.62125,2.65125,9.5,2.5],"rotation":0,"texture":"#2","tintindex":0},"down":{"uv":[1.12125,9.75,0.0,9.90125],"rotation":0,"texture":"#2","tintindex":0}}},{"from":[5.0091066,0.70285654,7.8767858],"to":[9.710536,1.3142858,8.395357],"rotation":{"angle":0.0,"axis":"y","origin":[6.134107,-3.297144,6.2139287]},"faces":{"east":{"uv":[1.75,11.0,1.90125,11.345],"rotation":0,"texture":"#2","tintindex":0},"south":{"uv":[10.25,2.0,11.37125,2.345],"rotation":0,"texture":"#2","tintindex":0},"north":{"uv":[10.25,1.5,11.37125,1.845],"rotation":0,"texture":"#2","tintindex":0},"west":{"uv":[11.0,6.75,11.15125,7.095],"rotation":0,"texture":"#2","tintindex":0},"up":{"uv":[10.62125,2.65125,9.5,2.5],"rotation":0,"texture":"#2","tintindex":0},"down":{"uv":[1.12125,9.75,0.0,9.90125],"rotation":0,"texture":"#2","tintindex":0}}},{"from":[5.0091066,0.70285654,7.019643],"to":[9.710536,1.3142858,7.538214],"rotation":{"angle":0.0,"axis":"y","origin":[6.134107,-3.297144,6.2139287]},"faces":{"east":{"uv":[1.75,11.0,1.90125,11.345],"rotation":0,"texture":"#2","tintindex":0},"south":{"uv":[10.25,2.0,11.37125,2.345],"rotation":0,"texture":"#2","tintindex":0},"north":{"uv":[10.25,1.5,11.37125,1.845],"rotation":0,"texture":"#2","tintindex":0},"west":{"uv":[11.0,6.75,11.15125,7.095],"rotation":0,"texture":"#2","tintindex":0},"up":{"uv":[10.62125,2.65125,9.5,2.5],"rotation":0,"texture":"#2","tintindex":0},"down":{"uv":[1.12125,9.75,0.0,9.90125],"rotation":0,"texture":"#2","tintindex":0}}},{"from":[6.7255354,1.6099997,7.3967857],"to":[9.386965,7.654286,8.875358],"rotation":{"angle":0.0,"axis":"y","origin":[6.134107,-3.297144,6.2139287]},"faces":{"east":{"uv":[7.25,6.5,7.625,9.625],"rotation":0,"texture":"#2","tintindex":0},"south":{"uv":[4.75,0.0,5.5,3.125],"rotation":0,"texture":"#2","tintindex":0},"north":{"uv":[0.0,4.75,0.75,7.875],"rotation":0,"texture":"#2","tintindex":0},"west":{"uv":[3.25,7.5,3.625,10.625],"rotation":0,"texture":"#2","tintindex":0},"up":{"uv":[7.0,11.125,6.25,10.75],"rotation":0,"texture":"#2","tintindex":0},"down":{"uv":[10.0,10.75,9.25,11.125],"rotation":0,"texture":"#2","tintindex":0}}}],"display":{"head":{"translation":[0.0,-6.4,0.0],"scale":[4.0,4.0,4.0]}}}