{"textures":{"0":"modelengine:entity/phoenix"},"elements":[{"from":[6.285714,6.285714,4.0],"to":[9.714286,8.571428,9.714286],"rotation":{"angle":0.0,"axis":"y","origin":[8.0,7.428571,6.857143]},"faces":{"east":{"uv":[8.31875,10.00625,8.93125,10.24375],"rotation":0,"texture":"#0","tintindex":0},"south":{"uv":[10.81875,1.38125,11.18125,1.61875],"rotation":0,"texture":"#0","tintindex":0},"north":{"uv":[6.88125,9.00625,7.24375,9.24375],"rotation":0,"texture":"#0","tintindex":0},"west":{"uv":[6.19375,10.31875,6.80625,10.55625],"rotation":0,"texture":"#0","tintindex":0},"up":{"uv":[0.99375,14.18125,0.63125,13.56875],"rotation":0,"texture":"#0","tintindex":0},"down":{"uv":[1.36875,13.56875,1.00625,14.18125],"rotation":0,"texture":"#0","tintindex":0}}}],"display":{"head":{"translation":[0.0,-6.4,0.0],"scale":[4.0,4.0,4.0]}}}