{"textures":{"0":"modelengine:entity/phoenix"},"elements":[{"from":[4.8571424,4.4767036,-3.61907],"to":[10.571428,10.1909895,7.8095016],"rotation":{"angle":-22.5,"axis":"x","origin":[7.714286,7.333847,2.0952158]},"faces":{"east":{"uv":[0.00625,14.81875,1.24375,15.43125],"rotation":0,"texture":"#0","tintindex":0},"south":{"uv":[2.50625,14.19375,3.11875,14.80625],"rotation":0,"texture":"#0","tintindex":0},"north":{"uv":[2.50625,14.81875,3.11875,15.43125],"rotation":0,"texture":"#0","tintindex":0},"west":{"uv":[0.00625,14.19375,1.24375,14.80625],"rotation":0,"texture":"#0","tintindex":0},"up":{"uv":[1.86875,15.43125,1.25625,14.19375],"rotation":0,"texture":"#0","tintindex":0},"down":{"uv":[2.49375,14.19375,1.88125,15.43125],"rotation":0,"texture":"#0","tintindex":0}}}],"display":{"head":{"translation":[0.0,-6.4,0.0],"scale":[4.0,4.0,4.0]}}}