{"textures":{"0":"modelengine:entity/phoenix"},"elements":[{"name":"cube","from":[2.051949,-13.000001,6.4283614],"to":[5.6519494,-5.8,11.228361],"rotation":{"angle":0.0,"axis":"x","origin":[2.3519492,3.4999998,9.128361]},"faces":{"down":{"uv":[9.18125,12.69375,8.81875,13.18125],"rotation":0,"texture":"#0","tintindex":0},"east":{"uv":[6.94375,5.31875,7.43125,6.05625],"rotation":0,"texture":"#0","tintindex":0},"north":{"uv":[2.94375,10.00625,3.30625,10.74375],"rotation":0,"texture":"#0","tintindex":0},"south":{"uv":[5.56875,13.38125,5.93125,14.11875],"rotation":0,"texture":"#0","tintindex":0},"up":{"uv":[9.24375,5.30625,8.88125,4.81875],"rotation":0,"texture":"#0","tintindex":0},"west":{"uv":[3.31875,8.69375,3.80625,9.43125],"rotation":0,"texture":"#0","tintindex":0}}},{"name":"cube","from":[-0.34805107,-5.8,2.228361],"to":[7.4519496,9.8,13.028361],"rotation":{"angle":0.0,"axis":"x","origin":[2.3519492,3.4999998,9.128361]},"faces":{"down":{"uv":[12.86875,3.81875,12.06875,4.94375],"rotation":0,"texture":"#0","tintindex":0},"east":{"uv":[3.31875,9.44375,4.44375,11.05625],"rotation":0,"texture":"#0","tintindex":0},"north":{"uv":[0.00625,10.56875,0.80625,12.18125],"rotation":0,"texture":"#0","tintindex":0},"south":{"uv":[6.19375,10.56875,6.99375,12.18125],"rotation":0,"texture":"#0","tintindex":0},"up":{"uv":[12.86875,3.81875,12.06875,2.69375],"rotation":0,"texture":"#0","tintindex":0},"west":{"uv":[9.69375,0.00625,10.80625,1.63125],"rotation":0,"texture":"#0","tintindex":0}}},{"name":"cube","from":[0.7999997,-5.8,12.8],"to":[0.7999997,9.8,18.8],"rotation":{"angle":22.5,"axis":"y","origin":[0.7999997,1.9999998,15.8]},"faces":{"down":{"uv":[0.00625,0.00625,0.00625,0.61875],"rotation":0,"texture":"#0","tintindex":0},"east":{"uv":[6.80625,12.19375,6.19375,13.80625],"rotation":0,"texture":"#0","tintindex":0},"north":{"uv":[0.00625,0.00625,0.00625,1.61875],"rotation":0,"texture":"#0","tintindex":0},"south":{"uv":[0.00625,0.00625,0.00625,1.61875],"rotation":0,"texture":"#0","tintindex":0},"up":{"uv":[0.00625,0.61875,0.00625,0.00625],"rotation":0,"texture":"#0","tintindex":0},"west":{"uv":[6.19375,12.19375,6.80625,13.80625],"rotation":0,"texture":"#0","tintindex":0}}}],"display":{"head":{"translation":[0.0,-6.4,0.0],"rotation":[0.0,0.0,0.0],"scale":[3.8095,3.8095,3.8095]}}}
