{"textures":{"0":"modelengine:entity/phoenix"},"elements":[{"name":"cube","from":[4.3999996,8.004568,8.004567],"to":[11.6,15.804569,8.004567],"rotation":{"angle":45.0,"axis":"x","origin":[8.0,8.004568,8.004567]},"faces":{"down":{"uv":[0.74375,0.00625,0.00625,0.00625],"rotation":0,"texture":"#0","tintindex":0},"east":{"uv":[0.00625,0.00625,0.00625,0.80625],"rotation":0,"texture":"#0","tintindex":0},"north":{"uv":[6.81875,13.00625,7.55625,13.80625],"rotation":0,"texture":"#0","tintindex":0},"south":{"uv":[7.55625,13.00625,6.81875,13.80625],"rotation":0,"texture":"#0","tintindex":0},"up":{"uv":[0.74375,0.00625,0.00625,0.00625],"rotation":0,"texture":"#0","tintindex":0},"west":{"uv":[0.00625,0.00625,0.00625,0.80625],"rotation":0,"texture":"#0","tintindex":0}}},{"name":"cube","from":[4.3999996,13.519999,13.52],"to":[11.6,21.32,13.52],"rotation":{"angle":0.0,"axis":"x","origin":[8.0,13.519999,13.52]},"faces":{"down":{"uv":[0.74375,0.00625,0.00625,0.00625],"rotation":0,"texture":"#0","tintindex":0},"east":{"uv":[0.00625,0.00625,0.00625,0.80625],"rotation":0,"texture":"#0","tintindex":0},"north":{"uv":[10.44375,13.06875,11.18125,13.86875],"rotation":0,"texture":"#0","tintindex":0},"south":{"uv":[11.18125,13.06875,10.44375,13.86875],"rotation":0,"texture":"#0","tintindex":0},"up":{"uv":[0.74375,0.00625,0.00625,0.00625],"rotation":0,"texture":"#0","tintindex":0},"west":{"uv":[0.00625,0.00625,0.00625,0.80625],"rotation":0,"texture":"#0","tintindex":0}}}],"display":{"head":{"translation":[0.0,-6.4,0.0],"rotation":[0.0,0.0,0.0],"scale":[3.8095,3.8095,3.8095]}}}
