{"textures":{"0":"modelengine:entity/phoenix"},"elements":[{"name":"cube","from":[-11.499708,-16.0,8.180046],"to":[29.900295,10.400001,8.180046],"rotation":{"angle":0.0,"axis":"x","origin":[-36.399708,8.300001,-1.1199541]},"faces":{"down":{"uv":[0.00625,0.00625,4.30625,0.00625],"rotation":0,"texture":"#0","tintindex":0},"east":{"uv":[0.00625,0.00625,0.00625,2.74375],"rotation":0,"texture":"#0","tintindex":0},"north":{"uv":[4.30625,0.00625,0.00625,2.74375],"rotation":0,"texture":"#0","tintindex":0},"south":{"uv":[0.00625,0.00625,4.30625,2.74375],"rotation":0,"texture":"#0","tintindex":0},"up":{"uv":[0.00625,0.00625,4.30625,0.00625],"rotation":0,"texture":"#0","tintindex":0},"west":{"uv":[0.00625,0.00625,0.00625,2.74375],"rotation":0,"texture":"#0","tintindex":0}}},{"name":"cube","from":[5.300293,10.400001,5.780047],"to":[29.900295,14.6,8.180046],"rotation":{"angle":0.0,"axis":"x","origin":[-13.599708,8.300001,-1.1199541]},"faces":{"down":{"uv":[12.56875,11.94375,15.11875,12.18125],"rotation":0,"texture":"#0","tintindex":0},"east":{"uv":[5.30625,11.44375,5.06875,11.86875],"rotation":0,"texture":"#0","tintindex":0},"north":{"uv":[13.49375,7.81875,10.94375,8.24375],"rotation":0,"texture":"#0","tintindex":0},"south":{"uv":[13.49375,8.25625,10.94375,8.68125],"rotation":0,"texture":"#0","tintindex":0},"up":{"uv":[11.75625,7.80625,14.30625,7.56875],"rotation":0,"texture":"#0","tintindex":0},"west":{"uv":[4.11875,7.38125,3.88125,7.80625],"rotation":0,"texture":"#0","tintindex":0}}}],"display":{"head":{"translation":[0.0,-27.268822,0.0],"rotation":[0.0,0.0,0.0],"scale":[3.8095,3.8095,3.8095]}}}