{"textures":{"0":"modelengine:entity/pohaku3_energized"},"elements":[{"from":[1.0476184,0.85714245,-1.0723705],"to":[14.761905,9.428572,16.641916],"rotation":{"angle":0.0,"axis":"y","origin":[38.761906,-10.57143,-19.929514]},"faces":{"east":{"uv":[7.4375,4.21875,6.46875,4.6875],"rotation":0,"texture":"#0","tintindex":0},"south":{"uv":[8.6875,3.625,7.9375,4.09375],"rotation":0,"texture":"#0","tintindex":0},"north":{"uv":[8.65625,7.6875,7.90625,8.15625],"rotation":0,"texture":"#0","tintindex":0},"west":{"uv":[7.4375,3.75,6.46875,4.21875],"rotation":0,"texture":"#0","tintindex":0},"up":{"uv":[4.1875,4.0625,4.9375,3.09375],"rotation":0,"texture":"#0","tintindex":0},"down":{"uv":[4.1875,2.125,4.9375,3.09375],"rotation":0,"texture":"#0","tintindex":0}}},{"from":[-0.666667,4.8571424,3.319796],"to":[8.476191,14.0,12.462654],"rotation":{"angle":45.0,"axis":"x","origin":[3.9047618,9.428572,7.8912253]},"faces":{"east":{"uv":[9.1875,4.125,8.6875,4.625],"rotation":0,"texture":"#0","tintindex":0},"south":{"uv":[9.1875,3.625,8.6875,4.125],"rotation":0,"texture":"#0","tintindex":0},"north":{"uv":[9.15625,7.53125,8.65625,8.03125],"rotation":0,"texture":"#0","tintindex":0},"west":{"uv":[9.15625,8.59375,8.65625,9.09375],"rotation":0,"texture":"#0","tintindex":0},"up":{"uv":[0.875,9.21875,1.375,8.71875],"rotation":0,"texture":"#0","tintindex":0},"down":{"uv":[8.71875,1.3125,9.21875,1.8125],"rotation":0,"texture":"#0","tintindex":0}}},{"from":[4.3926425,3.4279747,-3.929514],"to":[9.5355,3.4279747,-1.0723705],"rotation":{"angle":45.0,"axis":"z","origin":[3.5354996,3.5120697,-2.4198103]},"faces":{"east":{"uv":[0.5,3.78125,0.5,3.65625],"rotation":270,"texture":"#0","tintindex":0},"south":{"uv":[0.78125,3.65625,0.5,3.65625],"rotation":180,"texture":"#0","tintindex":0},"north":{"uv":[0.78125,3.65625,0.5,3.65625],"rotation":0,"texture":"#0","tintindex":0},"west":{"uv":[0.5,3.78125,0.5,3.65625],"rotation":90,"texture":"#0","tintindex":0},"up":{"uv":[1.96875,3.84375,2.25,4.0],"rotation":0,"texture":"#0","tintindex":0},"down":{"uv":[2.25,3.84375,1.96875,4.0],"rotation":180,"texture":"#0","tintindex":0}}},{"from":[8.476191,4.8571424,6.1769395],"to":[15.904762,10.571428,11.891226],"rotation":{"angle":45.0,"axis":"x","origin":[3.9047618,9.428572,10.748368]},"faces":{"east":{"uv":[10.03125,6.78125,9.71875,7.09375],"rotation":0,"texture":"#0","tintindex":0},"south":{"uv":[10.03125,1.0,9.625,1.3125],"rotation":0,"texture":"#0","tintindex":0},"north":{"uv":[10.0,5.9375,9.59375,6.25],"rotation":0,"texture":"#0","tintindex":0},"west":{"uv":[10.03125,2.5625,9.71875,2.875],"rotation":0,"texture":"#0","tintindex":0},"up":{"uv":[9.625,1.625,10.03125,1.3125],"rotation":0,"texture":"#0","tintindex":0},"down":{"uv":[9.625,1.625,10.03125,1.9375],"rotation":0,"texture":"#0","tintindex":0}}}],"display":{"head":{"translation":[0.0,-6.4,0.0],"scale":[4.0,4.0,4.0]}}}