{"textures":{"0":"modelengine:entity/pohaku3_energized"},"elements":[{"from":[1.2380953,0.85714245,-1.0723705],"to":[14.952381,9.428572,16.641916],"rotation":{"angle":0.0,"axis":"y","origin":[-22.761906,-10.57143,-19.929514]},"faces":{"east":{"uv":[6.4375,6.125,7.40625,6.59375],"rotation":0,"texture":"#0","tintindex":0},"south":{"uv":[7.8125,7.21875,8.5625,7.6875],"rotation":0,"texture":"#0","tintindex":0},"north":{"uv":[0.5,7.78125,1.25,8.25],"rotation":0,"texture":"#0","tintindex":0},"west":{"uv":[6.46875,0.0,7.4375,0.46875],"rotation":0,"texture":"#0","tintindex":0},"up":{"uv":[4.90625,5.09375,4.15625,4.125],"rotation":0,"texture":"#0","tintindex":0},"down":{"uv":[4.9375,2.125,4.1875,3.09375],"rotation":0,"texture":"#0","tintindex":0}}},{"from":[1.8823113,9.428572,-0.7500496],"to":[7.0251684,12.285715,-0.7500496],"rotation":{"angle":0.0,"axis":"y","origin":[2.6604834,10.857143,-2.3053007]},"faces":{"east":{"uv":[0.5,3.65625,0.5,3.78125],"rotation":0,"texture":"#0","tintindex":0},"south":{"uv":[1.90625,3.8125,2.1875,3.96875],"rotation":0,"texture":"#0","tintindex":0},"north":{"uv":[2.1875,3.8125,1.90625,3.96875],"rotation":0,"texture":"#0","tintindex":0},"west":{"uv":[0.5,3.65625,0.5,3.78125],"rotation":0,"texture":"#0","tintindex":0},"up":{"uv":[0.5,3.65625,0.78125,3.65625],"rotation":0,"texture":"#0","tintindex":0},"down":{"uv":[0.5,3.65625,0.78125,3.65625],"rotation":0,"texture":"#0","tintindex":0}}},{"from":[14.95181,10.221796,-0.0023174286],"to":[14.95181,13.078939,5.1405406],"rotation":{"angle":-45.0,"axis":"x","origin":[16.932917,11.650368,0.7909293]},"faces":{"east":{"uv":[2.25,3.84375,1.96875,4.0],"rotation":0,"texture":"#0","tintindex":0},"south":{"uv":[0.5,3.65625,0.5,3.78125],"rotation":0,"texture":"#0","tintindex":0},"north":{"uv":[0.5,3.65625,0.5,3.78125],"rotation":0,"texture":"#0","tintindex":0},"west":{"uv":[1.96875,3.84375,2.25,4.0],"rotation":0,"texture":"#0","tintindex":0},"up":{"uv":[0.5,3.65625,0.78125,3.65625],"rotation":90,"texture":"#0","tintindex":0},"down":{"uv":[0.5,3.65625,0.78125,3.65625],"rotation":270,"texture":"#0","tintindex":0}}},{"from":[0.09523773,4.8571424,6.1769395],"to":[7.5238094,10.571428,11.891226],"rotation":{"angle":45.0,"axis":"x","origin":[12.095238,9.428572,10.748368]},"faces":{"east":{"uv":[9.6875,5.0,10.0,5.3125],"rotation":0,"texture":"#0","tintindex":0},"south":{"uv":[9.53125,4.0625,9.9375,4.375],"rotation":0,"texture":"#0","tintindex":0},"north":{"uv":[9.28125,5.3125,9.6875,5.625],"rotation":0,"texture":"#0","tintindex":0},"west":{"uv":[9.6875,5.3125,10.0,5.625],"rotation":0,"texture":"#0","tintindex":0},"up":{"uv":[5.4375,9.875,5.03125,9.5625],"rotation":0,"texture":"#0","tintindex":0},"down":{"uv":[10.0,5.625,9.59375,5.9375],"rotation":0,"texture":"#0","tintindex":0}}},{"from":[7.5238094,4.8571424,3.319796],"to":[16.666668,14.0,12.462654],"rotation":{"angle":45.0,"axis":"x","origin":[12.095238,9.428572,7.8912253]},"faces":{"east":{"uv":[8.5625,7.03125,9.0625,7.53125],"rotation":0,"texture":"#0","tintindex":0},"south":{"uv":[1.75,8.625,2.25,9.125],"rotation":0,"texture":"#0","tintindex":0},"north":{"uv":[2.03125,5.34375,2.53125,5.84375],"rotation":0,"texture":"#0","tintindex":0},"west":{"uv":[0.375,8.65625,0.875,9.15625],"rotation":0,"texture":"#0","tintindex":0},"up":{"uv":[4.59375,9.15625,4.09375,8.65625],"rotation":0,"texture":"#0","tintindex":0},"down":{"uv":[5.09375,8.65625,4.59375,9.15625],"rotation":0,"texture":"#0","tintindex":0}}}],"display":{"head":{"translation":[0.0,-6.4,0.0],"scale":[4.0,4.0,4.0]}}}