{"textures":{"0":"modelengine:entity/golemking_corrupted_damage"},"elements":[{"from":[5.285714,3.4285712,4.285714],"to":[11.0,9.142858,11.714286],"rotation":{"angle":0.0,"axis":"y","origin":[-5.000001,-1.7142859,-10.57143]},"faces":{"east":{"uv":[2.125,9.0625,2.9375,9.6875],"rotation":0,"texture":"#0","tintindex":0},"south":{"uv":[10.625,5.0625,11.25,5.6875],"rotation":0,"texture":"#0","tintindex":0},"north":{"uv":[4.75,10.625,5.375,11.25],"rotation":0,"texture":"#0","tintindex":0},"west":{"uv":[5.75,9.0625,6.5625,9.6875],"rotation":0,"texture":"#0","tintindex":0},"up":{"uv":[7.1875,9.875,6.5625,9.0625],"rotation":0,"texture":"#0","tintindex":0},"down":{"uv":[8.375,9.0625,7.75,9.875],"rotation":0,"texture":"#0","tintindex":0}}},{"from":[5.8571424,2.8571424,5.428571],"to":[9.857143,9.714286,10.571428],"rotation":{"angle":0.0,"axis":"y","origin":[-5.000001,-8.57143,-11.1428585]},"faces":{"east":{"uv":[10.0625,4.1875,10.625,4.9375],"rotation":0,"texture":"#0","tintindex":0},"south":{"uv":[1.0,11.1875,1.4375,11.9375],"rotation":0,"texture":"#0","tintindex":0},"north":{"uv":[9.9375,11.0625,10.375,11.8125],"rotation":0,"texture":"#0","tintindex":0},"west":{"uv":[10.0625,4.9375,10.625,5.6875],"rotation":0,"texture":"#0","tintindex":0},"up":{"uv":[12.3125,10.625,11.875,10.0625],"rotation":0,"texture":"#0","tintindex":0},"down":{"uv":[1.25,11.9375,0.8125,12.5],"rotation":0,"texture":"#0","tintindex":0}}}],"display":{"head":{"translation":[0.0,-6.4,0.0],"scale":[4.0,4.0,4.0]}}}