{"textures":{"0":"modelengine:entity/xwing_transparent"},"elements":[{"from":[1.4058647,6.1377068,17.199999],"to":[7.405865,9.337707,29.599998],"rotation":{"angle":0.0,"axis":"y","origin":[4.205865,3.9377065,22.8]},"faces":{"east":{"uv":[14.375,2.75,10.5,3.75],"rotation":0,"texture":"#0","tintindex":0},"south":{"uv":[12.875,12.625,14.75,13.625],"rotation":0,"texture":"#0","tintindex":0},"north":{"uv":[12.875,1.625,14.75,2.625],"rotation":0,"texture":"#0","tintindex":0},"west":{"uv":[10.5,2.75,14.375,3.75],"rotation":0,"texture":"#0","tintindex":0},"up":{"uv":[6.375,11.25,4.5,7.375],"rotation":0,"texture":"#0","tintindex":0},"down":{"uv":[8.375,7.375,6.5,11.25],"rotation":0,"texture":"#0","tintindex":0}}},{"from":[3.005865,9.337707,19.0],"to":[5.8058653,10.137707,29.199999],"rotation":{"angle":0.0,"axis":"y","origin":[4.205865,3.9377065,22.8]},"faces":{"east":{"uv":[13.625,10.25,16.875,10.5],"rotation":0,"texture":"#0","tintindex":0},"south":{"uv":[0.75,15.125,1.625,15.375],"rotation":0,"texture":"#0","tintindex":0},"north":{"uv":[14.25,15.0,15.125,15.25],"rotation":0,"texture":"#0","tintindex":0},"west":{"uv":[13.625,10.625,16.875,10.875],"rotation":0,"texture":"#0","tintindex":0},"up":{"uv":[2.75,14.375,1.875,11.125],"rotation":0,"texture":"#0","tintindex":0},"down":{"uv":[3.75,11.125,2.875,14.375],"rotation":0,"texture":"#0","tintindex":0}}},{"from":[1.4058647,7.8696837,11.292765],"to":[7.405865,11.069684,19.692764],"rotation":{"angle":-22.5,"axis":"x","origin":[4.205865,3.9377065,22.8]},"faces":{"east":{"uv":[10.5,3.875,13.125,4.875],"rotation":0,"texture":"#0","tintindex":0},"south":{"uv":[13.25,3.875,15.125,4.875],"rotation":0,"texture":"#0","tintindex":0},"north":{"uv":[13.125,6.0,15.0,7.0],"rotation":0,"texture":"#0","tintindex":0},"west":{"uv":[8.375,11.5,11.0,12.5],"rotation":0,"texture":"#0","tintindex":0},"up":{"uv":[4.375,11.0,2.5,8.375],"rotation":0,"texture":"#0","tintindex":0},"down":{"uv":[10.375,7.625,8.5,10.25],"rotation":0,"texture":"#0","tintindex":0}}},{"from":[1.0058646,2.3377066,3.1999989],"to":[7.8058653,6.1377068,29.599998],"rotation":{"angle":0.0,"axis":"y","origin":[4.205865,3.9377065,22.8]},"faces":{"east":{"uv":[12.75,1.375,4.5,2.625],"rotation":0,"texture":"#0","tintindex":0},"south":{"uv":[6.125,11.375,8.25,12.625],"rotation":0,"texture":"#0","tintindex":0},"north":{"uv":[3.875,11.375,6.0,12.625],"rotation":0,"texture":"#0","tintindex":0},"west":{"uv":[4.5,1.375,12.75,2.625],"rotation":0,"texture":"#0","tintindex":0},"up":{"uv":[2.125,8.25,0.0,0.0],"rotation":0,"texture":"#0","tintindex":0},"down":{"uv":[4.375,0.0,2.25,8.25],"rotation":0,"texture":"#0","tintindex":0}}},{"from":[1.8058648,2.3377066,-11.200001],"to":[7.005865,5.737707,3.1999989],"rotation":{"angle":0.0,"axis":"y","origin":[4.205865,3.9377065,22.8]},"faces":{"east":{"uv":[13.0,6.375,8.5,7.5],"rotation":0,"texture":"#0","tintindex":0},"south":{"uv":[8.375,13.625,10.0,14.75],"rotation":0,"texture":"#0","tintindex":0},"north":{"uv":[13.375,11.0,15.0,12.125],"rotation":0,"texture":"#0","tintindex":0},"west":{"uv":[8.5,6.375,13.0,7.5],"rotation":0,"texture":"#0","tintindex":0},"up":{"uv":[6.125,7.25,4.5,2.75],"rotation":0,"texture":"#0","tintindex":0},"down":{"uv":[7.875,2.75,6.25,7.25],"rotation":0,"texture":"#0","tintindex":0}}},{"from":[2.205865,2.7377067,-16.0],"to":[6.605865,5.1377068,-11.200001],"rotation":{"angle":0.0,"axis":"y","origin":[4.205865,3.9377065,22.8]},"faces":{"east":{"uv":[15.125,13.75,13.625,14.5],"rotation":0,"texture":"#0","tintindex":0},"south":{"uv":[3.875,14.375,5.25,15.125],"rotation":0,"texture":"#0","tintindex":0},"north":{"uv":[14.375,0.0,15.75,0.75],"rotation":0,"texture":"#0","tintindex":0},"west":{"uv":[13.625,13.75,15.125,14.5],"rotation":0,"texture":"#0","tintindex":0},"up":{"uv":[5.25,14.25,3.875,12.75],"rotation":0,"texture":"#0","tintindex":0},"down":{"uv":[6.75,12.75,5.375,14.25],"rotation":0,"texture":"#0","tintindex":0}}},{"from":[-1.1999998,8.6,27.199999],"to":[0.7999997,10.6,31.599998],"rotation":{"angle":0.0,"axis":"y","origin":[8.0,8.0,24.8]},"faces":{"east":{"uv":[10.875,15.0,11.75,13.25],"rotation":90,"texture":"#0","tintindex":0},"south":{"uv":[14.5,2.75,15.375,3.625],"rotation":0,"texture":"#0","tintindex":0},"north":{"uv":[1.875,14.5,2.75,15.375],"rotation":0,"texture":"#0","tintindex":0},"west":{"uv":[10.875,13.25,11.75,15.0],"rotation":90,"texture":"#0","tintindex":0},"up":{"uv":[11.75,15.0,10.875,13.25],"rotation":0,"texture":"#0","tintindex":0},"down":{"uv":[11.75,13.25,10.875,15.0],"rotation":0,"texture":"#0","tintindex":0}}},{"from":[-1.8000002,8.0,20.599998],"to":[1.4000001,11.2,27.199999],"rotation":{"angle":0.0,"axis":"y","origin":[8.0,8.0,24.8]},"faces":{"east":{"uv":[11.125,11.5,13.25,12.5],"rotation":0,"texture":"#0","tintindex":0},"south":{"uv":[6.5,14.375,7.5,15.375],"rotation":0,"texture":"#0","tintindex":0},"north":{"uv":[5.375,14.375,6.375,15.375],"rotation":0,"texture":"#0","tintindex":0},"west":{"uv":[12.375,7.625,14.5,8.625],"rotation":0,"texture":"#0","tintindex":0},"up":{"uv":[13.5,10.875,12.5,8.75],"rotation":0,"texture":"#0","tintindex":0},"down":{"uv":[1.0,12.625,0.0,14.75],"rotation":0,"texture":"#0","tintindex":0}}},{"from":[7.4117303,8.0,20.599998],"to":[10.611731,11.2,27.199999],"rotation":{"angle":0.0,"axis":"y","origin":[0.4117303,8.0,24.8]},"faces":{"east":{"uv":[14.5,7.625,12.375,8.625],"rotation":0,"texture":"#0","tintindex":0},"south":{"uv":[7.5,14.375,6.5,15.375],"rotation":0,"texture":"#0","tintindex":0},"north":{"uv":[6.375,14.375,5.375,15.375],"rotation":0,"texture":"#0","tintindex":0},"west":{"uv":[13.25,11.5,11.125,12.5],"rotation":0,"texture":"#0","tintindex":0},"up":{"uv":[12.5,10.875,13.5,8.75],"rotation":0,"texture":"#0","tintindex":0},"down":{"uv":[0.0,12.625,1.0,14.75],"rotation":0,"texture":"#0","tintindex":0}}},{"from":[8.01173,8.6,27.199999],"to":[10.01173,10.6,31.599998],"rotation":{"angle":0.0,"axis":"y","origin":[0.4117303,8.0,24.8]},"faces":{"east":{"uv":[10.875,15.0,11.75,13.25],"rotation":90,"texture":"#0","tintindex":0},"south":{"uv":[15.375,2.75,14.5,3.625],"rotation":0,"texture":"#0","tintindex":0},"north":{"uv":[2.75,14.5,1.875,15.375],"rotation":0,"texture":"#0","tintindex":0},"west":{"uv":[10.875,13.25,11.75,15.0],"rotation":90,"texture":"#0","tintindex":0},"up":{"uv":[10.875,15.0,11.75,13.25],"rotation":0,"texture":"#0","tintindex":0},"down":{"uv":[10.875,13.25,11.75,15.0],"rotation":0,"texture":"#0","tintindex":0}}},{"from":[7.4117303,1.7999997,20.599998],"to":[10.611731,5.0,27.199999],"rotation":{"angle":0.0,"axis":"y","origin":[0.4117303,8.0,24.8]},"faces":{"east":{"uv":[14.5,7.625,12.375,8.625],"rotation":0,"texture":"#0","tintindex":0},"south":{"uv":[7.5,14.375,6.5,15.375],"rotation":0,"texture":"#0","tintindex":0},"north":{"uv":[6.375,14.375,5.375,15.375],"rotation":0,"texture":"#0","tintindex":0},"west":{"uv":[13.25,11.5,11.125,12.5],"rotation":0,"texture":"#0","tintindex":0},"up":{"uv":[12.5,10.875,13.5,8.75],"rotation":0,"texture":"#0","tintindex":0},"down":{"uv":[0.0,12.625,1.0,14.75],"rotation":0,"texture":"#0","tintindex":0}}},{"from":[8.01173,2.4,27.199999],"to":[10.01173,4.3999996,31.599998],"rotation":{"angle":0.0,"axis":"y","origin":[0.4117303,8.0,24.8]},"faces":{"east":{"uv":[10.875,15.0,11.75,13.25],"rotation":90,"texture":"#0","tintindex":0},"south":{"uv":[15.375,2.75,14.5,3.625],"rotation":0,"texture":"#0","tintindex":0},"north":{"uv":[2.75,14.5,1.875,15.375],"rotation":0,"texture":"#0","tintindex":0},"west":{"uv":[10.875,13.25,11.75,15.0],"rotation":90,"texture":"#0","tintindex":0},"up":{"uv":[10.875,15.0,11.75,13.25],"rotation":0,"texture":"#0","tintindex":0},"down":{"uv":[10.875,13.25,11.75,15.0],"rotation":0,"texture":"#0","tintindex":0}}},{"from":[-1.1999998,2.4,27.199999],"to":[0.7999997,4.3999996,31.599998],"rotation":{"angle":0.0,"axis":"y","origin":[8.0,8.0,24.8]},"faces":{"east":{"uv":[10.875,15.0,11.75,13.25],"rotation":90,"texture":"#0","tintindex":0},"south":{"uv":[14.5,2.75,15.375,3.625],"rotation":0,