{"textures":{"0":"modelengine:entity/xwing_transparent"},"elements":[{"from":[6.1213884,7.335049,7.1428576],"to":[16.97853,8.192192,17.428574],"rotation":{"angle":0.0,"axis":"y","origin":[10.407104,-2.6649513,8.285715]},"faces":{"east":{"uv":[16.875,7.875,14.625,8.125],"rotation":0,"texture":"#0","tintindex":0},"south":{"uv":[16.75,1.25,14.375,1.5],"rotation":0,"texture":"#0","tintindex":0},"north":{"uv":[16.75,0.875,14.375,1.125],"rotation":0,"texture":"#0","tintindex":0},"west":{"uv":[16.875,7.5,14.625,7.75],"rotation":0,"texture":"#0","tintindex":0},"up":{"uv":[8.0,5.0,10.375,2.75],"rotation":0,"texture":"#0","tintindex":0},"down":{"uv":[0.0,8.375,2.375,10.625],"rotation":0,"texture":"#0","tintindex":0}}},{"from":[16.97853,7.335049,7.1428576],"to":[24.978533,8.192192,15.1428585],"rotation":{"angle":0.0,"axis":"y","origin":[10.407104,-2.6649513,8.285715]},"faces":{"east":{"uv":[16.0,2.0,14.875,2.25],"rotation":0,"texture":"#0","tintindex":0},"south":{"uv":[16.0,1.625,14.875,1.875],"rotation":0,"texture":"#0","tintindex":0},"north":{"uv":[16.375,8.25,14.625,8.5],"rotation":0,"texture":"#0","tintindex":0},"west":{"uv":[15.375,14.625,13.625,14.875],"rotation":0,"texture":"#0","tintindex":0},"up":{"uv":[10.5,9.375,12.25,7.625],"rotation":0,"texture":"#0","tintindex":0},"down":{"uv":[0.0,10.75,1.75,12.5],"rotation":0,"texture":"#0","tintindex":0}}},{"from":[24.978533,7.335049,7.1428576],"to":[31.264246,8.192192,13.714287],"rotation":{"angle":0.0,"axis":"y","origin":[10.407104,-2.6649513,8.285715]},"faces":{"east":{"uv":[16.375,12.625,14.875,12.875],"rotation":0,"texture":"#0","tintindex":0},"south":{"uv":[16.25,13.375,14.875,13.625],"rotation":0,"texture":"#0","tintindex":0},"north":{"uv":[16.25,13.0,14.875,13.25],"rotation":0,"texture":"#0","tintindex":0},"west":{"uv":[16.0,2.375,14.875,2.625],"rotation":0,"texture":"#0","tintindex":0},"up":{"uv":[6.875,14.25,8.25,12.75],"rotation":0,"texture":"#0","tintindex":0},"down":{"uv":[12.875,0.0,14.25,1.5],"rotation":0,"texture":"#0","tintindex":0}}},{"from":[30.142857,8.714286,-16.0],"to":[31.0,9.571428,4.8571434],"rotation":{"angle":0.0,"axis":"y","origin":[10.571426,10.571428,11.1428585]},"faces":{"east":{"uv":[18.0,12.25,13.375,12.5],"rotation":0,"texture":"#0","tintindex":0},"south":{"uv":[12.875,6.0,12.625,6.25],"rotation":0,"texture":"#0","tintindex":0},"north":{"uv":[2.125,10.75,1.875,11.0],"rotation":0,"texture":"#0","tintindex":0},"west":{"uv":[17.75,7.125,13.125,7.375],"rotation":0,"texture":"#0","tintindex":0},"up":{"uv":[12.875,18.375,13.125,13.75],"rotation":0,"texture":"#0","tintindex":0},"down":{"uv":[13.25,13.75,13.5,18.375],"rotation":0,"texture":"#0","tintindex":0}}},{"from":[29.142857,7.714286,4.8571434],"to":[32.0,10.571428,15.714287],"rotation":{"angle":0.0,"axis":"y","origin":[10.571426,10.571428,11.1428585]},"faces":{"east":{"uv":[16.0,9.5,13.625,10.125],"rotation":0,"texture":"#0","tintindex":0},"south":{"uv":[3.5,14.5,2.875,15.125],"rotation":0,"texture":"#0","tintindex":0},"north":{"uv":[8.25,14.375,7.625,15.0],"rotation":0,"texture":"#0","tintindex":0},"west":{"uv":[16.0,8.75,13.625,9.375],"rotation":0,"texture":"#0","tintindex":0},"up":{"uv":[1.125,15.0,1.75,12.625],"rotation":0,"texture":"#0","tintindex":0},"down":{"uv":[10.125,13.625,10.75,16.0],"rotation":0,"texture":"#0","tintindex":0}}},{"from":[29.142857,7.714286,-13.428572],"to":[32.0,10.571428,-12.857143],"rotation":{"angle":0.0,"axis":"y","origin":[10.571426,10.571428,11.1428585]},"faces":{"east":{"uv":[3.75,14.5,3.625,15.125],"rotation":0,"texture":"#0","tintindex":0},"south":{"uv":[9.0,14.875,8.375,15.5],"rotation":0,"texture":"#0","tintindex":0},"north":{"uv":[0.625,14.875,0.0,15.5],"rotation":0,"texture":"#0","tintindex":0},"west":{"uv":[12.25,9.5,12.125,10.125],"rotation":0,"texture":"#0","tintindex":0},"up":{"uv":[12.5,11.125,13.125,11.0],"rotation":0,"texture":"#0","tintindex":0},"down":{"uv":[12.5,11.25,13.125,11.375],"rotation":0,"texture":"#0","tintindex":0}}},{"from":[29.42857,8.0,-15.1428585],"to":[31.714285,10.285714,-14.571428],"rotation":{"angle":0.0,"axis":"y","origin":[10.571426,10.571428,11.1428585]},"faces":{"east":{"uv":[15.25,5.0,15.125,5.5],"rotation":0,"texture":"#0","tintindex":0},"south":{"uv":[14.125,15.0,13.625,15.5],"rotation":0,"texture":"#0","tintindex":0},"north":{"uv":[9.625,14.875,9.125,15.375],"rotation":0,"texture":"#0","tintindex":0},"west":{"uv":[9.875,14.875,9.75,15.375],"rotation":0,"texture":"#0","tintindex":0},"up":{"uv":[3.875,11.25,4.375,11.125],"rotation":0,"texture":"#0","tintindex":0},"down":{"uv":[15.125,5.625,15.625,5.75],"rotation":0,"texture":"#0","tintindex":0}}}],"display":{"head":{"translation":[8.000008,-6.4,-17.14286],"scale":[4.0,4.0,4.0]}}}