{"textures":{"0":"modelengine:entity/xwing_transparent"},"elements":[{"from":[6.1213884,7.807808,7.1428576],"to":[16.97853,8.664951,17.428574],"rotation":{"angle":0.0,"axis":"y","origin":[10.407104,18.664951,8.285715]},"faces":{"east":{"uv":[16.875,8.125,14.625,7.875],"rotation":0,"texture":"#0","tintindex":0},"south":{"uv":[16.75,1.5,14.375,1.25],"rotation":0,"texture":"#0","tintindex":0},"north":{"uv":[16.75,1.125,14.375,0.875],"rotation":0,"texture":"#0","tintindex":0},"west":{"uv":[16.875,7.75,14.625,7.5],"rotation":0,"texture":"#0","tintindex":0},"up":{"uv":[0.0,10.625,2.375,8.375],"rotation":0,"texture":"#0","tintindex":0},"down":{"uv":[8.0,2.75,10.375,5.0],"rotation":0,"texture":"#0","tintindex":0}}},{"from":[16.97853,7.807808,7.1428576],"to":[24.978533,8.664951,15.1428585],"rotation":{"angle":0.0,"axis":"y","origin":[10.407104,18.664951,8.285715]},"faces":{"east":{"uv":[16.0,2.25,14.875,2.0],"rotation":0,"texture":"#0","tintindex":0},"south":{"uv":[16.0,1.875,14.875,1.625],"rotation":0,"texture":"#0","tintindex":0},"north":{"uv":[16.375,8.5,14.625,8.25],"rotation":0,"texture":"#0","tintindex":0},"west":{"uv":[15.375,14.875,13.625,14.625],"rotation":0,"texture":"#0","tintindex":0},"up":{"uv":[0.0,12.5,1.75,10.75],"rotation":0,"texture":"#0","tintindex":0},"down":{"uv":[10.5,7.625,12.25,9.375],"rotation":0,"texture":"#0","tintindex":0}}},{"from":[24.978533,7.807808,7.1428576],"to":[31.264246,8.664951,13.714287],"rotation":{"angle":0.0,"axis":"y","origin":[10.407104,18.664951,8.285715]},"faces":{"east":{"uv":[16.375,12.875,14.875,12.625],"rotation":0,"texture":"#0","tintindex":0},"south":{"uv":[16.25,13.625,14.875,13.375],"rotation":0,"texture":"#0","tintindex":0},"north":{"uv":[16.25,13.25,14.875,13.0],"rotation":0,"texture":"#0","tintindex":0},"west":{"uv":[16.0,2.625,14.875,2.375],"rotation":0,"texture":"#0","tintindex":0},"up":{"uv":[12.875,1.5,14.25,0.0],"rotation":0,"texture":"#0","tintindex":0},"down":{"uv":[6.875,12.75,8.25,14.25],"rotation":0,"texture":"#0","tintindex":0}}},{"from":[30.142857,6.428571,-16.0],"to":[31.0,7.285714,4.8571434],"rotation":{"angle":0.0,"axis":"y","origin":[10.571426,5.428571,11.1428585]},"faces":{"east":{"uv":[18.0,12.5,13.375,12.25],"rotation":0,"texture":"#0","tintindex":0},"south":{"uv":[12.875,6.25,12.625,6.0],"rotation":0,"texture":"#0","tintindex":0},"north":{"uv":[2.125,11.0,1.875,10.75],"rotation":0,"texture":"#0","tintindex":0},"west":{"uv":[17.75,7.375,13.125,7.125],"rotation":0,"texture":"#0","tintindex":0},"up":{"uv":[13.25,18.375,13.5,13.75],"rotation":0,"texture":"#0","tintindex":0},"down":{"uv":[12.875,13.75,13.125,18.375],"rotation":0,"texture":"#0","tintindex":0}}},{"from":[29.142857,5.428571,4.8571434],"to":[32.0,8.285714,15.714287],"rotation":{"angle":0.0,"axis":"y","origin":[10.571426,5.428571,11.1428585]},"faces":{"east":{"uv":[16.0,10.125,13.625,9.5],"rotation":0,"texture":"#0","tintindex":0},"south":{"uv":[3.5,15.125,2.875,14.5],"rotation":0,"texture":"#0","tintindex":0},"north":{"uv":[8.25,15.0,7.625,14.375],"rotation":0,"texture":"#0","tintindex":0},"west":{"uv":[16.0,9.375,13.625,8.75],"rotation":0,"texture":"#0","tintindex":0},"up":{"uv":[10.125,16.0,10.75,13.625],"rotation":0,"texture":"#0","tintindex":0},"down":{"uv":[1.125,12.625,1.75,15.0],"rotation":0,"texture":"#0","tintindex":0}}},{"from":[29.142857,5.428571,-13.428572],"to":[32.0,8.285714,-12.857143],"rotation":{"angle":0.0,"axis":"y","origin":[10.571426,5.428571,11.1428585]},"faces":{"east":{"uv":[3.75,15.125,3.625,14.5],"rotation":0,"texture":"#0","tintindex":0},"south":{"uv":[9.0,15.5,8.375,14.875],"rotation":0,"texture":"#0","tintindex":0},"north":{"uv":[0.625,15.5,0.0,14.875],"rotation":0,"texture":"#0","tintindex":0},"west":{"uv":[12.25,10.125,12.125,9.5],"rotation":0,"texture":"#0","tintindex":0},"up":{"uv":[12.5,11.375,13.125,11.25],"rotation":0,"texture":"#0","tintindex":0},"down":{"uv":[12.5,11.0,13.125,11.125],"rotation":0,"texture":"#0","tintindex":0}}},{"from":[29.42857,5.714286,-15.1428585],"to":[31.714285,8.0,-14.571428],"rotation":{"angle":0.0,"axis":"y","origin":[10.571426,5.428571,11.1428585]},"faces":{"east":{"uv":[15.25,5.5,15.125,5.0],"rotation":0,"texture":"#0","tintindex":0},"south":{"uv":[14.125,15.5,13.625,15.0],"rotation":0,"texture":"#0","tintindex":0},"north":{"uv":[9.625,15.375,9.125,14.875],"rotation":0,"texture":"#0","tintindex":0},"west":{"uv":[9.875,15.375,9.75,14.875],"rotation":0,"texture":"#0","tintindex":0},"up":{"uv":[15.125,5.75,15.625,5.625],"rotation":0,"texture":"#0","tintindex":0},"down":{"uv":[3.875,11.125,4.375,11.25],"rotation":0,"texture":"#0","tintindex":0}}}],"display":{"head":{"translation":[8.000008,-6.4,-17.14286],"scale":[4.0,4.0,4.0]}}}