{"textures":{"0":"modelengine:entity/xwing_transparent"},"elements":[{"from":[-0.97853184,7.807808,7.1428576],"to":[9.878612,8.664951,17.428574],"rotation":{"angle":0.0,"axis":"y","origin":[5.5928965,18.664951,8.285715]},"faces":{"east":{"uv":[14.625,7.75,16.875,7.5],"rotation":0,"texture":"#0","tintindex":0},"south":{"uv":[14.375,1.5,16.75,1.25],"rotation":0,"texture":"#0","tintindex":0},"north":{"uv":[14.375,1.125,16.75,0.875],"rotation":0,"texture":"#0","tintindex":0},"west":{"uv":[14.625,8.125,16.875,7.875],"rotation":0,"texture":"#0","tintindex":0},"up":{"uv":[2.375,10.625,0.0,8.375],"rotation":0,"texture":"#0","tintindex":0},"down":{"uv":[10.375,2.75,8.0,5.0],"rotation":0,"texture":"#0","tintindex":0}}},{"from":[-8.978533,7.807808,7.1428576],"to":[-0.97853184,8.664951,15.1428585],"rotation":{"angle":0.0,"axis":"y","origin":[5.5928965,18.664951,8.285715]},"faces":{"east":{"uv":[13.625,14.875,15.375,14.625],"rotation":0,"texture":"#0","tintindex":0},"south":{"uv":[14.875,1.875,16.0,1.625],"rotation":0,"texture":"#0","tintindex":0},"north":{"uv":[14.625,8.5,16.375,8.25],"rotation":0,"texture":"#0","tintindex":0},"west":{"uv":[14.875,2.25,16.0,2.0],"rotation":0,"texture":"#0","tintindex":0},"up":{"uv":[1.75,12.5,0.0,10.75],"rotation":0,"texture":"#0","tintindex":0},"down":{"uv":[12.25,7.625,10.5,9.375],"rotation":0,"texture":"#0","tintindex":0}}},{"from":[-15.264246,7.807808,7.1428576],"to":[-8.978533,8.664951,13.714287],"rotation":{"angle":0.0,"axis":"y","origin":[5.5928965,18.664951,8.285715]},"faces":{"east":{"uv":[14.875,2.625,16.375,2.375],"rotation":0,"texture":"#0","tintindex":0},"south":{"uv":[14.875,13.625,16.25,13.375],"rotation":0,"texture":"#0","tintindex":0},"north":{"uv":[14.875,13.25,16.25,13.0],"rotation":0,"texture":"#0","tintindex":0},"west":{"uv":[14.875,12.875,16.375,12.625],"rotation":0,"texture":"#0","tintindex":0},"up":{"uv":[14.25,1.5,12.875,0.0],"rotation":0,"texture":"#0","tintindex":0},"down":{"uv":[8.25,12.75,6.875,14.25],"rotation":0,"texture":"#0","tintindex":0}}},{"from":[-15.0,6.428571,-16.0],"to":[-14.142857,7.285714,4.8571434],"rotation":{"angle":0.0,"axis":"y","origin":[5.428573,5.428571,11.1428585]},"faces":{"east":{"uv":[13.125,7.375,17.75,7.125],"rotation":0,"texture":"#0","tintindex":0},"south":{"uv":[12.625,6.25,12.875,6.0],"rotation":0,"texture":"#0","tintindex":0},"north":{"uv":[1.875,11.0,2.125,10.75],"rotation":0,"texture":"#0","tintindex":0},"west":{"uv":[13.375,12.5,18.0,12.25],"rotation":0,"texture":"#0","tintindex":0},"up":{"uv":[13.5,18.375,13.25,13.75],"rotation":0,"texture":"#0","tintindex":0},"down":{"uv":[13.125,13.75,12.875,18.375],"rotation":0,"texture":"#0","tintindex":0}}},{"from":[-16.0,5.428571,4.8571434],"to":[-13.142857,8.285714,15.714287],"rotation":{"angle":0.0,"axis":"y","origin":[5.428573,5.428571,11.1428585]},"faces":{"east":{"uv":[13.625,9.375,16.0,8.75],"rotation":0,"texture":"#0","tintindex":0},"south":{"uv":[2.875,15.125,3.5,14.5],"rotation":0,"texture":"#0","tintindex":0},"north":{"uv":[7.625,15.0,8.25,14.375],"rotation":0,"texture":"#0","tintindex":0},"west":{"uv":[13.625,10.125,16.0,9.5],"rotation":0,"texture":"#0","tintindex":0},"up":{"uv":[10.75,16.0,10.125,13.625],"rotation":0,"texture":"#0","tintindex":0},"down":{"uv":[1.75,12.625,1.125,15.0],"rotation":0,"texture":"#0","tintindex":0}}},{"from":[-16.0,5.428571,-13.428572],"to":[-13.142857,8.285714,-12.857143],"rotation":{"angle":0.0,"axis":"y","origin":[5.428573,5.428571,11.1428585]},"faces":{"east":{"uv":[12.125,10.125,12.25,9.5],"rotation":0,"texture":"#0","tintindex":0},"south":{"uv":[8.375,15.5,9.0,14.875],"rotation":0,"texture":"#0","tintindex":0},"north":{"uv":[0.0,15.5,0.625,14.875],"rotation":0,"texture":"#0","tintindex":0},"west":{"uv":[3.625,15.125,3.75,14.5],"rotation":0,"texture":"#0","tintindex":0},"up":{"uv":[13.125,11.375,12.5,11.25],"rotation":0,"texture":"#0","tintindex":0},"down":{"uv":[13.125,11.0,12.5,11.125],"rotation":0,"texture":"#0","tintindex":0}}},{"from":[-15.714285,5.714286,-15.1428585],"to":[-13.42857,8.0,-14.571428],"rotation":{"angle":0.0,"axis":"y","origin":[5.428573,5.428571,11.1428585]},"faces":{"east":{"uv":[9.75,15.375,9.875,14.875],"rotation":0,"texture":"#0","tintindex":0},"south":{"uv":[13.625,15.5,14.125,15.0],"rotation":0,"texture":"#0","tintindex":0},"north":{"uv":[9.125,15.375,9.625,14.875],"rotation":0,"texture":"#0","tintindex":0},"west":{"uv":[15.125,5.5,15.25,5.0],"rotation":0,"texture":"#0","tintindex":0},"up":{"uv":[15.625,5.75,15.125,5.625],"rotation":0,"texture":"#0","tintindex":0},"down":{"uv":[4.375,11.125,3.875,11.25],"rotation":0,"texture":"#0","tintindex":0}}}],"display":{"head":{"translation":[-8.000008,-6.4,-17.14286],"scale":[4.0,4.0,4.0]}}}