{"textures":{"0":"modelengine:entity/toro_type02"},"elements":[{"from":[4.953143,-6.297144,2.816],"to":[10.877714,8.514286,5.037714],"rotation":{"angle":0.0,"axis":"y","origin":[16.061714,-1.853714,10.962286]},"faces":{"east":{"uv":[0.6875,7.0,0.78125,7.625],"rotation":0,"texture":"#0","tintindex":0},"south":{"uv":[3.34375,4.59375,3.59375,5.21875],"rotation":0,"texture":"#0","tintindex":0},"north":{"uv":[0.625,1.4375,0.875,2.0625],"rotation":0,"texture":"#0","tintindex":0},"west":{"uv":[0.78125,7.0,0.875,7.625],"rotation":0,"texture":"#0","tintindex":0},"up":{"uv":[6.40625,4.65625,6.15625,4.5625],"rotation":0,"texture":"#0","tintindex":0},"down":{"uv":[7.65625,5.3125,7.40625,5.40625],"rotation":0,"texture":"#0","tintindex":0}}},{"from":[4.212571,-11.481144,5.037714],"to":[4.953143,3.3302855,9.481143],"rotation":{"angle":0.0,"axis":"y","origin":[16.061714,-1.853714,10.962286]},"faces":{"east":{"uv":[5.375,5.6875,5.5625,6.3125],"rotation":0,"texture":"#0","tintindex":0},"south":{"uv":[0.65625,7.09375,0.6875,7.71875],"rotation":0,"texture":"#0","tintindex":0},"north":{"uv":[5.5625,5.6875,5.59375,6.3125],"rotation":0,"texture":"#0","tintindex":0},"west":{"uv":[2.21875,5.75,2.40625,6.375],"rotation":0,"texture":"#0","tintindex":0},"up":{"uv":[4.375,2.03125,4.34375,1.84375],"rotation":0,"texture":"#0","tintindex":0},"down":{"uv":[4.625,4.65625,4.59375,4.84375],"rotation":0,"texture":"#0","tintindex":0}}},{"from":[3.8422856,2.5897136,8.0],"to":[4.953143,4.4411426,9.851429],"rotation":{"angle":0.0,"axis":"y","origin":[16.061714,-1.853714,10.962286]},"faces":{"east":{"uv":[3.15625,5.125,3.25,5.21875],"rotation":0,"texture":"#0","tintindex":0},"south":{"uv":[1.1875,4.53125,1.25,4.625],"rotation":0,"texture":"#0","tintindex":0},"north":{"uv":[3.875,0.4375,3.9375,0.53125],"rotation":0,"texture":"#0","tintindex":0},"west":{"uv":[3.25,5.125,3.34375,5.21875],"rotation":0,"texture":"#0","tintindex":0},"up":{"uv":[4.75,0.8125,4.6875,0.71875],"rotation":0,"texture":"#0","tintindex":0},"down":{"uv":[5.28125,1.25,5.21875,1.34375],"rotation":0,"texture":"#0","tintindex":0}}},{"from":[4.212571,-5.556573,9.481143],"to":[4.953143,4.8114285,13.184],"rotation":{"angle":0.0,"axis":"y","origin":[16.061714,-1.853714,10.962286]},"faces":{"east":{"uv":[3.4375,4.15625,3.59375,4.59375],"rotation":0,"texture":"#0","tintindex":0},"south":{"uv":[3.46875,1.25,3.5,1.6875],"rotation":0,"texture":"#0","tintindex":0},"north":{"uv":[1.125,2.71875,1.15625,3.15625],"rotation":0,"texture":"#0","tintindex":0},"west":{"uv":[5.5,0.71875,5.65625,1.15625],"rotation":0,"texture":"#0","tintindex":0},"up":{"uv":[1.5,2.46875,1.46875,2.3125],"rotation":0,"texture":"#0","tintindex":0},"down":{"uv":[2.5,4.75,2.46875,4.90625],"rotation":0,"texture":"#0","tintindex":0}}},{"from":[5.693714,-4.816,11.702857],"to":[10.137143,4.8114285,16.146286],"rotation":{"angle":0.0,"axis":"y","origin":[16.061714,-1.853714,10.962286]},"faces":{"east":{"uv":[0.9375,6.65625,1.125,7.0625],"rotation":0,"texture":"#0","tintindex":0},"south":{"uv":[4.09375,6.65625,4.28125,7.0625],"rotation":0,"texture":"#0","tintindex":0},"north":{"uv":[4.875,6.625,5.0625,7.03125],"rotation":0,"texture":"#0","tintindex":0},"west":{"uv":[4.28125,6.6875,4.46875,7.09375],"rotation":0,"texture":"#0","tintindex":0},"up":{"uv":[6.78125,2.34375,6.59375,2.15625],"rotation":0,"texture":"#0","tintindex":0},"down":{"uv":[1.71875,7.3125,1.53125,7.5],"rotation":0,"texture":"#0","tintindex":0}}},{"from":[5.693714,-11.481144,11.702857],"to":[10.137143,-4.816,14.665143],"rotation":{"angle":0.0,"axis":"y","origin":[16.061714,-1.853714,10.962286]},"faces":{"east":{"uv":[4.4375,7.28125,4.5625,7.5625],"rotation":0,"texture":"#0","tintindex":0},"south":{"uv":[7.03125,4.09375,7.21875,4.375],"rotation":0,"texture":"#0","tintindex":0},"north":{"uv":[1.53125,7.03125,1.71875,7.3125],"rotation":0,"texture":"#0","tintindex":0},"west":{"uv":[2.8125,7.3125,2.9375,7.59375],"rotation":0,"texture":"#0","tintindex":0},"up":{"uv":[1.96875,6.25,1.78125,6.125],"rotation":0,"texture":"#0","tintindex":0},"down":{"uv":[7.71875,7.09375,7.53125,7.21875],"rotation":0,"texture":"#0","tintindex":0}}},{"from":[4.953143,-12.962286,5.037714],"to":[10.877714,6.2925715,11.702857],"rotation":{"angle":0.0,"axis":"y","origin":[16.061714,-1.853714,10.962286]},"faces":{"east":{"uv":[2.875,3.34375,3.15625,4.15625],"rotation":0,"texture":"#0","tintindex":0},"south":{"uv":[3.59375,4.09375,3.84375,4.90625],"rotation":0,"texture":"#0","tintindex":0},"north":{"uv":[2.5,4.09375,2.75,4.90625],"rotation":0,"texture":"#0","tintindex":0},"west":{"uv":[3.59375,2.46875,3.875,3.28125],"rotation":0,"texture":"#0","tintindex":0},"up":{"uv":[6.96875,6.6875,6.71875,6.40625],"rotation":0,"texture":"#0","tintindex":0},"down":{"uv":[1.78125,6.75,1.53125,7.03125],"rotation":0,"texture":"#0","tintindex":0}}},{"from":[10.692572,-11.481144,5.408],"to":[11.433143,3.3302855,9.481143],"rotation":{"angle":0.0,"axis":"y","origin":[16.061714,-1.853714,10.962286]},"faces":{"east":{"uv":[4.9375,6.0,5.125,6.625],"rotation":0,"texture":"#0","tintindex":0},"south":{"uv":[3.15625,7.46875,3.1875,8.09375],"rotation":0,"texture":"#0","tintindex":0},"north":{"uv":[6.0,7.40625,6.03125,8.03125],"rotation":0,"texture":"#0","tintindex":0},"west":{"uv":[0.75,6.09375,0.9375,6.71875],"rotation":0,"texture":"#0","tintindex":0},"up":{"uv":[3.84375,5.09375,3.8125,4.90625],"rotation":0,"texture":"#0","tintindex":0},"down":{"uv":[0.875,4.9375,0.84375,5.125],"rotation":0,"texture":"#0","tintindex":0}}},{"from":[10.507429,2.5897136,8.0],"to":[11.618286,4.4411426,9.851429],"rotation":{"angle":0.0,"axis":"y","origin":[16.061714,-1.853714,10.962286]},"faces":{"east":{"uv":[5.1875,0.34375,5.28125,0.4375],"rotation":0,"texture":"#0","tintindex":0},"south":{"uv":[1.09375,5.5625,1.15625,5.65625],"rotation":0,"texture":"#0","tintindex":0},"north":{"uv":[1.09375,5.46875,1.15625,5.5625],"rotation":0,"texture":"#0","tintindex":0},"west":{"uv":[5.5,1.15625,5.59375,1.25],"rotation":0,"texture":"#0","tintindex":0},"up":{"uv":[5.65625,1.25,5.59375,1.15625],"rotation":0,"texture":"#0","tintindex":0},"down":{"uv":[5.6875,0.25,5.625,0.34375],"rotation":0,"texture":"#0","tintindex":0}}}],"display":{"head":{"translation":[0.0,-6.4,0.0],"scale":[4.0,4.0,4.0]}}}