{"textures":{"0":"modelengine:entity/cowtruck"},"elements":[{"from":[7.7310925,6.428571,6.857143],"to":[7.7310925,9.571428,9.142858],"rotation":{"angle":0.0,"axis":"y","origin":[10.016807,5.714286,21.714287]},"faces":{"east":{"uv":[12.875,10.0,13.375,10.6875],"rotation":0,"texture":"#0","tintindex":0},"south":{"uv":[0.0,0.0,0.0,0.6875],"rotation":0,"texture":"#0","tintindex":0},"north":{"uv":[0.0,0.0,0.0,0.6875],"rotation":0,"texture":"#0","tintindex":0},"west":{"uv":[13.375,10.0,12.875,10.6875],"rotation":0,"texture":"#0","tintindex":0},"up":{"uv":[0.0,0.5,0.0,0.0],"rotation":0,"texture":"#0","tintindex":0},"down":{"uv":[0.0,0.0,0.0,0.5],"rotation":0,"texture":"#0","tintindex":0}}},{"from":[7.1596637,7.545343,5.714286],"to":[8.87395,8.454657,6.857143],"rotation":{"angle":-45.0,"axis":"x","origin":[4.3025208,8.0,8.0]},"faces":{"east":{"uv":[13.875,11.25,13.625,11.4375],"rotation":0,"texture":"#0","tintindex":0},"south":{"uv":[13.75,13.5,13.375,13.6875],"rotation":0,"texture":"#0","tintindex":0},"north":{"uv":[14.0,0.75,13.625,0.9375],"rotation":0,"texture":"#0","tintindex":0},"west":{"uv":[13.875,9.25,13.625,9.4375],"rotation":0,"texture":"#0","tintindex":0},"up":{"uv":[6.75,12.5,7.125,12.25],"rotation":0,"texture":"#0","tintindex":0},"down":{"uv":[1.125,12.375,1.5,12.625],"rotation":0,"texture":"#0","tintindex":0}}},{"from":[7.1596637,7.545343,5.714286],"to":[8.87395,8.454657,6.857143],"rotation":{"angle":-22.5,"axis":"x","origin":[4.3025208,8.0,8.0]},"faces":{"east":{"uv":[13.875,11.75,13.625,11.9375],"rotation":0,"texture":"#0","tintindex":0},"south":{"uv":[0.75,13.625,0.375,13.8125],"rotation":0,"texture":"#0","tintindex":0},"north":{"uv":[14.0,0.75,13.625,0.9375],"rotation":0,"texture":"#0","tintindex":0},"west":{"uv":[13.875,11.5,13.625,11.6875],"rotation":0,"texture":"#0","tintindex":0},"up":{"uv":[5.125,13.625,5.5,13.375],"rotation":0,"texture":"#0","tintindex":0},"down":{"uv":[5.5,13.375,5.875,13.625],"rotation":0,"texture":"#0","tintindex":0}}},{"from":[7.1596637,7.545343,5.714286],"to":[8.87395,8.454657,6.857143],"rotation":{"angle":0.0,"axis":"y","origin":[4.3025208,8.0,8.0]},"faces":{"east":{"uv":[4.0,13.75,3.75,13.9375],"rotation":0,"texture":"#0","tintindex":0},"south":{"uv":[1.125,13.625,0.75,13.8125],"rotation":0,"texture":"#0","tintindex":0},"north":{"uv":[14.0,0.75,13.625,0.9375],"rotation":0,"texture":"#0","tintindex":0},"west":{"uv":[3.25,13.75,3.0,13.9375],"rotation":0,"texture":"#0","tintindex":0},"up":{"uv":[13.375,5.75,13.75,5.5],"rotation":0,"texture":"#0","tintindex":0},"down":{"uv":[13.375,5.75,13.75,6.0],"rotation":0,"texture":"#0","tintindex":0}}},{"from":[7.1596637,7.545343,5.714286],"to":[8.87395,8.454657,6.857143],"rotation":{"angle":22.5,"axis":"x","origin":[4.3025208,8.0,8.0]},"faces":{"east":{"uv":[14.0,5.5,13.75,5.6875],"rotation":0,"texture":"#0","tintindex":0},"south":{"uv":[14.0,1.0,13.625,1.1875],"rotation":0,"texture":"#0","tintindex":0},"north":{"uv":[14.0,0.75,13.625,0.9375],"rotation":0,"texture":"#0","tintindex":0},"west":{"uv":[4.25,13.75,4.0,13.9375],"rotation":0,"texture":"#0","tintindex":0},"up":{"uv":[13.375,6.25,13.75,6.0],"rotation":0,"texture":"#0","tintindex":0},"down":{"uv":[13.375,6.25,13.75,6.5],"rotation":0,"texture":"#0","tintindex":0}}},{"from":[7.1596637,7.545343,5.714286],"to":[8.87395,8.454657,6.857143],"rotation":{"angle":45.0,"axis":"x","origin":[4.3025208,8.0,8.0]},"faces":{"east":{"uv":[14.0,6.0,13.75,6.1875],"rotation":0,"texture":"#0","tintindex":0},"south":{"uv":[14.0,1.25,13.625,1.4375],"rotation":0,"texture":"#0","tintindex":0},"north":{"uv":[14.0,0.75,13.625,0.9375],"rotation":0,"texture":"#0","tintindex":0},"west":{"uv":[14.0,5.75,13.75,5.9375],"rotation":0,"texture":"#0","tintindex":0},"up":{"uv":[13.375,6.75,13.75,6.5],"rotation":0,"texture":"#0","tintindex":0},"down":{"uv":[8.0,13.375,8.375,13.625],"rotation":0,"texture":"#0","tintindex":0}}},{"from":[7.1596637,7.545343,9.142858],"to":[8.87395,8.454657,10.285714],"rotation":{"angle":-45.0,"axis":"x","origin":[4.3025208,8.0,8.0]},"faces":{"east":{"uv":[6.75,13.75,6.5,13.9375],"rotation":0,"texture":"#0","tintindex":0},"south":{"uv":[14.0,0.9375,13.625,0.75],"rotation":0,"texture":"#0","tintindex":0},"north":{"uv":[1.875,13.625,1.5,13.8125],"rotation":0,"texture":"#0","tintindex":0},"west":{"uv":[14.0,6.25,13.75,6.4375],"rotation":0,"texture":"#0","tintindex":0},"up":{"uv":[8.375,13.625,8.75,13.375],"rotation":0,"texture":"#0","tintindex":0},"down":{"uv":[8.75,13.375,9.125,13.625],"rotation":0,"texture":"#0","tintindex":0}}},{"from":[7.1596637,7.545343,9.142858],"to":[8.87395,8.454657,10.285714],"rotation":{"angle":-22.5,"axis":"x","origin":[4.3025208,8.0,8.0]},"faces":{"east":{"uv":[7.0,13.75,6.75,13.9375],"rotation":0,"texture":"#0","tintindex":0},"south":{"uv":[14.0,0.9375,13.625,0.75],"rotation":0,"texture":"#0","tintindex":0},"north":{"uv":[14.0,1.75,13.625,1.9375],"rotation":0,"texture":"#0","tintindex":0},"west":{"uv":[14.0,6.5,13.75,6.6875],"rotation":0,"texture":"#0","tintindex":0},"up":{"uv":[9.125,13.625,9.5,13.375],"rotation":0,"texture":"#0","tintindex":0},"down":{"uv":[13.375,10.0,13.75,10.25],"rotation":0,"texture":"#0","tintindex":0}}},{"from":[7.1596637,7.545343,9.142858],"to":[8.87395,8.454657,10.285714],"rotation":{"angle":0.0,"axis":"y","origin":[4.3025208,8.0,8.0]},"faces":{"east":{"uv":[7.5,13.75,7.25,13.9375],"rotation":0,"texture":"#0","tintindex":0},"south":{"uv":[14.0,0.9375,13.625,0.75],"rotation":0,"texture":"#0","tintindex":0},"north":{"uv":[14.0,2.0,13.625,2.1875],"rotation":0,"texture":"#0","tintindex":0},"west":{"uv":[7.25,13.75,7.0,13.9375],"rotation":0,"texture":"#0","tintindex":0},"up":{"uv":[13.375,10.5,13.75,10.25],"rotation":0,"texture":"#0","tintindex":0},"down":{"uv":[13.375,10.5,13.75,10.75],"rotation":0,"texture":"#0","tintindex":0}}},{"from":[7.1596637,7.545343,9.142858],"to":[8.87395,8.454657,10.285714],"rotation":{"angle":22.5,"axis":"x","origin":[4.3025208,8.0,8.0]},"faces":{"east":{"uv":[14.0,8.75,13.75,8.9375],"rotation":0,"texture":"#0","tintindex":0},"south":{"uv":[14.0,0.9375,13.625,0.75],"rotation":0,"texture":"#0","tintindex":0},"north":{"uv":[14.0,2.25,13.625,2.4375],"rotation":0,"texture":"#0","tintindex":0},"west":{"uv":[14.0,8.5,13.75,8.6875],"rotation":0,"texture":"#0","tintindex":0},"up":{"uv":[13.375,12.25,13.75,12.0],"rotation":0,"texture":"#0","tintindex":0},"down":{"uv":[13.375,12.25,13.75,12.5],"rotation":0,"texture":"#0","tintindex":0}}},{"from":[7.1596637,7.545343,9.142858],"to":[8.87395,8.454657,10.285714],"rotation":{"angle":45.0,"axis":"x","origin":[4.3025208,8.0,8.0]},"faces":{"east":{"uv":[10.0,13.75,9.75,13.9375],"rotation":0,"texture":"#0","tintindex":0},"south":{"uv":[14.0,0.9375,13.625,0.75],"rotation":0,"texture":"#0","tintindex":0},"north":{"uv":[14.0,2.75,13.625,2.9375],"rotation":0,"texture":"#0","tintindex":0},"west":{"uv":[9.75,13.75,9.5,13.9375],"rotation":0,"texture":"#0","tintindex":0},"up":{"uv":[13.375,12.75,13.75,12.5],"rotation":0,"texture":"#0","tintindex":0},"down":{"uv":[13.375,12.75,13.75,13.0],"rotation":0,"texture":"#0","tintindex":0}}},{"from":[7.1596637,5.714286,7.545343],"to":[8.87395,6.857143,8.454657],"rotation":{"angle":-22.5,"axis":"x","origin":[4.3025208,8.0,8.0]},"faces":{"east":{"uv":[10.4375,13.75,10.25,14.0],"rotation":0,"texture":"#0","tintindex":0},"south":{"uv":[13.875,4.5,13.5,4.75],"rotation":0,"texture":"#0","tintindex":0},"north":{"uv":[4.375,13.5,4.0,13.75],"rotation":0,"texture":"#0","tintindex":0},"west":{"uv":[13.9375,10.0,13.75,10.25],"rotation":0,"texture":"#0","tintindex":0},"up":{"uv":[13.625,3.4375,14.0,3.25],"rotation":0,"texture":"#0","tintindex":0},"down":{"uv":[14.0,0.9375,13.625,0.75],"rotation":0,"texture":"#0","tintindex":0}}},{"from":[7.1596637,5.714286,7.545343],"to":[8.87395,6.857143,8.454657],"rotation":{"angle":0.0,"axis":"y","origin":[4.3025208,8.0,8.0]},"faces":{"east":{"uv":[10.6875,13.75,10.5,14.0],"rotation":0,"texture":"#0","tintindex":0},"south":{"uv":[6.875,13.5,6.5,13.75],