{"textures":{"0":"modelengine:entity/cowtruck"},"elements":[{"from":[7.5714283,1.7142854,-11.285715],"to":[8.428572,5.714286,-10.428572],"rotation":{"angle":0.0,"axis":"y","origin":[8.0,-0.57142925,2.8571424]},"faces":{"east":{"uv":[13.375,3.75,13.5625,4.5],"rotation":0,"texture":"#0","tintindex":0},"south":{"uv":[4.625,13.375,4.8125,14.125],"rotation":0,"texture":"#0","tintindex":0},"north":{"uv":[2.625,13.375,2.8125,14.125],"rotation":0,"texture":"#0","tintindex":0},"west":{"uv":[4.875,13.375,5.0625,14.125],"rotation":0,"texture":"#0","tintindex":0},"up":{"uv":[13.1875,13.9375,13.0,13.75],"rotation":0,"texture":"#0","tintindex":0},"down":{"uv":[13.9375,13.0,13.75,13.1875],"rotation":0,"texture":"#0","tintindex":0}}},{"from":[5.428571,1.2857141,-11.428572],"to":[10.571428,2.142857,-10.285715],"rotation":{"angle":0.0,"axis":"y","origin":[8.0,-0.57142925,2.8571424]},"faces":{"east":{"uv":[13.625,9.0,13.875,9.1875],"rotation":0,"texture":"#0","tintindex":0},"south":{"uv":[0.0,13.375,1.125,13.5625],"rotation":0,"texture":"#0","tintindex":0},"north":{"uv":[12.625,13.25,13.75,13.4375],"rotation":0,"texture":"#0","tintindex":0},"west":{"uv":[9.25,13.625,9.5,13.8125],"rotation":0,"texture":"#0","tintindex":0},"up":{"uv":[1.125,13.375,0.0,13.125],"rotation":0,"texture":"#0","tintindex":0},"down":{"uv":[7.625,13.25,6.5,13.5],"rotation":0,"texture":"#0","tintindex":0}}}],"display":{"head":{"translation":[0.0,-6.4,0.0],"scale":[4.0,4.0,4.0]}}}