{"textures":{"0":"modelengine:entity/santa"},"elements":[{"from":[10.285714,0.0,7.428571],"to":[10.857143,2.2857141,9.714286],"rotation":{"angle":0.0,"axis":"y","origin":[8.0,-2.285715,0.5714283]},"faces":{"east":{"uv":[3.5,7.6875,3.75,7.9375],"rotation":0,"texture":"#0","tintindex":0},"south":{"uv":[6.6875,7.875,6.75,8.125],"rotation":0,"texture":"#0","tintindex":0},"north":{"uv":[6.625,7.875,6.6875,8.125],"rotation":0,"texture":"#0","tintindex":0},"west":{"uv":[5.8125,7.6875,6.0625,7.9375],"rotation":0,"texture":"#0","tintindex":0},"up":{"uv":[6.8125,8.125,6.75,7.875],"rotation":0,"texture":"#0","tintindex":0},"down":{"uv":[6.875,7.875,6.8125,8.125],"rotation":0,"texture":"#0","tintindex":0}}},{"from":[6.857143,-1.1428576,6.857143],"to":[10.285714,2.2857141,10.285714],"rotation":{"angle":0.0,"axis":"y","origin":[8.0,-2.285715,0.5714283]},"faces":{"east":{"uv":[5.4375,7.375,5.8125,7.75],"rotation":0,"texture":"#0","tintindex":0},"south":{"uv":[7.375,0.75,7.75,1.125],"rotation":0,"texture":"#0","tintindex":0},"north":{"uv":[4.125,7.375,4.5,7.75],"rotation":0,"texture":"#0","tintindex":0},"west":{"uv":[7.375,4.5625,7.75,4.9375],"rotation":0,"texture":"#0","tintindex":0},"up":{"uv":[7.75,5.3125,7.375,4.9375],"rotation":0,"texture":"#0","tintindex":0},"down":{"uv":[7.8125,0.0,7.4375,0.375],"rotation":0,"texture":"#0","tintindex":0}}},{"from":[6.6285715,2.0571427,6.6285715],"to":[10.514286,3.6571426,10.514286],"rotation":{"angle":0.0,"axis":"y","origin":[8.0,-2.285715,0.5714283]},"faces":{"east":{"uv":[7.75,0.9375,8.125,1.0625],"rotation":0,"texture":"#0","tintindex":0},"south":{"uv":[7.75,3.0,8.125,3.125],"rotation":0,"texture":"#0","tintindex":0},"north":{"uv":[5.4375,7.75,5.8125,7.875],"rotation":0,"texture":"#0","tintindex":0},"west":{"uv":[7.75,3.125,8.125,3.25],"rotation":0,"texture":"#0","tintindex":0},"up":{"uv":[7.8125,2.25,7.4375,1.875],"rotation":0,"texture":"#0","tintindex":0},"down":{"uv":[7.8125,2.25,7.4375,2.625],"rotation":0,"texture":"#0","tintindex":0}}},{"from":[6.858286,2.2868567,6.858286],"to":[10.284572,7.998857,10.284572],"rotation":{"angle":0.0,"axis":"y","origin":[8.0,-2.285715,0.5714283]},"faces":{"east":{"uv":[5.25,6.5,5.625,7.125],"rotation":0,"texture":"#0","tintindex":0},"south":{"uv":[6.1875,6.5625,6.5625,7.1875],"rotation":0,"texture":"#0","tintindex":0},"north":{"uv":[4.875,6.5,5.25,7.125],"rotation":0,"texture":"#0","tintindex":0},"west":{"uv":[6.5625,6.5625,6.9375,7.1875],"rotation":0,"texture":"#0","tintindex":0},"up":{"uv":[7.0,7.875,6.625,7.5],"rotation":0,"texture":"#0","tintindex":0},"down":{"uv":[7.875,2.625,7.5,3.0],"rotation":0,"texture":"#0","tintindex":0}}}],"display":{"head":{"translation":[0.0,-6.4,0.0],"scale":[4.0,4.0,4.0]}}}