{"textures":{"0":"modelengine:entity/santa"},"elements":[{"from":[9.714286,0.0,6.857143],"to":[11.428572,1.7142854,9.714286],"rotation":{"angle":0.0,"axis":"y","origin":[8.0,0.0,9.142858]},"faces":{"east":{"uv":[1.3125,7.75,1.625,7.9375],"rotation":0,"texture":"#0","tintindex":0},"south":{"uv":[5.4375,7.125,5.625,7.3125],"rotation":0,"texture":"#0","tintindex":0},"north":{"uv":[5.8125,4.25,6.0,4.4375],"rotation":0,"texture":"#0","tintindex":0},"west":{"uv":[1.625,7.75,1.9375,7.9375],"rotation":0,"texture":"#0","tintindex":0},"up":{"uv":[2.125,8.0625,1.9375,7.75],"rotation":0,"texture":"#0","tintindex":0},"down":{"uv":[2.3125,7.75,2.125,8.0625],"rotation":0,"texture":"#0","tintindex":0}}},{"from":[8.572572,3.8582854,6.858286],"to":[11.427429,8.427428,9.713142],"rotation":{"angle":22.5,"axis":"z","origin":[7.428571,0.0,15.428572]},"faces":{"east":{"uv":[7.125,1.875,7.4375,2.375],"rotation":0,"texture":"#0","tintindex":0},"south":{"uv":[7.125,2.375,7.4375,2.875],"rotation":0,"texture":"#0","tintindex":0},"north":{"uv":[7.125,0.0,7.4375,0.5],"rotation":0,"texture":"#0","tintindex":0},"west":{"uv":[5.9375,7.1875,6.25,7.6875],"rotation":0,"texture":"#0","tintindex":0},"up":{"uv":[5.4375,7.9375,5.125,7.625],"rotation":0,"texture":"#0","tintindex":0},"down":{"uv":[7.5625,7.625,7.25,7.9375],"rotation":0,"texture":"#0","tintindex":0}}},{"from":[6.857143,0.0,6.857143],"to":[9.714286,5.142857,9.714286],"rotation":{"angle":0.0,"axis":"y","origin":[8.0,0.0,9.142858]},"faces":{"east":{"uv":[7.0625,4.75,7.375,5.3125],"rotation":0,"texture":"#0","tintindex":0},"south":{"uv":[3.125,7.125,3.4375,7.6875],"rotation":0,"texture":"#0","tintindex":0},"north":{"uv":[6.9375,4.1875,7.25,4.75],"rotation":0,"texture":"#0","tintindex":0},"west":{"uv":[3.4375,7.125,3.75,7.6875],"rotation":0,"texture":"#0","tintindex":0},"up":{"uv":[7.875,7.9375,7.5625,7.625],"rotation":0,"texture":"#0","tintindex":0},"down":{"uv":[7.9375,4.1875,7.625,4.5],"rotation":0,"texture":"#0","tintindex":0}}},{"from":[6.6285715,3.771428,6.6285715],"to":[9.942858,5.3714285,9.942858],"rotation":{"angle":0.0,"axis":"y","origin":[8.0,0.0,9.142858]},"faces":{"east":{"uv":[7.75,6.6875,8.0625,6.8125],"rotation":0,"texture":"#0","tintindex":0},"south":{"uv":[7.75,6.8125,8.0625,6.9375],"rotation":0,"texture":"#0","tintindex":0},"north":{"uv":[7.75,6.5625,8.0625,6.6875],"rotation":0,"texture":"#0","tintindex":0},"west":{"uv":[7.8125,0.0,8.125,0.125],"rotation":0,"texture":"#0","tintindex":0},"up":{"uv":[7.9375,7.5,7.625,7.1875],"rotation":0,"texture":"#0","tintindex":0},"down":{"uv":[0.3125,7.6875,0.0,8.0],"rotation":0,"texture":"#0","tintindex":0}}},{"from":[10.858286,-1.2845716,6.858286],"to":[11.9988575,0.42742825,9.713142],"rotation":{"angle":22.5,"axis":"z","origin":[8.0,0.0,9.142858]},"faces":{"east":{"uv":[2.3125,7.75,2.625,7.9375],"rotation":0,"texture":"#0","tintindex":0},"south":{"uv":[7.8125,0.125,7.9375,0.3125],"rotation":0,"texture":"#0","tintindex":0},"north":{"uv":[7.25,4.5625,7.375,4.75],"rotation":0,"texture":"#0","tintindex":0},"west":{"uv":[2.625,7.75,2.9375,7.9375],"rotation":0,"texture":"#0","tintindex":0},"up":{"uv":[3.125,7.6875,3.0,7.375],"rotation":0,"texture":"#0","tintindex":0},"down":{"uv":[5.9375,7.375,5.8125,7.6875],"rotation":0,"texture":"#0","tintindex":0}}}],"display":{"head":{"translation":[0.0,-6.4,0.0],"scale":[4.0,4.0,4.0]}}}