{"textures":{"0":"modelengine:entity/admin_crate"},"elements":[{"from":[6.790105,6.5714283,7.0993595],"to":[9.647247,9.428572,9.956503],"rotation":{"angle":-22.5,"axis":"z","origin":[8.218677,8.0,8.527931]},"faces":{"east":{"uv":[2.125,12.875,2.75,13.5],"rotation":0,"texture":"#0","tintindex":0},"south":{"uv":[12.875,1.875,13.5,2.5],"rotation":0,"texture":"#0","tintindex":0},"north":{"uv":[12.875,1.875,13.5,2.5],"rotation":0,"texture":"#0","tintindex":0},"west":{"uv":[13.5,1.875,12.875,2.5],"rotation":0,"texture":"#0","tintindex":0},"up":{"uv":[8.75,13.625,9.375,13.0],"rotation":0,"texture":"#0","tintindex":0},"down":{"uv":[8.75,13.625,9.375,13.0],"rotation":0,"texture":"#0","tintindex":0}}},{"from":[7.5602527,8.705504,7.385074],"to":[9.845967,11.562648,9.670789],"rotation":{"angle":0.0,"axis":"y","origin":[9.274539,10.41979,8.527931]},"faces":{"east":{"uv":[14.25,5.625,14.75,6.25],"rotation":0,"texture":"#0","tintindex":0},"south":{"uv":[5.625,14.25,6.125,14.875],"rotation":0,"texture":"#0","tintindex":0},"north":{"uv":[5.625,14.25,6.125,14.875],"rotation":0,"texture":"#0","tintindex":0},"west":{"uv":[6.125,14.25,5.625,14.875],"rotation":0,"texture":"#0","tintindex":0},"up":{"uv":[11.375,15.125,11.875,14.625],"rotation":0,"texture":"#0","tintindex":0},"down":{"uv":[10.875,14.625,10.375,15.125],"rotation":0,"texture":"#0","tintindex":0}}},{"from":[9.274539,8.134076,7.6707883],"to":[12.70311,9.848362,9.956503],"rotation":{"angle":0.0,"axis":"y","origin":[9.274539,10.41979,8.527931]},"faces":{"east":{"uv":[15.125,0.0,15.625,0.375],"rotation":0,"texture":"#0","tintindex":0},"south":{"uv":[14.5,3.375,15.25,3.75],"rotation":0,"texture":"#0","tintindex":0},"north":{"uv":[14.5,3.0,15.25,3.375],"rotation":0,"texture":"#0","tintindex":0},"west":{"uv":[4.625,15.125,5.125,15.5],"rotation":0,"texture":"#0","tintindex":0},"up":{"uv":[14.25,2.125,13.5,1.625],"rotation":0,"texture":"#0","tintindex":0},"down":{"uv":[2.625,13.5,1.875,14.0],"rotation":0,"texture":"#0","tintindex":0}}},{"from":[6.9888244,11.276934,7.6707883],"to":[8.70311,13.562648,9.385075],"rotation":{"angle":22.5,"axis":"z","origin":[8.70311,12.9912195,8.527931]},"faces":{"east":{"uv":[5.5,15.125,5.125,15.625],"rotation":0,"texture":"#0","tintindex":0},"south":{"uv":[5.125,15.125,5.5,15.625],"rotation":0,"texture":"#0","tintindex":0},"north":{"uv":[5.125,15.125,5.5,15.625],"rotation":0,"texture":"#0","tintindex":0},"west":{"uv":[5.5,15.125,5.125,15.625],"rotation":0,"texture":"#0","tintindex":0},"up":{"uv":[15.125,12.625,15.5,12.25],"rotation":0,"texture":"#0","tintindex":0},"down":{"uv":[12.625,15.125,12.25,15.5],"rotation":0,"texture":"#0","tintindex":0}}},{"from":[5.826613,12.818426,7.9565024],"to":[6.96947,15.104141,9.0993595],"rotation":{"angle":45.0,"axis":"z","origin":[7.2551847,14.246998,8.527931]},"faces":{"east":{"uv":[14.125,15.125,13.875,15.625],"rotation":0,"texture":"#0","tintindex":0},"south":{"uv":[13.875,15.125,14.125,15.625],"rotation":0,"texture":"#0","tintindex":0},"north":{"uv":[13.875,15.125,14.125,15.625],"rotation":0,"texture":"#0","tintindex":0},"west":{"uv":[14.125,15.125,13.875,15.625],"rotation":0,"texture":"#0","tintindex":0},"up":{"uv":[10.625,5.625,10.875,5.375],"rotation":0,"texture":"#0","tintindex":0},"down":{"uv":[10.75,7.0,10.5,7.25],"rotation":0,"texture":"#0","tintindex":0}}},{"from":[7.713143,13.856001,7.141714],"to":[12.286858,16.144001,9.429714],"rotation":{"angle":0.0,"axis":"y","origin":[13.714286,6.5714283,13.142858]},"faces":{"east":{"uv":[10.875,14.625,11.375,15.125],"rotation":0,"texture":"#0","tintindex":0},"south":{"uv":[0.0,11.875,1.0,12.375],"rotation":0,"texture":"#0","tintindex":0},"north":{"uv":[0.0,11.875,1.0,12.375],"rotation":0,"texture":"#0","tintindex":0},"west":{"uv":[14.625,11.25,15.125,11.75],"rotation":0,"texture":"#0","tintindex":0},"up":{"uv":[12.875,2.5,11.875,2.0],"rotation":0,"texture":"#0","tintindex":0},"down":{"uv":[12.875,2.0,11.875,2.5],"rotation":0,"texture":"#0","tintindex":0}}}],"display":{"head":{"translation":[0.0,-6.4,0.0],"scale":[4.0,4.0,4.0]}}}