{"textures":{"0":"modelengine:entity/admin_crate"},"elements":[{"from":[-2.1763763,16.307465,4.285714],"to":[2.395052,18.593178,7.142857],"rotation":{"angle":-22.5,"axis":"z","origin":[0.85714245,17.714287,5.714286]},"faces":{"east":{"uv":[7.125,13.75,7.75,14.25],"rotation":0,"texture":"#0","tintindex":0},"south":{"uv":[4.625,11.375,3.625,11.875],"rotation":0,"texture":"#0","tintindex":0},"north":{"uv":[3.625,11.375,4.625,11.875],"rotation":0,"texture":"#0","tintindex":0},"west":{"uv":[7.75,13.75,8.375,14.25],"rotation":0,"texture":"#0","tintindex":0},"up":{"uv":[2.125,10.75,1.125,10.125],"rotation":0,"texture":"#0","tintindex":0},"down":{"uv":[11.125,4.125,10.125,4.75],"rotation":0,"texture":"#0","tintindex":0}}},{"from":[-4.1799526,19.682373,4.8571424],"to":[-1.3228102,21.396658,6.5714283],"rotation":{"angle":-45.0,"axis":"z","origin":[-3.8942385,19.396658,5.714286]},"faces":{"east":{"uv":[10.0,15.125,10.375,15.5],"rotation":0,"texture":"#0","tintindex":0},"south":{"uv":[12.5,14.75,11.875,15.125],"rotation":0,"texture":"#0","tintindex":0},"north":{"uv":[11.875,14.75,12.5,15.125],"rotation":0,"texture":"#0","tintindex":0},"west":{"uv":[10.375,15.125,10.75,15.5],"rotation":0,"texture":"#0","tintindex":0},"up":{"uv":[14.5,15.125,13.875,14.75],"rotation":0,"texture":"#0","tintindex":0},"down":{"uv":[1.625,14.875,1.0,15.25],"rotation":0,"texture":"#0","tintindex":0}}}],"display":{"head":{"translation":[0.0,-6.4,0.0],"scale":[4.0,4.0,4.0]}}}