{"textures":{"2":"modelengine:entity/nocsy_pikachu_full"},"elements":[{"from":[7.7592144,8.354136,6.8097277],"to":[8.5816145,10.844193,7.632128],"rotation":{"angle":0.0,"axis":"y","origin":[6.00246,-1.699213,7.2209277]},"faces":{"east":{"uv":[11.75,2.0,12.125,3.125],"rotation":0,"texture":"#2","tintindex":0},"south":{"uv":[11.75,3.25,12.125,4.375],"rotation":0,"texture":"#2","tintindex":0},"north":{"uv":[11.75,0.75,12.125,1.875],"rotation":0,"texture":"#2","tintindex":0},"west":{"uv":[8.25,11.75,8.625,12.875],"rotation":0,"texture":"#2","tintindex":0},"up":{"uv":[13.375,3.875,13.0,3.5],"rotation":0,"texture":"#2","tintindex":0},"down":{"uv":[5.375,13.0,5.0,13.375],"rotation":0,"texture":"#2","tintindex":0}}},{"from":[7.403709,5.9453278,6.8085995],"to":[8.228366,8.437642,7.633256],"rotation":{"angle":-22.5,"axis":"z","origin":[8.170414,7.5145936,7.2209277]},"faces":{"east":{"uv":[8.75,11.75,9.125,12.875],"rotation":0,"texture":"#2","tintindex":0},"south":{"uv":[9.25,11.75,9.625,12.875],"rotation":0,"texture":"#2","tintindex":0},"north":{"uv":[11.75,8.5,12.125,9.625],"rotation":0,"texture":"#2","tintindex":0},"west":{"uv":[11.25,11.75,11.625,12.875],"rotation":0,"texture":"#2","tintindex":0},"up":{"uv":[5.875,13.375,5.5,13.0],"rotation":0,"texture":"#2","tintindex":0},"down":{"uv":[6.375,13.0,6.0,13.375],"rotation":0,"texture":"#2","tintindex":0}}},{"from":[7.545043,10.683143,6.8040133],"to":[8.170414,11.266823,7.6378417],"rotation":{"angle":45.0,"axis":"z","origin":[8.170414,11.266823,7.0124702]},"faces":{"east":{"uv":[12.75,9.5,13.125,9.75],"rotation":0,"texture":"#2","tintindex":0},"south":{"uv":[0.5,12.25,0.75,12.5],"rotation":0,"texture":"#2","tintindex":0},"north":{"uv":[12.0,11.5,12.25,11.75],"rotation":0,"texture":"#2","tintindex":0},"west":{"uv":[13.0,4.0,13.375,4.25],"rotation":0,"texture":"#2","tintindex":0},"up":{"uv":[7.5,10.125,7.25,9.75],"rotation":0,"texture":"#2","tintindex":0},"down":{"uv":[7.5,10.25,7.25,10.625],"rotation":0,"texture":"#2","tintindex":0}}},{"from":[6.9655323,8.925848,6.8081822],"to":[7.7910223,11.002082,7.6336727],"rotation":{"angle":-22.5,"axis":"z","origin":[6.9196715,8.973794,7.0124702]},"faces":{"east":{"uv":[12.0,6.5,12.375,7.375],"rotation":0,"texture":"#2","tintindex":0},"south":{"uv":[9.75,12.0,10.125,12.875],"rotation":0,"texture":"#2","tintindex":0},"north":{"uv":[6.0,12.0,6.375,12.875],"rotation":0,"texture":"#2","tintindex":0},"west":{"uv":[10.25,12.0,10.625,12.875],"rotation":0,"texture":"#2","tintindex":0},"up":{"uv":[8.375,13.375,8.0,13.0],"rotation":0,"texture":"#2","tintindex":0},"down":{"uv":[8.875,13.0,8.5,13.375],"rotation":0,"texture":"#2","tintindex":0}}},{"from":[6.9242573,6.841694,6.8085995],"to":[7.806057,8.917093,7.633256],"rotation":{"angle":0.0,"axis":"y","origin":[6.9196715,8.973794,7.0124702]},"faces":{"east":{"uv":[10.75,12.0,11.125,12.875],"rotation":0,"texture":"#2","tintindex":0},"south":{"uv":[0.0,12.25,0.375,13.125],"rotation":0,"texture":"#2","tintindex":0},"north":{"uv":[12.0,10.25,12.375,11.125],"rotation":0,"texture":"#2","tintindex":0},"west":{"uv":[12.25,0.75,12.625,1.625],"rotation":0,"texture":"#2","tintindex":0},"up":{"uv":[9.375,13.375,9.0,13.0],"rotation":0,"texture":"#2","tintindex":0},"down":{"uv":[9.875,13.0,9.5,13.375],"rotation":0,"texture":"#2","tintindex":0}}}],"display":{"head":{"translation":[0.0,-6.4,0.0],"scale":[4.0,4.0,4.0]}}}