{"textures":{"0":"modelengine:entity/golem_arcane"},"elements":[{"from":[7.7390056,5.4157457,7.15],"to":[9.453292,8.272888,8.85],"rotation":{"angle":22.5,"axis":"z","origin":[8.0,6.285714,8.0]},"faces":{"east":{"uv":[1.6875,7.0,1.875,7.3125],"rotation":0,"texture":"#0","tintindex":0},"south":{"uv":[7.9375,1.375,8.125,1.6875],"rotation":0,"texture":"#0","tintindex":0},"north":{"uv":[7.9375,1.375,8.125,1.6875],"rotation":0,"texture":"#0","tintindex":0},"west":{"uv":[1.6875,7.0,1.875,7.3125],"rotation":0,"texture":"#0","tintindex":0},"up":{"uv":[4.25,3.375,4.4375,3.5625],"rotation":90,"texture":"#0","tintindex":0},"down":{"uv":[4.4375,3.375,4.25,3.5625],"rotation":270,"texture":"#0","tintindex":0}}},{"from":[5.806891,5.140626,7.1642857],"to":[8.664034,6.8549113,8.835714],"rotation":{"angle":45.0,"axis":"z","origin":[8.0,6.285714,8.0]},"faces":{"east":{"uv":[8.3125,8.25,8.5,8.4375],"rotation":0,"texture":"#0","tintindex":0},"south":{"uv":[5.3125,7.0625,5.0,6.875],"rotation":0,"texture":"#0","tintindex":0},"north":{"uv":[5.0,6.875,5.3125,7.0625],"rotation":0,"texture":"#0","tintindex":0},"west":{"uv":[8.5,8.25,8.3125,8.4375],"rotation":0,"texture":"#0","tintindex":0},"up":{"uv":[6.375,8.0625,6.5625,8.375],"rotation":90,"texture":"#0","tintindex":0},"down":{"uv":[6.5625,8.0625,6.375,8.375],"rotation":270,"texture":"#0","tintindex":0}}}],"display":{"head":{"translation":[0.0,-6.4,0.0],"scale":[4.0,4.0,4.0]}}}