{"textures":{"0":"modelengine:entity/npc_carscrate"},"elements":[{"from":[3.4285712,0.0,3.4285712],"to":[12.571428,8.571428,4.5714283],"rotation":{"angle":0.0,"axis":"y","origin":[8.0,2.2857141,8.0]},"faces":{"east":{"uv":[2.125,14.125,2.375,16.0],"rotation":0,"texture":"#0","tintindex":0},"south":{"uv":[4.625,14.125,6.625,16.0],"rotation":0,"texture":"#0","tintindex":0},"north":{"uv":[2.375,14.125,4.375,16.0],"rotation":0,"texture":"#0","tintindex":0},"west":{"uv":[4.375,14.125,4.625,16.0],"rotation":0,"texture":"#0","tintindex":0},"up":{"uv":[4.375,14.125,2.375,13.875],"rotation":0,"texture":"#0","tintindex":0},"down":{"uv":[6.375,13.875,4.375,14.125],"rotation":0,"texture":"#0","tintindex":0}}},{"from":[3.4285712,0.0,11.428572],"to":[12.571428,8.571428,12.571428],"rotation":{"angle":0.0,"axis":"y","origin":[8.0,2.2857141,8.0]},"faces":{"east":{"uv":[4.375,14.125,4.625,16.0],"rotation":0,"texture":"#0","tintindex":0},"south":{"uv":[2.375,14.125,4.375,16.0],"rotation":0,"texture":"#0","tintindex":0},"north":{"uv":[4.625,14.125,6.625,16.0],"rotation":0,"texture":"#0","tintindex":0},"west":{"uv":[2.125,14.125,2.375,16.0],"rotation":0,"texture":"#0","tintindex":0},"up":{"uv":[2.375,13.875,4.375,14.125],"rotation":0,"texture":"#0","tintindex":0},"down":{"uv":[4.375,14.125,6.375,13.875],"rotation":0,"texture":"#0","tintindex":0}}},{"from":[3.4285712,0.0,4.5714283],"to":[4.5714283,8.571428,11.428572],"rotation":{"angle":0.0,"axis":"y","origin":[8.0,2.2857141,8.0]},"faces":{"east":{"uv":[10.25,14.125,8.75,16.0],"rotation":0,"texture":"#0","tintindex":0},"south":{"uv":[10.5,14.125,10.25,16.0],"rotation":0,"texture":"#0","tintindex":0},"north":{"uv":[8.75,14.125,8.5,16.0],"rotation":0,"texture":"#0","tintindex":0},"west":{"uv":[8.5,14.125,7.0,16.0],"rotation":0,"texture":"#0","tintindex":0},"up":{"uv":[8.5,14.125,8.75,12.625],"rotation":0,"texture":"#0","tintindex":0},"down":{"uv":[8.75,12.625,9.0,14.125],"rotation":0,"texture":"#0","tintindex":0}}},{"from":[11.428572,0.0,4.5714283],"to":[12.571428,8.571428,11.428572],"rotation":{"angle":0.0,"axis":"y","origin":[8.0,2.2857141,8.0]},"faces":{"east":{"uv":[8.5,14.125,7.0,16.0],"rotation":0,"texture":"#0","tintindex":0},"south":{"uv":[8.75,14.125,8.5,16.0],"rotation":0,"texture":"#0","tintindex":0},"north":{"uv":[10.5,14.125,10.25,16.0],"rotation":0,"texture":"#0","tintindex":0},"west":{"uv":[10.25,14.125,8.75,16.0],"rotation":0,"texture":"#0","tintindex":0},"up":{"uv":[8.75,12.625,8.5,14.125],"rotation":0,"texture":"#0","tintindex":0},"down":{"uv":[9.0,14.125,8.75,12.625],"rotation":0,"texture":"#0","tintindex":0}}},{"from":[4.5714283,0.0,4.5714283],"to":[11.428572,5.714286,11.428572],"rotation":{"angle":0.0,"axis":"y","origin":[8.0,2.2857141,8.0]},"faces":{"east":{"uv":[14.5,13.5,16.0,14.75],"rotation":0,"texture":"#0","tintindex":0},"south":{"uv":[14.5,14.75,16.0,16.0],"rotation":0,"texture":"#0","tintindex":0},"north":{"uv":[11.5,14.75,13.0,16.0],"rotation":0,"texture":"#0","tintindex":0},"west":{"uv":[13.0,14.75,14.5,16.0],"rotation":0,"texture":"#0","tintindex":0},"up":{"uv":[13.0,14.75,11.5,13.25],"rotation":0,"texture":"#0","tintindex":0},"down":{"uv":[14.5,13.25,13.0,14.75],"rotation":0,"texture":"#0","tintindex":0}}}],"display":{"head":{"translation":[0.0,-6.4,0.0],"scale":[4.0,4.0,4.0]}}}