{"textures":{"0":"modelengine:entity/golem_arcane"},"elements":[{"from":[2.2857141,7.152824,5.3997545],"to":[13.714286,14.009967,12.828326],"rotation":{"angle":-45.0,"axis":"x","origin":[8.0,6.261449,8.159136]},"faces":{"east":{"uv":[3.875,2.5625,4.6875,3.3125],"rotation":0,"texture":"#0","tintindex":0},"south":{"uv":[1.3125,0.8125,2.5625,1.5625],"rotation":0,"texture":"#0","tintindex":0},"north":{"uv":[1.3125,0.0,2.5625,0.75],"rotation":0,"texture":"#0","tintindex":0},"west":{"uv":[1.0625,3.9375,1.875,4.6875],"rotation":0,"texture":"#0","tintindex":0},"up":{"uv":[1.25,0.8125,0.0,0.0],"rotation":0,"texture":"#0","tintindex":0},"down":{"uv":[1.25,0.875,0.0,1.6875],"rotation":0,"texture":"#0","tintindex":0}}},{"from":[1.7142854,8.644925,9.553475],"to":[14.285715,13.216354,13.553475],"rotation":{"angle":-22.5,"axis":"x","origin":[8.0,6.261449,8.159136]},"faces":{"east":{"uv":[3.3125,2.5625,3.75,3.0625],"rotation":0,"texture":"#0","tintindex":0},"south":{"uv":[0.0,2.625,1.375,3.125],"rotation":0,"texture":"#0","tintindex":0},"north":{"uv":[0.0,2.625,1.375,3.125],"rotation":0,"texture":"#0","tintindex":0},"west":{"uv":[7.25,3.875,7.6875,4.375],"rotation":0,"texture":"#0","tintindex":0},"up":{"uv":[5.4375,0.4375,4.0625,0.0],"rotation":0,"texture":"#0","tintindex":0},"down":{"uv":[5.4375,0.4375,4.0625,0.0],"rotation":0,"texture":"#0","tintindex":0}}},{"from":[3.4285712,8.073497,10.124904],"to":[12.571428,13.787783,14.124904],"rotation":{"angle":-22.5,"axis":"x","origin":[8.0,6.261449,8.159136]},"faces":{"east":{"uv":[5.875,7.125,6.3125,7.75],"rotation":0,"texture":"#0","tintindex":0},"south":{"uv":[2.375,3.625,3.375,4.25],"rotation":0,"texture":"#0","tintindex":0},"north":{"uv":[3.5625,0.5625,4.5625,1.1875],"rotation":0,"texture":"#0","tintindex":0},"west":{"uv":[3.5,7.1875,3.9375,7.8125],"rotation":0,"texture":"#0","tintindex":0},"up":{"uv":[6.5,0.4375,5.5,0.0],"rotation":0,"texture":"#0","tintindex":0},"down":{"uv":[6.5625,4.125,5.5625,4.5625],"rotation":0,"texture":"#0","tintindex":0}}},{"from":[1.4285712,9.787783,9.83919],"to":[14.571428,10.93064,13.83919],"rotation":{"angle":-22.5,"axis":"x","origin":[8.0,6.261449,8.159136]},"faces":{"east":{"uv":[7.875,4.8125,8.3125,4.9375],"rotation":0,"texture":"#0","tintindex":0},"south":{"uv":[7.3125,5.75,8.75,5.875],"rotation":0,"texture":"#0","tintindex":0},"north":{"uv":[7.1875,6.5625,8.625,6.6875],"rotation":0,"texture":"#0","tintindex":0},"west":{"uv":[8.1875,6.25,8.625,6.375],"rotation":0,"texture":"#0","tintindex":0},"up":{"uv":[3.8125,3.5625,2.375,3.125],"rotation":0,"texture":"#0","tintindex":0},"down":{"uv":[4.75,1.375,3.3125,1.8125],"rotation":0,"texture":"#0","tintindex":0}}},{"from":[4.5714283,14.602016,10.286796],"to":[11.428572,18.602016,11.429653],"rotation":{"angle":22.5,"axis":"x","origin":[8.0,16.316303,8.286796]},"faces":{"east":{"uv":[6.625,8.0625,6.75,8.5],"rotation":0,"texture":"#0","tintindex":0},"south":{"uv":[1.1875,6.5,1.9375,6.9375],"rotation":0,"texture":"#0","tintindex":0},"north":{"uv":[6.375,6.3125,7.125,6.75],"rotation":0,"texture":"#0","tintindex":0},"west":{"uv":[2.625,8.25,2.75,8.6875],"rotation":0,"texture":"#0","tintindex":0},"up":{"uv":[6.3125,4.75,5.5625,4.625],"rotation":0,"texture":"#0","tintindex":0},"down":{"uv":[8.5,4.25,7.75,4.375],"rotation":0,"texture":"#0","tintindex":0}}},{"from":[3.4285712,16.519802,11.008688],"to":[12.571428,22.234089,11.008688],"rotation":{"angle":0.0,"axis":"y","origin":[8.0,16.519802,7.8658314]},"faces":{"east":{"uv":[4.9375,7.1875,4.9375,7.8125],"rotation":0,"texture":"#0","tintindex":0},"south":{"uv":[4.4375,3.625,3.4375,4.25],"rotation":0,"texture":"#0","tintindex":0},"north":{"uv":[3.4375,3.625,4.4375,4.25],"rotation":0,"texture":"#0","tintindex":0},"west":{"uv":[6.8125,8.375,6.8125,9.0],"rotation":0,"texture":"#0","tintindex":0},"up":{"uv":[4.5625,1.25,3.5625,1.25],"rotation":0,"texture":"#0","tintindex":0},"down":{"uv":[4.5625,1.3125,3.5625,1.3125],"rotation":0,"texture":"#0","tintindex":0}}},{"from":[4.8571424,5.330272,-0.88136864],"to":[11.142858,12.758844,7.1186323],"rotation":{"angle":-22.5,"axis":"x","origin":[8.0,9.615987,1.9757748]},"faces":{"east":{"uv":[1.3125,1.625,2.1875,2.4375],"rotation":0,"texture":"#0","tintindex":0},"south":{"uv":[4.625,0.5,5.3125,1.3125],"rotation":0,"texture":"#0","tintindex":0},"north":{"uv":[0.0,4.5625,0.6875,5.375],"rotation":0,"texture":"#0","tintindex":0},"west":{"uv":[0.0,1.75,0.875,2.5625],"rotation":0,"texture":"#0","tintindex":0},"up":{"uv":[2.625,5.1875,1.9375,4.3125],"rotation":0,"texture":"#0","tintindex":0},"down":{"uv":[3.375,4.3125,2.6875,5.1875],"rotation":0,"texture":"#0","tintindex":0}}},{"from":[0.85714245,10.368493,5.9887304],"to":[4.285714,19.511349,9.98873],"rotation":{"angle":45.0,"axis":"x","origin":[8.0,14.939921,6.8458734]},"faces":{"east":{"uv":[5.6875,3.0625,6.125,4.0625],"rotation":0,"texture":"#0","tintindex":0},"south":{"uv":[2.0,6.3125,2.375,7.3125],"rotation":0,"texture":"#0","tintindex":0},"north":{"uv":[2.0,6.3125,2.375,7.3125],"rotation":0,"texture":"#0","tintindex":0},"west":{"uv":[5.6875,3.0625,6.125,4.0625],"rotation":0,"texture":"#0","tintindex":0},"up":{"uv":[7.625,7.9375,7.25,7.5],"rotation":0,"texture":"#0","tintindex":0},"down":{"uv":[7.25,7.9375,7.625,7.5],"rotation":0,"texture":"#0","tintindex":0}}},{"from":[11.714286,10.368493,5.9887304],"to":[15.142858,19.511349,9.98873],"rotation":{"angle":45.0,"axis":"x","origin":[8.0,14.939921,6.8458734]},"faces":{"east":{"uv":[6.125,3.0625,5.6875,4.0625],"rotation":0,"texture":"#0","tintindex":0},"south":{"uv":[2.375,6.3125,2.0,7.3125],"rotation":0,"texture":"#0","tintindex":0},"north":{"uv":[2.375,6.3125,2.0,7.3125],"rotation":0,"texture":"#0","tintindex":0},"west":{"uv":[6.125,3.0625,5.6875,4.0625],"rotation":0,"texture":"#0","tintindex":0},"up":{"uv":[7.25,7.9375,7.625,7.5],"rotation":0,"texture":"#0","tintindex":0},"down":{"uv":[7.625,7.9375,7.25,7.5],"rotation":0,"texture":"#0","tintindex":0}}}],"display":{"head":{"translation":[0.0,-6.4,0.0],"scale":[4.0,4.0,4.0]}}}