{"textures":{"0":"modelengine:entity/golem_arcane"},"elements":[{"from":[5.985714,4.566352,4.9949236],"to":[10.014286,7.4234953,9.566353],"rotation":{"angle":-45.0,"axis":"x","origin":[7.714286,5.9949236,5.8520665]},"faces":{"east":{"uv":[7.8125,0.375,8.3125,0.6875],"rotation":0,"texture":"#0","tintindex":0},"south":{"uv":[7.8125,2.125,8.25,2.4375],"rotation":0,"texture":"#0","tintindex":0},"north":{"uv":[7.8125,2.125,8.25,2.4375],"rotation":0,"texture":"#0","tintindex":0},"west":{"uv":[7.8125,0.375,8.3125,0.6875],"rotation":0,"texture":"#0","tintindex":0},"up":{"uv":[7.75,1.0,7.3125,0.5],"rotation":0,"texture":"#0","tintindex":0},"down":{"uv":[7.75,1.0,7.3125,0.5],"rotation":0,"texture":"#0","tintindex":0}}},{"from":[6.0,4.4234953,2.8520665],"to":[10.0,6.7092094,6.2806377],"rotation":{"angle":0.0,"axis":"y","origin":[7.714286,5.9949236,5.8520665]},"faces":{"east":{"uv":[1.9375,3.9375,2.3125,4.1875],"rotation":0,"texture":"#0","tintindex":0},"south":{"uv":[7.8125,5.9375,8.25,6.1875],"rotation":0,"texture":"#0","tintindex":0},"north":{"uv":[7.8125,5.3125,8.25,5.5625],"rotation":0,"texture":"#0","tintindex":0},"west":{"uv":[6.3125,2.625,6.6875,2.875],"rotation":0,"texture":"#0","tintindex":0},"up":{"uv":[8.1875,4.1875,7.75,3.8125],"rotation":0,"texture":"#0","tintindex":0},"down":{"uv":[8.125,7.75,7.6875,8.125],"rotation":0,"texture":"#0","tintindex":0}}}],"display":{"head":{"translation":[0.0,-6.4,0.0],"scale":[4.0,4.0,4.0]}}}