{"textures":{"0":"modelengine:entity/golem_arcane"},"elements":[{"from":[8.198747,12.334527,2.91575],"to":[9.913033,18.048813,5.2014647],"rotation":{"angle":22.5,"axis":"x","origin":[12.484461,9.763098,0.6300354]},"faces":{"east":{"uv":[0.25,7.8125,0.0,8.4375],"rotation":0,"texture":"#0","tintindex":0},"south":{"uv":[2.0625,7.875,1.875,8.5],"rotation":0,"texture":"#0","tintindex":0},"north":{"uv":[1.8125,7.875,1.625,8.5],"rotation":0,"texture":"#0","tintindex":0},"west":{"uv":[3.375,7.75,3.125,8.375],"rotation":0,"texture":"#0","tintindex":0},"up":{"uv":[8.3125,2.375,8.5,2.125],"rotation":0,"texture":"#0","tintindex":0},"down":{"uv":[8.3125,2.4375,8.5,2.6875],"rotation":0,"texture":"#0","tintindex":0}}},{"from":[6.7558894,4.3548317,4.4052367],"to":[6.7558894,11.783403,10.119523],"rotation":{"angle":-22.5,"axis":"y","origin":[12.770175,8.640546,5.548094]},"faces":{"east":{"uv":[5.375,2.4375,4.75,3.25],"rotation":0,"texture":"#0","tintindex":0},"south":{"uv":[3.0625,8.25,3.0625,9.0625],"rotation":0,"texture":"#0","tintindex":0},"north":{"uv":[5.8125,7.9375,5.8125,8.75],"rotation":0,"texture":"#0","tintindex":0},"west":{"uv":[4.75,2.4375,5.375,3.25],"rotation":0,"texture":"#0","tintindex":0},"up":{"uv":[1.375,3.8125,1.375,3.1875],"rotation":0,"texture":"#0","tintindex":0},"down":{"uv":[4.875,7.1875,4.875,7.8125],"rotation":0,"texture":"#0","tintindex":0}}},{"from":[8.423351,9.483403,0.3634982],"to":[10.137637,11.769117,3.2206411],"rotation":{"angle":-45.0,"axis":"y","origin":[9.280495,10.640547,1.7920699]},"faces":{"east":{"uv":[6.875,2.3125,7.1875,2.5625],"rotation":0,"texture":"#0","tintindex":0},"south":{"uv":[8.0625,8.25,8.25,8.5],"rotation":0,"texture":"#0","tintindex":0},"north":{"uv":[8.25,3.8125,8.4375,4.0625],"rotation":0,"texture":"#0","tintindex":0},"west":{"uv":[7.8125,6.25,8.125,6.5],"rotation":0,"texture":"#0","tintindex":0},"up":{"uv":[8.375,7.8125,8.1875,7.5],"rotation":0,"texture":"#0","tintindex":0},"down":{"uv":[7.75,8.1875,7.5625,8.5],"rotation":0,"texture":"#0","tintindex":0}}},{"from":[8.423351,4.340546,0.3634982],"to":[10.137637,6.6262603,3.2206411],"rotation":{"angle":-45.0,"axis":"y","origin":[9.280495,10.640547,1.7920699]},"faces":{"east":{"uv":[4.5,3.9375,4.8125,4.1875],"rotation":0,"texture":"#0","tintindex":0},"south":{"uv":[8.25,3.5,8.4375,3.75],"rotation":0,"texture":"#0","tintindex":0},"north":{"uv":[8.25,3.1875,8.4375,3.4375],"rotation":0,"texture":"#0","tintindex":0},"west":{"uv":[5.0,6.5625,5.3125,6.8125],"rotation":0,"texture":"#0","tintindex":0},"up":{"uv":[3.625,8.5,3.4375,8.1875],"rotation":0,"texture":"#0","tintindex":0},"down":{"uv":[8.375,6.75,8.1875,7.0625],"rotation":0,"texture":"#0","tintindex":0}}},{"from":[6.770175,4.3548317,4.4052367],"to":[11.341604,11.783403,10.119523],"rotation":{"angle":-22.5,"axis":"y","origin":[12.770175,8.640546,5.548094]},"faces":{"east":{"uv":[3.4375,4.8125,4.0625,5.625],"rotation":0,"texture":"#0","tintindex":0},"south":{"uv":[6.125,5.4375,6.625,6.25],"rotation":0,"texture":"#0","tintindex":0},"north":{"uv":[4.8125,5.6875,5.3125,6.5],"rotation":0,"texture":"#0","tintindex":0},"west":{"uv":[4.125,4.8125,4.75,5.625],"rotation":0,"texture":"#0","tintindex":0},"up":{"uv":[6.875,7.4375,6.375,6.8125],"rotation":0,"texture":"#0","tintindex":0},"down":{"uv":[7.375,1.625,6.875,2.25],"rotation":0,"texture":"#0","tintindex":0}}}],"display":{"head":{"translation":[0.0,-6.4,0.0],"scale":[4.0,4.0,4.0]}}}