{"textures":{"0":"modelengine:entity/skog_birch"},"elements":[{"from":[3.8107915,10.304811,4.1198297],"to":[11.810792,18.87624,9.262687],"rotation":{"angle":0.0,"axis":"y","origin":[10.285714,24.142859,5.0]},"faces":{"east":{"uv":[9.627,8.377,10.1855,9.3105],"rotation":0,"texture":"#0","tintindex":0},"south":{"uv":[8.8145,1.502,9.6855,2.4355],"rotation":0,"texture":"#0","tintindex":0},"north":{"uv":[2.4395,8.8145,3.3105,9.748],"rotation":0,"texture":"#0","tintindex":0},"west":{"uv":[9.627,9.3145,10.1855,10.248],"rotation":0,"texture":"#0","tintindex":0},"up":{"uv":[9.623,10.5605,9.0645,9.6895],"rotation":90,"texture":"#0","tintindex":0},"down":{"uv":[0.5605,9.752,0.002,10.623],"rotation":270,"texture":"#0","tintindex":0}}},{"from":[3.2393627,5.7333817,3.5484009],"to":[12.38222,18.87624,9.262687],"rotation":{"angle":0.0,"axis":"y","origin":[10.285714,24.142859,5.0]},"faces":{"east":{"uv":[1.1895,8.1895,1.8105,9.623],"rotation":0,"texture":"#0","tintindex":0},"south":{"uv":[1.6895,5.9395,2.6855,7.373],"rotation":0,"texture":"#0","tintindex":0},"north":{"uv":[6.002,2.877,6.998,4.3105],"rotation":0,"texture":"#0","tintindex":0},"west":{"uv":[1.8145,8.1895,2.4355,9.623],"rotation":0,"texture":"#0","tintindex":0},"up":{"uv":[1.998,10.623,1.377,9.627],"rotation":90,"texture":"#0","tintindex":0},"down":{"uv":[7.873,9.627,7.252,10.623],"rotation":270,"texture":"#0","tintindex":0}}},{"from":[0.95364857,16.590527,5.2626867],"to":[3.8107915,18.87624,6.9769726],"rotation":{"angle":0.0,"axis":"y","origin":[10.285714,24.142859,5.0]},"faces":{"east":{"uv":[9.252,12.1895,9.4355,12.4355],"rotation":0,"texture":"#0","tintindex":0},"south":{"uv":[12.0645,3.377,12.373,3.623],"rotation":0,"texture":"#0","tintindex":0},"north":{"uv":[12.0645,3.627,12.373,3.873],"rotation":0,"texture":"#0","tintindex":0},"west":{"uv":[9.4395,12.1895,9.623,12.4355],"rotation":0,"texture":"#0","tintindex":0},"up":{"uv":[4.6855,12.4355,4.502,12.127],"rotation":90,"texture":"#0","tintindex":0},"down":{"uv":[12.3105,5.1895,12.127,5.498],"rotation":270,"texture":"#0","tintindex":0}}},{"from":[5.525077,9.428336,10.045262],"to":[10.096506,16.285479,14.045263],"rotation":{"angle":22.5,"axis":"x","origin":[4.5714283,20.428572,13.857143]},"faces":{"east":{"uv":[2.4395,10.752,2.873,11.498],"rotation":0,"texture":"#0","tintindex":0},"south":{"uv":[0.002,10.627,0.498,11.373],"rotation":0,"texture":"#0","tintindex":0},"north":{"uv":[10.627,1.002,11.123,1.748],"rotation":0,"texture":"#0","tintindex":0},"west":{"uv":[4.9395,10.752,5.373,11.498],"rotation":0,"texture":"#0","tintindex":0},"up":{"uv":[11.373,11.998,10.9395,11.502],"rotation":90,"texture":"#0","tintindex":0},"down":{"uv":[11.8105,11.502,11.377,11.998],"rotation":270,"texture":"#0","tintindex":0}}},{"from":[3.8107915,5.7333817,4.1198297],"to":[11.810792,10.304811,5.834115],"rotation":{"angle":0.0,"axis":"y","origin":[10.285714,24.142859,5.0]},"faces":{"east":{"uv":[2.4395,8.1895,2.623,8.6855],"rotation":0,"texture":"#0","tintindex":0},"south":{"uv":[4.877,1.877,5.748,2.373],"rotation":0,"texture":"#0","tintindex":0},"north":{"uv":[9.9395,0.002,10.8105,0.498],"rotation":0,"texture":"#0","tintindex":0},"west":{"uv":[9.9395,11.0645,10.123,11.5605],"rotation":0,"texture":"#0","tintindex":0},"up":{"uv":[7.623,12.6855,7.4395,11.8145],"rotation":90,"texture":"#0","tintindex":0},"down":{"uv":[11.998,11.752,11.8145,12.623],"rotation":270,"texture":"#0","tintindex":0}}},{"from":[3.8107915,1.7333817,4.1198297],"to":[7.239363,5.7333817,5.834115],"rotation":{"angle":0.0,"axis":"y","origin":[10.285714,24.142859,5.0]},"faces":{"east":{"uv":[7.002,3.9395,7.1855,4.373],"rotation":0,"texture":"#0","tintindex":0},"south":{"uv":[11.877,0.002,12.248,0.4355],"rotation":0,"texture":"#0","tintindex":0},"north":{"uv":[11.877,5.5645,12.248,5.998],"rotation":0,"texture":"#0","tintindex":0},"west":{"uv":[11.4395,7.877,11.623,8.3105],"rotation":0,"texture":"#0","tintindex":0},"up":{"uv":[12.248,4.8105,12.0645,4.4395],"rotation":90,"texture":"#0","tintindex":0},"down":{"uv":[12.248,4.8145,12.0645,5.1855],"rotation":270,"texture":"#0","tintindex":0}}},{"from":[4.3822203,8.641503,3.862729],"to":[11.239363,13.784361,7.862729],"rotation":{"angle":-22.5,"axis":"x","origin":[4.5714283,14.714286,11.285714]},"faces":{"east":{"uv":[2.6895,5.9395,3.123,6.498],"rotation":0,"texture":"#0","tintindex":0},"south":{"uv":[10.1895,6.627,10.9355,7.1855],"rotation":0,"texture":"#0","tintindex":0},"north":{"uv":[10.1895,8.377,10.9355,8.9355],"rotation":0,"texture":"#0","tintindex":0},"west":{"uv":[6.377,11.252,6.8105,11.8105],"rotation":0,"texture":"#0","tintindex":0},"up":{"uv":[11.0605,11.498,10.627,10.752],"rotation":90,"texture":"#0","tintindex":0},"down":{"uv":[11.248,2.9395,10.8145,3.6855],"rotation":270,"texture":"#0","tintindex":0}}},{"from":[-0.7606373,17.161953,6.2626867],"to":[2.6679344,22.304811,6.2626867],"rotation":{"angle":0.0,"axis":"y","origin":[10.285714,24.142859,5.0]},"faces":{"east":{"uv":[0.002,0.002,0.002,0.5605],"rotation":0,"texture":"#0","tintindex":0},"south":{"uv":[11.6895,7.877,12.0605,8.4355],"rotation":0,"texture":"#0","tintindex":0},"north":{"uv":[11.6895,7.877,12.0605,8.4355],"rotation":0,"texture":"#0","tintindex":0},"west":{"uv":[0.002,0.002,0.002,0.5605],"rotation":0,"texture":"#0","tintindex":0},"up":{"uv":[0.002,0.373,0.002,0.002],"rotation":90,"texture":"#0","tintindex":0},"down":{"uv":[0.002,0.002,0.002,0.373],"rotation":270,"texture":"#0","tintindex":0}}},{"from":[-4.613803,20.590527,5.2857733],"to":[1.1004825,24.019096,5.2857733],"rotation":{"angle":-22.5,"axis":"y","origin":[-3.4285717,27.0,9.714286]},"faces":{"east":{"uv":[0.002,0.002,0.002,0.373],"rotation":0,"texture":"#0","tintindex":0},"south":{"uv":[11.4395,4.4395,12.0605,4.8105],"rotation":0,"texture":"#0","tintindex":0},"north":{"uv":[12.0605,4.4395,11.4395,4.8105],"rotation":0,"texture":"#0","tintindex":0},"west":{"uv":[0.002,0.002,0.002,0.373],"rotation":0,"texture":"#0","tintindex":0},"up":{"uv":[0.002,0.623,0.002,0.002],"rotation":90,"texture":"#0","tintindex":0},"down":{"uv":[0.002,0.002,0.002,0.623],"rotation":270,"texture":"#0","tintindex":0}}}],"display":{"head":{"translation":[0.0,-6.4,0.0],"scale":[4.0,4.0,4.0]}}}