{"textures":{"0":"modelengine:entity/skog_birch"},"elements":[{"name":"cube","from":[3.601331,10.420052,3.925821],"to":[12.001331,19.420052,9.325821],"rotation":{"angle":0.0,"axis":"x","origin":[10.4,24.95,4.85]},"faces":{"down":{"uv":[0.5605,9.752,0.002,10.623],"rotation":270,"texture":"#0","tintindex":0},"east":{"uv":[9.627,8.377,10.1855,9.3105],"rotation":0,"texture":"#0","tintindex":0},"north":{"uv":[2.4395,8.8145,3.3105,9.748],"rotation":0,"texture":"#0","tintindex":0},"south":{"uv":[8.8145,1.502,9.6855,2.4355],"rotation":0,"texture":"#0","tintindex":0},"up":{"uv":[9.623,10.5605,9.0645,9.6895],"rotation":90,"texture":"#0","tintindex":0},"west":{"uv":[9.627,9.3145,10.1855,10.248],"rotation":0,"texture":"#0","tintindex":0}}},{"name":"cube","from":[3.0013309,5.6200514,3.325821],"to":[12.601332,19.420052,9.325821],"rotation":{"angle":0.0,"axis":"x","origin":[10.4,24.95,4.85]},"faces":{"down":{"uv":[7.873,9.627,7.252,10.623],"rotation":270,"texture":"#0","tintindex":0},"east":{"uv":[1.1895,8.1895,1.8105,9.623],"rotation":0,"texture":"#0","tintindex":0},"north":{"uv":[6.002,2.877,6.998,4.3105],"rotation":0,"texture":"#0","tintindex":0},"south":{"uv":[1.6895,5.9395,2.6855,7.373],"rotation":0,"texture":"#0","tintindex":0},"up":{"uv":[1.998,10.623,1.377,9.627],"rotation":90,"texture":"#0","tintindex":0},"west":{"uv":[1.8145,8.1895,2.4355,9.623],"rotation":0,"texture":"#0","tintindex":0}}},{"name":"cube","from":[0.6013315,17.020054,5.125821],"to":[3.601331,19.420052,6.9258213],"rotation":{"angle":0.0,"axis":"x","origin":[10.4,24.95,4.85]},"faces":{"down":{"uv":[12.3105,5.1895,12.127,5.498],"rotation":270,"texture":"#0","tintindex":0},"east":{"uv":[9.252,12.1895,9.4355,12.4355],"rotation":0,"texture":"#0","tintindex":0},"north":{"uv":[12.0645,3.627,12.373,3.873],"rotation":0,"texture":"#0","tintindex":0},"south":{"uv":[12.0645,3.377,12.373,3.623],"rotation":0,"texture":"#0","tintindex":0},"up":{"uv":[4.6855,12.4355,4.502,12.127],"rotation":90,"texture":"#0","tintindex":0},"west":{"uv":[9.4395,12.1895,9.623,12.4355],"rotation":0,"texture":"#0","tintindex":0}}},{"name":"cube","from":[5.4013314,9.499753,10.147526],"to":[10.201331,16.699753,14.347526],"rotation":{"angle":22.5,"axis":"x","origin":[4.3999996,21.05,14.150001]},"faces":{"down":{"uv":[11.8105,11.502,11.377,11.998],"rotation":270,"texture":"#0","tintindex":0},"east":{"uv":[2.4395,10.752,2.873,11.498],"rotation":0,"texture":"#0","tintindex":0},"north":{"uv":[10.627,1.002,11.123,1.748],"rotation":0,"texture":"#0","tintindex":0},"south":{"uv":[0.002,10.627,0.498,11.373],"rotation":0,"texture":"#0","tintindex":0},"up":{"uv":[11.373,11.998,10.9395,11.502],"rotation":90,"texture":"#0","tintindex":0},"west":{"uv":[4.9395,10.752,5.373,11.498],"rotation":0,"texture":"#0","tintindex":0}}},{"name":"cube","from":[3.601331,5.6200514,3.925821],"to":[12.001331,10.420052,5.725821],"rotation":{"angle":0.0,"axis":"x","origin":[10.4,24.95,4.85]},"faces":{"down":{"uv":[11.998,11.752,11.8145,12.623],"rotation":270,"texture":"#0","tintindex":0},"east":{"uv":[2.4395,8.1895,2.623,8.6855],"rotation":0,"texture":"#0","tintindex":0},"north":{"uv":[9.9395,0.002,10.8105,0.498],"rotation":0,"texture":"#0","tintindex":0},"south":{"uv":[4.877,1.877,5.748,2.373],"rotation":0,"texture":"#0","tintindex":0},"up":{"uv":[7.623,12.6855,7.4395,11.8145],"rotation":90,"texture":"#0","tintindex":0},"west":{"uv":[9.9395,11.0645,10.123,11.5605],"rotation":0,"texture":"#0","tintindex":0}}},{"name":"cube","from":[3.601331,1.420051,3.925821],"to":[7.201331,5.6200514,5.725821],"rotation":{"angle":0.0,"axis":"x","origin":[10.4,24.95,4.85]},"faces":{"down":{"uv":[12.248,4.8145,12.0645,5.1855],"rotation":270,"texture":"#0","tintindex":0},"east":{"uv":[7.002,3.9395,7.1855,4.373],"rotation":0,"texture":"#0","tintindex":0},"north":{"uv":[11.877,5.5645,12.248,5.998],"rotation":0,"texture":"#0","tintindex":0},"south":{"uv":[11.877,0.002,12.248,0.4355],"rotation":0,"texture":"#0","tintindex":0},"up":{"uv":[12.248,4.8105,12.0645,4.4395],"rotation":90,"texture":"#0","tintindex":0},"west":{"uv":[11.4395,7.877,11.623,8.3105],"rotation":0,"texture":"#0","tintindex":0}}},{"name":"cube","from":[4.201331,8.673578,3.6558654],"to":[11.401331,14.073579,7.8558655],"rotation":{"angle":-22.5,"axis":"x","origin":[4.3999996,15.05,11.45]},"faces":{"down":{"uv":[11.248,2.9395,10.8145,3.6855],"rotation":270,"texture":"#0","tintindex":0},"east":{"uv":[2.6895,5.9395,3.123,6.498],"rotation":0,"texture":"#0","tintindex":0},"north":{"uv":[10.1895,8.377,10.9355,8.9355],"rotation":0,"texture":"#0","tintindex":0},"south":{"uv":[10.1895,6.627,10.9355,7.1855],"rotation":0,"texture":"#0","tintindex":0},"up":{"uv":[11.0605,11.498,10.627,10.752],"rotation":90,"texture":"#0","tintindex":0},"west":{"uv":[6.377,11.252,6.8105,11.8105],"rotation":0,"texture":"#0","tintindex":0}}},{"name":"cube","from":[-1.1986685,17.620052,6.1758213],"to":[2.4013314,23.020054,6.1758213],"rotation":{"angle":0.0,"axis":"x","origin":[10.4,24.95,4.85]},"faces":{"down":{"uv":[0.002,0.002,0.002,0.373],"rotation":270,"texture":"#0","tintindex":0},"east":{"uv":[0.002,0.002,0.002,0.5605],"rotation":0,"texture":"#0","tintindex":0},"north":{"uv":[11.6895,7.877,12.0605,8.4355],"rotation":0,"texture":"#0","tintindex":0},"south":{"uv":[11.6895,7.877,12.0605,8.4355],"rotation":0,"texture":"#0","tintindex":0},"up":{"uv":[0.002,0.373,0.002,0.002],"rotation":90,"texture":"#0","tintindex":0},"west":{"uv":[0.002,0.002,0.002,0.5605],"rotation":0,"texture":"#0","tintindex":0}}},{"name":"cube","from":[-5.2444944,21.220055,5.150062],"to":[0.75550747,24.820053,5.150062],"rotation":{"angle":-22.5,"axis":"y","origin":[-4.0000005,27.95,9.8]},"faces":{"down":{"uv":[0.002,0.002,0.002,0.623],"rotation":270,"texture":"#0","tintindex":0},"east":{"uv":[0.002,0.002,0.002,0.373],"rotation":0,"texture":"#0","tintindex":0},"north":{"uv":[12.0605,4.4395,11.4395,4.8105],"rotation":0,"texture":"#0","tintindex":0},"south":{"uv":[11.4395,4.4395,12.0605,4.8105],"rotation":0,"texture":"#0","tintindex":0},"up":{"uv":[0.002,0.623,0.002,0.002],"rotation":90,"texture":"#0","tintindex":0},"west":{"uv":[0.002,0.002,0.002,0.373],"rotation":0,"texture":"#0","tintindex":0}}}],"display":{"head":{"translation":[0.0,-6.4,0.0],"rotation":[0.0,0.0,0.0],"scale":[3.8095,3.8095,3.8095]}}}