{"textures":{"0":"modelengine:entity/burgercrate"},"elements":[{"from":[6.285714,8.128667,6.285714],"to":[9.714286,9.271523,9.714286],"rotation":{"angle":0.0,"axis":"y","origin":[5.142857,8.357238,20.57143]},"faces":{"east":{"uv":[13.75,2.75,14.5,3.0],"rotation":0,"texture":"#0","tintindex":0},"south":{"uv":[13.75,2.75,14.5,3.0],"rotation":0,"texture":"#0","tintindex":0},"north":{"uv":[13.75,2.75,14.5,3.0],"rotation":0,"texture":"#0","tintindex":0},"west":{"uv":[13.75,2.75,14.5,3.0],"rotation":0,"texture":"#0","tintindex":0},"up":{"uv":[13.25,10.875,12.5,10.125],"rotation":0,"texture":"#0","tintindex":0},"down":{"uv":[6.25,12.625,5.5,13.375],"rotation":0,"texture":"#0","tintindex":0}}},{"from":[6.857143,9.271523,6.857143],"to":[9.142858,9.842953,9.142858],"rotation":{"angle":0.0,"axis":"y","origin":[5.142857,8.357238,20.57143]},"faces":{"east":{"uv":[6.0,9.375,6.5,9.5],"rotation":0,"texture":"#0","tintindex":0},"south":{"uv":[6.5,9.375,7.0,9.5],"rotation":0,"texture":"#0","tintindex":0},"north":{"uv":[5.5,9.375,6.0,9.5],"rotation":0,"texture":"#0","tintindex":0},"west":{"uv":[10.5,9.375,11.0,9.5],"rotation":0,"texture":"#0","tintindex":0},"up":{"uv":[13.25,13.75,12.75,13.25],"rotation":0,"texture":"#0","tintindex":0},"down":{"uv":[13.75,13.25,13.25,13.75],"rotation":0,"texture":"#0","tintindex":0}}},{"from":[6.285714,6.9286666,6.285714],"to":[9.714286,7.7858095,9.714286],"rotation":{"angle":0.0,"axis":"y","origin":[22.285715,7.5000954,20.57143]},"faces":{"east":{"uv":[11.75,13.75,12.5,13.9375],"rotation":0,"texture":"#0","tintindex":0},"south":{"uv":[13.75,12.25,14.5,12.4375],"rotation":0,"texture":"#0","tintindex":0},"north":{"uv":[9.875,13.75,10.625,13.9375],"rotation":0,"texture":"#0","tintindex":0},"west":{"uv":[12.5,13.75,13.25,13.9375],"rotation":0,"texture":"#0","tintindex":0},"up":{"uv":[10.0,13.375,9.25,12.625],"rotation":0,"texture":"#0","tintindex":0},"down":{"uv":[10.75,12.625,10.0,13.375],"rotation":0,"texture":"#0","tintindex":0}}},{"from":[6.285714,5.7858095,6.285714],"to":[9.714286,6.9286666,9.714286],"rotation":{"angle":0.0,"axis":"y","origin":[29.142859,7.2143807,20.57143]},"faces":{"east":{"uv":[1.25,13.625,2.0,13.875],"rotation":0,"texture":"#0","tintindex":0},"south":{"uv":[1.25,13.625,2.0,13.875],"rotation":0,"texture":"#0","tintindex":0},"north":{"uv":[1.25,13.625,2.0,13.875],"rotation":0,"texture":"#0","tintindex":0},"west":{"uv":[1.25,13.625,2.0,13.875],"rotation":0,"texture":"#0","tintindex":0},"up":{"uv":[5.5,10.75,4.75,10.0],"rotation":0,"texture":"#0","tintindex":0},"down":{"uv":[13.25,9.375,12.5,10.125],"rotation":0,"texture":"#0","tintindex":0}}},{"from":[6.285714,7.7858095,6.285714],"to":[9.714286,8.071524,9.714286],"rotation":{"angle":45.0,"axis":"y","origin":[8.0,8.214381,8.0]},"faces":{"east":{"uv":[11.75,9.375,12.5,9.4375],"rotation":0,"texture":"#0","tintindex":0},"south":{"uv":[4.375,13.875,5.125,13.9375],"rotation":0,"texture":"#0","tintindex":0},"north":{"uv":[11.0,9.375,11.75,9.4375],"rotation":0,"texture":"#0","tintindex":0},"west":{"uv":[6.125,13.875,6.875,13.9375],"rotation":0,"texture":"#0","tintindex":0},"up":{"uv":[7.0,13.375,6.25,12.625],"rotation":0,"texture":"#0","tintindex":0},"down":{"uv":[7.75,12.625,7.0,13.375],"rotation":0,"texture":"#0","tintindex":0}}},{"from":[6.0,8.099524,6.0],"to":[10.0,8.099524,10.0],"rotation":{"angle":22.5,"axis":"y","origin":[8.0,8.356667,8.0]},"faces":{"east":{"uv":[0.0,0.0,0.75,0.0],"rotation":0,"texture":"#0","tintindex":0},"south":{"uv":[0.0,0.0,0.75,0.0],"rotation":0,"texture":"#0","tintindex":0},"north":{"uv":[0.0,0.0,0.75,0.0],"rotation":0,"texture":"#0","tintindex":0},"west":{"uv":[0.0,0.0,0.75,0.0],"rotation":0,"texture":"#0","tintindex":0},"up":{"uv":[8.5,13.375,7.75,12.625],"rotation":0,"texture":"#0","tintindex":0},"down":{"uv":[8.5,12.625,7.75,13.375],"rotation":0,"texture":"#0","tintindex":0}}}],"display":{"head":{"translation":[0.0,-6.4,0.0],"scale":[4.0,4.0,4.0]}}}