{"textures":{"0":"modelengine:entity/cupid"},"elements":[{"from":[7.7380953,5.9980245,7.762708],"to":[8.252381,11.1408825,8.298423],"rotation":{"angle":0.0,"axis":"y","origin":[6.7238092,5.1408815,14.619852]},"faces":{"east":{"uv":[8.0,9.0,8.25,10.25],"rotation":0,"texture":"#0","tintindex":0},"south":{"uv":[9.0,8.0,9.25,9.25],"rotation":0,"texture":"#0","tintindex":0},"north":{"uv":[7.5,9.0,7.75,10.25],"rotation":0,"texture":"#0","tintindex":0},"west":{"uv":[8.5,9.0,8.75,10.25],"rotation":0,"texture":"#0","tintindex":0},"up":{"uv":[1.25,11.25,1.0,11.0],"rotation":0,"texture":"#0","tintindex":0},"down":{"uv":[11.25,1.0,11.0,1.25],"rotation":0,"texture":"#0","tintindex":0}}},{"from":[7.795238,12.948106,9.576406],"to":[8.223809,14.662392,10.004977],"rotation":{"angle":45.0,"axis":"x","origin":[8.009523,14.23382,9.147834]},"faces":{"east":{"uv":[10.5,0.5,10.75,1.0],"rotation":0,"texture":"#0","tintindex":0},"south":{"uv":[10.5,1.0,10.75,1.5],"rotation":0,"texture":"#0","tintindex":0},"north":{"uv":[10.5,0.0,10.75,0.5],"rotation":0,"texture":"#0","tintindex":0},"west":{"uv":[10.5,1.5,10.75,2.0],"rotation":0,"texture":"#0","tintindex":0},"up":{"uv":[1.75,11.25,1.5,11.0],"rotation":0,"texture":"#0","tintindex":0},"down":{"uv":[11.25,1.5,11.0,1.75],"rotation":0,"texture":"#0","tintindex":0}}},{"from":[7.895238,19.757097,14.565817],"to":[8.109524,20.078526,16.280102],"rotation":{"angle":-22.5,"axis":"x","origin":[8.116667,5.060668,26.85153]},"faces":{"east":{"uv":[8.5,10.5,8.75,11.0],"rotation":270,"texture":"#0","tintindex":0},"south":{"uv":[3.75,11.25,3.5,11.0],"rotation":0,"texture":"#0","tintindex":0},"north":{"uv":[11.25,3.5,11.0,3.75],"rotation":180,"texture":"#0","tintindex":0},"west":{"uv":[9.5,10.5,9.75,11.0],"rotation":90,"texture":"#0","tintindex":0},"up":{"uv":[8.0,10.5,8.25,11.0],"rotation":180,"texture":"#0","tintindex":0},"down":{"uv":[9.0,10.5,9.25,11.0],"rotation":0,"texture":"#0","tintindex":0}}},{"from":[7.895238,2.8258228,8.438125],"to":[8.109524,3.1472516,10.1524105],"rotation":{"angle":22.5,"axis":"x","origin":[8.116667,-0.44203472,9.295267]},"faces":{"east":{"uv":[10.0,10.5,10.25,11.0],"rotation":270,"texture":"#0","tintindex":0},"south":{"uv":[4.25,11.25,4.0,11.0],"rotation":0,"texture":"#0","tintindex":0},"north":{"uv":[11.25,4.0,11.0,4.25],"rotation":180,"texture":"#0","tintindex":0},"west":{"uv":[10.5,10.5,10.75,11.0],"rotation":90,"texture":"#0","tintindex":0},"up":{"uv":[10.5,9.5,10.75,10.0],"rotation":180,"texture":"#0","tintindex":0},"down":{"uv":[10.5,10.0,10.75,10.5],"rotation":0,"texture":"#0","tintindex":0}}},{"from":[7.795238,11.141774,8.615368],"to":[8.223809,13.177488,9.151082],"rotation":{"angle":22.5,"axis":"x","origin":[8.009523,13.284632,8.186796]},"faces":{"east":{"uv":[10.5,2.5,10.75,3.0],"rotation":0,"texture":"#0","tintindex":0},"south":{"uv":[10.5,3.0,10.75,3.5],"rotation":0,"texture":"#0","tintindex":0},"north":{"uv":[10.5,2.0,10.75,2.5],"rotation":0,"texture":"#0","tintindex":0},"west":{"uv":[10.5,3.5,10.75,4.0],"rotation":0,"texture":"#0","tintindex":0},"up":{"uv":[2.25,11.25,2.0,11.0],"rotation":0,"texture":"#0","tintindex":0},"down":{"uv":[11.25,2.0,11.0,2.25],"rotation":0,"texture":"#0","tintindex":0}}},{"from":[7.795238,3.9614182,8.615368],"to":[8.223809,5.997133,9.151082],"rotation":{"angle":-22.5,"axis":"x","origin":[8.009523,3.8542752,8.186796]},"faces":{"east":{"uv":[6.5,10.5,6.75,11.0],"rotation":0,"texture":"#0","tintindex":0},"south":{"uv":[7.0,10.5,7.25,11.0],"rotation":0,"texture":"#0","tintindex":0},"north":{"uv":[6.0,10.5,6.25,11.0],"rotation":0,"texture":"#0","tintindex":0},"west":{"uv":[7.5,10.5,7.75,11.0],"rotation":0,"texture":"#0","tintindex":0},"up":{"uv":[3.25,11.25,3.0,11.0],"rotation":0,"texture":"#0","tintindex":0},"down":{"uv":[11.25,3.0,11.0,3.25],"rotation":0,"texture":"#0","tintindex":0}}},{"from":[7.795238,2.4765153,9.576406],"to":[8.223809,4.1908007,10.004977],"rotation":{"angle":-45.0,"axis":"x","origin":[8.009523,2.905087,9.147834]},"faces":{"east":{"uv":[10.5,4.5,10.75,5.0],"rotation":0,"texture":"#0","tintindex":0},"south":{"uv":[10.5,5.0,10.75,5.5],"rotation":0,"texture":"#0","tintindex":0},"north":{"uv":[10.5,4.0,10.75,4.5],"rotation":0,"texture":"#0","tintindex":0},"west":{"uv":[10.5,5.5,10.75,6.0],"rotation":0,"texture":"#0","tintindex":0},"up":{"uv":[2.75,11.25,2.5,11.0],"rotation":0,"texture":"#0","tintindex":0},"down":{"uv":[11.25,2.5,11.0,2.75],"rotation":0,"texture":"#0","tintindex":0}}},{"from":[7.9809523,1.0081725,10.515757],"to":[7.9809523,2.8653154,12.2300415],"rotation":{"angle":22.5,"axis":"x","origin":[7.5809526,1.9265957,11.430042]},"faces":{"east":{"uv":[11.5,5.5,12.125,6.1875],"rotation":0,"texture":"#0","tintindex":0},"south":{"uv":[0.0,0.0,0.0,0.5],"rotation":0,"texture":"#0","tintindex":0},"north":{"uv":[0.0,0.0,0.0,0.5],"rotation":0,"texture":"#0","tintindex":0},"west":{"uv":[12.125,5.5,11.5,6.1875],"rotation":0,"texture":"#0","tintindex":0},"up":{"uv":[0.0,0.375,0.0,0.0],"rotation":0,"texture":"#0","tintindex":0},"down":{"uv":[0.0,0.0,0.0,0.375],"rotation":0,"texture":"#0","tintindex":0}}},{"from":[7.9809523,12.823011,20.928242],"to":[7.9809523,14.680154,22.642529],"rotation":{"angle":-22.5,"axis":"x","origin":[7.9809523,-11.619848,12.956812]},"faces":{"east":{"uv":[11.5,6.1875,12.125,5.5],"rotation":0,"texture":"#0","tintindex":0},"south":{"uv":[0.0,0.5,0.0,0.0],"rotation":0,"texture":"#0","tintindex":0},"north":{"uv":[0.0,0.5,0.0,0.0],"rotation":0,"texture":"#0","tintindex":0},"west":{"uv":[12.125,6.1875,11.5,5.5],"rotation":0,"texture":"#0","tintindex":0},"up":{"uv":[0.0,0.375,0.0,0.0],"rotation":0,"texture":"#0","tintindex":0},"down":{"uv":[0.0,0.0,0.0,0.375],"rotation":0,"texture":"#0","tintindex":0}}}],"display":{"head":{"translation":[0.0,-6.4,0.0],"scale":[4.0,4.0,4.0]}}}