{"textures":{"0":"minecraft:gamula/cosmetics/balloons/balloon_enderdragon"},"elements":[{"from":[-6.1571436,1.3356051,-1.1560698],"to":[-4.47143,6.4784627,1.7010741],"rotation":{"angle":22.5,"axis":"x","origin":[-6.1714287,3.6213198,0.27250242]},"faces":{"east":{"uv":[6.5,10.25,7.125,11.375],"rotation":0,"texture":"#0","tintindex":0},"south":{"uv":[4.25,11.125,4.625,12.25],"rotation":0,"texture":"#0","tintindex":0},"north":{"uv":[2.125,10.875,2.5,12.0],"rotation":0,"texture":"#0","tintindex":0},"west":{"uv":[7.125,10.25,7.75,11.375],"rotation":0,"texture":"#0","tintindex":0},"up":{"uv":[5.0,7.375,4.625,6.75],"rotation":0,"texture":"#0","tintindex":0},"down":{"uv":[7.375,7.625,7.0,8.25],"rotation":0,"texture":"#0","tintindex":0}}},{"from":[-6.742857,0.96290827,-4.425229],"to":[-3.8857145,2.1057653,0.717628],"rotation":{"angle":0.0,"axis":"y","origin":[-5.314286,3.1634798,-0.7109432]},"faces":{"east":{"uv":[3.25,7.875,4.375,8.125],"rotation":0,"texture":"#0","tintindex":0},"south":{"uv":[11.875,2.125,12.5,2.375],"rotation":0,"texture":"#0","tintindex":0},"north":{"uv":[8.625,1.0,9.25,1.25],"rotation":0,"texture":"#0","tintindex":0},"west":{"uv":[11.0,6.625,12.125,6.875],"rotation":0,"texture":"#0","tintindex":0},"up":{"uv":[0.625,11.5,0.0,10.375],"rotation":0,"texture":"#0","tintindex":0},"down":{"uv":[5.25,10.375,4.625,11.5],"rotation":0,"texture":"#0","tintindex":0}}},{"from":[-6.1714287,5.714286,-0.17142868],"to":[-4.457143,10.857143,2.6857138],"rotation":{"angle":0.0,"axis":"y","origin":[-5.314286,8.0,1.2571425]},"faces":{"east":{"uv":[10.375,5.875,11.0,7.0],"rotation":0,"texture":"#0","tintindex":0},"south":{"uv":[6.5,11.375,6.875,12.5],"rotation":0,"texture":"#0","tintindex":0},"north":{"uv":[11.375,3.625,11.75,4.75],"rotation":0,"texture":"#0","tintindex":0},"west":{"uv":[10.375,10.125,11.0,11.25],"rotation":0,"texture":"#0","tintindex":0},"up":{"uv":[6.125,8.875,5.75,8.25],"rotation":0,"texture":"#0","tintindex":0},"down":{"uv":[12.125,3.625,11.75,4.25],"rotation":0,"texture":"#0","tintindex":0}}},{"from":[1.8285708,0.96290827,-4.425229],"to":[4.685714,2.1057653,0.717628],"rotation":{"angle":0.0,"axis":"y","origin":[3.2571425,3.1634798,-0.7109432]},"faces":{"east":{"uv":[11.375,4.75,12.5,5.0],"rotation":0,"texture":"#0","tintindex":0},"south":{"uv":[2.5,11.875,3.125,12.125],"rotation":0,"texture":"#0","tintindex":0},"north":{"uv":[11.875,2.375,12.5,2.625],"rotation":0,"texture":"#0","tintindex":0},"west":{"uv":[2.5,11.625,3.625,11.875],"rotation":0,"texture":"#0","tintindex":0},"up":{"uv":[11.125,1.75,10.5,0.625],"rotation":0,"texture":"#0","tintindex":0},"down":{"uv":[11.125,1.75,10.5,2.875],"rotation":0,"texture":"#0","tintindex":0}}},{"from":[2.4142857,1.3356051,-1.1560698],"to":[4.1,6.4784627,1.7010741],"rotation":{"angle":22.5,"axis":"x","origin":[4.1142855,3.6213198,0.27250242]},"faces":{"east":{"uv":[2.5,10.5,3.125,11.625],"rotation":0,"texture":"#0","tintindex":0},"south":{"uv":[7.25,11.375,7.625,12.5],"rotation":0,"texture":"#0","tintindex":0},"north":{"uv":[6.875,11.375,7.25,12.5],"rotation":0,"texture":"#0","tintindex":0},"west":{"uv":[3.125,10.5,3.75,11.625],"rotation":0,"texture":"#0","tintindex":0},"up":{"uv":[5.5,12.375,5.125,11.75],"rotation":0,"texture":"#0","tintindex":0},"down":{"uv":[5.875,11.75,5.5,12.375],"rotation":0,"texture":"#0","tintindex":0}}},{"from":[2.3999996,5.714286,-0.17142868],"to":[4.1142855,10.857143,2.6857138],"rotation":{"angle":0.0,"axis":"y","origin":[3.2571425,8.0,1.2571425]},"faces":{"east":{"uv":[8.375,10.5,9.0,11.625],"rotation":0,"texture":"#0","tintindex":0},"south":{"uv":[10.875,11.375,11.25,12.5],"rotation":0,"texture":"#0","tintindex":0},"north":{"uv":[11.375,7.5,11.75,8.625],"rotation":0,"texture":"#0","tintindex":0},"west":{"uv":[10.75,7.875,11.375,9.0],"rotation":0,"texture":"#0","tintindex":0},"up":{"uv":[6.25,12.375,5.875,11.75],"rotation":0,"texture":"#0","tintindex":0},"down":{"uv":[12.125,7.5,11.75,8.125],"rotation":0,"texture":"#0","tintindex":0}}}],"display":{"head":{"translation":[0.0,-6.4,0.0],"scale":[4.0,4.0,4.0]}}}