{"textures":{"0":"minecraft:gamula/cosmetics/balloons/balloon_enderdragon"},"elements":[{"from":[2.6857138,18.556532,5.225977],"to":[3.8285713,19.69939,7.5116916],"rotation":{"angle":45.0,"axis":"x","origin":[6.1142855,19.413675,1.7974057]},"faces":{"east":{"uv":[11.875,5.25,12.375,5.5],"rotation":0,"texture":"#0","tintindex":0},"south":{"uv":[12.125,8.375,12.375,8.625],"rotation":0,"texture":"#0","tintindex":0},"north":{"uv":[12.125,8.125,12.375,8.375],"rotation":0,"texture":"#0","tintindex":0},"west":{"uv":[12.0,6.875,12.5,7.125],"rotation":0,"texture":"#0","tintindex":0},"up":{"uv":[2.375,12.5,2.125,12.0],"rotation":0,"texture":"#0","tintindex":0},"down":{"uv":[12.25,8.625,12.0,9.125],"rotation":0,"texture":"#0","tintindex":0}}},{"from":[2.6857138,18.556532,8.654549],"to":[3.8285713,19.69939,10.940263],"rotation":{"angle":45.0,"axis":"x","origin":[6.1142855,19.413675,1.7974057]},"faces":{"east":{"uv":[12.0,7.125,12.5,7.375],"rotation":0,"texture":"#0","tintindex":0},"south":{"uv":[9.5,12.125,9.75,12.375],"rotation":0,"texture":"#0","tintindex":0},"north":{"uv":[9.25,12.125,9.5,12.375],"rotation":0,"texture":"#0","tintindex":0},"west":{"uv":[12.0,9.125,12.5,9.375],"rotation":0,"texture":"#0","tintindex":0},"up":{"uv":[12.25,9.875,12.0,9.375],"rotation":0,"texture":"#0","tintindex":0},"down":{"uv":[11.5,12.0,11.25,12.5],"rotation":0,"texture":"#0","tintindex":0}}},{"from":[0.95714283,7.8380227,11.641834],"to":[3.242857,8.98088,12.784692],"rotation":{"angle":0.0,"axis":"y","origin":[4.3857145,8.4094515,9.927548]},"faces":{"east":{"uv":[9.75,12.125,10.0,12.375],"rotation":0,"texture":"#0","tintindex":0},"south":{"uv":[1.625,12.125,2.125,12.375],"rotation":0,"texture":"#0","tintindex":0},"north":{"uv":[0.0,12.125,0.5,12.375],"rotation":0,"texture":"#0","tintindex":0},"west":{"uv":[12.125,9.875,12.375,10.125],"rotation":0,"texture":"#0","tintindex":0},"up":{"uv":[2.875,12.375,2.375,12.125],"rotation":0,"texture":"#0","tintindex":0},"down":{"uv":[3.375,12.125,2.875,12.375],"rotation":0,"texture":"#0","tintindex":0}}},{"from":[-1.9000006,7.2665944,9.927548],"to":[-0.757143,8.4094515,12.213263],"rotation":{"angle":45.0,"axis":"y","origin":[-3.0428581,8.4094515,12.213263]},"faces":{"east":{"uv":[12.125,3.625,12.625,3.875],"rotation":0,"texture":"#0","tintindex":0},"south":{"uv":[12.125,10.125,12.375,10.375],"rotation":0,"texture":"#0","tintindex":0},"north":{"uv":[10.0,12.125,10.25,12.375],"rotation":0,"texture":"#0","tintindex":0},"west":{"uv":[12.125,3.875,12.625,4.125],"rotation":0,"texture":"#0","tintindex":0},"up":{"uv":[11.75,12.5,11.5,12.0],"rotation":0,"texture":"#0","tintindex":0},"down":{"uv":[3.625,12.125,3.375,12.625],"rotation":0,"texture":"#0","tintindex":0}}},{"from":[-5.0201607,6.6951656,3.9359598],"to":[-3.8773031,7.8380227,6.221674],"rotation":{"angle":0.0,"axis":"y","origin":[-5.305875,7.2665944,3.364531]},"faces":{"east":{"uv":[12.125,4.125,12.625,4.375],"rotation":0,"texture":"#0","tintindex":0},"south":{"uv":[12.125,10.375,12.375,10.625],"rotation":0,"texture":"#0","tintindex":0},"north":{"uv":[10.25,12.125,10.5,12.375],"rotation":0,"texture":"#0","tintindex":0},"west":{"uv":[12.125,4.375,12.625,4.625],"rotation":0,"texture":"#0","tintindex":0},"up":{"uv":[4.875,12.625,4.625,12.125],"rotation":0,"texture":"#0","tintindex":0},"down":{"uv":[5.125,12.125,4.875,12.625],"rotation":0,"texture":"#0","tintindex":0}}},{"from":[2.6857138,18.556532,12.08312],"to":[3.8285713,19.69939,14.3688345],"rotation":{"angle":45.0,"axis":"x","origin":[6.1142855,19.413675,1.7974057]},"faces":{"east":{"uv":[12.125,5.5,12.625,5.75],"rotation":0,"texture":"#0","tintindex":0},"south":{"uv":[12.125,10.625,12.375,10.875],"rotation":0,"texture":"#0","tintindex":0},"north":{"uv":[10.5,12.125,10.75,12.375],"rotation":0,"texture":"#0","tintindex":0},"west":{"uv":[12.125,5.75,12.625,6.0],"rotation":0,"texture":"#0","tintindex":0},"up":{"uv":[12.375,6.5,12.125,6.0],"rotation":0,"texture":"#0","tintindex":0},"down":{"uv":[12.375,7.375,12.125,7.875],"rotation":0,"texture":"#0","tintindex":0}}}],"display":{"head":{"translation":[0.0,-6.4,0.0],"scale":[4.0,4.0,4.0]}}}