{"textures":{"1":"modelengine:entity/tsunami"},"elements":[{"from":[-3.1428576,8.162146,0.3913374],"to":[19.142857,10.733574,5.5341945],"rotation":{"angle":0.0,"axis":"y","origin":[8.0,8.162146,-0.46580505]},"faces":{"east":{"uv":[2.5,6.0,2.875,6.1875],"rotation":0,"texture":"#1","tintindex":0},"south":{"uv":[6.0,7.6875,7.625,7.875],"rotation":0,"texture":"#1","tintindex":0},"north":{"uv":[4.375,7.6875,6.0,7.875],"rotation":0,"texture":"#1","tintindex":0},"west":{"uv":[1.875,7.375,2.25,7.5625],"rotation":0,"texture":"#1","tintindex":0},"up":{"uv":[8.9375,6.25,7.3125,5.875],"rotation":0,"texture":"#1","tintindex":0},"down":{"uv":[8.9375,6.25,7.3125,6.625],"rotation":0,"texture":"#1","tintindex":0}}},{"from":[-3.1428576,8.162146,5.5341945],"to":[19.142857,12.447861,11.534195],"rotation":{"angle":0.0,"axis":"y","origin":[8.0,8.162146,-0.46580505]},"faces":{"east":{"uv":[2.25,7.8125,2.6875,8.125],"rotation":0,"texture":"#1","tintindex":0},"south":{"uv":[7.375,2.9375,9.0,3.25],"rotation":0,"texture":"#1","tintindex":0},"north":{"uv":[7.375,2.625,9.0,2.9375],"rotation":0,"texture":"#1","tintindex":0},"west":{"uv":[2.6875,7.8125,3.125,8.125],"rotation":0,"texture":"#1","tintindex":0},"up":{"uv":[8.9375,5.4375,7.3125,5.0],"rotation":0,"texture":"#1","tintindex":0},"down":{"uv":[8.9375,5.4375,7.3125,5.875],"rotation":0,"texture":"#1","tintindex":0}}}],"display":{"head":{"translation":[0.0,-6.4,0.0],"scale":[4.0,4.0,4.0]}}}