{"textures":{"0":"modelengine:entity/flying_dutchman_balloon"},"elements":[{"from":[7.428571,-1.8928576,8.285714],"to":[8.571428,9.535714,9.428572],"rotation":{"angle":0.0,"axis":"y","origin":[4.285714,-10.464287,-6.285715]},"faces":{"east":{"uv":[6.1875,6.3125,6.3125,7.5625],"rotation":0,"texture":"#0","tintindex":0},"south":{"uv":[6.3125,6.3125,6.4375,7.5625],"rotation":0,"texture":"#0","tintindex":0},"north":{"uv":[3.1875,6.3125,3.3125,7.5625],"rotation":0,"texture":"#0","tintindex":0},"west":{"uv":[6.4375,5.1875,6.5625,6.4375],"rotation":0,"texture":"#0","tintindex":0},"up":{"uv":[5.6875,7.75,5.5625,7.625],"rotation":0,"texture":"#0","tintindex":0},"down":{"uv":[5.8125,7.625,5.6875,7.75],"rotation":0,"texture":"#0","tintindex":0}}},{"from":[7.714286,9.535714,8.571428],"to":[8.285714,15.821428,9.142858],"rotation":{"angle":0.0,"axis":"y","origin":[4.285714,-10.464287,-6.285715]},"faces":{"east":{"uv":[2.5625,7.375,2.625,8.0625],"rotation":0,"texture":"#0","tintindex":0},"south":{"uv":[2.625,7.375,2.6875,8.0625],"rotation":0,"texture":"#0","tintindex":0},"north":{"uv":[0.9375,7.375,1.0,8.0625],"rotation":0,"texture":"#0","tintindex":0},"west":{"uv":[2.8125,7.375,2.875,8.0625],"rotation":0,"texture":"#0","tintindex":0},"up":{"uv":[7.25,1.9375,7.1875,1.875],"rotation":0,"texture":"#0","tintindex":0},"down":{"uv":[7.0,7.1875,6.9375,7.25],"rotation":0,"texture":"#0","tintindex":0}}},{"from":[-0.57142925,11.964286,6.714286],"to":[16.57143,12.821428,7.5714283],"rotation":{"angle":0.0,"axis":"y","origin":[4.285714,-10.464287,-6.285715]},"faces":{"east":{"uv":[7.5625,7.625,7.6875,7.75],"rotation":0,"texture":"#0","tintindex":0},"south":{"uv":[5.5625,3.75,7.4375,3.875],"rotation":0,"texture":"#0","tintindex":0},"north":{"uv":[5.5625,3.625,7.4375,3.75],"rotation":0,"texture":"#0","tintindex":0},"west":{"uv":[7.6875,0.375,7.8125,0.5],"rotation":0,"texture":"#0","tintindex":0},"up":{"uv":[7.5625,2.625,5.6875,2.5],"rotation":0,"texture":"#0","tintindex":0},"down":{"uv":[7.5625,2.625,5.6875,2.75],"rotation":0,"texture":"#0","tintindex":0}}},{"from":[-0.57142925,2.6785712,6.714286],"to":[16.57143,3.5357141,7.5714283],"rotation":{"angle":0.0,"axis":"y","origin":[4.285714,-10.464287,-6.285715]},"faces":{"east":{"uv":[7.5625,7.625,7.6875,7.75],"rotation":0,"texture":"#0","tintindex":0},"south":{"uv":[5.5625,3.75,7.4375,3.875],"rotation":0,"texture":"#0","tintindex":0},"north":{"uv":[5.5625,3.625,7.4375,3.75],"rotation":0,"texture":"#0","tintindex":0},"west":{"uv":[7.6875,0.375,7.8125,0.5],"rotation":0,"texture":"#0","tintindex":0},"up":{"uv":[7.5625,2.625,5.6875,2.5],"rotation":0,"texture":"#0","tintindex":0},"down":{"uv":[7.5625,2.625,5.6875,2.75],"rotation":0,"texture":"#0","tintindex":0}}}],"display":{"head":{"translation":[0.0,-6.4,0.0],"scale":[4.0,4.0,4.0]}}}