{"textures":{"0":"modelengine:entity/flying_dutchman_balloon"},"elements":[{"from":[8.0,4.285714,8.0],"to":[10.285714,11.714286,13.657143],"rotation":{"angle":0.0,"axis":"y","origin":[16.0,3.142857,-8.428572]},"faces":{"east":{"uv":[0.8125,4.8125,1.4375,5.625],"rotation":0,"texture":"#0","tintindex":0},"south":{"uv":[4.875,5.8125,5.125,6.625],"rotation":0,"texture":"#0","tintindex":0},"north":{"uv":[4.625,5.8125,4.875,6.625],"rotation":0,"texture":"#0","tintindex":0},"west":{"uv":[1.4375,4.8125,2.0625,5.625],"rotation":0,"texture":"#0","tintindex":0},"up":{"uv":[1.1875,6.9375,0.9375,6.3125],"rotation":0,"texture":"#0","tintindex":0},"down":{"uv":[1.4375,6.3125,1.1875,6.9375],"rotation":0,"texture":"#0","tintindex":0}}},{"from":[7.370466,11.714286,8.1305065],"to":[8.513324,12.857143,13.787649],"rotation":{"angle":0.0,"axis":"y","origin":[16.0,3.142857,-8.428572]},"faces":{"east":{"uv":[6.9375,6.0,7.5625,6.125],"rotation":0,"texture":"#0","tintindex":0},"south":{"uv":[4.5,7.625,4.625,7.75],"rotation":0,"texture":"#0","tintindex":0},"north":{"uv":[4.125,7.625,4.25,7.75],"rotation":0,"texture":"#0","tintindex":0},"west":{"uv":[7.0,0.25,7.625,0.375],"rotation":0,"texture":"#0","tintindex":0},"up":{"uv":[1.6875,7.625,1.5625,7.0],"rotation":0,"texture":"#0","tintindex":0},"down":{"uv":[1.8125,7.0,1.6875,7.625],"rotation":0,"texture":"#0","tintindex":0}}},{"from":[7.6895843,12.857143,9.259068],"to":[8.261013,14.571428,9.830497],"rotation":{"angle":0.0,"axis":"y","origin":[15.976261,3.142857,-7.585725]},"faces":{"east":{"uv":[7.0,7.6875,7.0625,7.875],"rotation":0,"texture":"#0","tintindex":0},"south":{"uv":[7.0625,7.6875,7.125,7.875],"rotation":0,"texture":"#0","tintindex":0},"north":{"uv":[7.6875,6.9375,7.75,7.125],"rotation":0,"texture":"#0","tintindex":0},"west":{"uv":[7.125,7.6875,7.1875,7.875],"rotation":0,"texture":"#0","tintindex":0},"up":{"uv":[6.5625,1.625,6.5,1.5625],"rotation":0,"texture":"#0","tintindex":0},"down":{"uv":[6.5625,3.0,6.5,3.0625],"rotation":0,"texture":"#0","tintindex":0}}},{"from":[7.6895843,12.857143,10.973353],"to":[8.261013,14.571428,11.544783],"rotation":{"angle":0.0,"axis":"y","origin":[15.976261,3.142857,-7.585725]},"faces":{"east":{"uv":[7.0,7.6875,7.0625,7.875],"rotation":0,"texture":"#0","tintindex":0},"south":{"uv":[7.0625,7.6875,7.125,7.875],"rotation":0,"texture":"#0","tintindex":0},"north":{"uv":[7.6875,6.9375,7.75,7.125],"rotation":0,"texture":"#0","tintindex":0},"west":{"uv":[7.125,7.6875,7.1875,7.875],"rotation":0,"texture":"#0","tintindex":0},"up":{"uv":[6.5625,1.625,6.5,1.5625],"rotation":0,"texture":"#0","tintindex":0},"down":{"uv":[6.5625,3.0,6.5,3.0625],"rotation":0,"texture":"#0","tintindex":0}}},{"from":[7.6895847,14.571428,8.116211],"to":[8.261013,15.142858,12.687639],"rotation":{"angle":0.0,"axis":"y","origin":[16.033405,3.142857,-8.157154]},"faces":{"east":{"uv":[6.0,1.5625,6.5,1.625],"rotation":0,"texture":"#0","tintindex":0},"south":{"uv":[2.0,6.6875,2.0625,6.75],"rotation":0,"texture":"#0","tintindex":0},"north":{"uv":[1.9375,6.6875,2.0,6.75],"rotation":0,"texture":"#0","tintindex":0},"west":{"uv":[7.25,4.3125,7.75,4.375],"rotation":0,"texture":"#0","tintindex":0},"up":{"uv":[3.0,6.3125,2.9375,5.8125],"rotation":0,"texture":"#0","tintindex":0},"down":{"uv":[7.375,7.5,7.3125,8.0],"rotation":0,"texture":"#0","tintindex":0}}}],"display":{"head":{"translation":[0.0,-6.4,0.0],"scale":[4.0,4.0,4.0]}}}