{"textures":{"0":"modelengine:entity/amethystgolem"},"elements":[{"from":[11.714286,-0.8571434,2.2857141],"to":[19.142857,11.714286,12.0],"rotation":{"angle":0.0,"axis":"y","origin":[-1.2134647,9.826583,14.6308]},"faces":{"east":{"uv":[7.5,5.5625,8.5625,6.9375],"rotation":0,"texture":"#0","tintindex":0},"south":{"uv":[8.5625,8.0,9.375,9.375],"rotation":0,"texture":"#0","tintindex":0},"north":{"uv":[8.5625,6.625,9.375,8.0],"rotation":0,"texture":"#0","tintindex":0},"west":{"uv":[7.5,6.9375,8.5625,8.3125],"rotation":0,"texture":"#0","tintindex":0},"up":{"uv":[6.6875,11.1875,5.875,10.125],"rotation":0,"texture":"#0","tintindex":0},"down":{"uv":[11.0,9.375,10.1875,10.4375],"rotation":0,"texture":"#0","tintindex":0}}},{"from":[17.2343,1.949048,6.285714],"to":[21.2343,5.949048,10.857143],"rotation":{"angle":-22.5,"axis":"z","origin":[-1.2134647,9.826583,14.6308]},"faces":{"east":{"uv":[10.625,13.0,11.125,13.4375],"rotation":0,"texture":"#0","tintindex":0},"south":{"uv":[13.25,2.125,13.6875,2.5625],"rotation":0,"texture":"#0","tintindex":0},"north":{"uv":[7.25,13.1875,7.6875,13.625],"rotation":0,"texture":"#0","tintindex":0},"west":{"uv":[13.0625,4.75,13.5625,5.1875],"rotation":0,"texture":"#0","tintindex":0},"up":{"uv":[6.6875,13.5625,6.25,13.0625],"rotation":0,"texture":"#0","tintindex":0},"down":{"uv":[13.5,12.125,13.0625,12.625],"rotation":0,"texture":"#0","tintindex":0}}},{"from":[8.285714,2.5714283,4.0],"to":[11.714286,11.714286,10.857143],"rotation":{"angle":0.0,"axis":"y","origin":[-1.2134647,9.826583,14.6308]},"faces":{"east":{"uv":[10.5625,8.25,11.3125,9.25],"rotation":0,"texture":"#0","tintindex":0},"south":{"uv":[4.375,6.375,4.75,7.375],"rotation":0,"texture":"#0","tintindex":0},"north":{"uv":[1.75,3.25,2.125,4.25],"rotation":0,"texture":"#0","tintindex":0},"west":{"uv":[8.6875,10.5625,9.4375,11.5625],"rotation":0,"texture":"#0","tintindex":0},"up":{"uv":[9.8125,13.4375,9.4375,12.6875],"rotation":0,"texture":"#0","tintindex":0},"down":{"uv":[13.0625,12.125,12.6875,12.875],"rotation":0,"texture":"#0","tintindex":0}}}],"display":{"head":{"translation":[0.0,-6.4,0.0],"scale":[4.0,4.0,4.0]}}}