{"textures":{"0":"modelengine:entity/amethystgolem"},"elements":[{"from":[6.0,-0.8571434,5.714286],"to":[13.428572,7.142857,12.571428],"rotation":{"angle":0.0,"axis":"y","origin":[-12.656303,17.53272,13.368929]},"faces":{"east":{"uv":[11.125,10.75,11.875,11.625],"rotation":0,"texture":"#0","tintindex":0},"south":{"uv":[10.8125,2.8125,11.625,3.6875],"rotation":0,"texture":"#0","tintindex":0},"north":{"uv":[2.875,10.75,3.6875,11.625],"rotation":0,"texture":"#0","tintindex":0},"west":{"uv":[5.625,11.1875,6.375,12.0625],"rotation":0,"texture":"#0","tintindex":0},"up":{"uv":[10.8125,12.0,10.0,11.25],"rotation":0,"texture":"#0","tintindex":0},"down":{"uv":[12.125,8.25,11.3125,9.0],"rotation":0,"texture":"#0","tintindex":0}}},{"from":[6.0,-6.000001,5.714286],"to":[12.285715,-0.8571434,10.285714],"rotation":{"angle":0.0,"axis":"y","origin":[-12.656303,17.53272,13.368929]},"faces":{"east":{"uv":[12.75,3.3125,13.25,3.875],"rotation":0,"texture":"#0","tintindex":0},"south":{"uv":[12.0,12.25,12.6875,12.8125],"rotation":0,"texture":"#0","tintindex":0},"north":{"uv":[8.3125,12.25,9.0,12.8125],"rotation":0,"texture":"#0","tintindex":0},"west":{"uv":[12.75,10.0,13.25,10.5625],"rotation":0,"texture":"#0","tintindex":0},"up":{"uv":[11.4375,13.0,10.75,12.5],"rotation":0,"texture":"#0","tintindex":0},"down":{"uv":[13.25,11.1875,12.5625,11.6875],"rotation":0,"texture":"#0","tintindex":0}}}],"display":{"head":{"translation":[0.0,-6.4,0.0],"scale":[4.0,4.0,4.0]}}}