{"textures":{"0":"modelengine:entity/amethystgolem"},"elements":[{"from":[4.285714,8.0,4.285714],"to":[11.714286,14.285715,15.142858],"rotation":{"angle":0.0,"axis":"y","origin":[8.285714,-2.285715,8.285714]},"faces":{"east":{"uv":[10.3125,0.0,11.5,0.6875],"rotation":0,"texture":"#0","tintindex":0},"south":{"uv":[11.625,2.6875,12.4375,3.375],"rotation":0,"texture":"#0","tintindex":0},"north":{"uv":[8.625,11.5625,9.4375,12.25],"rotation":0,"texture":"#0","tintindex":0},"west":{"uv":[10.3125,0.6875,11.5,1.375],"rotation":0,"texture":"#0","tintindex":0},"up":{"uv":[3.0,10.25,2.1875,9.0625],"rotation":0,"texture":"#0","tintindex":0},"down":{"uv":[9.4375,9.375,8.625,10.5625],"rotation":0,"texture":"#0","tintindex":0}}}],"display":{"head":{"translation":[0.0,-6.4,0.0],"scale":[4.0,4.0,4.0]}}}