{"textures":{"0":"modelengine:entity/skog"},"elements":[{"name":"cube","from":[7.91555,-0.7280407,11.324198],"to":[9.11555,1.6719594,16.724197],"rotation":{"angle":22.5,"axis":"x","origin":[6.4825945,7.6637163,11.489298]},"faces":{"down":{"uv":[12.373,3.877,11.8145,3.998],"rotation":270,"texture":"#0","tintindex":0},"east":{"uv":[12.002,6.002,12.5605,6.248],"rotation":0,"texture":"#0","tintindex":0},"north":{"uv":[8.627,9.3145,8.748,9.5605],"rotation":0,"texture":"#0","tintindex":0},"south":{"uv":[8.627,9.0645,8.748,9.3105],"rotation":0,"texture":"#0","tintindex":0},"up":{"uv":[11.8105,3.6855,11.252,3.5645],"rotation":90,"texture":"#0","tintindex":0},"west":{"uv":[12.002,6.252,12.5605,6.498],"rotation":0,"texture":"#0","tintindex":0}}},{"name":"cube","from":[7.31555,0.049334764,7.179074],"to":[9.715549,7.849335,9.579075],"rotation":{"angle":0.0,"axis":"x","origin":[4.0825944,12.163716,9.689297]},"faces":{"down":{"uv":[12.3105,9.127,12.0645,9.373],"rotation":270,"texture":"#0","tintindex":0},"east":{"uv":[11.752,2.1895,11.998,2.998],"rotation":0,"texture":"#0","tintindex":0},"north":{"uv":[6.377,11.8145,6.623,12.623],"rotation":0,"texture":"#0","tintindex":0},"south":{"uv":[11.752,6.4395,11.998,7.248],"rotation":0,"texture":"#0","tintindex":0},"up":{"uv":[12.3105,9.123,12.0645,8.877],"rotation":90,"texture":"#0","tintindex":0},"west":{"uv":[11.8145,3.002,12.0605,3.8105],"rotation":0,"texture":"#0","tintindex":0}}}],"display":{"head":{"translation":[0.0,-6.4,0.0],"rotation":[0.0,0.0,0.0],"scale":[3.8095,3.8095,3.8095]}}}