{"textures":{"0":"modelengine:entity/skog"},"elements":[{"from":[6.768032,-1.669158,9.610192],"to":[7.9108896,0.6165557,14.75305],"rotation":{"angle":22.5,"axis":"x","origin":[1.8101449,4.275435,13.872713]},"faces":{"east":{"uv":[11.877,0.4395,12.4355,0.6855],"rotation":0,"texture":"#0","tintindex":0},"south":{"uv":[5.877,2.877,5.998,3.123],"rotation":0,"texture":"#0","tintindex":0},"north":{"uv":[5.877,3.127,5.998,3.373],"rotation":0,"texture":"#0","tintindex":0},"west":{"uv":[11.877,9.9395,12.4355,10.1855],"rotation":0,"texture":"#0","tintindex":0},"up":{"uv":[9.8105,5.498,9.252,5.377],"rotation":90,"texture":"#0","tintindex":0},"down":{"uv":[10.373,5.377,9.8145,5.498],"rotation":270,"texture":"#0","tintindex":0}}},{"from":[6.196604,0.48636198,6.758517],"to":[8.482318,7.9149337,9.044231],"rotation":{"angle":0.0,"axis":"y","origin":[-0.47556973,8.56115,12.158427]},"faces":{"east":{"uv":[10.252,11.627,10.498,12.4355],"rotation":0,"texture":"#0","tintindex":0},"south":{"uv":[1.4395,11.6895,1.6855,12.498],"rotation":0,"texture":"#0","tintindex":0},"north":{"uv":[11.6895,10.5645,11.9355,11.373],"rotation":0,"texture":"#0","tintindex":0},"west":{"uv":[4.252,11.6895,4.498,12.498],"rotation":0,"texture":"#0","tintindex":0},"up":{"uv":[12.3105,8.623,12.0645,8.377],"rotation":90,"texture":"#0","tintindex":0},"down":{"uv":[12.3105,8.627,12.0645,8.873],"rotation":270,"texture":"#0","tintindex":0}}}],"display":{"head":{"translation":[0.0,-6.4,0.0],"scale":[4.0,4.0,4.0]}}}