{"textures":{"0":"modelengine:entity/wizard"},"elements":[{"from":[5.0,9.714286,5.714286],"to":[11.0,14.285715,10.285714],"rotation":{"angle":0.0,"axis":"y","origin":[8.0,0.0,8.0]},"faces":{"east":{"uv":[2.125,6.5,2.625,7.0],"rotation":0,"texture":"#0","tintindex":0},"south":{"uv":[2.3125,6.0,3.0,6.5],"rotation":0,"texture":"#0","tintindex":0},"north":{"uv":[1.625,6.0,2.3125,6.5],"rotation":0,"texture":"#0","tintindex":0},"west":{"uv":[2.625,6.5,3.125,7.0],"rotation":0,"texture":"#0","tintindex":0},"up":{"uv":[3.6875,6.5,3.0,6.0],"rotation":0,"texture":"#0","tintindex":0},"down":{"uv":[6.8125,1.625,6.125,2.125],"rotation":0,"texture":"#0","tintindex":0}}},{"from":[11.999429,4.5714283,5.771428],"to":[12.570858,8.571428,10.228572],"rotation":{"angle":22.5,"axis":"z","origin":[10.999429,4.714286,8.0]},"faces":{"east":{"uv":[5.5,7.0,6.0,7.3125],"rotation":0,"texture":"#0","tintindex":0},"south":{"uv":[6.25,8.125,6.3125,8.4375],"rotation":0,"texture":"#0","tintindex":0},"north":{"uv":[2.8125,8.125,2.875,8.4375],"rotation":0,"texture":"#0","tintindex":0},"west":{"uv":[0.0,7.0625,0.5,7.375],"rotation":0,"texture":"#0","tintindex":0},"up":{"uv":[1.5,7.375,1.4375,6.875],"rotation":0,"texture":"#0","tintindex":0},"down":{"uv":[1.5,7.375,1.4375,7.875],"rotation":0,"texture":"#0","tintindex":0}}},{"from":[11.999429,3.4285712,6.285714],"to":[12.570858,4.5714283,9.714286],"rotation":{"angle":22.5,"axis":"z","origin":[10.999429,4.714286,8.0]},"faces":{"east":{"uv":[7.8125,6.625,8.1875,6.75],"rotation":0,"texture":"#0","tintindex":0},"south":{"uv":[6.0,8.0,6.0625,8.125],"rotation":0,"texture":"#0","tintindex":0},"north":{"uv":[3.5625,8.0,3.625,8.125],"rotation":0,"texture":"#0","tintindex":0},"west":{"uv":[7.9375,2.0625,8.3125,2.1875],"rotation":0,"texture":"#0","tintindex":0},"up":{"uv":[1.5,8.25,1.4375,7.875],"rotation":0,"texture":"#0","tintindex":0},"down":{"uv":[6.375,7.9375,6.3125,8.3125],"rotation":0,"texture":"#0","tintindex":0}}},{"from":[3.4291425,4.5714283,5.771428],"to":[4.0005713,8.571428,10.228572],"rotation":{"angle":-22.5,"axis":"z","origin":[5.0005713,4.714286,8.0]},"faces":{"east":{"uv":[0.5,7.0625,0.0,7.375],"rotation":0,"texture":"#0","tintindex":0},"south":{"uv":[6.3125,8.125,6.25,8.4375],"rotation":0,"texture":"#0","tintindex":0},"north":{"uv":[2.875,8.125,2.8125,8.4375],"rotation":0,"texture":"#0","tintindex":0},"west":{"uv":[6.0,7.0,5.5,7.3125],"rotation":0,"texture":"#0","tintindex":0},"up":{"uv":[1.4375,7.375,1.5,6.875],"rotation":0,"texture":"#0","tintindex":0},"down":{"uv":[1.4375,7.375,1.5,7.875],"rotation":0,"texture":"#0","tintindex":0}}},{"from":[3.4291425,3.4285712,6.285714],"to":[4.0005713,4.5714283,9.714286],"rotation":{"angle":-22.5,"axis":"z","origin":[5.0005713,4.714286,8.0]},"faces":{"east":{"uv":[8.3125,2.0625,7.9375,2.1875],"rotation":0,"texture":"#0","tintindex":0},"south":{"uv":[6.0625,8.0,6.0,8.125],"rotation":0,"texture":"#0","tintindex":0},"north":{"uv":[3.625,8.0,3.5625,8.125],"rotation":0,"texture":"#0","tintindex":0},"west":{"uv":[8.1875,6.625,7.8125,6.75],"rotation":0,"texture":"#0","tintindex":0},"up":{"uv":[1.4375,8.25,1.5,7.875],"rotation":0,"texture":"#0","tintindex":0},"down":{"uv":[6.3125,7.9375,6.375,8.3125],"rotation":0,"texture":"#0","tintindex":0}}},{"from":[5.0,8.571428,5.714286],"to":[11.0,9.714286,10.285714],"rotation":{"angle":0.0,"axis":"y","origin":[8.0,1.1428566,8.0]},"faces":{"east":{"uv":[2.0,7.75,2.5,7.875],"rotation":0,"texture":"#0","tintindex":0},"south":{"uv":[0.0,7.6875,0.625,7.8125],"rotation":0,"texture":"#0","tintindex":0},"north":{"uv":[7.375,7.625,8.0,7.75],"rotation":0,"texture":"#0","tintindex":0},"west":{"uv":[7.75,4.25,8.25,4.375],"rotation":0,"texture":"#0","tintindex":0},"up":{"uv":[6.75,3.75,6.125,3.25],"rotation":0,"texture":"#0","tintindex":0},"down":{"uv":[6.75,3.75,6.125,4.25],"rotation":0,"texture":"#0","tintindex":0}}},{"from":[5.714286,10.0,9.0],"to":[10.285714,12.857143,10.714286],"rotation":{"angle":22.5,"axis":"x","origin":[8.0,10.285714,13.142858]},"faces":{"east":{"uv":[4.5,7.625,4.6875,7.9375],"rotation":0,"texture":"#0","tintindex":0},"south":{"uv":[7.0625,0.9375,7.5625,1.25],"rotation":0,"texture":"#0","tintindex":0},"north":{"uv":[0.5,7.0625,1.0,7.375],"rotation":0,"texture":"#0","tintindex":0},"west":{"uv":[3.75,7.875,3.9375,8.1875],"rotation":0,"texture":"#0","tintindex":0},"up":{"uv":[7.9375,6.9375,7.4375,6.75],"rotation":0,"texture":"#0","tintindex":0},"down":{"uv":[7.9375,6.9375,7.4375,7.125],"rotation":0,"texture":"#0","tintindex":0}}},{"from":[7.142857,8.428572,5.285714],"to":[8.857143,10.142858,6.285714],"rotation":{"angle":22.5,"axis":"x","origin":[8.0,9.142858,5.428571]},"faces":{"east":{"uv":[0.9375,8.125,1.0625,8.3125],"rotation":0,"texture":"#0","tintindex":0},"south":{"uv":[4.875,8.0625,5.0625,8.25],"rotation":0,"texture":"#0","tintindex":0},"north":{"uv":[4.6875,8.0625,4.875,8.25],"rotation":0,"texture":"#0","tintindex":0},"west":{"uv":[8.125,1.625,8.25,1.8125],"rotation":0,"texture":"#0","tintindex":0},"up":{"uv":[2.25,8.25,2.0625,8.125],"rotation":0,"texture":"#0","tintindex":0},"down":{"uv":[2.4375,8.125,2.25,8.25],"rotation":0,"texture":"#0","tintindex":0}}},{"from":[7.142857,8.428572,9.714286],"to":[8.857143,10.142858,10.714286],"rotation":{"angle":-22.5,"axis":"x","origin":[8.0,9.142858,10.571428]},"faces":{"east":{"uv":[1.0625,8.125,0.9375,8.3125],"rotation":0,"texture":"#0","tintindex":0},"south":{"uv":[4.875,8.0625,4.6875,8.25],"rotation":0,"texture":"#0","tintindex":0},"north":{"uv":[5.0625,8.0625,4.875,8.25],"rotation":0,"texture":"#0","tintindex":0},"west":{"uv":[8.25,1.625,8.125,1.8125],"rotation":0,"texture":"#0","tintindex":0},"up":{"uv":[2.25,8.125,2.0625,8.25],"rotation":0,"texture":"#0","tintindex":0},"down":{"uv":[2.4375,8.25,2.25,8.125],"rotation":0,"texture":"#0","tintindex":0}}},{"from":[5.285714,4.428571,5.8571424],"to":[10.714286,9.0,6.285714],"rotation":{"angle":22.5,"axis":"x","origin":[8.0,9.142858,5.428571]},"faces":{"east":{"uv":[6.5,8.125,6.5625,8.4375],"rotation":0,"texture":"#0","tintindex":0},"south":{"uv":[7.625,1.625,7.1875,1.9375],"rotation":0,"texture":"#0","tintindex":0},"north":{"uv":[7.1875,1.625,7.625,1.9375],"rotation":0,"texture":"#0","tintindex":0},"west":{"uv":[7.25,8.125,7.3125,8.4375],"rotation":0,"texture":"#0","tintindex":0},"up":{"uv":[8.4375,0.8125,8.0,0.75],"rotation":0,"texture":"#0","tintindex":0},"down":{"uv":[8.5,2.3125,8.0625,2.375],"rotation":0,"texture":"#0","tintindex":0}}},{"from":[6.142857,3.2857141,5.8571424],"to":[9.857143,4.428571,6.285714],"rotation":{"angle":22.5,"axis":"x","origin":[8.0,9.142858,5.428571]},"faces":{"east":{"uv":[0.25,8.1875,0.3125,8.3125],"rotation":0,"texture":"#0","tintindex":0},"south":{"uv":[8.375,1.25,8.0625,1.375],"rotation":0,"texture":"#0","tintindex":0},"north":{"uv":[8.0625,1.25,8.375,1.375],"rotation":0,"texture":"#0","tintindex":0},"west":{"uv":[0.875,8.1875,0.9375,8.3125],"rotation":0,"texture":"#0","tintindex":0},"up":{"uv":[7.625,8.1875,7.3125,8.125],"rotation":0,"texture":"#0","tintindex":0},"down":{"uv":[7.9375,8.125,7.625,8.1875],"rotation":0,"texture":"#0","tintindex":0}}},{"from":[5.285714,4.428571,9.714286],"to":[10.714286,9.0,10.142858],"rotation":{"angle":-22.5,"axis":"x","origin":[8.0,9.142858,10.571428]},"faces":{"east":{"uv":[6.5625,8.125,6.5,8.4375],"rotation":0,"texture":"#0","tintindex":0},"south":{"uv":[7.625,1.625,7.1875,1.9375],"rotation":0,"texture":"#0","tintindex":0},"north":{"uv":[7.625,1.625,7.1875,1.9375],"rotation":0,"texture":"#0","tintindex":0},"west":{"uv":[7.3125,8.125,7.25,8.4375],"rotation":0,"texture":"#0","tintindex":0},"up":{"uv":[8.4375,0.75,8.0,0.8125],"rotation":0,"texture":"#0","tintindex":0},"down":{"uv":[8.5,2.375,8.0625,2.3125],"rotation":0,"texture":"#0","tintindex":0}}},{"from":[6.142857,3.2857141,9.714286],"to":[9.857143,4.428571,10.142858],"rotation":{"angle":-22.5,"axis":"x","origin":[8.0,9.142858,10.571428]},"faces":{"east":{"uv":[0.3125,8.1875,0.25,8.3125],"rotation":0,"texture":"#0","tintindex":0},