{"textures":{"0":"modelengine:entity/summerpirate"},"elements":[{"from":[10.146109,8.982288,8.179718],"to":[10.990977,14.0515,9.024587],"rotation":{"angle":0.0,"axis":"y","origin":[8.456371,1.5053282,3.1105065]},"faces":{"east":{"uv":[1.9375,3.25,2.0,3.625],"rotation":0,"texture":"#0","tintindex":0},"south":{"uv":[2.5,3.25,2.5625,3.625],"rotation":0,"texture":"#0","tintindex":0},"north":{"uv":[3.0,3.1875,3.0625,3.5625],"rotation":0,"texture":"#0","tintindex":0},"west":{"uv":[2.5625,3.25,2.625,3.625],"rotation":0,"texture":"#0","tintindex":0},"up":{"uv":[0.625,2.9375,0.5625,2.875],"rotation":0,"texture":"#0","tintindex":0},"down":{"uv":[2.5,3.5,2.4375,3.5625],"rotation":0,"texture":"#0","tintindex":0}}},{"from":[10.146109,8.982288,-2.8035727],"to":[10.990977,14.0515,-1.958705],"rotation":{"angle":0.0,"axis":"y","origin":[8.456371,1.5053282,3.1105065]},"faces":{"east":{"uv":[1.3125,3.3125,1.375,3.6875],"rotation":0,"texture":"#0","tintindex":0},"south":{"uv":[1.375,3.3125,1.4375,3.6875],"rotation":0,"texture":"#0","tintindex":0},"north":{"uv":[0.75,3.3125,0.8125,3.6875],"rotation":0,"texture":"#0","tintindex":0},"west":{"uv":[1.4375,3.3125,1.5,3.6875],"rotation":0,"texture":"#0","tintindex":0},"up":{"uv":[1.0625,3.625,1.0,3.5625],"rotation":0,"texture":"#0","tintindex":0},"down":{"uv":[1.125,3.5625,1.0625,3.625],"rotation":0,"texture":"#0","tintindex":0}}},{"from":[4.9253316,7.9633584,-3.2260084],"to":[8.304806,11.342833,-1.958705],"rotation":{"angle":45.0,"axis":"z","origin":[8.1832905,11.010099,-2.8035727]},"faces":{"east":{"uv":[1.5,3.3125,1.59375,3.5625],"rotation":0,"texture":"#0","tintindex":0},"south":{"uv":[0.5625,3.0625,0.8125,3.3125],"rotation":0,"texture":"#0","tintindex":0},"north":{"uv":[3.0625,0.375,3.3125,0.625],"rotation":0,"texture":"#0","tintindex":0},"west":{"uv":[1.625,3.3125,1.71875,3.5625],"rotation":0,"texture":"#0","tintindex":0},"up":{"uv":[3.5625,3.28125,3.3125,3.1875],"rotation":0,"texture":"#0","tintindex":0},"down":{"uv":[3.5625,3.3125,3.3125,3.40625],"rotation":0,"texture":"#0","tintindex":0}}},{"from":[10.146109,13.206632,5.6451125],"to":[10.990977,14.0515,8.179718],"rotation":{"angle":0.0,"axis":"y","origin":[8.456371,1.5053282,3.1105065]},"faces":{"east":{"uv":[0.625,2.5,0.8125,2.5625],"rotation":0,"texture":"#0","tintindex":0},"south":{"uv":[1.1875,3.5625,1.25,3.625],"rotation":0,"texture":"#0","tintindex":0},"north":{"uv":[1.125,3.5625,1.1875,3.625],"rotation":0,"texture":"#0","tintindex":0},"west":{"uv":[3.375,3.125,3.5625,3.1875],"rotation":0,"texture":"#0","tintindex":0},"up":{"uv":[1.8125,3.625,1.75,3.4375],"rotation":0,"texture":"#0","tintindex":0},"down":{"uv":[1.875,3.4375,1.8125,3.625],"rotation":0,"texture":"#0","tintindex":0}}},{"from":[10.146109,13.206632,-1.958705],"to":[10.990977,14.0515,0.57590055],"rotation":{"angle":0.0,"axis":"y","origin":[8.456371,1.5053282,3.1105065]},"faces":{"east":{"uv":[3.4375,0.25,3.625,0.3125],"rotation":0,"texture":"#0","tintindex":0},"south":{"uv":[1.5625,3.5625,1.625,3.625],"rotation":0,"texture":"#0","tintindex":0},"north":{"uv":[1.5,3.5625,1.5625,3.625],"rotation":0,"texture":"#0","tintindex":0},"west":{"uv":[3.4375,0.3125,3.625,0.375],"rotation":0,"texture":"#0","tintindex":0},"up":{"uv":[1.9375,3.625,1.875,3.4375],"rotation":0,"texture":"#0","tintindex":0},"down":{"uv":[2.0625,3.4375,2.0,3.625],"rotation":0,"texture":"#0","tintindex":0}}},{"from":[10.146109,14.0515,-0.26896763],"to":[10.990977,14.896368,6.489981],"rotation":{"angle":0.0,"axis":"y","origin":[8.456371,1.5053282,3.1105065]},"faces":{"east":{"uv":[3.1875,1.625,3.6875,1.6875],"rotation":0,"texture":"#0","tintindex":0},"south":{"uv":[1.6875,3.5625,1.75,3.625],"rotation":0,"texture":"#0","tintindex":0},"north":{"uv":[1.625,3.5625,1.6875,3.625],"rotation":0,"texture":"#0","tintindex":0},"west":{"uv":[3.1875,1.6875,3.6875,1.75],"rotation":0,"texture":"#0","tintindex":0},"up":{"uv":[1.0,2.25,0.9375,1.75],"rotation":0,"texture":"#0","tintindex":0},"down":{"uv":[3.0,3.1875,2.9375,3.6875],"rotation":0,"texture":"#0","tintindex":0}}},{"from":[5.9217653,8.982288,8.179718],"to":[10.146109,13.6290655,8.602153],"rotation":{"angle":0.0,"axis":"y","origin":[7.6115026,1.5053282,3.1105065]},"faces":{"east":{"uv":[2.0625,3.4375,2.09375,3.78125],"rotation":0,"texture":"#0","tintindex":0},"south":{"uv":[2.75,0.0,3.0625,0.34375],"rotation":0,"texture":"#0","tintindex":0},"north":{"uv":[2.625,2.625,2.9375,2.96875],"rotation":0,"texture":"#0","tintindex":0},"west":{"uv":[2.75,3.4375,2.78125,3.78125],"rotation":0,"texture":"#0","tintindex":0},"up":{"uv":[3.75,2.59375,3.4375,2.5625],"rotation":0,"texture":"#0","tintindex":0},"down":{"uv":[3.5625,3.4375,3.25,3.46875],"rotation":0,"texture":"#0","tintindex":0}}},{"from":[5.9217653,13.206632,6.067547],"to":[10.146109,13.6290655,8.179718],"rotation":{"angle":0.0,"axis":"y","origin":[7.6115026,1.5053282,3.1105065]},"faces":{"east":{"uv":[3.5625,0.1875,3.71875,0.21875],"rotation":0,"texture":"#0","tintindex":0},"south":{"uv":[0.8125,3.5,1.125,3.53125],"rotation":0,"texture":"#0","tintindex":0},"north":{"uv":[0.375,3.5,0.6875,3.53125],"rotation":0,"texture":"#0","tintindex":0},"west":{"uv":[0.3125,3.5625,0.46875,3.59375],"rotation":0,"texture":"#0","tintindex":0},"up":{"uv":[2.0,3.21875,1.6875,3.0625],"rotation":0,"texture":"#0","tintindex":0},"down":{"uv":[3.375,2.0,3.0625,2.15625],"rotation":0,"texture":"#0","tintindex":0}}},{"from":[5.9217653,13.6290655,0.1534667],"to":[10.146109,14.473934,6.067547],"rotation":{"angle":0.0,"axis":"y","origin":[7.6115026,1.5053282,3.1105065]},"faces":{"east":{"uv":[1.3125,3.25,1.75,3.3125],"rotation":0,"texture":"#0","tintindex":0},"south":{"uv":[3.3125,0.5625,3.625,0.625],"rotation":0,"texture":"#0","tintindex":0},"north":{"uv":[2.625,2.1875,2.9375,2.25],"rotation":0,"texture":"#0","tintindex":0},"west":{"uv":[3.3125,0.375,3.75,0.4375],"rotation":0,"texture":"#0","tintindex":0},"up":{"uv":[2.9375,2.1875,2.625,1.75],"rotation":0,"texture":"#0","tintindex":0},"down":{"uv":[2.625,2.625,2.3125,3.0625],"rotation":0,"texture":"#0","tintindex":0}}},{"from":[5.9217653,13.206632,-1.958705],"to":[10.146109,13.6290655,0.1534667],"rotation":{"angle":0.0,"axis":"y","origin":[7.6115026,1.5053282,3.1105065]},"faces":{"east":{"uv":[0.5,3.5625,0.65625,3.59375],"rotation":0,"texture":"#0","tintindex":0},"south":{"uv":[3.5,1.1875,3.8125,1.21875],"rotation":0,"texture":"#0","tintindex":0},"north":{"uv":[3.5,1.125,3.8125,1.15625],"rotation":0,"texture":"#0","tintindex":0},"west":{"uv":[0.8125,3.5625,0.96875,3.59375],"rotation":0,"texture":"#0","tintindex":0},"up":{"uv":[3.375,2.34375,3.0625,2.1875],"rotation":0,"texture":"#0","tintindex":0},"down":{"uv":[2.625,3.0625,2.3125,3.21875],"rotation":0,"texture":"#0","tintindex":0}}},{"from":[5.9217653,8.982288,-2.3811388],"to":[10.146109,13.6290655,-1.958705],"rotation":{"angle":0.0,"axis":"y","origin":[7.6115026,1.5053282,3.1105065]},"faces":{"east":{"uv":[2.8125,3.4375,2.84375,3.78125],"rotation":0,"texture":"#0","tintindex":0},"south":{"uv":[2.75,0.75,3.0625,1.09375],"rotation":0,"texture":"#0","tintindex":0},"north":{"uv":[2.75,0.375,3.0625,0.71875],"rotation":0,"texture":"#0","tintindex":0},"west":{"uv":[3.1875,3.4375,3.21875,3.78125],"rotation":0,"texture":"#0","tintindex":0},"up":{"uv":[3.8125,1.28125,3.5,1.25],"rotation":0,"texture":"#0","tintindex":0},"down":{"uv":[3.5625,3.5,3.25,3.53125],"rotation":0,"texture":"#0","tintindex":0}}},{"from":[2.5422912,8.982288,-1.958705],"to":[13.525583,13.206632,8.179718],"rotation":{"angle":0.0,"axis":"y","origin":[8.033937,1.5053282,3.1105065]},"faces":{"east":{"uv":[0.8125,2.25,1.5625,2.5625],"rotation":0,"texture":"#0","tintindex":0},"south":{"uv":[1.9375,1.0625,2.75,1.375],"rotation":0,"texture":"#0","tintindex":0},"north":{"uv":[1.9375,0.75,2.75,1.0625],"rotation":0,"texture":"#0","tintindex":0},"west":{"uv":[1.5625,2.25,2.3125,2.5625],"rotation":0,"texture":"#0","tintindex":0},"up":{"uv":[1.8125,2.25,1.0,1.5],"rotation":0,"texture":"#0","tintindex":0},