{"textures":{"0":"modelengine:entity/stiched_texture"},"elements":[{"from":[7.142857,6.285714,6.857143],"to":[8.857143,8.285714,9.142858],"rotation":{"angle":0.0,"axis":"y","origin":[12.571428,1.7142854,8.0]},"faces":{"east":{"uv":[10.6875,3.9375,10.4375,4.15625],"rotation":0,"texture":"#0","tintindex":0},"south":{"uv":[11.375,4.0,11.5625,4.21875],"rotation":0,"texture":"#0","tintindex":0},"north":{"uv":[11.5625,4.0,11.375,4.21875],"rotation":0,"texture":"#0","tintindex":0},"west":{"uv":[10.4375,3.9375,10.1875,4.15625],"rotation":0,"texture":"#0","tintindex":0},"up":{"uv":[11.0,4.1875,11.1875,3.9375],"rotation":0,"texture":"#0","tintindex":0},"down":{"uv":[9.6875,4.0,9.875,4.25],"rotation":0,"texture":"#0","tintindex":0}}}],"display":{"head":{"translation":[0.0,-6.4,0.0],"scale":[4.0,4.0,4.0]}}}