{"textures":{"0":"modelengine:entity/neptune"},"elements":[{"from":[2.4973326,0.7121172,7.1380453],"to":[5.029535,3.2443185,10.433863],"rotation":{"angle":45.0,"axis":"z","origin":[6.043727,6.999047,10.034503]},"faces":{"east":{"uv":[5.5625,10.6875,5.9375,10.96875],"rotation":0,"texture":"#0","tintindex":0},"south":{"uv":[11.125,8.375,11.40625,8.65625],"rotation":0,"texture":"#0","tintindex":0},"north":{"uv":[11.125,6.25,11.40625,6.53125],"rotation":0,"texture":"#0","tintindex":0},"west":{"uv":[5.9375,10.6875,6.3125,10.96875],"rotation":0,"texture":"#0","tintindex":0},"up":{"uv":[10.96875,6.3125,10.6875,5.9375],"rotation":0,"texture":"#0","tintindex":0},"down":{"uv":[11.03125,4.75,10.75,5.125],"rotation":0,"texture":"#0","tintindex":0}}},{"from":[6.1910415,1.8363743,7.1380453],"to":[9.772116,8.103621,10.4382515],"rotation":{"angle":0.0,"axis":"y","origin":[8.771522,7.8750486,10.237579]},"faces":{"east":{"uv":[1.625,7.8125,2.0,8.5],"rotation":0,"texture":"#0","tintindex":0},"south":{"uv":[7.375,0.4375,7.78125,1.125],"rotation":0,"texture":"#0","tintindex":0},"north":{"uv":[7.25,7.3125,7.65625,8.0],"rotation":0,"texture":"#0","tintindex":0},"west":{"uv":[6.5625,7.875,6.9375,8.5625],"rotation":0,"texture":"#0","tintindex":0},"up":{"uv":[10.28125,0.8125,9.875,0.4375],"rotation":0,"texture":"#0","tintindex":0},"down":{"uv":[1.03125,9.875,0.625,10.25],"rotation":0,"texture":"#0","tintindex":0}}},{"from":[6.2535787,4.2683573,6.530645],"to":[9.7095785,6.9110146,10.006216],"rotation":{"angle":22.5,"axis":"x","origin":[8.771522,7.8750486,10.237579]},"faces":{"east":{"uv":[5.0,10.75,5.375,11.03125],"rotation":0,"texture":"#0","tintindex":0},"south":{"uv":[10.75,6.3125,11.125,6.59375],"rotation":0,"texture":"#0","tintindex":0},"north":{"uv":[10.75,0.3125,11.125,0.59375],"rotation":0,"texture":"#0","tintindex":0},"west":{"uv":[10.75,8.375,11.125,8.65625],"rotation":0,"texture":"#0","tintindex":0},"up":{"uv":[3.3125,10.375,2.9375,10.0],"rotation":0,"texture":"#0","tintindex":0},"down":{"uv":[3.6875,10.0,3.3125,10.375],"rotation":0,"texture":"#0","tintindex":0}}},{"from":[6.1712923,7.179591,6.5775576],"to":[10.171292,11.7510195,11.148986],"rotation":{"angle":-45.0,"axis":"x","origin":[8.771522,7.8750486,10.237579]},"faces":{"east":{"uv":[5.25,8.1875,5.75,8.6875],"rotation":0,"texture":"#0","tintindex":0},"south":{"uv":[1.6875,8.8125,2.125,9.3125],"rotation":0,"texture":"#0","tintindex":0},"north":{"uv":[0.4375,8.8125,0.875,9.3125],"rotation":0,"texture":"#0","tintindex":0},"west":{"uv":[8.1875,6.8125,8.6875,7.3125],"rotation":0,"texture":"#0","tintindex":0},"up":{"uv":[9.3125,3.3125,8.875,2.8125],"rotation":0,"texture":"#0","tintindex":0},"down":{"uv":[9.3125,3.3125,8.875,3.8125],"rotation":0,"texture":"#0","tintindex":0}}},{"from":[6.083157,1.4469404,6.472742],"to":[9.95594,2.4128652,10.768536],"rotation":{"angle":0.0,"axis":"y","origin":[12.142137,3.2194114,6.860465]},"faces":{"east":{"uv":[11.4375,4.875,11.90625,4.96875],"rotation":0,"texture":"#0","tintindex":0},"south":{"uv":[11.6875,1.625,12.125,1.71875],"rotation":0,"texture":"#0","tintindex":0},"north":{"uv":[11.625,3.875,12.0625,3.96875],"rotation":0,"texture":"#0","tintindex":0},"west":{"uv":[11.5,6.9375,11.96875,7.03125],"rotation":0,"texture":"#0","tintindex":0},"up":{"uv":[2.5625,9.46875,2.125,9.0],"rotation":0,"texture":"#0","tintindex":0},"down":{"uv":[9.4375,5.9375,9.0,6.40625],"rotation":0,"texture":"#0","tintindex":0}}},{"from":[5.968871,0.9897976,6.3584566],"to":[10.070226,2.870008,10.882821],"rotation":{"angle":0.0,"axis":"y","origin":[12.142137,3.2194114,6.860465]},"faces":{"east":{"uv":[11.0625,0.0,11.53125,0.1875],"rotation":0,"texture":"#0","tintindex":0},"south":{"uv":[10.6875,11.0625,11.125,11.25],"rotation":0,"texture":"#0","tintindex":0},"north":{"uv":[11.0625,9.1875,11.5,9.375],"rotation":0,"texture":"#0","tintindex":0},"west":{"uv":[0.75,11.0625,1.21875,11.25],"rotation":0,"texture":"#0","tintindex":0},"up":{"uv":[9.5,4.28125,9.0625,3.8125],"rotation":0,"texture":"#0","tintindex":0},"down":{"uv":[9.5,4.3125,9.0625,4.78125],"rotation":0,"texture":"#0","tintindex":0}}},{"from":[6.281007,3.4873204,5.066065],"to":[9.68215,7.945932,6.6457734],"rotation":{"angle":-22.5,"axis":"x","origin":[8.771522,7.8750486,10.237579]},"faces":{"east":{"uv":[7.1875,10.625,7.375,11.125],"rotation":0,"texture":"#0","tintindex":0},"south":{"uv":[1.0,9.375,1.375,9.875],"rotation":0,"texture":"#0","tintindex":0},"north":{"uv":[0.625,9.375,1.0,9.875],"rotation":0,"texture":"#0","tintindex":0},"west":{"uv":[5.375,10.75,5.5625,11.25],"rotation":0,"texture":"#0","tintindex":0},"up":{"uv":[11.6875,2.875,11.3125,2.6875],"rotation":0,"texture":"#0","tintindex":0},"down":{"uv":[5.75,11.3125,5.375,11.5],"rotation":0,"texture":"#0","tintindex":0}}}],"display":{"head":{"translation":[0.0,-6.4,0.0],"scale":[4.0,4.0,4.0]}}}