{"textures":{"0":"modelengine:entity/neptune"},"elements":[{"from":[6.1714287,3.8285713,5.275069],"to":[9.6,8.285714,10.075069],"rotation":{"angle":0.0,"axis":"y","origin":[37.6,6.6285715,10.246498]},"faces":{"east":{"uv":[7.8125,6.3125,8.34375,6.8125],"rotation":0,"texture":"#0","tintindex":0},"south":{"uv":[9.125,9.3125,9.5,9.8125],"rotation":0,"texture":"#0","tintindex":0},"north":{"uv":[5.4375,9.3125,5.8125,9.8125],"rotation":0,"texture":"#0","tintindex":0},"west":{"uv":[0.75,7.875,1.28125,8.375],"rotation":0,"texture":"#0","tintindex":0},"up":{"uv":[7.625,9.65625,7.25,9.125],"rotation":0,"texture":"#0","tintindex":0},"down":{"uv":[8.5,9.125,8.125,9.65625],"rotation":0,"texture":"#0","tintindex":0}}}],"display":{"head":{"translation":[0.0,-6.4,0.0],"scale":[4.0,4.0,4.0]}}}