{"textures":{"0":"modelengine:entity/neptune"},"elements":[{"from":[8.114285,7.1285715,7.285714],"to":[11.6,8.842857,8.714286],"rotation":{"angle":0.0,"axis":"y","origin":[8.8,8.157143,7.6857142]},"faces":{"east":{"uv":[11.75,4.25,11.90625,4.4375],"rotation":0,"texture":"#0","tintindex":0},"south":{"uv":[1.0625,11.375,1.4375,11.5625],"rotation":0,"texture":"#0","tintindex":0},"north":{"uv":[0.375,11.375,0.75,11.5625],"rotation":0,"texture":"#0","tintindex":0},"west":{"uv":[11.75,8.0625,11.90625,8.25],"rotation":0,"texture":"#0","tintindex":0},"up":{"uv":[11.875,6.90625,11.5,6.75],"rotation":0,"texture":"#0","tintindex":0},"down":{"uv":[11.875,7.25,11.5,7.40625],"rotation":0,"texture":"#0","tintindex":0}}},{"from":[11.542857,7.3142858,7.428571],"to":[15.085714,8.742857,8.571428],"rotation":{"angle":0.0,"axis":"y","origin":[12.228572,8.171429,8.342857]},"faces":{"east":{"uv":[11.875,1.4375,12.0,1.59375],"rotation":0,"texture":"#0","tintindex":0},"south":{"uv":[8.125,11.5,8.5,11.65625],"rotation":0,"texture":"#0","tintindex":0},"north":{"uv":[7.5625,11.5,7.9375,11.65625],"rotation":0,"texture":"#0","tintindex":0},"west":{"uv":[1.5,11.875,1.625,12.03125],"rotation":0,"texture":"#0","tintindex":0},"up":{"uv":[6.875,6.5,6.5,6.375],"rotation":0,"texture":"#0","tintindex":0},"down":{"uv":[8.25,2.8125,7.875,2.9375],"rotation":0,"texture":"#0","tintindex":0}}}],"display":{"head":{"translation":[0.0,-6.4,0.0],"scale":[4.0,4.0,4.0]}}}