{"textures":{"0":"modelengine:entity/pet_chewy"},"elements":[{"from":[7.0600233,7.6019263,7.6851597],"to":[8.774309,8.744783,9.399446],"rotation":{"angle":0.0,"axis":"y","origin":[14.488596,5.7733345,-2.3719835]},"faces":{"east":{"uv":[1.125,6.75,1.5,7.0],"rotation":0,"texture":"#0","tintindex":0},"south":{"uv":[1.625,6.75,2.0,7.0],"rotation":0,"texture":"#0","tintindex":0},"north":{"uv":[6.75,0.0,7.125,0.25],"rotation":0,"texture":"#0","tintindex":0},"west":{"uv":[6.75,1.75,7.125,2.0],"rotation":0,"texture":"#0","tintindex":0},"up":{"uv":[6.5,3.25,6.125,2.875],"rotation":0,"texture":"#0","tintindex":0},"down":{"uv":[6.5,3.375,6.125,3.75],"rotation":0,"texture":"#0","tintindex":0}}},{"from":[7.4180875,-0.14430046,4.0539865],"to":[7.4180875,0.19855642,4.625415],"rotation":{"angle":-45.0,"axis":"x","origin":[17.174309,8.184837,-3.4748888]},"faces":{"east":{"uv":[7.25,5.875,7.375,6.0],"rotation":0,"texture":"#0","tintindex":0},"south":{"uv":[7.875,7.75,7.875,7.875],"rotation":0,"texture":"#0","tintindex":0},"north":{"uv":[7.5,7.875,7.5,8.0],"rotation":0,"texture":"#0","tintindex":0},"west":{"uv":[6.125,7.25,6.25,7.375],"rotation":0,"texture":"#0","tintindex":0},"up":{"uv":[8.0,0.375,8.0,0.25],"rotation":0,"texture":"#0","tintindex":0},"down":{"uv":[0.375,8.0,0.375,8.125],"rotation":0,"texture":"#0","tintindex":0}}},{"from":[7.989516,-0.14430046,4.0539865],"to":[7.989516,0.19855642,4.625415],"rotation":{"angle":-45.0,"axis":"x","origin":[17.174309,8.184837,-3.4748888]},"faces":{"east":{"uv":[7.25,6.125,7.375,6.25],"rotation":0,"texture":"#0","tintindex":0},"south":{"uv":[8.0,0.75,8.0,0.875],"rotation":0,"texture":"#0","tintindex":0},"north":{"uv":[0.5,8.0,0.5,8.125],"rotation":0,"texture":"#0","tintindex":0},"west":{"uv":[7.25,6.375,7.375,6.5],"rotation":0,"texture":"#0","tintindex":0},"up":{"uv":[8.0,1.125,8.0,1.0],"rotation":0,"texture":"#0","tintindex":0},"down":{"uv":[8.0,1.25,8.0,1.375],"rotation":0,"texture":"#0","tintindex":0}}},{"from":[8.67523,-0.14430046,4.0539865],"to":[8.67523,0.19855642,4.625415],"rotation":{"angle":-45.0,"axis":"x","origin":[17.174309,8.184837,-3.4748888]},"faces":{"east":{"uv":[7.25,6.625,7.375,6.75],"rotation":0,"texture":"#0","tintindex":0},"south":{"uv":[8.0,1.625,8.0,1.75],"rotation":0,"texture":"#0","tintindex":0},"north":{"uv":[1.5,8.0,1.5,8.125],"rotation":0,"texture":"#0","tintindex":0},"west":{"uv":[7.25,6.875,7.375,7.0],"rotation":0,"texture":"#0","tintindex":0},"up":{"uv":[1.875,8.125,1.875,8.0],"rotation":0,"texture":"#0","tintindex":0},"down":{"uv":[8.0,1.875,8.0,2.0],"rotation":0,"texture":"#0","tintindex":0}}}],"display":{"head":{"translation":[0.0,-6.4,0.0],"scale":[4.0,4.0,4.0]}}}