{"textures":{"0":"modelengine:entity/pet_chewy"},"elements":[{"from":[7.1457376,7.595386,7.694033],"to":[8.8600235,8.738243,9.4083185],"rotation":{"angle":0.0,"axis":"y","origin":[15.37198,5.758927,2.656798]},"faces":{"east":{"uv":[6.625,1.0,7.0,1.25],"rotation":0,"texture":"#0","tintindex":0},"south":{"uv":[6.625,2.375,7.0,2.625],"rotation":0,"texture":"#0","tintindex":0},"north":{"uv":[6.625,0.625,7.0,0.875],"rotation":0,"texture":"#0","tintindex":0},"west":{"uv":[6.625,2.75,7.0,3.0],"rotation":0,"texture":"#0","tintindex":0},"up":{"uv":[3.375,6.375,3.0,6.0],"rotation":0,"texture":"#0","tintindex":0},"down":{"uv":[3.875,6.0,3.5,6.375],"rotation":0,"texture":"#0","tintindex":0}}},{"from":[8.646659,2.7043095,5.2651644],"to":[8.646659,3.1043096,5.836593],"rotation":{"angle":-45.0,"axis":"x","origin":[17.943409,8.158927,0.59965515]},"faces":{"east":{"uv":[7.0,7.125,7.125,7.25],"rotation":0,"texture":"#0","tintindex":0},"south":{"uv":[7.875,2.875,7.875,3.0],"rotation":0,"texture":"#0","tintindex":0},"north":{"uv":[2.875,7.875,2.875,8.0],"rotation":0,"texture":"#0","tintindex":0},"west":{"uv":[0.0,7.25,0.125,7.375],"rotation":0,"texture":"#0","tintindex":0},"up":{"uv":[3.0,8.0,3.0,7.875],"rotation":0,"texture":"#0","tintindex":0},"down":{"uv":[3.125,7.875,3.125,8.0],"rotation":0,"texture":"#0","tintindex":0}}},{"from":[7.9609447,2.7043095,5.2651644],"to":[7.9609447,3.1043096,5.836593],"rotation":{"angle":-45.0,"axis":"x","origin":[17.943409,8.158927,0.59965515]},"faces":{"east":{"uv":[7.25,0.0,7.375,0.125],"rotation":0,"texture":"#0","tintindex":0},"south":{"uv":[3.25,7.875,3.25,8.0],"rotation":0,"texture":"#0","tintindex":0},"north":{"uv":[7.875,3.125,7.875,3.25],"rotation":0,"texture":"#0","tintindex":0},"west":{"uv":[7.25,1.75,7.375,1.875],"rotation":0,"texture":"#0","tintindex":0},"up":{"uv":[3.5,8.0,3.5,7.875],"rotation":0,"texture":"#0","tintindex":0},"down":{"uv":[3.625,7.875,3.625,8.0],"rotation":0,"texture":"#0","tintindex":0}}},{"from":[7.389516,2.7043095,5.2651644],"to":[7.389516,3.1043096,5.836593],"rotation":{"angle":-45.0,"axis":"x","origin":[17.943409,8.158927,0.59965515]},"faces":{"east":{"uv":[7.25,4.875,7.375,5.0],"rotation":0,"texture":"#0","tintindex":0},"south":{"uv":[3.875,7.875,3.875,8.0],"rotation":0,"texture":"#0","tintindex":0},"north":{"uv":[3.75,7.875,3.75,8.0],"rotation":0,"texture":"#0","tintindex":0},"west":{"uv":[5.125,7.25,5.25,7.375],"rotation":0,"texture":"#0","tintindex":0},"up":{"uv":[4.5,8.0,4.5,7.875],"rotation":0,"texture":"#0","tintindex":0},"down":{"uv":[4.625,7.875,4.625,8.0],"rotation":0,"texture":"#0","tintindex":0}}}],"display":{"head":{"translation":[0.0,-6.4,0.0],"scale":[4.0,4.0,4.0]}}}