{"textures":{"0":"modelengine:entity/pet_chewy"},"elements":[{"from":[7.142857,7.162302,7.359459],"to":[8.857143,8.876588,9.073745],"rotation":{"angle":0.0,"axis":"y","origin":[17.033669,4.9722614,0.83943367]},"faces":{"east":{"uv":[0.0,5.25,0.375,5.625],"rotation":0,"texture":"#0","tintindex":0},"south":{"uv":[5.375,0.0,5.75,0.375],"rotation":0,"texture":"#0","tintindex":0},"north":{"uv":[0.875,3.0,1.25,3.375],"rotation":0,"texture":"#0","tintindex":0},"west":{"uv":[0.5,5.375,0.875,5.75],"rotation":0,"texture":"#0","tintindex":0},"up":{"uv":[1.375,5.75,1.0,5.375],"rotation":0,"texture":"#0","tintindex":0},"down":{"uv":[5.75,1.375,5.375,1.75],"rotation":0,"texture":"#0","tintindex":0}}},{"from":[7.142857,5.538494,8.004065],"to":[8.857143,5.538494,9.71835],"rotation":{"angle":-22.5,"axis":"x","origin":[17.142857,4.7015004,0.004401207]},"faces":{"east":{"uv":[4.25,0.5,4.625,0.5],"rotation":0,"texture":"#0","tintindex":0},"south":{"uv":[4.25,2.25,4.625,2.25],"rotation":0,"texture":"#0","tintindex":0},"north":{"uv":[2.5,0.875,2.875,0.875],"rotation":0,"texture":"#0","tintindex":0},"west":{"uv":[1.625,7.375,2.0,7.375],"rotation":0,"texture":"#0","tintindex":0},"up":{"uv":[1.875,5.75,1.5,5.375],"rotation":0,"texture":"#0","tintindex":0},"down":{"uv":[5.75,1.875,5.375,2.25],"rotation":0,"texture":"#0","tintindex":0}}},{"from":[7.142857,9.500665,3.1503344],"to":[8.857143,9.500665,4.8646197],"rotation":{"angle":22.5,"axis":"x","origin":[17.142857,-2.2073889,0.004401207]},"faces":{"east":{"uv":[2.125,7.375,2.5,7.375],"rotation":0,"texture":"#0","tintindex":0},"south":{"uv":[7.375,2.375,7.75,2.375],"rotation":0,"texture":"#0","tintindex":0},"north":{"uv":[7.375,1.625,7.75,1.625],"rotation":0,"texture":"#0","tintindex":0},"west":{"uv":[7.375,2.5,7.75,2.5],"rotation":0,"texture":"#0","tintindex":0},"up":{"uv":[2.375,5.75,2.0,5.375],"rotation":0,"texture":"#0","tintindex":0},"down":{"uv":[2.875,5.375,2.5,5.75],"rotation":0,"texture":"#0","tintindex":0}}},{"from":[6.4675713,7.162302,3.2355218],"to":[6.4675713,8.876588,4.949808],"rotation":{"angle":22.5,"axis":"y","origin":[17.142857,4.7015004,0.004401207]},"faces":{"east":{"uv":[3.0,5.5,3.375,5.875],"rotation":0,"texture":"#0","tintindex":0},"south":{"uv":[7.375,2.625,7.375,3.0],"rotation":0,"texture":"#0","tintindex":0},"north":{"uv":[2.625,7.375,2.625,7.75],"rotation":0,"texture":"#0","tintindex":0},"west":{"uv":[3.5,5.5,3.875,5.875],"rotation":0,"texture":"#0","tintindex":0},"up":{"uv":[2.75,7.75,2.75,7.375],"rotation":0,"texture":"#0","tintindex":0},"down":{"uv":[2.875,7.375,2.875,7.75],"rotation":0,"texture":"#0","tintindex":0}}},{"from":[10.924346,7.162302,10.233162],"to":[10.924346,8.876588,11.947448],"rotation":{"angle":-22.5,"axis":"y","origin":[17.142857,4.7015004,0.004401207]},"faces":{"east":{"uv":[4.0,5.5,4.375,5.875],"rotation":0,"texture":"#0","tintindex":0},"south":{"uv":[3.125,7.375,3.125,7.75],"rotation":0,"texture":"#0","tintindex":0},"north":{"uv":[3.0,7.375,3.0,7.75],"rotation":0,"texture":"#0","tintindex":0},"west":{"uv":[5.5,5.0,5.875,5.375],"rotation":0,"texture":"#0","tintindex":0},"up":{"uv":[7.375,3.5,7.375,3.125],"rotation":0,"texture":"#0","tintindex":0},"down":{"uv":[3.25,7.375,3.25,7.75],"rotation":0,"texture":"#0","tintindex":0}}}],"display":{"head":{"translation":[0.0,-6.4,0.0],"scale":[4.0,4.0,4.0]}}}