{"textures":{"0":"modelengine:entity/nocsy_fpv2_ghoul"},"elements":[{"from":[6.8296204,4.24113,6.288161],"to":[9.686763,8.24113,9.716732],"rotation":{"angle":0.0,"axis":"y","origin":[8.295274,12.391231,8.031342]},"faces":{"east":{"uv":[6.375,5.0,7.125,5.875],"rotation":0,"texture":"#0","tintindex":0},"south":{"uv":[2.625,7.875,3.25,8.75],"rotation":0,"texture":"#0","tintindex":0},"north":{"uv":[5.625,3.75,6.25,4.625],"rotation":0,"texture":"#0","tintindex":0},"west":{"uv":[6.625,2.5,7.375,3.375],"rotation":0,"texture":"#0","tintindex":0},"up":{"uv":[0.625,9.5,0.0,8.75],"rotation":0,"texture":"#0","tintindex":0},"down":{"uv":[4.0,8.75,3.375,9.5],"rotation":0,"texture":"#0","tintindex":0}}},{"from":[6.8296204,-0.9017277,6.288161],"to":[6.8296204,4.24113,9.716732],"rotation":{"angle":0.0,"axis":"y","origin":[8.295274,12.391231,8.031342]},"faces":{"east":{"uv":[4.875,0.0,5.625,1.125],"rotation":0,"texture":"#0","tintindex":0},"south":{"uv":[7.125,10.375,7.125,11.5],"rotation":0,"texture":"#0","tintindex":0},"north":{"uv":[7.0,10.375,7.0,11.5],"rotation":0,"texture":"#0","tintindex":0},"west":{"uv":[4.875,1.25,5.625,2.375],"rotation":0,"texture":"#0","tintindex":0},"up":{"uv":[10.375,7.875,10.375,7.125],"rotation":0,"texture":"#0","tintindex":0},"down":{"uv":[7.25,10.375,7.25,11.125],"rotation":0,"texture":"#0","tintindex":0}}},{"from":[8.970138,-0.9017277,6.435639],"to":[8.970138,4.24113,9.86421],"rotation":{"angle":-22.5,"axis":"y","origin":[9.699161,1.4456668,8.163261]},"faces":{"east":{"uv":[5.5,4.75,6.25,5.875],"rotation":0,"texture":"#0","tintindex":0},"south":{"uv":[7.5,10.375,7.5,11.5],"rotation":0,"texture":"#0","tintindex":0},"north":{"uv":[7.375,10.375,7.375,11.5],"rotation":0,"texture":"#0","tintindex":0},"west":{"uv":[0.0,5.75,0.75,6.875],"rotation":0,"texture":"#0","tintindex":0},"up":{"uv":[7.625,11.125,7.625,10.375],"rotation":0,"texture":"#0","tintindex":0},"down":{"uv":[7.75,10.375,7.75,11.125],"rotation":0,"texture":"#0","tintindex":0}}},{"from":[7.424524,-0.9017277,6.6964045],"to":[7.424524,4.24113,10.124976],"rotation":{"angle":-22.5,"axis":"y","origin":[8.153547,1.4456668,8.4240265]},"faces":{"east":{"uv":[5.75,0.0,6.5,1.125],"rotation":0,"texture":"#0","tintindex":0},"south":{"uv":[8.0,10.375,8.0,11.5],"rotation":0,"texture":"#0","tintindex":0},"north":{"uv":[7.875,10.375,7.875,11.5],"rotation":0,"texture":"#0","tintindex":0},"west":{"uv":[5.75,1.25,6.5,2.375],"rotation":0,"texture":"#0","tintindex":0},"up":{"uv":[8.125,11.125,8.125,10.375],"rotation":0,"texture":"#0","tintindex":0},"down":{"uv":[8.25,10.375,8.25,11.125],"rotation":0,"texture":"#0","tintindex":0}}},{"from":[7.447167,-0.9017277,5.8840976],"to":[7.447167,4.24113,9.31267],"rotation":{"angle":22.5,"axis":"y","origin":[8.154076,1.4456668,7.6384377]},"faces":{"east":{"uv":[5.75,2.5,6.5,3.625],"rotation":0,"texture":"#0","tintindex":0},"south":{"uv":[9.875,10.375,9.875,11.5],"rotation":0,"texture":"#0","tintindex":0},"north":{"uv":[9.75,10.375,9.75,11.5],"rotation":0,"texture":"#0","tintindex":0},"west":{"uv":[3.375,5.75,4.125,6.875],"rotation":0,"texture":"#0","tintindex":0},"up":{"uv":[10.0,11.125,10.0,10.375],"rotation":0,"texture":"#0","tintindex":0},"down":{"uv":[10.125,10.375,10.125,11.125],"rotation":0,"texture":"#0","tintindex":0}}}],"display":{"head":{"translation":[0.0,-6.4,0.0],"scale":[4.0,4.0,4.0]}}}