{"textures":{"0":"modelengine:entity/lr_waftling"},"elements":[{"from":[7.142857,6.8787823,6.890926],"to":[8.857143,12.02164,8.605211],"rotation":{"angle":0.0,"axis":"y","origin":[8.0,6.285714,10.285714]},"faces":{"east":{"uv":[7.05,7.55,8.45,11.95],"rotation":0,"texture":"#0","tintindex":0},"south":{"uv":[3.05,8.05,4.45,12.45],"rotation":0,"texture":"#0","tintindex":0},"north":{"uv":[7.05,3.05,8.45,7.45],"rotation":0,"texture":"#0","tintindex":0},"west":{"uv":[4.55,8.05,5.95,12.45],"rotation":0,"texture":"#0","tintindex":0},"up":{"uv":[11.45,7.45,10.05,6.05],"rotation":0,"texture":"#0","tintindex":0},"down":{"uv":[11.45,7.55,10.05,8.95],"rotation":0,"texture":"#0","tintindex":0}}},{"from":[7.142857,12.240315,7.418857],"to":[8.857143,12.240315,8.561714],"rotation":{"angle":-22.5,"axis":"x","origin":[8.0,12.240315,7.9902854]},"faces":{"east":{"uv":[7.05,10.05,7.95,10.05],"rotation":0,"texture":"#0","tintindex":0},"south":{"uv":[3.05,10.55,4.45,10.55],"rotation":0,"texture":"#0","tintindex":0},"north":{"uv":[7.05,5.55,8.45,5.55],"rotation":0,"texture":"#0","tintindex":0},"west":{"uv":[4.55,10.55,5.45,10.55],"rotation":0,"texture":"#0","tintindex":0},"up":{"uv":[14.55,15.95,15.95,15.05],"rotation":0,"texture":"#0","tintindex":0},"down":{"uv":[15.95,15.05,14.55,15.95],"rotation":0,"texture":"#0","tintindex":0}}},{"from":[7.142857,12.678196,8.561496],"to":[8.857143,13.8210535,8.561496],"rotation":{"angle":22.5,"axis":"x","origin":[8.0,12.678196,7.990067]},"faces":{"east":{"uv":[7.05,10.05,7.05,10.95],"rotation":0,"texture":"#0","tintindex":0},"south":{"uv":[15.95,14.05,14.55,14.95],"rotation":0,"texture":"#0","tintindex":0},"north":{"uv":[14.55,14.05,15.95,14.95],"rotation":0,"texture":"#0","tintindex":0},"west":{"uv":[4.55,10.55,4.55,11.45],"rotation":0,"texture":"#0","tintindex":0},"up":{"uv":[14.55,15.95,15.95,15.05],"rotation":0,"texture":"#0","tintindex":0},"down":{"uv":[15.95,15.05,14.55,15.95],"rotation":0,"texture":"#0","tintindex":0}}},{"from":[7.142857,10.307354,5.17664],"to":[8.857143,10.878782,6.890926],"rotation":{"angle":0.0,"axis":"y","origin":[8.0,8.0,10.285714]},"faces":{"east":{"uv":[12.05,5.55,13.45,5.95],"rotation":0,"texture":"#0","tintindex":0},"south":{"uv":[12.05,6.05,13.45,6.45],"rotation":0,"texture":"#0","tintindex":0},"north":{"uv":[12.05,5.05,13.45,5.45],"rotation":0,"texture":"#0","tintindex":0},"west":{"uv":[12.05,6.55,13.45,6.95],"rotation":0,"texture":"#0","tintindex":0},"up":{"uv":[9.95,11.45,8.55,10.05],"rotation":0,"texture":"#0","tintindex":0},"down":{"uv":[11.45,10.05,10.05,11.45],"rotation":0,"texture":"#0","tintindex":0}}},{"from":[8.857143,10.307354,6.890926],"to":[9.428572,13.735926,7.4623547],"rotation":{"angle":22.5,"axis":"x","origin":[8.857143,11.02164,7.17664]},"faces":{"east":{"uv":[6.55,10.05,6.95,12.95],"rotation":0,"texture":"#0","tintindex":0},"south":{"uv":[11.55,4.55,11.95,7.45],"rotation":0,"texture":"#0","tintindex":0},"north":{"uv":[6.05,10.05,6.45,12.95],"rotation":0,"texture":"#0","tintindex":0},"west":{"uv":[11.55,7.55,11.95,10.45],"rotation":0,"texture":"#0","tintindex":0},"up":{"uv":[0.45,12.95,0.05,12.55],"rotation":0,"texture":"#0","tintindex":0},"down":{"uv":[0.95,12.55,0.55,12.95],"rotation":0,"texture":"#0","tintindex":0}}},{"from":[7.714286,9.735926,6.890926],"to":[9.428572,10.307354,7.4623547],"rotation":{"angle":22.5,"axis":"x","origin":[8.857143,11.02164,7.17664]},"faces":{"east":{"uv":[1.05,12.55,1.45,12.95],"rotation":0,"texture":"#0","tintindex":0},"south":{"uv":[12.05,7.05,13.45,7.45],"rotation":0,"texture":"#0","tintindex":0},"north":{"uv":[7.05,12.05,8.45,12.45],"rotation":0,"texture":"#0","tintindex":0},"west":{"uv":[1.55,12.55,1.95,12.95],"rotation":0,"texture":"#0","tintindex":0},"up":{"uv":[13.45,7.95,12.05,7.55],"rotation":0,"texture":"#0","tintindex":0},"down":{"uv":[13.45,8.05,12.05,8.45],"rotation":0,"texture":"#0","tintindex":0}}},{"from":[6.857143,10.878782,6.319497],"to":[9.142858,12.02164,6.890926],"rotation":{"angle":0.0,"axis":"y","origin":[8.0,8.0,10.285714]},"faces":{"east":{"uv":[11.05,12.05,11.45,12.95],"rotation":0,"texture":"#0","tintindex":0},"south":{"uv":[11.55,3.55,13.45,4.45],"rotation":0,"texture":"#0","tintindex":0},"north":{"uv":[11.55,2.55,13.45,3.45],"rotation":0,"texture":"#0","tintindex":0},"west":{"uv":[11.55,12.05,11.95,12.95],"rotation":0,"texture":"#0","tintindex":0},"up":{"uv":[13.45,10.95,11.55,10.55],"rotation":0,"texture":"#0","tintindex":0},"down":{"uv":[13.45,11.05,11.55,11.45],"rotation":0,"texture":"#0","tintindex":0}}}],"display":{"head":{"translation":[0.0,-6.4,0.0],"scale":[4.0,4.0,4.0]}}}