{"textures":{"0":"modelengine:entity/zahar"},"elements":[{"from":[4.5714283,0.85714245,9.428572],"to":[11.428572,8.285714,9.428572],"rotation":{"angle":-22.5,"axis":"x","origin":[8.0,4.5714283,9.428572]},"faces":{"east":{"uv":[0.0125,0.0125,0.0125,1.6125],"rotation":0,"texture":"#0","tintindex":0},"south":{"uv":[3.2625,0.0125,4.7375,1.6125],"rotation":0,"texture":"#0","tintindex":0},"north":{"uv":[4.7375,0.0125,3.2625,1.6125],"rotation":0,"texture":"#0","tintindex":0},"west":{"uv":[0.0125,0.0125,0.0125,1.6125],"rotation":0,"texture":"#0","tintindex":0},"up":{"uv":[1.4875,0.0125,0.0125,0.0125],"rotation":0,"texture":"#0","tintindex":0},"down":{"uv":[1.4875,0.0125,0.0125,0.0125],"rotation":0,"texture":"#0","tintindex":0}}}],"display":{"head":{"translation":[0.0,-6.4,0.0],"scale":[4.0,4.0,4.0]}}}