{"textures":{"0":"modelengine:entity/zahar"},"elements":[{"name":"cube","from":[6.774264,5.672792,7.4],"to":[7.974264,8.072792,8.6],"rotation":{"angle":0.0,"axis":"x","origin":[5.5742636,3.872792,7.4]},"faces":{"down":{"uv":[11.2375,12.7625,11.0125,12.9875],"rotation":0,"texture":"#0","tintindex":0},"east":{"uv":[0.6375,12.5125,0.8625,12.9875],"rotation":0,"texture":"#0","tintindex":0},"north":{"uv":[0.3875,12.5125,0.6125,12.9875],"rotation":0,"texture":"#0","tintindex":0},"south":{"uv":[12.5125,0.7625,12.7375,1.2375],"rotation":0,"texture":"#0","tintindex":0},"up":{"uv":[12.9875,10.9875,12.7625,10.7625],"rotation":0,"texture":"#0","tintindex":0},"west":{"uv":[0.8875,12.5125,1.1125,12.9875],"rotation":0,"texture":"#0","tintindex":0}}},{"name":"cube","from":[5.75,5.6,7.7],"to":[6.35,6.2,8.3],"rotation":{"angle":-45.0,"axis":"z","origin":[6.35,4.3999996,8.3]},"faces":{"down":{"uv":[4.6125,7.6375,4.5125,7.7375],"rotation":0,"texture":"#0","tintindex":0},"east":{"uv":[7.6375,1.1375,7.7375,1.2375],"rotation":0,"texture":"#0","tintindex":0},"north":{"uv":[7.5125,3.7625,7.6125,3.8625],"rotation":0,"texture":"#0","tintindex":0},"south":{"uv":[7.6375,3.7625,7.7375,3.8625],"rotation":0,"texture":"#0","tintindex":0},"up":{"uv":[4.4875,7.7375,4.3875,7.6375],"rotation":0,"texture":"#0","tintindex":0},"west":{"uv":[4.2625,7.6375,4.3625,7.7375],"rotation":0,"texture":"#0","tintindex":0}}},{"name":"cube","from":[5.75,3.1999998,7.4],"to":[6.95,5.6,8.6],"rotation":{"angle":-45.0,"axis":"z","origin":[6.35,4.3999996,8.0]},"faces":{"down":{"uv":[11.4875,12.7625,11.2625,12.9875],"rotation":0,"texture":"#0","tintindex":0},"east":{"uv":[1.3875,12.5125,1.6125,12.9875],"rotation":0,"texture":"#0","tintindex":0},"north":{"uv":[1.1375,12.5125,1.3625,12.9875],"rotation":0,"texture":"#0","tintindex":0},"south":{"uv":[1.6375,12.5125,1.8625,12.9875],"rotation":0,"texture":"#0","tintindex":0},"up":{"uv":[12.9875,11.2375,12.7625,11.0125],"rotation":0,"texture":"#0","tintindex":0},"west":{"uv":[12.5125,2.6375,12.7375,3.1125],"rotation":0,"texture":"#0","tintindex":0}}}],"display":{"head":{"translation":[0.0,-6.4,0.0],"rotation":[0.0,0.0,0.0],"scale":[3.8095,3.8095,3.8095]}}}