{"textures":{"0":"modelengine:entity/zahar"},"elements":[{"name":"cube","from":[6.774264,5.672792,7.4],"to":[7.974264,8.072792,8.6],"rotation":{"angle":0.0,"axis":"x","origin":[5.5742636,3.872792,7.4]},"faces":{"down":{"uv":[11.7375,12.7625,11.5125,12.9875],"rotation":0,"texture":"#0","tintindex":0},"east":{"uv":[12.5125,3.6375,12.7375,4.1125],"rotation":0,"texture":"#0","tintindex":0},"north":{"uv":[12.5125,3.1375,12.7375,3.6125],"rotation":0,"texture":"#0","tintindex":0},"south":{"uv":[12.5125,4.1375,12.7375,4.6125],"rotation":0,"texture":"#0","tintindex":0},"up":{"uv":[12.9875,11.4875,12.7625,11.2625],"rotation":0,"texture":"#0","tintindex":0},"west":{"uv":[12.5125,4.6375,12.7375,5.1125],"rotation":0,"texture":"#0","tintindex":0}}},{"name":"cube","from":[5.75,5.6,7.7],"to":[6.35,6.2,8.3],"rotation":{"angle":-45.0,"axis":"z","origin":[6.35,4.3999996,8.3]},"faces":{"down":{"uv":[8.8625,0.8875,8.7625,0.9875],"rotation":0,"texture":"#0","tintindex":0},"east":{"uv":[4.7625,7.6375,4.8625,7.7375],"rotation":0,"texture":"#0","tintindex":0},"north":{"uv":[4.6375,7.6375,4.7375,7.7375],"rotation":0,"texture":"#0","tintindex":0},"south":{"uv":[7.7625,1.1375,7.8625,1.2375],"rotation":0,"texture":"#0","tintindex":0},"up":{"uv":[5.8625,8.2375,5.7625,8.1375],"rotation":0,"texture":"#0","tintindex":0},"west":{"uv":[7.7625,3.7625,7.8625,3.8625],"rotation":0,"texture":"#0","tintindex":0}}},{"name":"cube","from":[5.75,3.1999998,7.4],"to":[6.95,5.6,8.6],"rotation":{"angle":-45.0,"axis":"z","origin":[6.35,4.3999996,8.0]},"faces":{"down":{"uv":[12.9875,11.7625,12.7625,11.9875],"rotation":0,"texture":"#0","tintindex":0},"east":{"uv":[4.0125,12.6375,4.2375,13.1125],"rotation":0,"texture":"#0","tintindex":0},"north":{"uv":[12.5125,7.7625,12.7375,8.2375],"rotation":0,"texture":"#0","tintindex":0},"south":{"uv":[4.2625,12.6375,4.4875,13.1125],"rotation":0,"texture":"#0","tintindex":0},"up":{"uv":[12.9875,11.7375,12.7625,11.5125],"rotation":0,"texture":"#0","tintindex":0},"west":{"uv":[4.5125,12.6375,4.7375,13.1125],"rotation":0,"texture":"#0","tintindex":0}}}],"display":{"head":{"translation":[0.0,-6.4,0.0],"rotation":[0.0,0.0,0.0],"scale":[3.8095,3.8095,3.8095]}}}
