{"textures":{"0":"modelengine:entity/zahar"},"elements":[{"name":"cube","from":[5.461005,11.791391,8.574488],"to":[10.261005,11.791391,12.174488],"rotation":{"angle":0.0,"axis":"x","origin":[7.8610053,11.791391,8.574488]},"faces":{"down":{"uv":[9.7375,3.8875,8.7625,4.6125],"rotation":0,"texture":"#0","tintindex":0},"east":{"uv":[0.0125,0.0125,0.7375,0.0125],"rotation":0,"texture":"#0","tintindex":0},"north":{"uv":[0.0125,0.0125,0.9875,0.0125],"rotation":0,"texture":"#0","tintindex":0},"south":{"uv":[0.0125,0.0125,0.9875,0.0125],"rotation":0,"texture":"#0","tintindex":0},"up":{"uv":[4.4875,5.4875,3.5125,4.7625],"rotation":0,"texture":"#0","tintindex":0},"west":{"uv":[0.0125,0.0125,0.7375,0.0125],"rotation":0,"texture":"#0","tintindex":0}}},{"name":"cube","from":[6.061005,7.213475,4.4251885],"to":[9.661005,9.613476,6.8251886],"rotation":{"angle":0.0,"axis":"x","origin":[9.037229,9.385507,6.47884]},"faces":{"down":{"uv":[12.3625,9.3875,11.6375,9.8625],"rotation":0,"texture":"#0","tintindex":0},"east":{"uv":[8.7625,6.1375,9.2375,6.6125],"rotation":0,"texture":"#0","tintindex":0},"north":{"uv":[11.6375,5.7625,12.3625,6.2375],"rotation":0,"texture":"#0","tintindex":0},"south":{"uv":[11.6375,6.2625,12.3625,6.7375],"rotation":0,"texture":"#0","tintindex":0},"up":{"uv":[12.3625,7.2375,11.6375,6.7625],"rotation":0,"texture":"#0","tintindex":0},"west":{"uv":[12.1375,5.1375,12.6125,5.6125],"rotation":0,"texture":"#0","tintindex":0}}},{"name":"cube","from":[7.2610054,8.370461,4.152567],"to":[8.461005,10.170462,7.152567],"rotation":{"angle":45.0,"axis":"x","origin":[9.037229,9.385507,6.47884]},"faces":{"down":{"uv":[1.8625,7.6375,1.6375,8.2375],"rotation":0,"texture":"#0","tintindex":0},"east":{"uv":[12.3875,1.2625,12.9875,1.6125],"rotation":0,"texture":"#0","tintindex":0},"north":{"uv":[6.7625,11.7625,6.9875,12.1125],"rotation":0,"texture":"#0","tintindex":0},"south":{"uv":[12.5125,8.2625,12.7375,8.6125],"rotation":0,"texture":"#0","tintindex":0},"up":{"uv":[3.4875,6.4875,3.2625,5.8875],"rotation":0,"texture":"#0","tintindex":0},"west":{"uv":[5.6375,12.3875,6.2375,12.7375],"rotation":0,"texture":"#0","tintindex":0}}},{"name":"cube","from":[6.061005,8.810224,4.494273],"to":[9.661005,10.010223,6.8942738],"rotation":{"angle":22.5,"axis":"x","origin":[9.037229,9.385507,6.47884]},"faces":{"down":{"uv":[12.4875,0.7625,11.7625,1.2375],"rotation":0,"texture":"#0","tintindex":0},"east":{"uv":[11.1375,9.3875,11.6125,9.6125],"rotation":0,"texture":"#0","tintindex":0},"north":{"uv":[4.7625,1.3875,5.4875,1.6125],"rotation":0,"texture":"#0","tintindex":0},"south":{"uv":[8.0125,0.8875,8.7375,1.1125],"rotation":0,"texture":"#0","tintindex":0},"up":{"uv":[12.3625,10.3625,11.6375,9.8875],"rotation":0,"texture":"#0","tintindex":0},"west":{"uv":[12.3875,8.8875,12.8625,9.1125],"rotation":0,"texture":"#0","tintindex":0}}},{"name":"cube","from":[9.408871,9.410223,7.33097],"to":[10.008871,11.210223,8.53097],"rotation":{"angle":0.0,"axis":"x","origin":[9.037229,9.385507,6.47884]},"faces":{"down":{"uv":[7.3625,8.2625,7.2625,8.4875],"rotation":0,"texture":"#0","tintindex":0},"east":{"uv":[12.6375,0.3875,12.8625,0.7375],"rotation":0,"texture":"#0","tintindex":0},"north":{"uv":[7.0125,3.8875,7.1125,4.2375],"rotation":0,"texture":"#0","tintindex":0},"south":{"uv":[7.0125,4.2625,7.1125,4.6125],"rotation":0,"texture":"#0","tintindex":0},"up":{"uv":[7.1125,4.8625,7.0125,4.6375],"rotation":0,"texture":"#0","tintindex":0},"west":{"uv":[12.6375,1.8875,12.8625,2.2375],"rotation":0,"texture":"#0","tintindex":0}}},{"name":"cube","from":[10.742986,7.560787,2.3956015],"to":[12.542986,9.360787,5.9956017],"rotation":{"angle":-45.0,"axis":"y","origin":[11.642986,8.460787,4.1956015]},"faces":{"down":{"uv":[10.2375,12.0125,9.8875,12.7375],"rotation":0,"texture":"#0","tintindex":0},"east":{"uv":[11.5125,11.0125,12.2375,11.3625],"rotation":0,"texture":"#0","tintindex":0},"north":{"uv":[7.5125,3.3875,7.8625,3.7375],"rotation":0,"texture":"#0","tintindex":0},"south":{"uv":[9.2625,8.8875,9.6125,9.2375],"rotation":0,"texture":"#0","tintindex":0},"up":{"uv":[3.2375,7.8625,2.8875,7.1375],"rotation":0,"texture":"#0","tintindex":0},"west":{"uv":[11.8875,1.8875,12.6125,2.2375],"rotation":0,"texture":"#0","tintindex":0}}},{"name":"cube","from":[11.042986,7.8607874,5.9956017],"to":[12.242986,9.060787,7.1956015],"rotation":{"angle":-45.0,"axis":"y","origin":[11.642986,8.460787,4.1956015]},"faces":{"down":{"uv":[5.9875,12.7625,5.7625,12.9875],"rotation":0,"texture":"#0","tintindex":0},"east":{"uv":[8.0125,9.5125,8.2375,9.7375],"rotation":0,"texture":"#0","tintindex":0},"north":{"uv":[8.1375,6.6375,8.3625,6.8625],"rotation":0,"texture":"#0","tintindex":0},"south":{"uv":[4.3875,9.6375,4.6125,9.8625],"rotation":0,"texture":"#0","tintindex":0},"up":{"uv":[5.7375,12.9875,5.5125,12.7625],"rotation":0,"texture":"#0","tintindex":0},"west":{"uv":[8.6375,11.2625,8.8625,11.4875],"rotation":0,"texture":"#0","tintindex":0}}},{"name":"cube","from":[5.461005,8.810224,5.0942736],"to":[10.261005,12.410224,9.894274],"rotation":{"angle":22.5,"axis":"x","origin":[9.037229,9.385507,6.47884]},"faces":{"down":{"uv":[8.4875,2.3875,7.5125,3.3625],"rotation":0,"texture":"#0","tintindex":0},"east":{"uv":[9.8625,0.8875,8.8875,1.6125],"rotation":0,"texture":"#0","tintindex":0},"north":{"uv":[8.7625,4.6375,9.7375,5.3625],"rotation":0,"texture":"#0","tintindex":0},"south":{"uv":[7.2625,8.7625,8.2375,9.4875],"rotation":0,"texture":"#0","tintindex":0},"up":{"uv":[8.3625,7.8625,7.3875,6.8875],"rotation":0,"texture":"#0","tintindex":0},"west":{"uv":[8.8875,0.8875,9.8625,1.6125],"rotation":0,"texture":"#0","tintindex":0}}},{"name":"cube","from":[6.361005,7.0102234,5.6942735],"to":[9.361006,8.810224,8.694273],"rotation":{"angle":22.5,"axis":"x","origin":[9.037229,9.385507,6.47884]},"faces":{"down":{"uv":[8.6125,11.2625,8.0125,11.8625],"rotation":0,"texture":"#0","tintindex":0},"east":{"uv":[12.3875,6.0125,12.9875,6.3625],"rotation":0,"texture":"#0","tintindex":0},"north":{"uv":[12.3875,5.6375,12.9875,5.9875],"rotation":0,"texture":"#0","tintindex":0},"south":{"uv":[12.3875,6.3875,12.9875,6.7375],"rotation":0,"texture":"#0","tintindex":0},"up":{"uv":[11.8625,2.2375,11.2625,1.6375],"rotation":0,"texture":"#0","tintindex":0},"west":{"uv":[12.3875,6.7625,12.9875,7.1125],"rotation":0,"texture":"#0","tintindex":0}}},{"name":"cube","from":[10.834476,8.023783,6.357177],"to":[10.834476,11.023783,8.157177],"rotation":{"angle":22.5,"axis":"z","origin":[10.834476,9.523783,7.2571764]},"faces":{"down":{"uv":[0.0125,0.0125,0.0125,0.3625],"rotation":0,"texture":"#0","tintindex":0},"east":{"uv":[6.2625,12.3875,6.6125,12.9875],"rotation":0,"texture":"#0","tintindex":0},"north":{"uv":[0.0125,0.0125,0.0125,0.6125],"rotation":0,"texture":"#0","tintindex":0},"south":{"uv":[0.0125,0.0125,0.0125,0.6125],"rotation":0,"texture":"#0","tintindex":0},"up":{"uv":[0.0125,0.3625,0.0125,0.0125],"rotation":0,"texture":"#0","tintindex":0},"west":{"uv":[7.5125,12.3875,7.8625,12.9875],"rotation":0,"texture":"#0","tintindex":0}}},{"name":"cube","from":[10.261005,8.810224,9.894274],"to":[10.261005,12.410224,11.694274],"rotation":{"angle":22.5,"axis":"x","origin":[9.037229,9.385507,6.47884]},"faces":{"down":{"uv":[0.0125,0.0125,0.0125,0.3625],"rotation":0,"texture":"#0","tintindex":0},"east":{"uv":[10.2625,12.0125,10.6125,12.7375],"rotation":0,"texture":"#0","tintindex":0},"north":{"uv":[0.0125,0.0125,0.0125,0.7375],"rotation":0,"texture":"#0","tintindex":0},"south":{"uv":[0.0125,0.0125,0.0125,0.7375],"rotation":0,"texture":"#0","tintindex":0},"up":{"uv":[0.0125,0.3625,0.0125,0.0125],"rotation":0,"texture":"#0","tintindex":0},"west":{"uv":[10.6375,12.0125,10.9875,12.7375],"rotation":0,"texture":"#0","tintindex":0}}},{"name":"cube","from":[5.461005,8.810224,9.894274],"to":[5.461005,12.410224,11.694274],"rotation":{"angle":22.5,"axis":"x","origin":[6.684782,9.385507,6.47884]},"faces":{"down":{"uv":[0.0125,0.0125,0.0125,0.3625],"rotation":0,"texture":"#0","tintindex":0},