{"textures":{"0":"modelengine:entity/zahar"},"elements":[{"from":[5.581909,11.610848,8.547131],"to":[10.153338,11.610848,11.975702],"rotation":{"angle":0.0,"axis":"y","origin":[7.867624,11.610848,8.547131]},"faces":{"east":{"uv":[0.0125,0.0125,0.7375,0.0125],"rotation":0,"texture":"#0","tintindex":0},"south":{"uv":[0.0125,0.0125,0.9875,0.0125],"rotation":0,"texture":"#0","tintindex":0},"north":{"uv":[0.0125,0.0125,0.9875,0.0125],"rotation":0,"texture":"#0","tintindex":0},"west":{"uv":[0.0125,0.0125,0.7375,0.0125],"rotation":0,"texture":"#0","tintindex":0},"up":{"uv":[4.4875,5.4875,3.5125,4.7625],"rotation":0,"texture":"#0","tintindex":0},"down":{"uv":[9.7375,3.8875,8.7625,4.6125],"rotation":0,"texture":"#0","tintindex":0}}},{"from":[6.153338,7.2509284,4.595418],"to":[9.581909,9.536643,6.881132],"rotation":{"angle":0.0,"axis":"x","origin":[8.987837,9.31953,6.551276]},"faces":{"east":{"uv":[8.7625,6.1375,9.2375,6.6125],"rotation":0,"texture":"#0","tintindex":0},"south":{"uv":[11.6375,6.2625,12.3625,6.7375],"rotation":0,"texture":"#0","tintindex":0},"north":{"uv":[11.6375,5.7625,12.3625,6.2375],"rotation":0,"texture":"#0","tintindex":0},"west":{"uv":[12.1375,5.1375,12.6125,5.6125],"rotation":0,"texture":"#0","tintindex":0},"up":{"uv":[12.3625,7.2375,11.6375,6.7625],"rotation":0,"texture":"#0","tintindex":0},"down":{"uv":[12.3625,9.3875,11.6375,9.8625],"rotation":0,"texture":"#0","tintindex":0}}},{"from":[7.296195,8.352819,4.335778],"to":[8.439053,10.067105,7.192921],"rotation":{"angle":45.0,"axis":"x","origin":[8.987837,9.31953,6.551276]},"faces":{"east":{"uv":[12.3875,1.2625,12.9875,1.6125],"rotation":0,"texture":"#0","tintindex":0},"south":{"uv":[12.5125,8.2625,12.7375,8.6125],"rotation":0,"texture":"#0","tintindex":0},"north":{"uv":[6.7625,11.7625,6.9875,12.1125],"rotation":0,"texture":"#0","tintindex":0},"west":{"uv":[5.6375,12.3875,6.2375,12.7375],"rotation":0,"texture":"#0","tintindex":0},"up":{"uv":[3.4875,6.4875,3.2625,5.8875],"rotation":0,"texture":"#0","tintindex":0},"down":{"uv":[1.8625,7.6375,1.6375,8.2375],"rotation":0,"texture":"#0","tintindex":0}}},{"from":[6.153338,8.771642,4.661213],"to":[9.581909,9.914498,6.946927],"rotation":{"angle":22.5,"axis":"x","origin":[8.987837,9.31953,6.551276]},"faces":{"east":{"uv":[11.1375,9.3875,11.6125,9.6125],"rotation":0,"texture":"#0","tintindex":0},"south":{"uv":[8.0125,0.8875,8.7375,1.1125],"rotation":0,"texture":"#0","tintindex":0},"north":{"uv":[4.7625,1.3875,5.4875,1.6125],"rotation":0,"texture":"#0","tintindex":0},"west":{"uv":[12.3875,8.8875,12.8625,9.1125],"rotation":0,"texture":"#0","tintindex":0},"up":{"uv":[12.3625,10.3625,11.6375,9.8875],"rotation":0,"texture":"#0","tintindex":0},"down":{"uv":[12.4875,0.7625,11.7625,1.2375],"rotation":0,"texture":"#0","tintindex":0}}},{"from":[9.341782,9.34307,7.3628283],"to":[9.913211,11.057356,8.505686],"rotation":{"angle":22.5,"axis":"x","origin":[8.987837,9.31953,6.551276]},"faces":{"east":{"uv":[12.6375,0.3875,12.8625,0.7375],"rotation":0,"texture":"#0","tintindex":0},"south":{"uv":[7.0125,4.2625,7.1125,4.6125],"rotation":0,"texture":"#0","tintindex":0},"north":{"uv":[7.0125,3.8875,7.1125,4.2375],"rotation":0,"texture":"#0","tintindex":0},"west":{"uv":[12.6375,1.8875,12.8625,2.2375],"rotation":0,"texture":"#0","tintindex":0},"up":{"uv":[7.1125,4.8625,7.0125,4.6375],"rotation":0,"texture":"#0","tintindex":0},"down":{"uv":[7.3625,8.2625,7.2625,8.4875],"rotation":0,"texture":"#0","tintindex":0}}},{"from":[10.612368,7.5817027,2.6624775],"to":[12.326653,9.295989,6.0910487],"rotation":{"angle":-45.0,"axis":"y","origin":[11.46951,8.438846,4.3767633]},"faces":{"east":{"uv":[11.5125,11.0125,12.2375,11.3625],"rotation":0,"texture":"#0","tintindex":0},"south":{"uv":[9.2625,8.8875,9.6125,9.2375],"rotation":0,"texture":"#0","tintindex":0},"north":{"uv":[7.5125,3.3875,7.8625,3.7375],"rotation":0,"texture":"#0","tintindex":0},"west":{"uv":[11.8875,1.8875,12.6125,2.2375],"rotation":0,"texture":"#0","tintindex":0},"up":{"uv":[3.2375,7.8625,2.8875,7.1375],"rotation":0,"texture":"#0","tintindex":0},"down":{"uv":[10.2375,12.0125,9.8875,12.7375],"rotation":0,"texture":"#0","tintindex":0}}},{"from":[10.898082,7.8674173,6.0910487],"to":[12.040939,9.010275,7.2339063],"rotation":{"angle":-45.0,"axis":"y","origin":[11.46951,8.438846,4.3767633]},"faces":{"east":{"uv":[8.0125,9.5125,8.2375,9.7375],"rotation":0,"texture":"#0","tintindex":0},"south":{"uv":[4.3875,9.6375,4.6125,9.8625],"rotation":0,"texture":"#0","tintindex":0},"north":{"uv":[8.1375,6.6375,8.3625,6.8625],"rotation":0,"texture":"#0","tintindex":0},"west":{"uv":[8.6375,11.2625,8.8625,11.4875],"rotation":0,"texture":"#0","tintindex":0},"up":{"uv":[5.7375,12.9875,5.5125,12.7625],"rotation":0,"texture":"#0","tintindex":0},"down":{"uv":[5.9875,12.7625,5.7625,12.9875],"rotation":0,"texture":"#0","tintindex":0}}},{"from":[5.581909,8.771642,5.232641],"to":[10.153338,12.2002125,9.80407],"rotation":{"angle":22.5,"axis":"x","origin":[8.987837,9.31953,6.551276]},"faces":{"east":{"uv":[9.8625,0.8875,8.8875,1.6125],"rotation":0,"texture":"#0","tintindex":0},"south":{"uv":[7.2625,8.7625,8.2375,9.4875],"rotation":0,"texture":"#0","tintindex":0},"north":{"uv":[8.7625,4.6375,9.7375,5.3625],"rotation":0,"texture":"#0","tintindex":0},"west":{"uv":[8.8875,0.8875,9.8625,1.6125],"rotation":0,"texture":"#0","tintindex":0},"up":{"uv":[8.3625,7.8625,7.3875,6.8875],"rotation":0,"texture":"#0","tintindex":0},"down":{"uv":[8.4875,2.3875,7.5125,3.3625],"rotation":0,"texture":"#0","tintindex":0}}},{"from":[6.4390526,7.0573554,5.80407],"to":[9.296195,8.771642,8.661213],"rotation":{"angle":22.5,"axis":"x","origin":[8.987837,9.31953,6.551276]},"faces":{"east":{"uv":[12.3875,6.0125,12.9875,6.3625],"rotation":0,"texture":"#0","tintindex":0},"south":{"uv":[12.3875,6.3875,12.9875,6.7375],"rotation":0,"texture":"#0","tintindex":0},"north":{"uv":[12.3875,5.6375,12.9875,5.9875],"rotation":0,"texture":"#0","tintindex":0},"west":{"uv":[12.3875,6.7625,12.9875,7.1125],"rotation":0,"texture":"#0","tintindex":0},"up":{"uv":[11.8625,2.2375,11.2625,1.6375],"rotation":0,"texture":"#0","tintindex":0},"down":{"uv":[8.6125,11.2625,8.0125,11.8625],"rotation":0,"texture":"#0","tintindex":0}}},{"from":[10.699501,8.02265,6.435406],"to":[10.699501,10.879792,8.149693],"rotation":{"angle":22.5,"axis":"z","origin":[10.699501,9.451221,7.292549]},"faces":{"east":{"uv":[6.2625,12.3875,6.6125,12.9875],"rotation":0,"texture":"#0","tintindex":0},"south":{"uv":[0.0125,0.0125,0.0125,0.6125],"rotation":0,"texture":"#0","tintindex":0},"north":{"uv":[0.0125,0.0125,0.0125,0.6125],"rotation":0,"texture":"#0","tintindex":0},"west":{"uv":[7.5125,12.3875,7.8625,12.9875],"rotation":0,"texture":"#0","tintindex":0},"up":{"uv":[0.0125,0.3625,0.0125,0.0125],"rotation":0,"texture":"#0","tintindex":0},"down":{"uv":[0.0125,0.0125,0.0125,0.3625],"rotation":0,"texture":"#0","tintindex":0}}},{"from":[10.153338,8.771642,9.80407],"to":[10.153338,12.2002125,11.518356],"rotation":{"angle":22.5,"axis":"x","origin":[8.987837,9.31953,6.551276]},"faces":{"east":{"uv":[10.2625,12.0125,10.6125,12.7375],"rotation":0,"texture":"#0","tintindex":0},"south":{"uv":[0.0125,0.0125,0.0125,0.7375],"rotation":0,"texture":"#0","tintindex":0},"north":{"uv":[0.0125,0.0125,0.0125,0.7375],"rotation":0,"texture":"#0","tintindex":0},"west":{"uv":[10.6375,12.0125,10.9875,12.7375],"rotation":0,"texture":"#0","tintindex":0},"up":{"uv":[0.0125,0.3625,0.0125,0.0125],"rotation":0,"texture":"#0","tintindex":0},"down":{"uv":[0.0125,0.0125,0.0125,0.3625],"rotation":0,"texture":"#0","tintindex":0}}},{"from":[5.581909,8.771642,9.80407],"to":[5.581909,12.2002125,11.518356],"rotation":{"angle":22.5,"axis":"x","origin":[6.7474113,9.31953,6.551276]},"faces":{"east":{"uv":[2.2625,12.1375,2.6125,12.8625],"rotation":0,"texture":"#0","tintindex":0},"south":{"uv":[0.0125,0.0125,0.0125,0.7375],"rotation":0,"texture":"#0","tintindex":0},"north":{"uv":[0.0125,0.0125,0.0125,0.7375],"rotation":0,"texture":"#0","tintindex":0},