{"textures":{"0":"modelengine:entity/zahar"},"elements":[{"from":[4.133481,3.9303212,4.8744917],"to":[8.70491,9.073179,8.874492],"rotation":{"angle":-22.5,"axis":"x","origin":[12.70491,10.216036,5.7316346]},"faces":{"east":{"uv":[0.7625,7.6375,1.6125,8.7375],"rotation":0,"texture":"#0","tintindex":0},"south":{"uv":[1.8875,7.1375,2.8625,8.2375],"rotation":0,"texture":"#0","tintindex":0},"north":{"uv":[7.0125,0.0125,7.9875,1.1125],"rotation":0,"texture":"#0","tintindex":0},"west":{"uv":[4.2625,7.7625,5.1125,8.8625],"rotation":0,"texture":"#0","tintindex":0},"up":{"uv":[8.3625,8.7375,7.3875,7.8875],"rotation":0,"texture":"#0","tintindex":0},"down":{"uv":[8.9875,0.0125,8.0125,0.8625],"rotation":0,"texture":"#0","tintindex":0}}},{"from":[4.70491,-0.06967831,4.8744917],"to":[7.5620527,3.9303212,8.874492],"rotation":{"angle":-22.5,"axis":"x","origin":[12.70491,10.216036,5.7316346]},"faces":{"east":{"uv":[8.5125,2.0125,9.3625,2.8625],"rotation":0,"texture":"#0","tintindex":0},"south":{"uv":[4.3875,10.8875,4.9875,11.7375],"rotation":0,"texture":"#0","tintindex":0},"north":{"uv":[3.0125,10.8875,3.6125,11.7375],"rotation":0,"texture":"#0","tintindex":0},"west":{"uv":[0.6375,8.7625,1.4875,9.6125],"rotation":0,"texture":"#0","tintindex":0},"up":{"uv":[5.6125,11.7375,5.0125,10.8875],"rotation":0,"texture":"#0","tintindex":0},"down":{"uv":[6.9875,10.8875,6.3875,11.7375],"rotation":0,"texture":"#0","tintindex":0}}}],"display":{"head":{"translation":[0.0,-6.4,0.0],"scale":[4.0,4.0,4.0]}}}