{"textures":{"0":"modelengine:entity/zahar"},"elements":[{"from":[5.714286,2.30866,6.178168],"to":[9.142858,9.165803,10.178168],"rotation":{"angle":0.0,"axis":"y","origin":[6.285714,5.451517,9.035311]},"faces":{"east":{"uv":[6.0125,1.2625,6.8625,2.7375],"rotation":0,"texture":"#0","tintindex":0},"south":{"uv":[7.3875,5.3875,8.1125,6.8625],"rotation":0,"texture":"#0","tintindex":0},"north":{"uv":[7.1375,3.8875,7.8625,5.3625],"rotation":0,"texture":"#0","tintindex":0},"west":{"uv":[1.0125,6.1375,1.8625,7.6125],"rotation":0,"texture":"#0","tintindex":0},"up":{"uv":[10.2375,10.6125,9.5125,9.7625],"rotation":0,"texture":"#0","tintindex":0},"down":{"uv":[10.6125,0.7625,9.8875,1.6125],"rotation":0,"texture":"#0","tintindex":0}}},{"from":[6.285714,1.096973,6.4191875],"to":[8.571428,2.8112588,8.704902],"rotation":{"angle":-22.5,"axis":"x","origin":[7.428571,1.9541159,7.5620446]},"faces":{"east":{"uv":[8.8875,1.6375,9.3625,1.9875],"rotation":0,"texture":"#0","tintindex":0},"south":{"uv":[9.7625,5.7625,10.2375,6.1125],"rotation":0,"texture":"#0","tintindex":0},"north":{"uv":[4.0125,2.7625,4.4875,3.1125],"rotation":0,"texture":"#0","tintindex":0},"west":{"uv":[12.3875,9.3875,12.8625,9.7375],"rotation":0,"texture":"#0","tintindex":0},"up":{"uv":[12.7375,11.3625,12.2625,10.8875],"rotation":0,"texture":"#0","tintindex":0},"down":{"uv":[12.7375,12.1375,12.2625,12.6125],"rotation":0,"texture":"#0","tintindex":0}}}],"display":{"head":{"translation":[0.0,-6.4,0.0],"scale":[4.0,4.0,4.0]}}}