{"textures":{"0":"modelengine:entity/zahar"},"elements":[{"name":"cube","from":[7.1,8.387628,7.1085625],"to":[8.9,8.987627,8.908563],"rotation":{"angle":0.0,"axis":"x","origin":[8.0,6.887626,8.008562]},"faces":{"down":{"uv":[12.8625,0.0125,12.5125,0.3625],"rotation":0,"texture":"#0","tintindex":0},"east":{"uv":[3.6375,1.6375,3.9875,1.7375],"rotation":0,"texture":"#0","tintindex":0},"north":{"uv":[3.2625,1.6375,3.6125,1.7375],"rotation":0,"texture":"#0","tintindex":0},"south":{"uv":[5.8875,6.5125,6.2375,6.6125],"rotation":0,"texture":"#0","tintindex":0},"up":{"uv":[0.3625,12.8625,0.0125,12.5125],"rotation":0,"texture":"#0","tintindex":0},"west":{"uv":[7.0125,1.1375,7.3625,1.2375],"rotation":0,"texture":"#0","tintindex":0}}},{"name":"cube","from":[7.4,6.5876265,7.408562],"to":[8.6,8.387628,8.608562],"rotation":{"angle":0.0,"axis":"x","origin":[8.0,6.887626,8.008562]},"faces":{"down":{"uv":[12.9875,12.7625,12.7625,12.9875],"rotation":0,"texture":"#0","tintindex":0},"east":{"uv":[12.7625,4.0125,12.9875,4.3625],"rotation":0,"texture":"#0","tintindex":0},"north":{"uv":[12.7625,3.6375,12.9875,3.9875],"rotation":0,"texture":"#0","tintindex":0},"south":{"uv":[12.7625,4.3875,12.9875,4.7375],"rotation":0,"texture":"#0","tintindex":0},"up":{"uv":[12.9875,12.7375,12.7625,12.5125],"rotation":0,"texture":"#0","tintindex":0},"west":{"uv":[12.7625,4.7625,12.9875,5.1125],"rotation":0,"texture":"#0","tintindex":0}}},{"name":"cube","from":[6.5,3.587626,6.508562],"to":[9.5,6.5876265,9.508562],"rotation":{"angle":0.0,"axis":"x","origin":[8.0,6.887626,8.008562]},"faces":{"down":{"uv":[12.1125,10.3875,11.5125,10.9875],"rotation":0,"texture":"#0","tintindex":0},"east":{"uv":[7.0125,11.5125,7.6125,12.1125],"rotation":0,"texture":"#0","tintindex":0},"north":{"uv":[11.5125,2.8875,12.1125,3.4875],"rotation":0,"texture":"#0","tintindex":0},"south":{"uv":[11.5125,8.0125,12.1125,8.6125],"rotation":0,"texture":"#0","tintindex":0},"up":{"uv":[9.8625,12.1125,9.2625,11.5125],"rotation":0,"texture":"#0","tintindex":0},"west":{"uv":[8.6375,11.5125,9.2375,12.1125],"rotation":0,"texture":"#0","tintindex":0}}}],"display":{"head":{"translation":[0.0,-6.4,0.0],"rotation":[0.0,0.0,0.0],"scale":[3.8095,3.8095,3.8095]}}}