{"textures":{"0":"modelengine:entity/zahar"},"elements":[{"name":"cube","from":[7.7,6.2,5.6],"to":[11.900001,10.4,10.4],"rotation":{"angle":0.0,"axis":"x","origin":[8.6,6.2,6.2]},"faces":{"down":{"uv":[8.7375,4.3875,7.8875,5.3625],"rotation":0,"texture":"#0","tintindex":0},"east":{"uv":[7.8875,1.1375,8.8625,1.9875],"rotation":0,"texture":"#0","tintindex":0},"north":{"uv":[8.3875,7.5125,9.2375,8.3625],"rotation":0,"texture":"#0","tintindex":0},"south":{"uv":[8.3875,8.3875,9.2375,9.2375],"rotation":0,"texture":"#0","tintindex":0},"up":{"uv":[8.7375,4.3625,7.8875,3.3875],"rotation":0,"texture":"#0","tintindex":0},"west":{"uv":[2.8875,7.8875,3.8625,8.7375],"rotation":0,"texture":"#0","tintindex":0}}},{"name":"cube","from":[7.7,1.9999998,6.2],"to":[11.3,6.2,9.8],"rotation":{"angle":0.0,"axis":"x","origin":[8.6,1.9999998,6.2]},"faces":{"down":{"uv":[10.9875,9.7625,10.2625,10.4875],"rotation":0,"texture":"#0","tintindex":0},"east":{"uv":[9.5125,2.3875,10.2375,3.2375],"rotation":0,"texture":"#0","tintindex":0},"north":{"uv":[1.5125,9.5125,2.2375,10.3625],"rotation":0,"texture":"#0","tintindex":0},"south":{"uv":[5.6375,9.5125,6.3625,10.3625],"rotation":0,"texture":"#0","tintindex":0},"up":{"uv":[10.9875,7.9875,10.2625,7.2625],"rotation":0,"texture":"#0","tintindex":0},"west":{"uv":[7.2625,9.5125,7.9875,10.3625],"rotation":0,"texture":"#0","tintindex":0}}},{"name":"cube","from":[11.3,3.1999998,8.0],"to":[12.5,8.0,9.2],"rotation":{"angle":0.0,"axis":"x","origin":[8.6,6.2,6.2]},"faces":{"down":{"uv":[10.9875,12.7625,10.7625,12.9875],"rotation":0,"texture":"#0","tintindex":0},"east":{"uv":[0.7625,6.3875,0.9875,7.3625],"rotation":0,"texture":"#0","tintindex":0},"north":{"uv":[1.8875,6.1375,2.1125,7.1125],"rotation":0,"texture":"#0","tintindex":0},"south":{"uv":[7.1375,5.3875,7.3625,6.3625],"rotation":0,"texture":"#0","tintindex":0},"up":{"uv":[10.7375,12.9875,10.5125,12.7625],"rotation":0,"texture":"#0","tintindex":0},"west":{"uv":[2.6375,12.1375,2.8625,13.1125],"rotation":0,"texture":"#0","tintindex":0}}},{"name":"cube","from":[8.6,-0.40000033,6.2],"to":[10.4,3.1999998,9.8],"rotation":{"angle":45.0,"axis":"x","origin":[9.5,1.3999997,8.0]},"faces":{"down":{"uv":[8.9875,12.1375,8.6375,12.8625],"rotation":0,"texture":"#0","tintindex":0},"east":{"uv":[1.5125,10.3875,2.2375,11.1125],"rotation":0,"texture":"#0","tintindex":0},"north":{"uv":[6.7625,12.1375,7.1125,12.8625],"rotation":0,"texture":"#0","tintindex":0},"south":{"uv":[7.1375,12.1375,7.4875,12.8625],"rotation":0,"texture":"#0","tintindex":0},"up":{"uv":[12.4875,8.6125,12.1375,7.8875],"rotation":0,"texture":"#0","tintindex":0},"west":{"uv":[5.6375,10.3875,6.3625,11.1125],"rotation":0,"texture":"#0","tintindex":0}}}],"display":{"head":{"translation":[0.0,-6.4,0.0],"rotation":[0.0,0.0,0.0],"scale":[3.8095,3.8095,3.8095]}}}