{"textures":{"0":"modelengine:entity/zahar"},"elements":[{"name":"cube","from":[6.5,3.3804233,8.62777],"to":[9.5,8.180424,12.227771],"rotation":{"angle":0.0,"axis":"x","origin":[7.7,7.2804236,9.82777]},"faces":{"down":{"uv":[11.0125,9.6375,11.6125,10.3625],"rotation":0,"texture":"#0","tintindex":0},"east":{"uv":[9.4875,2.8875,8.7625,3.8625],"rotation":0,"texture":"#0","tintindex":0},"north":{"uv":[4.8625,6.6375,4.2625,7.6125],"rotation":0,"texture":"#0","tintindex":0},"south":{"uv":[4.9875,9.8875,4.3875,10.8625],"rotation":0,"texture":"#0","tintindex":0},"up":{"uv":[11.0125,7.3625,11.6125,6.6375],"rotation":0,"texture":"#0","tintindex":0},"west":{"uv":[3.6125,8.7625,2.8875,9.7375],"rotation":0,"texture":"#0","tintindex":0}}},{"name":"cube","from":[6.8,-0.81957674,8.62777],"to":[9.2,3.3804233,11.62777],"rotation":{"angle":0.0,"axis":"x","origin":[7.4,3.6804233,9.82777]},"faces":{"down":{"uv":[11.7625,7.2625,12.2375,7.8625],"rotation":0,"texture":"#0","tintindex":0},"east":{"uv":[11.1125,4.8875,10.5125,5.7375],"rotation":0,"texture":"#0","tintindex":0},"north":{"uv":[11.7375,0.7625,11.2625,1.6125],"rotation":0,"texture":"#0","tintindex":0},"south":{"uv":[2.3625,11.2625,1.8875,12.1125],"rotation":0,"texture":"#0","tintindex":0},"up":{"uv":[6.2625,12.3625,6.7375,11.7625],"rotation":0,"texture":"#0","tintindex":0},"west":{"uv":[11.1125,4.0125,10.5125,4.8625],"rotation":0,"texture":"#0","tintindex":0}}}],"display":{"head":{"translation":[0.0,-6.4,0.0],"rotation":[0.0,0.0,0.0],"scale":[3.8095,3.8095,3.8095]}}}
