{"textures":{"0":"modelengine:entity/zahar"},"elements":[{"from":[7.142857,6.5484824,4.2504034],"to":[9.428572,7.6913395,5.39326],"rotation":{"angle":22.5,"axis":"x","origin":[8.285714,7.4056253,4.5361176]},"faces":{"east":{"uv":[0.9875,7.3875,0.7625,7.6125],"rotation":0,"texture":"#0","tintindex":0},"south":{"uv":[5.1125,8.8875,4.6375,9.1125],"rotation":0,"texture":"#0","tintindex":0},"north":{"uv":[5.9875,1.3875,5.5125,1.6125],"rotation":0,"texture":"#0","tintindex":0},"west":{"uv":[7.3625,6.3875,7.1375,6.6125],"rotation":0,"texture":"#0","tintindex":0},"up":{"uv":[2.2625,9.7375,2.7375,9.5125],"rotation":0,"texture":"#0","tintindex":0},"down":{"uv":[10.6375,8.6375,11.1125,8.8625],"rotation":0,"texture":"#0","tintindex":0}}},{"from":[6.857143,6.285714,5.0],"to":[9.714286,8.0,9.571428],"rotation":{"angle":0.0,"axis":"y","origin":[8.0,12.285715,7.857143]},"faces":{"east":{"uv":[12.4875,3.5125,11.5125,3.8625],"rotation":0,"texture":"#0","tintindex":0},"south":{"uv":[8.4875,2.0125,7.8875,2.3625],"rotation":0,"texture":"#0","tintindex":0},"north":{"uv":[7.4875,2.3875,6.8875,2.7375],"rotation":0,"texture":"#0","tintindex":0},"west":{"uv":[12.1125,5.3875,11.1375,5.7375],"rotation":0,"texture":"#0","tintindex":0},"up":{"uv":[5.0125,10.8625,5.6125,9.8875],"rotation":0,"texture":"#0","tintindex":0},"down":{"uv":[6.3875,9.8875,6.9875,10.8625],"rotation":0,"texture":"#0","tintindex":0}}}],"display":{"head":{"translation":[0.0,-6.4,0.0],"scale":[4.0,4.0,4.0]}}}