{"textures":{"0":"modelengine:entity/zahar"},"elements":[{"from":[6.857143,2.30866,6.178168],"to":[10.285714,9.165803,10.178168],"rotation":{"angle":0.0,"axis":"y","origin":[9.714286,5.451517,9.035311]},"faces":{"east":{"uv":[1.8625,6.1375,1.0125,7.6125],"rotation":0,"texture":"#0","tintindex":0},"south":{"uv":[8.1125,5.3875,7.3875,6.8625],"rotation":0,"texture":"#0","tintindex":0},"north":{"uv":[7.8625,3.8875,7.1375,5.3625],"rotation":0,"texture":"#0","tintindex":0},"west":{"uv":[6.8625,1.2625,6.0125,2.7375],"rotation":0,"texture":"#0","tintindex":0},"up":{"uv":[9.5125,10.6125,10.2375,9.7625],"rotation":0,"texture":"#0","tintindex":0},"down":{"uv":[9.8875,0.7625,10.6125,1.6125],"rotation":0,"texture":"#0","tintindex":0}}},{"from":[7.428571,1.096973,6.4191875],"to":[9.714286,2.8112588,8.704902],"rotation":{"angle":-22.5,"axis":"x","origin":[8.571428,1.9541159,7.5620446]},"faces":{"east":{"uv":[12.8625,9.3875,12.3875,9.7375],"rotation":0,"texture":"#0","tintindex":0},"south":{"uv":[10.2375,5.7625,9.7625,6.1125],"rotation":0,"texture":"#0","tintindex":0},"north":{"uv":[4.4875,2.7625,4.0125,3.1125],"rotation":0,"texture":"#0","tintindex":0},"west":{"uv":[9.3625,1.6375,8.8875,1.9875],"rotation":0,"texture":"#0","tintindex":0},"up":{"uv":[12.2625,11.3625,12.7375,10.8875],"rotation":0,"texture":"#0","tintindex":0},"down":{"uv":[12.2625,12.1375,12.7375,12.6125],"rotation":0,"texture":"#0","tintindex":0}}}],"display":{"head":{"translation":[0.0,-6.4,0.0],"scale":[4.0,4.0,4.0]}}}