{"textures":{"0":"modelengine:entity/zahar"},"elements":[{"name":"cube","from":[6.5,3.1999998,6.2],"to":[9.5,7.4,9.8],"rotation":{"angle":0.0,"axis":"x","origin":[7.1,3.1999998,6.2]},"faces":{"down":{"uv":[11.7375,3.8875,11.1375,4.6125],"rotation":0,"texture":"#0","tintindex":0},"east":{"uv":[0.0125,9.6375,0.7375,10.4875],"rotation":0,"texture":"#0","tintindex":0},"north":{"uv":[10.2625,10.5125,10.8625,11.3625],"rotation":0,"texture":"#0","tintindex":0},"south":{"uv":[10.6375,0.6375,11.2375,1.4875],"rotation":0,"texture":"#0","tintindex":0},"up":{"uv":[1.8625,11.8625,1.2625,11.1375],"rotation":0,"texture":"#0","tintindex":0},"west":{"uv":[0.7625,9.6375,1.4875,10.4875],"rotation":0,"texture":"#0","tintindex":0}}},{"name":"cube","from":[7.1,-1.0000005,6.2],"to":[9.5,3.1999998,9.2],"rotation":{"angle":0.0,"axis":"x","origin":[7.1,-1.0000005,6.2]},"faces":{"down":{"uv":[1.8625,11.8875,1.3875,12.4875],"rotation":0,"texture":"#0","tintindex":0},"east":{"uv":[8.8875,10.6375,9.4875,11.4875],"rotation":0,"texture":"#0","tintindex":0},"north":{"uv":[2.3875,11.2625,2.8625,12.1125],"rotation":0,"texture":"#0","tintindex":0},"south":{"uv":[3.6375,11.2625,4.1125,12.1125],"rotation":0,"texture":"#0","tintindex":0},"up":{"uv":[12.3625,1.8625,11.8875,1.2625],"rotation":0,"texture":"#0","tintindex":0},"west":{"uv":[9.5125,10.6375,10.1125,11.4875],"rotation":0,"texture":"#0","tintindex":0}}}],"display":{"head":{"translation":[0.0,-6.4,0.0],"rotation":[0.0,0.0,0.0],"scale":[3.8095,3.8095,3.8095]}}}
