{"textures":{"0":"modelengine:entity/zahar"},"elements":[{"name":"cube","from":[6.8,2.0240932,6.087076],"to":[10.4,9.224093,10.287077],"rotation":{"angle":0.0,"axis":"x","origin":[9.8,5.324093,9.087076]},"faces":{"down":{"uv":[9.8875,0.7625,10.6125,1.6125],"rotation":0,"texture":"#0","tintindex":0},"east":{"uv":[1.8625,6.1375,1.0125,7.6125],"rotation":0,"texture":"#0","tintindex":0},"north":{"uv":[7.8625,3.8875,7.1375,5.3625],"rotation":0,"texture":"#0","tintindex":0},"south":{"uv":[8.1125,5.3875,7.3875,6.8625],"rotation":0,"texture":"#0","tintindex":0},"up":{"uv":[9.5125,10.6125,10.2375,9.7625],"rotation":0,"texture":"#0","tintindex":0},"west":{"uv":[6.8625,1.2625,6.0125,2.7375],"rotation":0,"texture":"#0","tintindex":0}}},{"name":"cube","from":[7.4,0.7518213,6.340147],"to":[9.8,2.5518212,8.740147],"rotation":{"angle":-22.5,"axis":"x","origin":[8.6,1.6518213,7.5401473]},"faces":{"down":{"uv":[12.2625,12.1375,12.7375,12.6125],"rotation":0,"texture":"#0","tintindex":0},"east":{"uv":[12.8625,9.3875,12.3875,9.7375],"rotation":0,"texture":"#0","tintindex":0},"north":{"uv":[4.4875,2.7625,4.0125,3.1125],"rotation":0,"texture":"#0","tintindex":0},"south":{"uv":[10.2375,5.7625,9.7625,6.1125],"rotation":0,"texture":"#0","tintindex":0},"up":{"uv":[12.2625,11.3625,12.7375,10.8875],"rotation":0,"texture":"#0","tintindex":0},"west":{"uv":[9.3625,1.6375,8.8875,1.9875],"rotation":0,"texture":"#0","tintindex":0}}}],"display":{"head":{"translation":[0.0,-6.4,0.0],"rotation":[0.0,0.0,0.0],"scale":[3.8095,3.8095,3.8095]}}}