{"textures":{"0":"modelengine:entity/zahar"},"elements":[{"name":"cube","from":[5.0,17.6,2.8999999],"to":[10.4,20.0,9.5],"rotation":{"angle":-22.5,"axis":"x","origin":[8.0,18.8,6.2]},"faces":{"down":{"uv":[2.1125,4.7625,1.0125,6.1125],"rotation":0,"texture":"#0","tintindex":0},"east":{"uv":[8.2625,9.2625,9.6125,9.7375],"rotation":0,"texture":"#0","tintindex":0},"north":{"uv":[10.2625,2.2625,11.3625,2.7375],"rotation":0,"texture":"#0","tintindex":0},"south":{"uv":[10.2625,2.7625,11.3625,3.2375],"rotation":0,"texture":"#0","tintindex":0},"up":{"uv":[5.8625,1.3625,4.7625,0.0125],"rotation":0,"texture":"#0","tintindex":0},"west":{"uv":[9.2625,8.3875,10.6125,8.8625],"rotation":0,"texture":"#0","tintindex":0}}},{"name":"cube","from":[3.1999998,12.2,2.8999999],"to":[12.8,17.6,9.5],"rotation":{"angle":-22.5,"axis":"x","origin":[8.0,18.8,6.2]},"faces":{"down":{"uv":[3.9875,1.7625,2.0125,3.1125],"rotation":0,"texture":"#0","tintindex":0},"east":{"uv":[2.1375,4.7625,3.4875,5.8625],"rotation":0,"texture":"#0","tintindex":0},"north":{"uv":[4.0125,1.6375,5.9875,2.7375],"rotation":0,"texture":"#0","tintindex":0},"south":{"uv":[4.5125,2.7625,6.4875,3.8625],"rotation":0,"texture":"#0","tintindex":0},"up":{"uv":[1.9875,3.1125,0.0125,1.7625],"rotation":0,"texture":"#0","tintindex":0},"west":{"uv":[3.5125,5.5125,4.8625,6.6125],"rotation":0,"texture":"#0","tintindex":0}}},{"name":"cube","from":[12.8,12.2,5.8999996],"to":[15.2,17.6,8.3],"rotation":{"angle":-22.5,"axis":"x","origin":[8.0,18.8,6.2]},"faces":{"down":{"uv":[12.7375,7.2625,12.2625,7.7375],"rotation":0,"texture":"#0","tintindex":0},"east":{"uv":[7.0125,10.3875,7.4875,11.4875],"rotation":0,"texture":"#0","tintindex":0},"north":{"uv":[3.1375,9.7625,3.6125,10.8625],"rotation":0,"texture":"#0","tintindex":0},"south":{"uv":[7.5125,10.3875,7.9875,11.4875],"rotation":0,"texture":"#0","tintindex":0},"up":{"uv":[3.3625,12.7375,2.8875,12.2625],"rotation":0,"texture":"#0","tintindex":0},"west":{"uv":[0.0125,10.5125,0.4875,11.6125],"rotation":0,"texture":"#0","tintindex":0}}},{"name":"cube","from":[4.3999996,5.6,5.3],"to":[11.6,13.400001,10.1],"rotation":{"angle":0.0,"axis":"x","origin":[8.0,18.8,6.2]},"faces":{"down":{"uv":[6.3625,5.5125,4.8875,6.4875],"rotation":0,"texture":"#0","tintindex":0},"east":{"uv":[4.5125,3.8875,5.4875,5.4875],"rotation":0,"texture":"#0","tintindex":0},"north":{"uv":[0.0125,3.1375,1.4875,4.7375],"rotation":0,"texture":"#0","tintindex":0},"south":{"uv":[1.5125,3.1375,2.9875,4.7375],"rotation":0,"texture":"#0","tintindex":0},"up":{"uv":[6.9875,4.8625,5.5125,3.8875],"rotation":0,"texture":"#0","tintindex":0},"west":{"uv":[0.0125,4.7625,0.9875,6.3625],"rotation":0,"texture":"#0","tintindex":0}}},{"name":"cube","from":[5.6,4.8393397,7.3547726],"to":[10.4,8.43934,10.954773],"rotation":{"angle":-45.0,"axis":"x","origin":[8.0,4.5393395,9.754773]},"faces":{"down":{"uv":[10.2375,7.6375,9.2625,8.3625],"rotation":0,"texture":"#0","tintindex":0},"east":{"uv":[2.2625,10.5125,2.9875,11.2375],"rotation":0,"texture":"#0","tintindex":0},"north":{"uv":[4.6375,9.1375,5.6125,9.8625],"rotation":0,"texture":"#0","tintindex":0},"south":{"uv":[9.2625,6.1375,10.2375,6.8625],"rotation":0,"texture":"#0","tintindex":0},"up":{"uv":[10.2375,7.6125,9.2625,6.8875],"rotation":0,"texture":"#0","tintindex":0},"west":{"uv":[3.6375,10.5125,4.3625,11.2375],"rotation":0,"texture":"#0","tintindex":0}}},{"name":"cube","from":[13.1,17.6,10.1],"to":[16.1,23.600002,13.1],"rotation":{"angle":-45.0,"axis":"z","origin":[14.6,22.400002,11.6]},"faces":{"down":{"uv":[10.7375,11.3875,10.1375,11.9875],"rotation":0,"texture":"#0","tintindex":0},"east":{"uv":[1.6375,8.2625,2.2375,9.4875],"rotation":0,"texture":"#0","tintindex":0},"north":{"uv":[8.1375,5.3875,8.7375,6.6125],"rotation":0,"texture":"#0","tintindex":0},"south":{"uv":[2.2625,8.2625,2.8625,9.4875],"rotation":0,"texture":"#0","tintindex":0},"up":{"uv":[11.9875,2.8625,11.3875,2.2625],"rotation":0,"texture":"#0","tintindex":0},"west":{"uv":[5.7625,8.2625,6.3625,9.4875],"rotation":0,"texture":"#0","tintindex":0}}},{"name":"cube","from":[11.3,12.2,9.5],"to":[13.1,15.8,13.7],"rotation":{"angle":-45.0,"axis":"z","origin":[14.6,22.400002,11.6]},"faces":{"down":{"uv":[7.9875,11.5125,7.6375,12.3625],"rotation":0,"texture":"#0","tintindex":0},"east":{"uv":[6.3875,9.1375,7.2375,9.8625],"rotation":0,"texture":"#0","tintindex":0},"north":{"uv":[3.6375,12.1375,3.9875,12.8625],"rotation":0,"texture":"#0","tintindex":0},"south":{"uv":[12.1375,4.3875,12.4875,5.1125],"rotation":0,"texture":"#0","tintindex":0},"up":{"uv":[4.2375,8.7375,3.8875,7.8875],"rotation":0,"texture":"#0","tintindex":0},"west":{"uv":[9.3875,1.6375,10.2375,2.3625],"rotation":0,"texture":"#0","tintindex":0}}},{"name":"cube","from":[8.9,12.2,10.1],"to":[11.3,14.6,13.1],"rotation":{"angle":-45.0,"axis":"z","origin":[14.6,22.400002,11.6]},"faces":{"down":{"uv":[1.3625,11.8875,0.8875,12.4875],"rotation":0,"texture":"#0","tintindex":0},"east":{"uv":[11.7625,8.6375,12.3625,9.1125],"rotation":0,"texture":"#0","tintindex":0},"north":{"uv":[12.1375,10.3875,12.6125,10.8625],"rotation":0,"texture":"#0","tintindex":0},"south":{"uv":[11.7625,12.1375,12.2375,12.6125],"rotation":0,"texture":"#0","tintindex":0},"up":{"uv":[0.8625,12.4875,0.3875,11.8875],"rotation":0,"texture":"#0","tintindex":0},"west":{"uv":[11.8875,0.0125,12.4875,0.4875],"rotation":0,"texture":"#0","tintindex":0}}},{"name":"cube","from":[11.3,15.8,12.5],"to":[13.1,17.6,13.7],"rotation":{"angle":-45.0,"axis":"z","origin":[14.6,22.400002,11.6]},"faces":{"down":{"uv":[12.8625,9.1375,12.5125,9.3625],"rotation":0,"texture":"#0","tintindex":0},"east":{"uv":[12.6375,5.1375,12.8625,5.4875],"rotation":0,"texture":"#0","tintindex":0},"north":{"uv":[11.0125,12.3875,11.3625,12.7375],"rotation":0,"texture":"#0","tintindex":0},"south":{"uv":[11.3875,12.3875,11.7375,12.7375],"rotation":0,"texture":"#0","tintindex":0},"up":{"uv":[12.7375,10.3625,12.3875,10.1375],"rotation":0,"texture":"#0","tintindex":0},"west":{"uv":[5.2625,12.6375,5.4875,12.9875],"rotation":0,"texture":"#0","tintindex":0}}},{"name":"cube","from":[11.3,15.8,9.5],"to":[13.1,17.6,10.700001],"rotation":{"angle":-45.0,"axis":"z","origin":[14.6,22.400002,8.6]},"faces":{"down":{"uv":[12.7375,12.6375,12.3875,12.8625],"rotation":0,"texture":"#0","tintindex":0},"east":{"uv":[12.6375,10.3875,12.8625,10.7375],"rotation":0,"texture":"#0","tintindex":0},"north":{"uv":[12.3875,11.3875,12.7375,11.7375],"rotation":0,"texture":"#0","tintindex":0},"south":{"uv":[12.3875,11.7625,12.7375,12.1125],"rotation":0,"texture":"#0","tintindex":0},"up":{"uv":[12.3625,12.8625,12.0125,12.6375],"rotation":0,"texture":"#0","tintindex":0},"west":{"uv":[11.7625,12.6375,11.9875,12.9875],"rotation":0,"texture":"#0","tintindex":0}}},{"name":"cube","from":[13.1,11.6,8.9],"to":[17.900002,17.6,14.3],"rotation":{"angle":-45.0,"axis":"z","origin":[14.6,22.400002,11.6]},"faces":{"down":{"uv":[7.8625,1.2625,6.8875,2.3625],"rotation":0,"texture":"#0","tintindex":0},"east":{"uv":[5.8875,0.0125,6.9875,1.2375],"rotation":0,"texture":"#0","tintindex":0},"north":{"uv":[4.8875,6.5125,5.8625,7.7375],"rotation":0,"texture":"#0","tintindex":0},"south":{"uv":[3.2625,6.6375,4.2375,7.8625],"rotation":0,"texture":"#0","tintindex":0},"up":{"uv":[7.4875,3.8625,6.5125,2.7625],"rotation":0,"texture":"#0","tintindex":0},"west":{"uv":[2.1375,5.8875,3.2375,7.1125],"rotation":0,"texture":"#0","tintindex":0}}},{"name":"cube","from":[13.1,8.6,8.9],"to":[17.900002,11.6,12.5],"rotation":{"angle":-45.0,"axis":"z","origin":[14.6,22.400002,11.6]},"faces":{"down":{"uv":[9.9875,0.0125,9.0125,0.7375],"rotation":0,"texture":"#0","tintindex":0},"east":{"uv":[11.0125,7.3875,11.7375,7.9875],"rotation":0,"texture":"#0","tintindex":0},"north":{"uv":[10.0125,0.0125,10.9875,0.6125],"rotation":0,"texture":"#0","tintindex":0},"south":{"uv":[10.2625,1.6375,11.2375,2.2375],"rotation":0,"texture":"#0","tintindex":0},"up":{"uv":[4.6125,9.6125,3.6375,8.8875],"rotation":0,"texture":"#0","tintindex":0},