{"textures":{"0":"modelengine:entity/jupiterarcher"},"elements":[{"from":[4.1142855,7.885714,4.1142855],"to":[11.885715,15.657143,11.885715],"rotation":{"angle":0.0,"axis":"y","origin":[8.0,-15.428572,8.0]},"faces":{"east":{"uv":[0.0,1.875,0.84375,2.71875],"rotation":0,"texture":"#0","tintindex":0},"south":{"uv":[1.9375,1.625,2.78125,2.46875],"rotation":0,"texture":"#0","tintindex":0},"north":{"uv":[1.0625,1.625,1.90625,2.46875],"rotation":0,"texture":"#0","tintindex":0},"west":{"uv":[2.125,0.0,2.96875,0.84375],"rotation":0,"texture":"#0","tintindex":0},"up":{"uv":[1.71875,3.34375,0.875,2.5],"rotation":0,"texture":"#0","tintindex":0},"down":{"uv":[2.59375,2.5,1.75,3.34375],"rotation":0,"texture":"#0","tintindex":0}}},{"from":[3.2057137,18.941843,-6.415884],"to":[12.794287,21.91584,0.7639799],"rotation":{"angle":22.5,"axis":"x","origin":[18.862858,-9.169876,-9.407448]},"faces":{"east":{"uv":[6.375,2.25,7.15625,2.5625],"rotation":0,"texture":"#0","tintindex":0},"south":{"uv":[4.75,0.25,5.8125,0.5625],"rotation":0,"texture":"#0","tintindex":0},"north":{"uv":[4.125,4.625,5.1875,4.9375],"rotation":0,"texture":"#0","tintindex":0},"west":{"uv":[0.8125,6.625,1.59375,6.9375],"rotation":0,"texture":"#0","tintindex":0},"up":{"uv":[2.125,0.78125,1.0625,0.0],"rotation":0,"texture":"#0","tintindex":0},"down":{"uv":[2.125,0.8125,1.0625,1.59375],"rotation":0,"texture":"#0","tintindex":0}}},{"from":[7.2,19.91327,-0.13016987],"to":[8.8,23.458698,1.3354087],"rotation":{"angle":22.5,"axis":"x","origin":[19.428572,-8.7698765,-9.407448]},"faces":{"east":{"uv":[0.3125,9.1875,0.46875,9.5625],"rotation":0,"texture":"#0","tintindex":0},"south":{"uv":[0.75,8.9375,0.9375,9.3125],"rotation":0,"texture":"#0","tintindex":0},"north":{"uv":[3.6875,6.125,3.875,6.5],"rotation":0,"texture":"#0","tintindex":0},"west":{"uv":[0.5,9.1875,0.65625,9.5625],"rotation":0,"texture":"#0","tintindex":0},"up":{"uv":[9.875,2.09375,9.6875,1.9375],"rotation":0,"texture":"#0","tintindex":0},"down":{"uv":[9.875,4.625,9.6875,4.78125],"rotation":0,"texture":"#0","tintindex":0}}},{"from":[7.2,19.056128,-6.9873133],"to":[8.8,23.172983,-5.521734],"rotation":{"angle":22.5,"axis":"x","origin":[19.428572,-8.7698765,-9.407448]},"faces":{"east":{"uv":[5.625,8.9375,5.78125,9.375],"rotation":0,"texture":"#0","tintindex":0},"south":{"uv":[2.625,8.8125,2.8125,9.25],"rotation":0,"texture":"#0","tintindex":0},"north":{"uv":[2.4375,8.8125,2.625,9.25],"rotation":0,"texture":"#0","tintindex":0},"west":{"uv":[8.9375,7.125,9.09375,7.5625],"rotation":0,"texture":"#0","tintindex":0},"up":{"uv":[9.875,4.96875,9.6875,4.8125],"rotation":0,"texture":"#0","tintindex":0},"down":{"uv":[9.875,5.0,9.6875,5.15625],"rotation":0,"texture":"#0","tintindex":0}}},{"from":[6.9142857,24.4847,-6.2444563],"to":[9.085714,25.172983,0.9354086],"rotation":{"angle":22.5,"axis":"x","origin":[19.142857,-7.341305,-12.664591]},"faces":{"east":{"uv":[8.5625,5.875,9.34375,5.9375],"rotation":0,"texture":"#0","tintindex":0},"south":{"uv":[3.875,1.0625,4.125,1.125],"rotation":0,"texture":"#0","tintindex":0},"north":{"uv":[2.5625,1.5625,2.8125,1.625],"rotation":0,"texture":"#0","tintindex":0},"west":{"uv":[8.75,0.3125,9.53125,0.375],"rotation":0,"texture":"#0","tintindex":0},"up":{"uv":[3.125,5.28125,2.875,4.5],"rotation":0,"texture":"#0","tintindex":0},"down":{"uv":[5.6875,6.625,5.4375,7.40625],"rotation":0,"texture":"#0","tintindex":0}}},{"from":[6.942857,13.168915,11.817868],"to":[9.057143,17.491636,12.506151],"rotation":{"angle":-22.5,"axis":"x","origin":[7.8285713,17.082073,12.41985]},"faces":{"east":{"uv":[2.5,3.9375,2.5625,4.40625],"rotation":0,"texture":"#0","tintindex":0},"south":{"uv":[8.4375,6.8125,8.65625,7.28125],"rotation":0,"texture":"#0","tintindex":0},"north":{"uv":[3.4375,8.375,3.65625,8.84375],"rotation":0,"texture":"#0","tintindex":0},"west":{"uv":[1.0,9.4375,1.0625,9.90625],"rotation":0,"texture":"#0","tintindex":0},"up":{"uv":[7.71875,6.5625,7.5,6.5],"rotation":0,"texture":"#0","tintindex":0},"down":{"uv":[8.09375,6.1875,7.875,6.25],"rotation":0,"texture":"#0","tintindex":0}}},{"from":[6.9714284,9.660147,10.36619],"to":[9.028571,13.697153,11.054473],"rotation":{"angle":-45.0,"axis":"x","origin":[7.8,17.082073,12.41985]},"faces":{"east":{"uv":[4.5,7.1875,4.5625,7.625],"rotation":0,"texture":"#0","tintindex":0},"south":{"uv":[8.6875,7.125,8.90625,7.5625],"rotation":0,"texture":"#0","tintindex":0},"north":{"uv":[6.6875,8.625,6.90625,9.0625],"rotation":0,"texture":"#0","tintindex":0},"west":{"uv":[6.9375,7.3125,7.0,7.75],"rotation":0,"texture":"#0","tintindex":0},"up":{"uv":[8.21875,0.6875,8.0,0.625],"rotation":0,"texture":"#0","tintindex":0},"down":{"uv":[8.65625,7.3125,8.4375,7.375],"rotation":0,"texture":"#0","tintindex":0}}},{"from":[6.885714,22.071556,14.392206],"to":[9.114285,22.759838,18.1435],"rotation":{"angle":-22.5,"axis":"x","origin":[19.114286,-9.754448,18.257786]},"faces":{"east":{"uv":[9.375,5.875,9.78125,5.9375],"rotation":0,"texture":"#0","tintindex":0},"south":{"uv":[0.4375,5.5625,0.6875,5.625],"rotation":0,"texture":"#0","tintindex":0},"north":{"uv":[2.875,5.3125,3.125,5.375],"rotation":0,"texture":"#0","tintindex":0},"west":{"uv":[9.625,3.0625,10.03125,3.125],"rotation":0,"texture":"#0","tintindex":0},"up":{"uv":[0.9375,8.90625,0.6875,8.5],"rotation":0,"texture":"#0","tintindex":0},"down":{"uv":[5.875,8.5,5.625,8.90625],"rotation":0,"texture":"#0","tintindex":0}}},{"from":[11.885715,7.3142858,7.542857],"to":[12.8,12.457142,11.885715],"rotation":{"angle":0.0,"axis":"y","origin":[15.771429,-19.200003,8.0]},"faces":{"east":{"uv":[5.25,6.0625,5.71875,6.625],"rotation":0,"texture":"#0","tintindex":0},"south":{"uv":[4.0625,8.8125,4.15625,9.375],"rotation":0,"texture":"#0","tintindex":0},"north":{"uv":[6.4375,0.0,6.53125,0.5625],"rotation":0,"texture":"#0","tintindex":0},"west":{"uv":[6.125,2.6875,6.59375,3.25],"rotation":0,"texture":"#0","tintindex":0},"up":{"uv":[1.40625,9.78125,1.3125,9.3125],"rotation":0,"texture":"#0","tintindex":0},"down":{"uv":[9.40625,3.9375,9.3125,4.40625],"rotation":0,"texture":"#0","tintindex":0}}},{"from":[3.1999998,7.3142858,11.885715],"to":[12.8,15.657144,12.800001],"rotation":{"angle":0.0,"axis":"y","origin":[15.771429,-19.200003,7.7714286]},"faces":{"east":{"uv":[0.9375,8.5,1.03125,9.40625],"rotation":0,"texture":"#0","tintindex":0},"south":{"uv":[0.0,0.9375,1.0625,1.84375],"rotation":0,"texture":"#0","tintindex":0},"north":{"uv":[0.0,0.0,1.0625,0.90625],"rotation":0,"texture":"#0","tintindex":0},"west":{"uv":[4.5625,8.75,4.65625,9.65625],"rotation":0,"texture":"#0","tintindex":0},"up":{"uv":[9.5625,6.78125,8.5,6.6875],"rotation":0,"texture":"#0","tintindex":0},"down":{"uv":[9.625,2.25,8.5625,2.34375],"rotation":0,"texture":"#0","tintindex":0}}},{"from":[3.1999998,7.3142858,7.542857],"to":[4.1142855,12.457142,11.885715],"rotation":{"angle":0.0,"axis":"y","origin":[0.22857094,-19.200003,8.0]},"faces":{"east":{"uv":[3.1875,6.125,3.65625,6.6875],"rotation":0,"texture":"#0","tintindex":0},"south":{"uv":[2.6875,9.25,2.78125,9.8125],"rotation":0,"texture":"#0","tintindex":0},"north":{"uv":[8.625,9.0625,8.71875,9.625],"rotation":0,"texture":"#0","tintindex":0},"west":{"uv":[6.1875,4.625,6.65625,5.1875],"rotation":0,"texture":"#0","tintindex":0},"up":{"uv":[4.84375,9.78125,4.75,9.3125],"rotation":0,"texture":"#0","tintindex":0},"down":{"uv":[4.96875,9.3125,4.875,9.78125],"rotation":0,"texture":"#0","tintindex":0}}},{"from":[3.1999998,12.457144,3.1999993],"to":[12.8,15.657143,4.1142855],"rotation":{"angle":0.0,"axis":"y","origin":[15.771429,-15.428572,0.22857094]},"faces":{"east":{"uv":[0.625,9.625,0.71875,9.96875],"rotation":0,"texture":"#0","tintindex":0},"south":{"uv":[4.625,3.25,5.6875,3.59375],"rotation":0,"texture":"#0","tintindex":0},"north":{"uv":[4.625,2.875,5.6875,3.21875],"rotation":0,"texture":"#0","tintindex":0},"west":{"uv":[0.75,9.625,0.84375,9.96875],"rotation":0,"texture":"#0","tintindex":0},"up":{"uv":[9.625,2.96875,8.5625,2.875],"rotation":0,"texture":"#0","tintindex":0},