{"textures":{"0":"modelengine:entity/jupiterarcher"},"elements":[{"from":[5.8285713,3.1999998,6.0571427],"to":[9.714286,8.571429,9.942858],"rotation":{"angle":0.0,"axis":"y","origin":[13.6,-14.742857,8.0]},"faces":{"east":{"uv":[6.4375,1.625,6.875,2.21875],"rotation":0,"texture":"#0","tintindex":0},"south":{"uv":[6.1875,6.4375,6.625,7.03125],"rotation":0,"texture":"#0","tintindex":0},"north":{"uv":[6.375,3.875,6.8125,4.46875],"rotation":0,"texture":"#0","tintindex":0},"west":{"uv":[6.5,0.875,6.9375,1.46875],"rotation":0,"texture":"#0","tintindex":0},"up":{"uv":[1.25,7.375,0.8125,6.9375],"rotation":0,"texture":"#0","tintindex":0},"down":{"uv":[7.375,0.875,6.9375,1.3125],"rotation":0,"texture":"#0","tintindex":0}}},{"from":[5.832,6.7467985,-6.391301],"to":[9.710857,9.494414,-3.6436863],"rotation":{"angle":45.0,"axis":"x","origin":[13.603429,-10.053202,-4.4484444]},"faces":{"east":{"uv":[7.8125,8.5625,8.125,8.875],"rotation":0,"texture":"#0","tintindex":0},"south":{"uv":[5.75,7.875,6.1875,8.1875],"rotation":0,"texture":"#0","tintindex":0},"north":{"uv":[7.875,5.4375,8.3125,5.75],"rotation":0,"texture":"#0","tintindex":0},"west":{"uv":[8.125,8.5625,8.4375,8.875],"rotation":0,"texture":"#0","tintindex":0},"up":{"uv":[8.3125,6.0625,7.875,5.75],"rotation":0,"texture":"#0","tintindex":0},"down":{"uv":[0.4375,7.9375,0.0,8.25],"rotation":0,"texture":"#0","tintindex":0}}}],"display":{"head":{"translation":[0.0,-6.4,0.0],"scale":[4.0,4.0,4.0]}}}