{"textures":{"0":"modelengine:entity/jupiterarcher"},"elements":[{"from":[6.628571,5.8285704,4.8],"to":[9.657143,7.9428573,7.428571],"rotation":{"angle":0.0,"axis":"y","origin":[7.7142854,30.285715,14.285715]},"faces":{"east":{"uv":[9.0625,2.625,9.34375,2.84375],"rotation":0,"texture":"#0","tintindex":0},"south":{"uv":[3.0625,8.9375,3.40625,9.15625],"rotation":0,"texture":"#0","tintindex":0},"north":{"uv":[8.9375,1.625,9.28125,1.84375],"rotation":0,"texture":"#0","tintindex":0},"west":{"uv":[9.0625,3.125,9.34375,3.34375],"rotation":0,"texture":"#0","tintindex":0},"up":{"uv":[6.65625,8.96875,6.3125,8.6875],"rotation":0,"texture":"#0","tintindex":0},"down":{"uv":[9.03125,6.8125,8.6875,7.09375],"rotation":0,"texture":"#0","tintindex":0}}},{"from":[6.628571,5.8285704,7.657143],"to":[9.657143,7.9428573,10.4],"rotation":{"angle":0.0,"axis":"y","origin":[7.7142854,30.285715,14.285715]},"faces":{"east":{"uv":[0.0,9.0625,0.3125,9.28125],"rotation":0,"texture":"#0","tintindex":0},"south":{"uv":[8.9375,4.25,9.28125,4.46875],"rotation":0,"texture":"#0","tintindex":0},"north":{"uv":[8.9375,4.0,9.28125,4.21875],"rotation":0,"texture":"#0","tintindex":0},"west":{"uv":[9.0625,0.0,9.375,0.21875],"rotation":0,"texture":"#0","tintindex":0},"up":{"uv":[6.65625,8.6875,6.3125,8.375],"rotation":0,"texture":"#0","tintindex":0},"down":{"uv":[8.71875,7.875,8.375,8.1875],"rotation":0,"texture":"#0","tintindex":0}}}],"display":{"head":{"translation":[0.0,-6.4,0.0],"scale":[4.0,4.0,4.0]}}}