{"textures":{"0":"modelengine:entity/jupiterarcher"},"elements":[{"from":[6.63727,5.7753687,5.9377146],"to":[9.322985,8.57537,9.252001],"rotation":{"angle":0.0,"axis":"y","origin":[7.83727,24.689657,14.280572]},"faces":{"east":{"uv":[5.3125,8.1875,5.6875,8.5],"rotation":0,"texture":"#0","tintindex":0},"south":{"uv":[8.4375,8.75,8.71875,9.0625],"rotation":0,"texture":"#0","tintindex":0},"north":{"uv":[8.75,7.875,9.03125,8.1875],"rotation":0,"texture":"#0","tintindex":0},"west":{"uv":[5.6875,8.1875,6.0625,8.5],"rotation":0,"texture":"#0","tintindex":0},"up":{"uv":[2.46875,8.8125,2.1875,8.4375],"rotation":0,"texture":"#0","tintindex":0},"down":{"uv":[3.03125,8.4375,2.75,8.8125],"rotation":0,"texture":"#0","tintindex":0}}},{"from":[5.894413,3.0896544,24.22343],"to":[10.065842,5.2039413,26.966288],"rotation":{"angle":45.0,"axis":"x","origin":[7.5515556,24.689657,14.280572]},"faces":{"east":{"uv":[6.1875,9.0,6.5,9.21875],"rotation":0,"texture":"#0","tintindex":0},"south":{"uv":[5.125,8.5,5.59375,8.71875],"rotation":0,"texture":"#0","tintindex":0},"north":{"uv":[4.1875,8.5,4.65625,8.71875],"rotation":0,"texture":"#0","tintindex":0},"west":{"uv":[8.75,9.0,9.0625,9.21875],"rotation":0,"texture":"#0","tintindex":0},"up":{"uv":[3.40625,8.0,2.9375,7.6875],"rotation":0,"texture":"#0","tintindex":0},"down":{"uv":[8.15625,7.0,7.6875,7.3125],"rotation":0,"texture":"#0","tintindex":0}}},{"from":[6.180127,2.346797,6.5091434],"to":[9.780128,6.7467985,10.394857],"rotation":{"angle":0.0,"axis":"y","origin":[7.8372703,24.689657,14.280572]},"faces":{"east":{"uv":[6.625,6.1875,7.0625,6.65625],"rotation":0,"texture":"#0","tintindex":0},"south":{"uv":[7.0625,4.3125,7.46875,4.78125],"rotation":0,"texture":"#0","tintindex":0},"north":{"uv":[7.0625,2.5625,7.46875,3.03125],"rotation":0,"texture":"#0","tintindex":0},"west":{"uv":[3.0625,6.6875,3.5,7.15625],"rotation":0,"texture":"#0","tintindex":0},"up":{"uv":[1.65625,7.5625,1.25,7.125],"rotation":0,"texture":"#0","tintindex":0},"down":{"uv":[2.09375,7.125,1.6875,7.5625],"rotation":0,"texture":"#0","tintindex":0}}},{"from":[-6.352,0.45238447,6.5108576],"to":[-3.8064165,2.9979687,10.393143],"rotation":{"angle":45.0,"axis":"z","origin":[-4.6111736,20.0,14.285715]},"faces":{"east":{"uv":[8.0,0.3125,8.4375,0.59375],"rotation":0,"texture":"#0","tintindex":0},"south":{"uv":[8.875,5.5,9.15625,5.78125],"rotation":0,"texture":"#0","tintindex":0},"north":{"uv":[8.875,4.5,9.15625,4.78125],"rotation":0,"texture":"#0","tintindex":0},"west":{"uv":[8.0,1.75,8.4375,2.03125],"rotation":0,"texture":"#0","tintindex":0},"up":{"uv":[3.21875,8.4375,2.9375,8.0],"rotation":0,"texture":"#0","tintindex":0},"down":{"uv":[8.28125,3.5625,8.0,4.0],"rotation":0,"texture":"#0","tintindex":0}}}],"display":{"head":{"translation":[0.0,-6.4,0.0],"scale":[4.0,4.0,4.0]}}}