{"textures":{"0":"modelengine:entity/jupiterarcher"},"elements":[{"from":[6.448444,5.7753687,5.9377146],"to":[9.134158,8.57537,9.252001],"rotation":{"angle":0.0,"axis":"y","origin":[7.6484437,24.689657,14.280572]},"faces":{"east":{"uv":[8.1875,2.875,8.5625,3.1875],"rotation":0,"texture":"#0","tintindex":0},"south":{"uv":[8.75,2.5625,9.03125,2.875],"rotation":0,"texture":"#0","tintindex":0},"north":{"uv":[8.75,0.0,9.03125,0.3125],"rotation":0,"texture":"#0","tintindex":0},"west":{"uv":[4.3125,8.1875,4.6875,8.5],"rotation":0,"texture":"#0","tintindex":0},"up":{"uv":[8.71875,0.375,8.4375,0.0],"rotation":0,"texture":"#0","tintindex":0},"down":{"uv":[2.15625,8.4375,1.875,8.8125],"rotation":0,"texture":"#0","tintindex":0}}},{"from":[5.9913006,2.346797,7.0805717],"to":[9.591301,6.7467985,10.966286],"rotation":{"angle":0.0,"axis":"y","origin":[7.6484437,24.689657,14.852]},"faces":{"east":{"uv":[6.625,5.1875,7.0625,5.65625],"rotation":0,"texture":"#0","tintindex":0},"south":{"uv":[7.0,6.6875,7.40625,7.15625],"rotation":0,"texture":"#0","tintindex":0},"north":{"uv":[5.6875,6.9375,6.09375,7.40625],"rotation":0,"texture":"#0","tintindex":0},"west":{"uv":[6.625,5.6875,7.0625,6.15625],"rotation":0,"texture":"#0","tintindex":0},"up":{"uv":[7.46875,6.5625,7.0625,6.125],"rotation":0,"texture":"#0","tintindex":0},"down":{"uv":[0.40625,7.125,0.0,7.5625],"rotation":0,"texture":"#0","tintindex":0}}},{"from":[-6.540827,0.45238447,6.5108576],"to":[-3.995243,2.9979687,10.393143],"rotation":{"angle":45.0,"axis":"z","origin":[-4.8,20.0,14.285715]},"faces":{"east":{"uv":[7.5625,7.9375,8.0,8.21875],"rotation":0,"texture":"#0","tintindex":0},"south":{"uv":[8.875,3.4375,9.15625,3.71875],"rotation":0,"texture":"#0","tintindex":0},"north":{"uv":[1.5,8.875,1.78125,9.15625],"rotation":0,"texture":"#0","tintindex":0},"west":{"uv":[8.0,0.0,8.4375,0.28125],"rotation":0,"texture":"#0","tintindex":0},"up":{"uv":[2.15625,8.4375,1.875,8.0],"rotation":0,"texture":"#0","tintindex":0},"down":{"uv":[2.46875,8.0,2.1875,8.4375],"rotation":0,"texture":"#0","tintindex":0}}},{"from":[5.7055864,3.0896544,24.22343],"to":[9.877015,5.2039413,26.966288],"rotation":{"angle":45.0,"axis":"x","origin":[7.3627295,24.689657,14.280572]},"faces":{"east":{"uv":[9.0,0.4375,9.3125,0.65625],"rotation":0,"texture":"#0","tintindex":0},"south":{"uv":[8.5,0.9375,8.96875,1.15625],"rotation":0,"texture":"#0","tintindex":0},"north":{"uv":[8.4375,1.75,8.90625,1.96875],"rotation":0,"texture":"#0","tintindex":0},"west":{"uv":[9.0,0.6875,9.3125,0.90625],"rotation":0,"texture":"#0","tintindex":0},"up":{"uv":[7.78125,7.9375,7.3125,7.625],"rotation":0,"texture":"#0","tintindex":0},"down":{"uv":[2.46875,7.6875,2.0,8.0],"rotation":0,"texture":"#0","tintindex":0}}}],"display":{"head":{"translation":[0.0,-6.4,0.0],"scale":[4.0,4.0,4.0]}}}