{"textures":{"0":"modelengine:entity/jupiterarcher"},"elements":[{"from":[8.114285,4.285714,5.942857],"to":[11.428572,8.514286,9.828571],"rotation":{"angle":0.0,"axis":"y","origin":[4.2285714,-13.657145,7.885714]},"faces":{"east":{"uv":[0.0,6.625,0.4375,7.09375],"rotation":0,"texture":"#0","tintindex":0},"south":{"uv":[4.5625,7.125,4.9375,7.59375],"rotation":0,"texture":"#0","tintindex":0},"north":{"uv":[2.5625,7.125,2.9375,7.59375],"rotation":0,"texture":"#0","tintindex":0},"west":{"uv":[6.625,2.5625,7.0625,3.03125],"rotation":0,"texture":"#0","tintindex":0},"up":{"uv":[7.5625,2.5625,7.1875,2.125],"rotation":0,"texture":"#0","tintindex":0},"down":{"uv":[2.5,7.25,2.125,7.6875],"rotation":0,"texture":"#0","tintindex":0}}},{"from":[8.117715,7.832513,-6.5055866],"to":[11.425143,10.580128,-3.7579718],"rotation":{"angle":45.0,"axis":"x","origin":[4.2251425,-8.967487,-4.56273]},"faces":{"east":{"uv":[1.5625,8.5625,1.875,8.875],"rotation":0,"texture":"#0","tintindex":0},"south":{"uv":[8.0,4.0,8.375,4.3125],"rotation":0,"texture":"#0","tintindex":0},"north":{"uv":[8.0,2.5625,8.375,2.875],"rotation":0,"texture":"#0","tintindex":0},"west":{"uv":[8.5625,3.5,8.875,3.8125],"rotation":0,"texture":"#0","tintindex":0},"up":{"uv":[8.375,8.25,8.0,7.9375],"rotation":0,"texture":"#0","tintindex":0},"down":{"uv":[6.6875,8.0625,6.3125,8.375],"rotation":0,"texture":"#0","tintindex":0}}},{"from":[7.873682,8.697716,5.1714287],"to":[10.959396,10.869144,10.6],"rotation":{"angle":-45.0,"axis":"z","origin":[10.195098,8.252241,8.085714]},"faces":{"east":{"uv":[7.5,6.25,8.09375,6.5],"rotation":0,"texture":"#0","tintindex":0},"south":{"uv":[8.75,8.75,9.09375,9.0],"rotation":0,"texture":"#0","tintindex":0},"north":{"uv":[8.75,1.375,9.09375,1.625],"rotation":0,"texture":"#0","tintindex":0},"west":{"uv":[7.5625,2.0625,8.15625,2.3125],"rotation":0,"texture":"#0","tintindex":0},"up":{"uv":[7.03125,5.09375,6.6875,4.5],"rotation":0,"texture":"#0","tintindex":0},"down":{"uv":[6.96875,6.6875,6.625,7.28125],"rotation":0,"texture":"#0","tintindex":0}}},{"from":[7.873682,7.0977154,5.1714287],"to":[9.81654,8.697716,10.6],"rotation":{"angle":-45.0,"axis":"z","origin":[10.195098,8.252241,8.085714]},"faces":{"east":{"uv":[8.0,4.3125,8.59375,4.5],"rotation":0,"texture":"#0","tintindex":0},"south":{"uv":[7.4375,7.0,7.65625,7.1875],"rotation":0,"texture":"#0","tintindex":0},"north":{"uv":[6.8125,4.3125,7.03125,4.5],"rotation":0,"texture":"#0","tintindex":0},"west":{"uv":[8.1875,2.375,8.78125,2.5625],"rotation":0,"texture":"#0","tintindex":0},"up":{"uv":[1.34375,8.53125,1.125,7.9375],"rotation":0,"texture":"#0","tintindex":0},"down":{"uv":[1.59375,7.9375,1.375,8.53125],"rotation":0,"texture":"#0","tintindex":0}}},{"from":[11.200001,6.8,5.542857],"to":[12.514286,9.257143,10.228572],"rotation":{"angle":22.5,"axis":"z","origin":[10.195098,8.252241,8.085714]},"faces":{"east":{"uv":[7.6875,7.3125,8.1875,7.59375],"rotation":0,"texture":"#0","tintindex":0},"south":{"uv":[1.125,9.3125,1.28125,9.59375],"rotation":0,"texture":"#0","tintindex":0},"north":{"uv":[0.6875,9.3125,0.84375,9.59375],"rotation":0,"texture":"#0","tintindex":0},"west":{"uv":[7.75,0.6875,8.25,0.96875],"rotation":0,"texture":"#0","tintindex":0},"up":{"uv":[3.59375,9.375,3.4375,8.875],"rotation":0,"texture":"#0","tintindex":0},"down":{"uv":[7.28125,8.875,7.125,9.375],"rotation":0,"texture":"#0","tintindex":0}}},{"from":[9.657143,5.2,5.6571426],"to":[11.657143,10.114286,10.114286],"rotation":{"angle":22.5,"axis":"z","origin":[10.195098,8.252241,8.085714]},"faces":{"east":{"uv":[5.9375,1.625,6.4375,2.15625],"rotation":0,"texture":"#0","tintindex":0},"south":{"uv":[8.1875,6.8125,8.40625,7.34375],"rotation":0,"texture":"#0","tintindex":0},"north":{"uv":[6.6875,8.0625,6.90625,8.59375],"rotation":0,"texture":"#0","tintindex":0},"west":{"uv":[2.1875,6.0,2.6875,6.53125],"rotation":0,"texture":"#0","tintindex":0},"up":{"uv":[2.71875,8.8125,2.5,8.3125],"rotation":0,"texture":"#0","tintindex":0},"down":{"uv":[8.53125,3.5,8.3125,4.0],"rotation":0,"texture":"#0","tintindex":0}}},{"from":[9.114922,3.7545052,5.885714],"to":[10.943493,6.668791,9.885715],"rotation":{"angle":22.5,"axis":"z","origin":[9.881448,9.606746,8.085714]},"faces":{"east":{"uv":[7.8125,3.25,8.25,3.5625],"rotation":0,"texture":"#0","tintindex":0},"south":{"uv":[9.0625,6.8125,9.25,7.125],"rotation":0,"texture":"#0","tintindex":0},"north":{"uv":[6.6875,9.0625,6.875,9.375],"rotation":0,"texture":"#0","tintindex":0},"west":{"uv":[7.8125,7.625,8.25,7.9375],"rotation":0,"texture":"#0","tintindex":0},"up":{"uv":[7.125,9.1875,6.9375,8.75],"rotation":0,"texture":"#0","tintindex":0},"down":{"uv":[2.0625,8.8125,1.875,9.25],"rotation":0,"texture":"#0","tintindex":0}}},{"from":[11.817196,6.265023,5.6],"to":[12.617195,8.036452,10.171429],"rotation":{"angle":0.0,"axis":"y","origin":[10.195098,8.252241,8.085714]},"faces":{"east":{"uv":[5.125,2.6875,5.625,2.875],"rotation":0,"texture":"#0","tintindex":0},"south":{"uv":[9.75,2.3125,9.84375,2.5],"rotation":0,"texture":"#0","tintindex":0},"north":{"uv":[2.25,9.75,2.34375,9.9375],"rotation":0,"texture":"#0","tintindex":0},"west":{"uv":[6.9375,1.3125,7.4375,1.5],"rotation":0,"texture":"#0","tintindex":0},"up":{"uv":[5.71875,5.4375,5.625,4.9375],"rotation":0,"texture":"#0","tintindex":0},"down":{"uv":[6.46875,9.25,6.375,9.75],"rotation":0,"texture":"#0","tintindex":0}}}],"display":{"head":{"translation":[0.0,-6.4,0.0],"scale":[4.0,4.0,4.0]}}}