{"textures":{"0":"modelengine:entity/zeus"},"elements":[{"from":[6.714286,2.2857141,6.714286],"to":[9.285714,8.571428,9.285714],"rotation":{"angle":0.0,"axis":"y","origin":[9.571428,4.0,8.0]},"faces":{"east":{"uv":[3.875,11.5,4.4375,12.875],"rotation":0,"texture":"#0","tintindex":0},"south":{"uv":[11.5,8.0,12.0625,9.375],"rotation":0,"texture":"#0","tintindex":0},"north":{"uv":[5.25,11.0,5.8125,12.375],"rotation":0,"texture":"#0","tintindex":0},"west":{"uv":[4.4375,11.5,3.875,12.875],"rotation":0,"texture":"#0","tintindex":0},"up":{"uv":[14.8125,13.6875,14.25,13.125],"rotation":0,"texture":"#0","tintindex":0},"down":{"uv":[14.8125,13.75,14.25,14.3125],"rotation":0,"texture":"#0","tintindex":0}}},{"from":[6.5714283,3.4285712,6.142857],"to":[9.428572,6.857143,6.714286],"rotation":{"angle":0.0,"axis":"y","origin":[9.571428,4.0,8.0]},"faces":{"east":{"uv":[9.0,10.75,8.875,11.5],"rotation":0,"texture":"#0","tintindex":0},"south":{"uv":[13.375,0.75,14.0,1.5],"rotation":0,"texture":"#0","tintindex":0},"north":{"uv":[13.25,10.0,13.875,10.75],"rotation":0,"texture":"#0","tintindex":0},"west":{"uv":[8.875,10.75,9.0,11.5],"rotation":0,"texture":"#0","tintindex":0},"up":{"uv":[15.875,15.0,15.25,14.875],"rotation":0,"texture":"#0","tintindex":0},"down":{"uv":[15.875,15.0,15.25,15.125],"rotation":0,"texture":"#0","tintindex":0}}},{"from":[6.5714283,5.714286,6.714286],"to":[9.428572,6.285714,9.571428],"rotation":{"angle":0.0,"axis":"y","origin":[9.571428,4.0,8.0]},"faces":{"east":{"uv":[15.25,15.25,15.875,15.375],"rotation":0,"texture":"#0","tintindex":0},"south":{"uv":[0.5,15.375,1.125,15.5],"rotation":0,"texture":"#0","tintindex":0},"north":{"uv":[15.25,15.125,15.875,15.25],"rotation":0,"texture":"#0","tintindex":0},"west":{"uv":[15.375,2.5,16.0,2.625],"rotation":0,"texture":"#0","tintindex":0},"up":{"uv":[5.125,14.25,4.5,13.625],"rotation":0,"texture":"#0","tintindex":0},"down":{"uv":[14.25,5.375,13.625,6.0],"rotation":0,"texture":"#0","tintindex":0}}},{"from":[6.5714283,4.5714283,6.714286],"to":[9.428572,5.142857,9.571428],"rotation":{"angle":0.0,"axis":"y","origin":[9.571428,4.0,8.0]},"faces":{"east":{"uv":[15.375,2.75,16.0,2.875],"rotation":0,"texture":"#0","tintindex":0},"south":{"uv":[3.0,15.375,3.625,15.5],"rotation":0,"texture":"#0","tintindex":0},"north":{"uv":[15.375,2.625,16.0,2.75],"rotation":0,"texture":"#0","tintindex":0},"west":{"uv":[3.625,15.375,4.25,15.5],"rotation":0,"texture":"#0","tintindex":0},"up":{"uv":[14.25,6.625,13.625,6.0],"rotation":0,"texture":"#0","tintindex":0},"down":{"uv":[14.25,11.375,13.625,12.0],"rotation":0,"texture":"#0","tintindex":0}}},{"from":[7.142857,4.5714283,5.5714283],"to":[8.857143,7.428571,6.714286],"rotation":{"angle":0.0,"axis":"y","origin":[9.571428,4.0,8.0]},"faces":{"east":{"uv":[6.25,1.25,6.5,1.875],"rotation":0,"texture":"#0","tintindex":0},"south":{"uv":[5.125,14.625,5.5,15.25],"rotation":0,"texture":"#0","tintindex":0},"north":{"uv":[14.625,4.625,15.0,5.25],"rotation":0,"texture":"#0","tintindex":0},"west":{"uv":[6.5,1.25,6.25,1.875],"rotation":0,"texture":"#0","tintindex":0},"up":{"uv":[15.5,12.0,15.125,11.75],"rotation":0,"texture":"#0","tintindex":0},"down":{"uv":[15.5,12.0,15.125,12.25],"rotation":0,"texture":"#0","tintindex":0}}},{"from":[7.428571,7.428571,5.5714283],"to":[8.571428,8.0,6.142857],"rotation":{"angle":0.0,"axis":"y","origin":[9.571428,4.0,8.0]},"faces":{"east":{"uv":[12.25,3.875,12.375,4.0],"rotation":0,"texture":"#0","tintindex":0},"south":{"uv":[7.375,13.0,7.625,13.125],"rotation":0,"texture":"#0","tintindex":0},"north":{"uv":[12.375,0.75,12.625,0.875],"rotation":0,"texture":"#0","tintindex":0},"west":{"uv":[12.25,4.0,12.375,4.125],"rotation":0,"texture":"#0","tintindex":0},"up":{"uv":[8.375,13.25,8.125,13.125],"rotation":0,"texture":"#0","tintindex":0},"down":{"uv":[13.625,1.5,13.375,1.625],"rotation":0,"texture":"#0","tintindex":0}}}],"display":{"head":{"translation":[0.0,-6.4,0.0],"scale":[4.0,4.0,4.0]}}}