{"textures":{"0":"modelengine:entity/group_heart_balloon"},"elements":[{"from":[10.527302,4.5330944,5.4263372],"to":[13.384444,9.675952,10.569195],"rotation":{"angle":22.5,"axis":"z","origin":[9.577267,5.0117006,3.9977655]},"faces":{"east":{"uv":[2.25,5.875,3.375,7.0],"rotation":0,"texture":"#0","tintindex":0},"south":{"uv":[7.375,6.625,8.0,7.75],"rotation":0,"texture":"#0","tintindex":0},"north":{"uv":[6.25,7.375,6.875,8.5],"rotation":0,"texture":"#0","tintindex":0},"west":{"uv":[5.875,3.375,7.0,4.5],"rotation":0,"texture":"#0","tintindex":0},"up":{"uv":[0.625,8.625,0.0,7.5],"rotation":0,"texture":"#0","tintindex":0},"down":{"uv":[8.25,0.0,7.625,1.125],"rotation":0,"texture":"#0","tintindex":0}}},{"from":[5.384444,4.5330944,5.4263372],"to":[10.527302,9.675952,10.569195],"rotation":{"angle":22.5,"axis":"z","origin":[9.577267,5.0117006,3.9977655]},"faces":{"east":{"uv":[5.0,2.25,6.125,3.375],"rotation":0,"texture":"#0","tintindex":0},"south":{"uv":[1.125,5.25,2.25,6.375],"rotation":0,"texture":"#0","tintindex":0},"north":{"uv":[5.0,1.125,6.125,2.25],"rotation":0,"texture":"#0","tintindex":0},"west":{"uv":[3.375,5.625,4.5,6.75],"rotation":0,"texture":"#0","tintindex":0},"up":{"uv":[5.625,6.75,4.5,5.625],"rotation":0,"texture":"#0","tintindex":0},"down":{"uv":[6.75,5.625,5.625,6.75],"rotation":0,"texture":"#0","tintindex":0}}},{"from":[5.384444,9.675952,5.4263372],"to":[10.527302,12.533094,10.569195],"rotation":{"angle":22.5,"axis":"z","origin":[9.577267,5.0117006,3.9977655]},"faces":{"east":{"uv":[7.25,2.0,8.375,2.625],"rotation":0,"texture":"#0","tintindex":0},"south":{"uv":[7.25,4.25,8.375,4.875],"rotation":0,"texture":"#0","tintindex":0},"north":{"uv":[0.875,7.25,2.0,7.875],"rotation":0,"texture":"#0","tintindex":0},"west":{"uv":[5.125,7.375,6.25,8.0],"rotation":0,"texture":"#0","tintindex":0},"up":{"uv":[1.125,6.125,0.0,5.0],"rotation":0,"texture":"#0","tintindex":0},"down":{"uv":[6.125,0.0,5.0,1.125],"rotation":0,"texture":"#0","tintindex":0}}}],"display":{"head":{"translation":[0.0,-6.4,0.0],"scale":[4.0,4.0,4.0]}}}