{"textures":{"0":"modelengine:entity/santa"},"elements":[{"from":[9.714286,0.0,6.857143],"to":[11.428572,1.7142854,9.714286],"rotation":{"angle":0.0,"axis":"y","origin":[8.0,0.0,9.142858]},"faces":{"east":{"uv":[6.25,2.9375,6.5625,3.125],"rotation":0,"texture":"#0","tintindex":0},"south":{"uv":[4.0,5.6875,4.1875,5.875],"rotation":0,"texture":"#0","tintindex":0},"north":{"uv":[3.875,1.6875,4.0625,1.875],"rotation":0,"texture":"#0","tintindex":0},"west":{"uv":[0.375,7.75,0.6875,7.9375],"rotation":0,"texture":"#0","tintindex":0},"up":{"uv":[0.8125,4.9375,0.625,4.625],"rotation":0,"texture":"#0","tintindex":0},"down":{"uv":[0.8125,4.9375,0.625,5.25],"rotation":0,"texture":"#0","tintindex":0}}},{"from":[8.572572,3.8582854,6.858286],"to":[11.427429,8.427428,9.713142],"rotation":{"angle":22.5,"axis":"z","origin":[7.428571,0.0,15.428572]},"faces":{"east":{"uv":[4.5,7.125,4.8125,7.625],"rotation":0,"texture":"#0","tintindex":0},"south":{"uv":[4.8125,7.125,5.125,7.625],"rotation":0,"texture":"#0","tintindex":0},"north":{"uv":[6.8125,2.4375,7.125,2.9375],"rotation":0,"texture":"#0","tintindex":0},"west":{"uv":[5.125,7.125,5.4375,7.625],"rotation":0,"texture":"#0","tintindex":0},"up":{"uv":[3.5625,5.6875,3.25,5.375],"rotation":0,"texture":"#0","tintindex":0},"down":{"uv":[6.9375,7.1875,6.625,7.5],"rotation":0,"texture":"#0","tintindex":0}}},{"from":[6.857143,0.0,6.857143],"to":[9.714286,5.142857,9.714286],"rotation":{"angle":0.0,"axis":"y","origin":[8.0,0.0,9.142858]},"faces":{"east":{"uv":[5.625,6.8125,5.9375,7.375],"rotation":0,"texture":"#0","tintindex":0},"south":{"uv":[6.8125,1.875,7.125,2.4375],"rotation":0,"texture":"#0","tintindex":0},"north":{"uv":[5.375,5.9375,5.6875,6.5],"rotation":0,"texture":"#0","tintindex":0},"west":{"uv":[6.9375,6.9375,7.25,7.5],"rotation":0,"texture":"#0","tintindex":0},"up":{"uv":[7.875,5.8125,7.5625,5.5],"rotation":0,"texture":"#0","tintindex":0},"down":{"uv":[7.875,5.8125,7.5625,6.125],"rotation":0,"texture":"#0","tintindex":0}}},{"from":[6.6285715,3.1999998,6.6285715],"to":[9.942858,4.8,9.942858],"rotation":{"angle":0.0,"axis":"y","origin":[8.0,-0.57142925,9.142858]},"faces":{"east":{"uv":[7.75,4.9375,8.0625,5.0625],"rotation":0,"texture":"#0","tintindex":0},"south":{"uv":[7.75,5.0625,8.0625,5.1875],"rotation":0,"texture":"#0","tintindex":0},"north":{"uv":[7.75,4.8125,8.0625,4.9375],"rotation":0,"texture":"#0","tintindex":0},"west":{"uv":[7.75,5.1875,8.0625,5.3125],"rotation":0,"texture":"#0","tintindex":0},"up":{"uv":[4.8125,7.9375,4.5,7.625],"rotation":0,"texture":"#0","tintindex":0},"down":{"uv":[5.125,7.625,4.8125,7.9375],"rotation":0,"texture":"#0","tintindex":0}}},{"from":[10.858286,-1.2845716,6.858286],"to":[11.9988575,0.42742825,9.713142],"rotation":{"angle":22.5,"axis":"z","origin":[8.0,0.0,9.142858]},"faces":{"east":{"uv":[0.6875,7.75,1.0,7.9375],"rotation":0,"texture":"#0","tintindex":0},"south":{"uv":[7.0625,5.9375,7.1875,6.125],"rotation":0,"texture":"#0","tintindex":0},"north":{"uv":[2.9375,1.9375,3.0625,2.125],"rotation":0,"texture":"#0","tintindex":0},"west":{"uv":[1.0,7.75,1.3125,7.9375],"rotation":0,"texture":"#0","tintindex":0},"up":{"uv":[4.3125,4.1875,4.1875,3.875],"rotation":0,"texture":"#0","tintindex":0},"down":{"uv":[3.25,6.5,3.125,6.8125],"rotation":0,"texture":"#0","tintindex":0}}}],"display":{"head":{"translation":[0.0,-6.4,0.0],"scale":[4.0,4.0,4.0]}}}