{"textures":{"0":"modelengine:entity/elk"},"elements":[{"name":"cube","from":[7.01,5.5263257,6.559288],"to":[8.93,6.726326,8.959289],"rotation":{"angle":22.5,"axis":"x","origin":[8.0,4.3263254,8.059288]},"faces":{"down":{"uv":[3.4875,7.7625,3.1375,8.2375],"rotation":0,"texture":"#0","tintindex":0},"east":{"uv":[4.6375,5.6375,5.1125,5.8625],"rotation":0,"texture":"#0","tintindex":0},"north":{"uv":[5.8875,3.2625,6.2375,3.4875],"rotation":0,"texture":"#0","tintindex":0},"south":{"uv":[1.3875,6.2625,1.7375,6.4875],"rotation":0,"texture":"#0","tintindex":0},"up":{"uv":[0.3625,8.2375,0.0125,7.7625],"rotation":0,"texture":"#0","tintindex":0},"west":{"uv":[7.8875,6.6375,8.3625,6.8625],"rotation":0,"texture":"#0","tintindex":0}}},{"name":"cube","from":[7.0699997,6.199221,8.00922],"to":[8.87,7.9992213,9.809221],"rotation":{"angle":0.0,"axis":"x","origin":[10.700001,13.699222,4.40922]},"faces":{"down":{"uv":[8.2375,4.7625,7.8875,5.1125],"rotation":0,"texture":"#0","tintindex":0},"east":{"uv":[2.0125,7.8875,2.3625,8.2375],"rotation":0,"texture":"#0","tintindex":0},"north":{"uv":[1.6375,7.8875,1.9875,8.2375],"rotation":0,"texture":"#0","tintindex":0},"south":{"uv":[2.6375,7.8875,2.9875,8.2375],"rotation":0,"texture":"#0","tintindex":0},"up":{"uv":[8.2375,4.7375,7.8875,4.3875],"rotation":0,"texture":"#0","tintindex":0},"west":{"uv":[3.5125,7.8875,3.8625,8.2375],"rotation":0,"texture":"#0","tintindex":0}}},{"name":"cube","from":[7.0699997,5.0905657,7.55],"to":[8.87,6.290566,9.35],"rotation":{"angle":0.0,"axis":"x","origin":[8.0,3.8905659,8.45]},"faces":{"down":{"uv":[8.2375,5.5125,7.8875,5.8625],"rotation":0,"texture":"#0","tintindex":0},"east":{"uv":[8.0125,3.8875,8.3625,4.1125],"rotation":0,"texture":"#0","tintindex":0},"north":{"uv":[8.0125,3.6375,8.3625,3.8625],"rotation":0,"texture":"#0","tintindex":0},"south":{"uv":[8.0125,4.1375,8.3625,4.3625],"rotation":0,"texture":"#0","tintindex":0},"up":{"uv":[8.2375,5.4875,7.8875,5.1375],"rotation":0,"texture":"#0","tintindex":0},"west":{"uv":[8.0125,7.6375,8.3625,7.8625],"rotation":0,"texture":"#0","tintindex":0}}}],"display":{"head":{"translation":[0.0,-6.4,0.0],"rotation":[0.0,0.0,0.0],"scale":[3.8095,3.8095,3.8095]}}}