{"textures":{"0":"modelengine:entity/elk"},"elements":[{"name":"cube","from":[7.1,5.072895,6.7499323],"to":[9.5,9.872896,10.349932],"rotation":{"angle":0.0,"axis":"x","origin":[10.700001,8.972896,3.7499313]},"faces":{"down":{"uv":[5.1125,7.0125,4.6375,7.7375],"rotation":0,"texture":"#0","tintindex":0},"east":{"uv":[6.1375,0.7625,6.8625,1.7375],"rotation":0,"texture":"#0","tintindex":0},"north":{"uv":[4.1375,6.5125,4.6125,7.4875],"rotation":0,"texture":"#0","tintindex":0},"south":{"uv":[6.1375,6.6375,6.6125,7.6125],"rotation":0,"texture":"#0","tintindex":0},"up":{"uv":[0.4875,7.7375,0.0125,7.0125],"rotation":0,"texture":"#0","tintindex":0},"west":{"uv":[6.1375,5.6375,6.8625,6.6125],"rotation":0,"texture":"#0","tintindex":0}}},{"name":"cube","from":[7.1,2.072895,6.7499323],"to":[9.5,5.072895,9.149932],"rotation":{"angle":0.0,"axis":"x","origin":[10.700001,8.972896,3.7499313]},"faces":{"down":{"uv":[7.9875,3.5125,7.5125,3.9875],"rotation":0,"texture":"#0","tintindex":0},"east":{"uv":[7.3875,6.2625,7.8625,6.8625],"rotation":0,"texture":"#0","tintindex":0},"north":{"uv":[7.3875,5.6375,7.8625,6.2375],"rotation":0,"texture":"#0","tintindex":0},"south":{"uv":[1.1375,7.5125,1.6125,8.1125],"rotation":0,"texture":"#0","tintindex":0},"up":{"uv":[7.9875,3.4875,7.5125,3.0125],"rotation":0,"texture":"#0","tintindex":0},"west":{"uv":[7.5125,1.3875,7.9875,1.9875],"rotation":0,"texture":"#0","tintindex":0}}}],"display":{"head":{"translation":[0.0,-6.4,0.0],"rotation":[0.0,0.0,0.0],"scale":[3.8095,3.8095,3.8095]}}}
