{"textures":{"0":"modelengine:entity/elk"},"elements":[{"from":[7.714286,6.285714,1.9999995],"to":[8.857143,8.0,5.428571],"rotation":{"angle":-45.0,"axis":"x","origin":[8.0,11.714286,6.142857]},"faces":{"east":{"uv":[7.3875,6.8875,8.1125,7.2375],"rotation":0,"texture":"#0","tintindex":0},"south":{"uv":[6.6375,5.1375,6.8625,5.4875],"rotation":0,"texture":"#0","tintindex":0},"north":{"uv":[0.7625,5.8875,0.9875,6.2375],"rotation":0,"texture":"#0","tintindex":0},"west":{"uv":[1.6375,7.5125,2.3625,7.8625],"rotation":0,"texture":"#0","tintindex":0},"up":{"uv":[2.6125,8.2375,2.3875,7.5125],"rotation":0,"texture":"#0","tintindex":0},"down":{"uv":[6.4875,7.6375,6.2625,8.3625],"rotation":0,"texture":"#0","tintindex":0}}}],"display":{"head":{"translation":[0.0,-6.4,0.0],"scale":[4.0,4.0,4.0]}}}