{"textures":{"0":"modelengine:entity/elk"},"elements":[{"name":"cube","from":[6.5,7.9373198,6.4665995],"to":[10.1,13.337319,10.066599],"rotation":{"angle":-22.5,"axis":"x","origin":[8.3,11.837319,7.066599]},"faces":{"down":{"uv":[3.3625,6.5125,2.6375,7.2375],"rotation":0,"texture":"#0","tintindex":0},"east":{"uv":[5.8875,4.5125,6.6125,5.6125],"rotation":0,"texture":"#0","tintindex":0},"north":{"uv":[0.0125,5.8875,0.7375,6.9875],"rotation":0,"texture":"#0","tintindex":0},"south":{"uv":[4.6375,5.8875,5.3625,6.9875],"rotation":0,"texture":"#0","tintindex":0},"up":{"uv":[6.8625,2.4875,6.1375,1.7625],"rotation":0,"texture":"#0","tintindex":0},"west":{"uv":[5.3875,5.8875,6.1125,6.9875],"rotation":0,"texture":"#0","tintindex":0}}}],"display":{"head":{"translation":[0.0,-6.4,0.0],"rotation":[0.0,0.0,0.0],"scale":[3.8095,3.8095,3.8095]}}}
