{"textures":{"0":"modelengine:entity/elk"},"elements":[{"name":"cube","from":[7.1,6.2,1.6999998],"to":[8.3,8.0,5.2999997],"rotation":{"angle":-45.0,"axis":"x","origin":[8.0,11.900001,6.0499997]},"faces":{"down":{"uv":[6.2625,7.6375,6.4875,8.3625],"rotation":0,"texture":"#0","tintindex":0},"east":{"uv":[2.3625,7.5125,1.6375,7.8625],"rotation":0,"texture":"#0","tintindex":0},"north":{"uv":[0.9875,5.8875,0.7625,6.2375],"rotation":0,"texture":"#0","tintindex":0},"south":{"uv":[6.8625,5.1375,6.6375,5.4875],"rotation":0,"texture":"#0","tintindex":0},"up":{"uv":[2.3875,8.2375,2.6125,7.5125],"rotation":0,"texture":"#0","tintindex":0},"west":{"uv":[8.1125,6.8875,7.3875,7.2375],"rotation":0,"texture":"#0","tintindex":0}}}],"display":{"head":{"translation":[0.0,-6.4,0.0],"rotation":[0.0,0.0,0.0],"scale":[3.8095,3.8095,3.8095]}}}