{"textures":{"0":"modelengine:entity/elk"},"elements":[{"name":"cube","from":[6.5,3.6575375,5.1362176],"to":[9.5,9.057537,9.936218],"rotation":{"angle":0.0,"axis":"x","origin":[5.8999996,6.9575367,3.3362174]},"faces":{"down":{"uv":[2.0125,6.5125,2.6125,7.4875],"rotation":0,"texture":"#0","tintindex":0},"east":{"uv":[5.3625,3.5125,4.3875,4.6125],"rotation":0,"texture":"#0","tintindex":0},"north":{"uv":[1.3625,6.2625,0.7625,7.3625],"rotation":0,"texture":"#0","tintindex":0},"south":{"uv":[6.8625,3.2625,6.2625,4.3625],"rotation":0,"texture":"#0","tintindex":0},"up":{"uv":[1.3875,7.4875,1.9875,6.5125],"rotation":0,"texture":"#0","tintindex":0},"west":{"uv":[5.3625,1.2625,4.3875,2.3625],"rotation":0,"texture":"#0","tintindex":0}}},{"name":"cube","from":[6.8,2.7939336,5.4939337],"to":[9.2,5.793934,9.093934],"rotation":{"angle":-45.0,"axis":"x","origin":[8.0,4.293934,7.893934]},"faces":{"down":{"uv":[6.8875,5.8875,7.3625,6.6125],"rotation":0,"texture":"#0","tintindex":0},"east":{"uv":[7.6125,0.7625,6.8875,1.3625],"rotation":0,"texture":"#0","tintindex":0},"north":{"uv":[5.6125,7.0125,5.1375,7.6125],"rotation":0,"texture":"#0","tintindex":0},"south":{"uv":[6.1125,7.0125,5.6375,7.6125],"rotation":0,"texture":"#0","tintindex":0},"up":{"uv":[6.8875,5.8625,7.3625,5.1375],"rotation":0,"texture":"#0","tintindex":0},"west":{"uv":[7.3625,6.6375,6.6375,7.2375],"rotation":0,"texture":"#0","tintindex":0}}},{"name":"cube","from":[7.1,0.49999976,5.45],"to":[8.9,2.8999999,7.25],"rotation":{"angle":-45.0,"axis":"x","origin":[8.0,4.3999996,8.0]},"faces":{"down":{"uv":[0.7625,7.8875,1.1125,8.2375],"rotation":0,"texture":"#0","tintindex":0},"east":{"uv":[6.2375,7.6375,5.8875,8.1125],"rotation":0,"texture":"#0","tintindex":0},"north":{"uv":[2.1125,5.0125,1.7625,5.4875],"rotation":0,"texture":"#0","tintindex":0},"south":{"uv":[5.8625,7.6375,5.5125,8.1125],"rotation":0,"texture":"#0","tintindex":0},"up":{"uv":[0.3875,8.2375,0.7375,7.8875],"rotation":0,"texture":"#0","tintindex":0},"west":{"uv":[5.4875,7.6375,5.1375,8.1125],"rotation":0,"texture":"#0","tintindex":0}}}],"display":{"head":{"translation":[0.0,-6.4,0.0],"rotation":[0.0,0.0,0.0],"scale":[3.8095,3.8095,3.8095]}}}
