{"textures":{"0":"modelengine:entity/elk"},"elements":[{"from":[6.5714283,3.8643217,5.272588],"to":[9.428572,9.007179,9.844017],"rotation":{"angle":0.0,"axis":"y","origin":[6.0,7.007179,3.5583024]},"faces":{"east":{"uv":[5.3625,3.5125,4.3875,4.6125],"rotation":0,"texture":"#0","tintindex":0},"south":{"uv":[6.8625,3.2625,6.2625,4.3625],"rotation":0,"texture":"#0","tintindex":0},"north":{"uv":[1.3625,6.2625,0.7625,7.3625],"rotation":0,"texture":"#0","tintindex":0},"west":{"uv":[5.3625,1.2625,4.3875,2.3625],"rotation":0,"texture":"#0","tintindex":0},"up":{"uv":[1.3875,7.4875,1.9875,6.5125],"rotation":0,"texture":"#0","tintindex":0},"down":{"uv":[2.0125,6.5125,2.6125,7.4875],"rotation":0,"texture":"#0","tintindex":0}}},{"from":[6.857143,3.0418415,5.6132703],"to":[9.142858,5.898985,9.0418415],"rotation":{"angle":-45.0,"axis":"x","origin":[8.0,4.470413,7.898985]},"faces":{"east":{"uv":[7.6125,0.7625,6.8875,1.3625],"rotation":0,"texture":"#0","tintindex":0},"south":{"uv":[6.1125,7.0125,5.6375,7.6125],"rotation":0,"texture":"#0","tintindex":0},"north":{"uv":[5.6125,7.0125,5.1375,7.6125],"rotation":0,"texture":"#0","tintindex":0},"west":{"uv":[7.3625,6.6375,6.6375,7.2375],"rotation":0,"texture":"#0","tintindex":0},"up":{"uv":[6.8875,5.8625,7.3625,5.1375],"rotation":0,"texture":"#0","tintindex":0},"down":{"uv":[6.8875,5.8875,7.3625,6.6125],"rotation":0,"texture":"#0","tintindex":0}}},{"from":[7.142857,0.85714245,5.5714283],"to":[8.857143,3.142857,7.285714],"rotation":{"angle":-45.0,"axis":"x","origin":[8.0,4.5714283,8.0]},"faces":{"east":{"uv":[6.2375,7.6375,5.8875,8.1125],"rotation":0,"texture":"#0","tintindex":0},"south":{"uv":[5.8625,7.6375,5.5125,8.1125],"rotation":0,"texture":"#0","tintindex":0},"north":{"uv":[2.1125,5.0125,1.7625,5.4875],"rotation":0,"texture":"#0","tintindex":0},"west":{"uv":[5.4875,7.6375,5.1375,8.1125],"rotation":0,"texture":"#0","tintindex":0},"up":{"uv":[0.3875,8.2375,0.7375,7.8875],"rotation":0,"texture":"#0","tintindex":0},"down":{"uv":[0.7625,7.8875,1.1125,8.2375],"rotation":0,"texture":"#0","tintindex":0}}}],"display":{"head":{"translation":[0.0,-6.4,0.0],"scale":[4.0,4.0,4.0]}}}