{"textures":{"0":"modelengine:entity/elk"},"elements":[{"name":"cube","from":[7.0699997,5.5263257,6.559288],"to":[8.99,6.726326,8.959289],"rotation":{"angle":22.5,"axis":"x","origin":[8.0,4.3263254,8.059288]},"faces":{"down":{"uv":[3.1375,7.7625,3.4875,8.2375],"rotation":0,"texture":"#0","tintindex":0},"east":{"uv":[8.3625,6.6375,7.8875,6.8625],"rotation":0,"texture":"#0","tintindex":0},"north":{"uv":[6.2375,3.2625,5.8875,3.4875],"rotation":0,"texture":"#0","tintindex":0},"south":{"uv":[1.7375,6.2625,1.3875,6.4875],"rotation":0,"texture":"#0","tintindex":0},"up":{"uv":[0.0125,8.2375,0.3625,7.7625],"rotation":0,"texture":"#0","tintindex":0},"west":{"uv":[5.1125,5.6375,4.6375,5.8625],"rotation":0,"texture":"#0","tintindex":0}}},{"name":"cube","from":[7.13,6.199221,8.00922],"to":[8.93,7.9992213,9.809221],"rotation":{"angle":0.0,"axis":"x","origin":[5.3,13.699222,4.40922]},"faces":{"down":{"uv":[7.8875,4.7625,8.2375,5.1125],"rotation":0,"texture":"#0","tintindex":0},"east":{"uv":[3.8625,7.8875,3.5125,8.2375],"rotation":0,"texture":"#0","tintindex":0},"north":{"uv":[1.9875,7.8875,1.6375,8.2375],"rotation":0,"texture":"#0","tintindex":0},"south":{"uv":[2.9875,7.8875,2.6375,8.2375],"rotation":0,"texture":"#0","tintindex":0},"up":{"uv":[7.8875,4.7375,8.2375,4.3875],"rotation":0,"texture":"#0","tintindex":0},"west":{"uv":[2.3625,7.8875,2.0125,8.2375],"rotation":0,"texture":"#0","tintindex":0}}},{"name":"cube","from":[7.13,5.0905657,7.55],"to":[8.93,6.290566,9.35],"rotation":{"angle":0.0,"axis":"x","origin":[8.0,3.8905659,8.45]},"faces":{"down":{"uv":[7.8875,5.5125,8.2375,5.8625],"rotation":0,"texture":"#0","tintindex":0},"east":{"uv":[8.3625,7.6375,8.0125,7.8625],"rotation":0,"texture":"#0","tintindex":0},"north":{"uv":[8.3625,3.6375,8.0125,3.8625],"rotation":0,"texture":"#0","tintindex":0},"south":{"uv":[8.3625,4.1375,8.0125,4.3625],"rotation":0,"texture":"#0","tintindex":0},"up":{"uv":[7.8875,5.4875,8.2375,5.1375],"rotation":0,"texture":"#0","tintindex":0},"west":{"uv":[8.3625,3.8875,8.0125,4.1125],"rotation":0,"texture":"#0","tintindex":0}}}],"display":{"head":{"translation":[0.0,-6.4,0.0],"rotation":[0.0,0.0,0.0],"scale":[3.8095,3.8095,3.8095]}}}