{"textures":{"0":"modelengine:entity/drakonin_balloon"},"elements":[{"from":[6.761267,7.333962,7.222857],"to":[8.704124,8.705391,8.594286],"rotation":{"angle":0.0,"axis":"y","origin":[8.201267,7.162425,7.268519]},"faces":{"east":{"uv":[10.25,0.0,10.0,0.25],"rotation":0,"texture":"#0","tintindex":0},"south":{"uv":[9.875,0.0,9.5,0.25],"rotation":0,"texture":"#0","tintindex":0},"north":{"uv":[9.0,7.125,8.625,7.375],"rotation":0,"texture":"#0","tintindex":0},"west":{"uv":[8.875,4.625,8.625,4.875],"rotation":0,"texture":"#0","tintindex":0},"up":{"uv":[9.5,1.75,9.875,1.5],"rotation":0,"texture":"#0","tintindex":0},"down":{"uv":[9.75,7.5,10.125,7.75],"rotation":0,"texture":"#0","tintindex":0}}},{"from":[5.389838,7.448248,7.3844814],"to":[7.675553,8.591105,8.527339],"rotation":{"angle":0.0,"axis":"y","origin":[8.886981,7.162425,7.3158574]},"faces":{"east":{"uv":[10.375,6.875,10.125,7.125],"rotation":0,"texture":"#0","tintindex":0},"south":{"uv":[9.875,2.875,9.375,3.125],"rotation":0,"texture":"#0","tintindex":0},"north":{"uv":[9.875,2.5,9.375,2.75],"rotation":0,"texture":"#0","tintindex":0},"west":{"uv":[10.25,1.5,10.0,1.75],"rotation":0,"texture":"#0","tintindex":0},"up":{"uv":[9.375,4.25,9.875,4.0],"rotation":0,"texture":"#0","tintindex":0},"down":{"uv":[9.375,5.125,9.875,5.375],"rotation":0,"texture":"#0","tintindex":0}}},{"from":[3.2772064,7.4539623,6.749441],"to":[6.1229205,8.585391,7.88087],"rotation":{"angle":-45.0,"axis":"y","origin":[4.9857774,8.019676,7.3151555]},"faces":{"east":{"uv":[9.25,10.125,9.0,10.375],"rotation":0,"texture":"#0","tintindex":0},"south":{"uv":[9.125,7.5,8.5,7.75],"rotation":0,"texture":"#0","tintindex":0},"north":{"uv":[9.0,3.875,8.375,4.125],"rotation":0,"texture":"#0","tintindex":0},"west":{"uv":[8.875,10.125,8.625,10.375],"rotation":0,"texture":"#0","tintindex":0},"up":{"uv":[8.5,8.125,9.125,7.875],"rotation":0,"texture":"#0","tintindex":0},"down":{"uv":[0.0,8.625,0.625,8.875],"rotation":0,"texture":"#0","tintindex":0}}},{"from":[3.9688845,8.019676,6.8081794],"to":[7.9688845,8.019676,17.665323],"rotation":{"angle":0.0,"axis":"y","origin":[3.3117418,8.019676,7.9510365]},"faces":{"east":{"uv":[11.0,10.5,8.625,10.5],"rotation":0,"texture":"#0","tintindex":0},"south":{"uv":[11.25,9.625,10.375,9.625],"rotation":0,"texture":"#0","tintindex":0},"north":{"uv":[11.25,1.75,10.375,1.75],"rotation":0,"texture":"#0","tintindex":0},"west":{"uv":[12.75,4.25,10.375,4.25],"rotation":0,"texture":"#0","tintindex":0},"up":{"uv":[0.0,7.375,0.875,5.0],"rotation":0,"texture":"#0","tintindex":0},"down":{"uv":[0.0,5.0,0.875,7.375],"rotation":0,"texture":"#0","tintindex":0}}}],"display":{"head":{"translation":[0.0,-6.4,0.0],"scale":[4.0,4.0,4.0]}}}