{"textures":{"0":"modelengine:entity/fortress_turtle"},"elements":[{"from":[5.714286,5.714286,5.714286],"to":[10.285714,10.285714,10.285714],"rotation":{"angle":0.0,"axis":"y","origin":[10.571428,79.42857,17.142857]},"faces":{"east":{"uv":[9.846875,9.690625,10.090625,9.934375],"rotation":0,"texture":"#0","tintindex":0},"south":{"uv":[0.003125,9.878125,0.246875,10.121875],"rotation":0,"texture":"#0","tintindex":0},"north":{"uv":[9.846875,9.440625,10.090625,9.684375],"rotation":0,"texture":"#0","tintindex":0},"west":{"uv":[0.253125,9.878125,0.496875,10.121875],"rotation":0,"texture":"#0","tintindex":0},"up":{"uv":[10.121875,5.153125,9.878125,4.909375],"rotation":0,"texture":"#0","tintindex":0},"down":{"uv":[10.121875,8.628125,9.878125,8.871875],"rotation":0,"texture":"#0","tintindex":0}}},{"from":[6.285714,6.285714,5.142857],"to":[9.714286,9.714286,5.714286],"rotation":{"angle":0.0,"axis":"y","origin":[10.571428,79.42857,17.142857]},"faces":{"east":{"uv":[3.096875,4.378125,3.121875,4.559375],"rotation":0,"texture":"#0","tintindex":0},"south":{"uv":[6.909375,2.253125,7.090625,2.434375],"rotation":0,"texture":"#0","tintindex":0},"north":{"uv":[6.721875,2.253125,6.903125,2.434375],"rotation":0,"texture":"#0","tintindex":0},"west":{"uv":[3.096875,4.565625,3.121875,4.746875],"rotation":0,"texture":"#0","tintindex":0},"up":{"uv":[5.465625,2.590625,5.284375,2.565625],"rotation":0,"texture":"#0","tintindex":0},"down":{"uv":[5.653125,2.565625,5.471875,2.590625],"rotation":0,"texture":"#0","tintindex":0}}},{"from":[6.285714,6.285714,10.285714],"to":[9.714286,9.714286,10.857143],"rotation":{"angle":0.0,"axis":"y","origin":[10.571428,79.42857,17.142857]},"faces":{"east":{"uv":[3.096875,4.753125,3.121875,4.934375],"rotation":0,"texture":"#0","tintindex":0},"south":{"uv":[8.315625,7.159375,8.496875,7.340625],"rotation":0,"texture":"#0","tintindex":0},"north":{"uv":[3.409375,8.221875,3.590625,8.403125],"rotation":0,"texture":"#0","tintindex":0},"west":{"uv":[3.096875,4.940625,3.121875,5.121875],"rotation":0,"texture":"#0","tintindex":0},"up":{"uv":[5.840625,2.590625,5.659375,2.565625],"rotation":0,"texture":"#0","tintindex":0},"down":{"uv":[2.246875,5.690625,2.065625,5.715625],"rotation":0,"texture":"#0","tintindex":0}}},{"from":[10.285714,6.285714,6.285714],"to":[10.857143,9.714286,9.714286],"rotation":{"angle":0.0,"axis":"y","origin":[10.571428,79.42857,17.142857]},"faces":{"east":{"uv":[8.784375,6.565625,8.965625,6.746875],"rotation":0,"texture":"#0","tintindex":0},"south":{"uv":[5.065625,3.909375,5.090625,4.090625],"rotation":0,"texture":"#0","tintindex":0},"north":{"uv":[5.065625,3.721875,5.090625,3.903125],"rotation":0,"texture":"#0","tintindex":0},"west":{"uv":[8.909375,2.159375,9.090625,2.340625],"rotation":0,"texture":"#0","tintindex":0},"up":{"uv":[3.121875,5.309375,3.096875,5.128125],"rotation":0,"texture":"#0","tintindex":0},"down":{"uv":[3.121875,5.315625,3.096875,5.496875],"rotation":0,"texture":"#0","tintindex":0}}},{"from":[5.142857,6.285714,6.285714],"to":[5.714286,9.714286,9.714286],"rotation":{"angle":0.0,"axis":"y","origin":[10.571428,79.42857,17.142857]},"faces":{"east":{"uv":[9.096875,2.159375,9.278125,2.340625],"rotation":0,"texture":"#0","tintindex":0},"south":{"uv":[3.096875,5.503125,3.121875,5.684375],"rotation":0,"texture":"#0","tintindex":0},"north":{"uv":[5.065625,5.315625,5.090625,5.496875],"rotation":0,"texture":"#0","tintindex":0},"west":{"uv":[9.096875,6.971875,9.278125,7.153125],"rotation":0,"texture":"#0","tintindex":0},"up":{"uv":[5.090625,5.684375,5.065625,5.503125],"rotation":0,"texture":"#0","tintindex":0},"down":{"uv":[0.778125,5.534375,0.753125,5.715625],"rotation":0,"texture":"#0","tintindex":0}}},{"from":[6.285714,5.142857,6.285714],"to":[9.714286,5.714286,9.714286],"rotation":{"angle":0.0,"axis":"y","origin":[10.571428,79.42857,17.142857]},"faces":{"east":{"uv":[5.909375,2.409375,6.090625,2.434375],"rotation":0,"texture":"#0","tintindex":0},"south":{"uv":[4.909375,6.034375,5.090625,6.059375],"rotation":0,"texture":"#0","tintindex":0},"north":{"uv":[2.909375,5.690625,3.090625,5.715625],"rotation":0,"texture":"#0","tintindex":0},"west":{"uv":[6.096875,2.409375,6.278125,2.434375],"rotation":0,"texture":"#0","tintindex":0},"up":{"uv":[9.465625,7.153125,9.284375,6.971875],"rotation":0,"texture":"#0","tintindex":0},"down":{"uv":[9.496875,4.596875,9.315625,4.778125],"rotation":0,"texture":"#0","tintindex":0}}},{"from":[6.285714,10.285714,6.285714],"to":[9.714286,10.857143,9.714286],"rotation":{"angle":0.0,"axis":"y","origin":[10.571428,79.42857,17.142857]},"faces":{"east":{"uv":[5.096875,6.221875,5.278125,6.246875],"rotation":0,"texture":"#0","tintindex":0},"south":{"uv":[5.284375,6.221875,5.465625,6.246875],"rotation":0,"texture":"#0","tintindex":0},"north":{"uv":[4.909375,6.221875,5.090625,6.246875],"rotation":0,"texture":"#0","tintindex":0},"west":{"uv":[5.471875,6.221875,5.653125,6.246875],"rotation":0,"texture":"#0","tintindex":0},"up":{"uv":[9.684375,4.778125,9.503125,4.596875],"rotation":0,"texture":"#0","tintindex":0},"down":{"uv":[10.059375,5.159375,9.878125,5.340625],"rotation":0,"texture":"#0","tintindex":0}}}],"display":{"head":{"translation":[0.0,-6.4,0.0],"scale":[4.0,4.0,4.0]}}}