{"textures":{"0":"modelengine:entity/enchant_airstrike"},"elements":[{"from":[4.0,11.428572,7.428571],"to":[10.285714,22.857143,9.142858],"rotation":{"angle":0.0,"axis":"x","origin":[7.142857,16.285715,7.428571]},"faces":{"east":{"uv":[5.4375,11.6875,5.625,12.9375],"rotation":0,"texture":"#0","tintindex":0},"south":{"uv":[8.875,5.1875,9.5625,6.4375],"rotation":0,"texture":"#0","tintindex":0},"north":{"uv":[8.875,2.8125,9.5625,4.0625],"rotation":0,"texture":"#0","tintindex":0},"west":{"uv":[10.25,11.9375,10.4375,13.1875],"rotation":0,"texture":"#0","tintindex":0},"up":{"uv":[8.75,10.0,8.0625,9.8125],"rotation":0,"texture":"#0","tintindex":0},"down":{"uv":[13.1875,12.625,12.5,12.8125],"rotation":0,"texture":"#0","tintindex":0}}},{"from":[9.142858,14.857143,8.857143],"to":[10.285714,22.857143,10.0],"rotation":{"angle":22.5,"axis":"y","origin":[7.142857,16.285715,7.428571]},"faces":{"east":{"uv":[11.75,12.875,11.875,13.75],"rotation":0,"texture":"#0","tintindex":0},"south":{"uv":[11.875,12.875,12.0,13.75],"rotation":0,"texture":"#0","tintindex":0},"north":{"uv":[5.25,12.875,5.375,13.75],"rotation":0,"texture":"#0","tintindex":0},"west":{"uv":[12.0,12.875,12.125,13.75],"rotation":0,"texture":"#0","tintindex":0},"up":{"uv":[8.875,5.3125,8.75,5.1875],"rotation":0,"texture":"#0","tintindex":0},"down":{"uv":[1.5,9.9375,1.375,10.0625],"rotation":0,"texture":"#0","tintindex":0}}},{"from":[4.0,14.857143,8.857143],"to":[5.142857,22.857143,10.0],"rotation":{"angle":-22.5,"axis":"y","origin":[7.142857,16.285715,7.428571]},"faces":{"east":{"uv":[4.875,12.875,5.0,13.75],"rotation":0,"texture":"#0","tintindex":0},"south":{"uv":[5.0,12.875,5.125,13.75],"rotation":0,"texture":"#0","tintindex":0},"north":{"uv":[2.5625,12.875,2.6875,13.75],"rotation":0,"texture":"#0","tintindex":0},"west":{"uv":[5.125,12.875,5.25,13.75],"rotation":0,"texture":"#0","tintindex":0},"up":{"uv":[1.6875,6.25,1.5625,6.125],"rotation":0,"texture":"#0","tintindex":0},"down":{"uv":[8.875,2.8125,8.75,2.9375],"rotation":0,"texture":"#0","tintindex":0}}},{"from":[4.8571424,23.428572,8.0],"to":[9.428572,25.714287,9.714286],"rotation":{"angle":0.0,"axis":"y","origin":[6.857143,16.285715,7.428571]},"faces":{"east":{"uv":[13.5,10.9375,13.6875,11.1875],"rotation":0,"texture":"#0","tintindex":0},"south":{"uv":[12.6875,3.0625,13.1875,3.3125],"rotation":0,"texture":"#0","tintindex":0},"north":{"uv":[12.6875,2.8125,13.1875,3.0625],"rotation":0,"texture":"#0","tintindex":0},"west":{"uv":[11.5625,13.5,11.75,13.75],"rotation":0,"texture":"#0","tintindex":0},"up":{"uv":[13.5625,8.625,13.0625,8.4375],"rotation":0,"texture":"#0","tintindex":0},"down":{"uv":[13.625,0.0,13.125,0.1875],"rotation":0,"texture":"#0","tintindex":0}}},{"from":[6.285714,21.714287,8.571428],"to":[8.0,24.57143,9.142858],"rotation":{"angle":0.0,"axis":"y","origin":[7.142857,16.285715,7.428571]},"faces":{"east":{"uv":[6.5,1.5,6.5625,1.8125],"rotation":0,"texture":"#0","tintindex":0},"south":{"uv":[0.3125,13.4375,0.5,13.75],"rotation":0,"texture":"#0","tintindex":0},"north":{"uv":[8.1875,6.9375,8.375,7.25],"rotation":0,"texture":"#0","tintindex":0},"west":{"uv":[8.1875,2.625,8.25,2.9375],"rotation":0,"texture":"#0","tintindex":0},"up":{"uv":[7.1875,4.625,7.0,4.5625],"rotation":0,"texture":"#0","tintindex":0},"down":{"uv":[7.3125,6.1875,7.125,6.25],"rotation":0,"texture":"#0","tintindex":0}}},{"from":[4.0,11.428572,1.7142854],"to":[10.285714,14.285715,8.0],"rotation":{"angle":0.0,"axis":"y","origin":[8.0,8.0,8.0]},"faces":{"east":{"uv":[12.375,8.0,13.0625,8.3125],"rotation":0,"texture":"#0","tintindex":0},"south":{"uv":[12.375,8.3125,13.0625,8.625],"rotation":0,"texture":"#0","tintindex":0},"north":{"uv":[12.375,7.6875,13.0625,8.0],"rotation":0,"texture":"#0","tintindex":0},"west":{"uv":[12.4375,0.0,13.125,0.3125],"rotation":0,"texture":"#0","tintindex":0},"up":{"uv":[8.0625,11.0625,7.375,10.375],"rotation":0,"texture":"#0","tintindex":0},"down":{"uv":[9.5625,10.4375,8.875,11.125],"rotation":0,"texture":"#0","tintindex":0}}}],"display":{"head":{"translation":[0.0,-6.4,0.0],"scale":[4.0,4.0,4.0]}}}