{"textures":{"0":"modelengine:entity/enchant_airstrike"},"elements":[{"from":[6.0571427,5.4535146,1.7714286],"to":[9.942858,10.482086,3.371428],"rotation":{"angle":45.0,"axis":"x","origin":[3.7142854,8.0,8.0]},"faces":{"east":{"uv":[12.125,12.875,12.3125,13.4375],"rotation":0,"texture":"#0","tintindex":0},"south":{"uv":[1.8125,11.9375,2.25,12.5],"rotation":0,"texture":"#0","tintindex":0},"north":{"uv":[1.375,11.9375,1.8125,12.5],"rotation":0,"texture":"#0","tintindex":0},"west":{"uv":[12.3125,12.875,12.5,13.4375],"rotation":0,"texture":"#0","tintindex":0},"up":{"uv":[7.1875,7.9375,6.75,7.75],"rotation":0,"texture":"#0","tintindex":0},"down":{"uv":[4.9375,10.0625,4.5,10.25],"rotation":0,"texture":"#0","tintindex":0}}},{"from":[6.0,5.396372,1.7142854],"to":[10.0,10.539229,3.4285712],"rotation":{"angle":0.0,"axis":"y","origin":[3.7142854,8.0,8.0]},"faces":{"east":{"uv":[5.375,12.9375,5.5625,13.5],"rotation":0,"texture":"#0","tintindex":0},"south":{"uv":[3.6875,12.0,4.125,12.5625],"rotation":0,"texture":"#0","tintindex":0},"north":{"uv":[9.8125,11.9375,10.25,12.5],"rotation":0,"texture":"#0","tintindex":0},"west":{"uv":[12.875,12.9375,13.0625,13.5],"rotation":0,"texture":"#0","tintindex":0},"up":{"uv":[13.625,3.0,13.1875,2.8125],"rotation":0,"texture":"#0","tintindex":0},"down":{"uv":[13.625,3.0,13.1875,3.1875],"rotation":0,"texture":"#0","tintindex":0}}},{"from":[6.0571427,5.4535146,12.628572],"to":[9.942858,10.482086,14.228571],"rotation":{"angle":45.0,"axis":"x","origin":[3.7142854,8.0,8.0]},"faces":{"east":{"uv":[0.6875,13.0,0.875,13.5625],"rotation":0,"texture":"#0","tintindex":0},"south":{"uv":[6.3125,12.0,6.75,12.5625],"rotation":0,"texture":"#0","tintindex":0},"north":{"uv":[4.125,12.0,4.5625,12.5625],"rotation":0,"texture":"#0","tintindex":0},"west":{"uv":[13.0,1.4375,13.1875,2.0],"rotation":0,"texture":"#0","tintindex":0},"up":{"uv":[4.4375,13.375,4.0,13.1875],"rotation":0,"texture":"#0","tintindex":0},"down":{"uv":[6.6875,13.1875,6.25,13.375],"rotation":0,"texture":"#0","tintindex":0}}},{"from":[6.0,5.396372,12.571428],"to":[10.0,10.539229,14.285715],"rotation":{"angle":0.0,"axis":"y","origin":[3.7142854,8.0,8.0]},"faces":{"east":{"uv":[10.8125,13.0,11.0,13.5625],"rotation":0,"texture":"#0","tintindex":0},"south":{"uv":[10.8125,12.0625,11.25,12.625],"rotation":0,"texture":"#0","tintindex":0},"north":{"uv":[6.75,12.0,7.1875,12.5625],"rotation":0,"texture":"#0","tintindex":0},"west":{"uv":[11.0,13.0,11.1875,13.5625],"rotation":0,"texture":"#0","tintindex":0},"up":{"uv":[7.125,13.375,6.6875,13.1875],"rotation":0,"texture":"#0","tintindex":0},"down":{"uv":[7.5625,13.1875,7.125,13.375],"rotation":0,"texture":"#0","tintindex":0}}},{"from":[6.0571427,1.7714286,5.4535146],"to":[9.942858,3.371428,10.482086],"rotation":{"angle":45.0,"axis":"x","origin":[3.7142854,8.0,8.0]},"faces":{"east":{"uv":[1.5625,6.25,2.125,6.4375],"rotation":0,"texture":"#0","tintindex":0},"south":{"uv":[13.1875,9.0,13.625,9.1875],"rotation":0,"texture":"#0","tintindex":0},"north":{"uv":[7.5625,13.1875,8.0,13.375],"rotation":0,"texture":"#0","tintindex":0},"west":{"uv":[8.875,10.0,9.4375,10.1875],"rotation":0,"texture":"#0","tintindex":0},"up":{"uv":[11.6875,12.625,11.25,12.0625],"rotation":0,"texture":"#0","tintindex":0},"down":{"uv":[12.125,12.0625,11.6875,12.625],"rotation":0,"texture":"#0","tintindex":0}}},{"from":[6.0,1.7142854,5.396372],"to":[10.0,3.4285712,10.539229],"rotation":{"angle":0.0,"axis":"y","origin":[3.7142854,8.0,8.0]},"faces":{"east":{"uv":[12.9375,10.9375,13.5,11.125],"rotation":0,"texture":"#0","tintindex":0},"south":{"uv":[0.0,13.25,0.4375,13.4375],"rotation":0,"texture":"#0","tintindex":0},"north":{"uv":[13.1875,12.625,13.625,12.8125],"rotation":0,"texture":"#0","tintindex":0},"west":{"uv":[12.9375,11.125,13.5,11.3125],"rotation":0,"texture":"#0","tintindex":0},"up":{"uv":[12.5625,12.625,12.125,12.0625],"rotation":0,"texture":"#0","tintindex":0},"down":{"uv":[6.25,12.1875,5.8125,12.75],"rotation":0,"texture":"#0","tintindex":0}}},{"from":[6.0571427,12.628572,5.4535146],"to":[9.942858,14.228571,10.482086],"rotation":{"angle":45.0,"axis":"x","origin":[3.7142854,8.0,8.0]},"faces":{"east":{"uv":[13.0,0.5,13.5625,0.6875],"rotation":0,"texture":"#0","tintindex":0},"south":{"uv":[13.25,3.5625,13.6875,3.75],"rotation":0,"texture":"#0","tintindex":0},"north":{"uv":[13.25,2.5625,13.6875,2.75],"rotation":0,"texture":"#0","tintindex":0},"west":{"uv":[13.0,0.8125,13.5625,1.0],"rotation":0,"texture":"#0","tintindex":0},"up":{"uv":[9.25,12.75,8.8125,12.1875],"rotation":0,"texture":"#0","tintindex":0},"down":{"uv":[12.625,8.8125,12.1875,9.375],"rotation":0,"texture":"#0","tintindex":0}}},{"from":[6.0,12.571428,5.396372],"to":[10.0,14.285715,10.539229],"rotation":{"angle":0.0,"axis":"y","origin":[3.7142854,8.0,8.0]},"faces":{"east":{"uv":[13.0,2.0,13.5625,2.1875],"rotation":0,"texture":"#0","tintindex":0},"south":{"uv":[13.25,13.125,13.6875,13.3125],"rotation":0,"texture":"#0","tintindex":0},"north":{"uv":[13.25,12.9375,13.6875,13.125],"rotation":0,"texture":"#0","tintindex":0},"west":{"uv":[13.0,2.1875,13.5625,2.375],"rotation":0,"texture":"#0","tintindex":0},"up":{"uv":[9.6875,12.75,9.25,12.1875],"rotation":0,"texture":"#0","tintindex":0},"down":{"uv":[12.75,1.4375,12.3125,2.0],"rotation":0,"texture":"#0","tintindex":0}}}],"display":{"head":{"translation":[0.0,-6.4,0.0],"scale":[4.0,4.0,4.0]}}}