{"textures":{"0":"modelengine:entity/tusker_dreamlight"},"elements":[{"from":[6.002204,2.8294306,4.927144],"to":[10.002204,8.543716,9.498573],"rotation":{"angle":-22.5,"axis":"x","origin":[2.5692244,10.4498825,8.007295]},"faces":{"east":{"uv":[5.75,1.5,5.25,2.125],"rotation":0,"texture":"#0","tintindex":0},"south":{"uv":[1.625,5.6875,1.1875,6.3125],"rotation":0,"texture":"#0","tintindex":0},"north":{"uv":[1.625,5.6875,1.1875,6.3125],"rotation":0,"texture":"#0","tintindex":0},"west":{"uv":[5.75,1.5,5.25,2.125],"rotation":0,"texture":"#0","tintindex":0},"up":{"uv":[1.75,7.0625,2.1875,6.5625],"rotation":0,"texture":"#0","tintindex":0},"down":{"uv":[2.25,6.5625,2.6875,7.0625],"rotation":0,"texture":"#0","tintindex":0}}}],"display":{"head":{"translation":[0.0,-6.4,0.0],"scale":[4.0,4.0,4.0]}}}