{"textures":{"0":"modelengine:entity/tusker_dreamlight"},"elements":[{"from":[3.142857,5.5358686,-0.6267662],"to":[12.857143,11.2501545,8.516091],"rotation":{"angle":0.0,"axis":"y","origin":[8.0,5.9121823,-0.56064034]},"faces":{"east":{"uv":[3.4375,3.0,4.4375,3.625],"rotation":0,"texture":"#0","tintindex":0},"south":{"uv":[1.1875,2.6875,2.25,3.3125],"rotation":0,"texture":"#0","tintindex":0},"north":{"uv":[1.1875,2.6875,2.25,3.3125],"rotation":0,"texture":"#0","tintindex":0},"west":{"uv":[3.625,0.8125,4.625,1.4375],"rotation":0,"texture":"#0","tintindex":0},"up":{"uv":[1.0625,1.0,0.0,0.0],"rotation":0,"texture":"#0","tintindex":0},"down":{"uv":[1.0625,1.0625,0.0,2.0625],"rotation":0,"texture":"#0","tintindex":0}}},{"from":[2.8571424,7.5358686,2.2303767],"to":[13.142858,11.535869,7.944663],"rotation":{"angle":0.0,"axis":"y","origin":[8.0,5.9121823,-0.56064034]},"faces":{"east":{"uv":[6.25,4.5625,6.875,5.0],"rotation":0,"texture":"#0","tintindex":0},"south":{"uv":[3.8125,3.6875,4.9375,4.125],"rotation":0,"texture":"#0","tintindex":0},"north":{"uv":[2.625,3.6875,3.75,4.125],"rotation":0,"texture":"#0","tintindex":0},"west":{"uv":[6.3125,0.0,6.9375,0.4375],"rotation":0,"texture":"#0","tintindex":0},"up":{"uv":[3.5625,2.9375,2.4375,2.3125],"rotation":0,"texture":"#0","tintindex":0},"down":{"uv":[1.125,2.6875,0.0,3.3125],"rotation":0,"texture":"#0","tintindex":0}}},{"from":[4.028571,2.1939974,8.184438],"to":[11.971429,4.4797115,10.470152],"rotation":{"angle":-45.0,"axis":"x","origin":[8.0,5.9121823,-0.56064034]},"faces":{"east":{"uv":[8.375,2.1875,8.625,2.4375],"rotation":0,"texture":"#0","tintindex":0},"south":{"uv":[6.875,5.9375,7.75,6.1875],"rotation":0,"texture":"#0","tintindex":0},"north":{"uv":[6.6875,5.625,7.5625,5.875],"rotation":0,"texture":"#0","tintindex":0},"west":{"uv":[8.375,5.125,8.625,5.375],"rotation":0,"texture":"#0","tintindex":0},"up":{"uv":[7.75,6.5,6.875,6.25],"rotation":0,"texture":"#0","tintindex":0},"down":{"uv":[7.75,6.5625,6.875,6.8125],"rotation":0,"texture":"#0","tintindex":0}}},{"from":[4.0,13.969964,4.313936],"to":[12.0,17.969965,5.456794],"rotation":{"angle":22.5,"axis":"x","origin":[8.0,5.9121823,-0.56064034]},"faces":{"east":{"uv":[1.1875,7.875,1.3125,8.3125],"rotation":0,"texture":"#0","tintindex":0},"south":{"uv":[0.625,4.875,1.5,5.3125],"rotation":0,"texture":"#0","tintindex":0},"north":{"uv":[0.0,2.125,0.875,2.5625],"rotation":0,"texture":"#0","tintindex":0},"west":{"uv":[7.5,8.1875,7.625,8.625],"rotation":0,"texture":"#0","tintindex":0},"up":{"uv":[8.0,1.3125,7.125,1.1875],"rotation":0,"texture":"#0","tintindex":0},"down":{"uv":[8.5625,4.9375,7.6875,5.0625],"rotation":0,"texture":"#0","tintindex":0}}},{"from":[2.2857141,13.969964,4.328222],"to":[13.714286,20.827106,4.328222],"rotation":{"angle":22.5,"axis":"x","origin":[8.0,5.9121823,-0.56064034]},"faces":{"east":{"uv":[5.0625,8.25,5.0625,9.0],"rotation":0,"texture":"#0","tintindex":0},"south":{"uv":[2.375,1.875,1.125,2.625],"rotation":0,"texture":"#0","tintindex":0},"north":{"uv":[1.125,1.875,2.375,2.625],"rotation":0,"texture":"#0","tintindex":0},"west":{"uv":[5.125,8.25,5.125,9.0],"rotation":0,"texture":"#0","tintindex":0},"up":{"uv":[9.125,4.875,7.875,4.875],"rotation":0,"texture":"#0","tintindex":0},"down":{"uv":[9.25,0.3125,8.0,0.3125],"rotation":0,"texture":"#0","tintindex":0}}},{"from":[2.8571424,5.2501545,4.5160913],"to":[13.142858,7.5358686,6.230377],"rotation":{"angle":0.0,"axis":"y","origin":[8.0,5.9121823,-0.56064034]},"faces":{"east":{"uv":[1.5,6.8125,1.6875,7.0625],"rotation":0,"texture":"#0","tintindex":0},"south":{"uv":[2.1875,5.5625,3.3125,5.8125],"rotation":0,"texture":"#0","tintindex":0},"north":{"uv":[5.25,4.25,6.375,4.5],"rotation":0,"texture":"#0","tintindex":0},"west":{"uv":[1.125,8.375,1.3125,8.625],"rotation":0,"texture":"#0","tintindex":0},"up":{"uv":[8.1875,1.5625,7.0625,1.375],"rotation":0,"texture":"#0","tintindex":0},"down":{"uv":[8.1875,2.6875,7.0625,2.875],"rotation":0,"texture":"#0","tintindex":0}}},{"from":[11.270226,4.05697,-4.552373],"to":[14.127369,6.914113,-1.1238012],"rotation":{"angle":22.5,"axis":"z","origin":[8.0,5.9121823,-0.56064034]},"faces":{"east":{"uv":[3.125,6.5625,2.75,6.875],"rotation":0,"texture":"#0","tintindex":0},"south":{"uv":[7.625,7.8125,7.3125,8.125],"rotation":0,"texture":"#0","tintindex":0},"north":{"uv":[7.625,7.8125,7.3125,8.125],"rotation":0,"texture":"#0","tintindex":0},"west":{"uv":[3.125,6.5625,2.75,6.875],"rotation":0,"texture":"#0","tintindex":0},"up":{"uv":[7.5,7.25,7.8125,6.875],"rotation":0,"texture":"#0","tintindex":0},"down":{"uv":[7.625,0.0,7.9375,0.375],"rotation":0,"texture":"#0","tintindex":0}}}],"display":{"head":{"translation":[0.0,-6.4,0.0],"scale":[4.0,4.0,4.0]}}}