{"textures":{"0":"modelengine:entity/guido"},"elements":[{"from":[7.285714,9.309524,5.5238094],"to":[8.714286,10.738095,6.6666665],"rotation":{"angle":0.0,"axis":"y","origin":[12.857143,2.8809524,11.238095]},"faces":{"east":{"uv":[8.5,9.125,8.25,9.4375],"rotation":0,"texture":"#0","tintindex":0},"south":{"uv":[4.0625,8.875,3.75,9.1875],"rotation":0,"texture":"#0","tintindex":0},"north":{"uv":[9.1875,3.5,8.875,3.8125],"rotation":0,"texture":"#0","tintindex":0},"west":{"uv":[8.25,9.125,8.0,9.4375],"rotation":0,"texture":"#0","tintindex":0},"up":{"uv":[9.0,2.75,9.3125,2.5],"rotation":0,"texture":"#0","tintindex":0},"down":{"uv":[9.125,6.5,9.4375,6.75],"rotation":0,"texture":"#0","tintindex":0}}},{"from":[7.142857,4.4523807,5.2380953],"to":[8.857143,9.309524,6.6666665],"rotation":{"angle":0.0,"axis":"y","origin":[12.857143,2.8809524,11.238095]},"faces":{"east":{"uv":[3.875,7.0,4.1875,8.0625],"rotation":0,"texture":"#0","tintindex":0},"south":{"uv":[7.25,0.5,6.875,1.5625],"rotation":0,"texture":"#0","tintindex":0},"north":{"uv":[3.125,6.625,2.75,7.6875],"rotation":0,"texture":"#0","tintindex":0},"west":{"uv":[4.1875,7.0,3.875,8.0625],"rotation":0,"texture":"#0","tintindex":0},"up":{"uv":[8.875,3.0625,9.25,2.75],"rotation":0,"texture":"#0","tintindex":0},"down":{"uv":[8.875,3.125,9.25,3.4375],"rotation":0,"texture":"#0","tintindex":0}}},{"from":[7.428571,7.3095236,6.6666665],"to":[8.571428,8.595238,9.523809],"rotation":{"angle":0.0,"axis":"y","origin":[12.857143,2.8809524,11.238095]},"faces":{"east":{"uv":[8.125,0.5,7.5,0.8125],"rotation":0,"texture":"#0","tintindex":0},"south":{"uv":[9.375,7.875,9.125,8.1875],"rotation":0,"texture":"#0","tintindex":0},"north":{"uv":[8.0,9.125,7.75,9.4375],"rotation":0,"texture":"#0","tintindex":0},"west":{"uv":[7.875,2.375,7.25,2.6875],"rotation":0,"texture":"#0","tintindex":0},"up":{"uv":[7.5,1.5,7.75,0.875],"rotation":0,"texture":"#0","tintindex":0},"down":{"uv":[1.125,7.5,1.375,8.125],"rotation":0,"texture":"#0","tintindex":0}}}],"display":{"head":{"translation":[0.0,-6.4,0.0],"scale":[4.0,4.0,4.0]}}}