{"textures":{"0":"modelengine:entity/lr_minotaur"},"elements":[{"from":[4.0,6.536296,3.64425],"to":[12.0,14.536297,10.501393],"rotation":{"angle":0.0,"axis":"y","origin":[8.285714,16.536297,6.2156787]},"faces":{"east":{"uv":[3.625,2.25,2.875,3.125],"rotation":0,"texture":"#0","tintindex":0},"south":{"uv":[0.0,1.75,0.875,2.625],"rotation":0,"texture":"#0","tintindex":0},"north":{"uv":[1.125,1.5,2.0,2.375],"rotation":0,"texture":"#0","tintindex":0},"west":{"uv":[2.875,2.25,3.625,3.125],"rotation":0,"texture":"#0","tintindex":0},"up":{"uv":[4.0,0.75,3.125,0.0],"rotation":0,"texture":"#0","tintindex":0},"down":{"uv":[1.625,3.125,0.75,3.875],"rotation":0,"texture":"#0","tintindex":0}}},{"from":[8.0,6.536296,9.358536],"to":[8.0,18.536297,12.787107],"rotation":{"angle":0.0,"axis":"y","origin":[8.285714,16.536297,6.2156787]},"faces":{"east":{"uv":[2.0,3.875,2.375,5.1875],"rotation":0,"texture":"#0","tintindex":0},"south":{"uv":[0.0,0.0,0.0,1.3125],"rotation":0,"texture":"#0","tintindex":0},"north":{"uv":[0.0,0.0,0.0,1.3125],"rotation":0,"texture":"#0","tintindex":0},"west":{"uv":[2.375,3.875,2.0,5.1875],"rotation":0,"texture":"#0","tintindex":0},"up":{"uv":[0.0,0.375,0.0,0.0],"rotation":0,"texture":"#0","tintindex":0},"down":{"uv":[0.0,0.0,0.0,0.375],"rotation":0,"texture":"#0","tintindex":0}}},{"from":[5.714286,19.079159,2.2952847],"to":[10.285714,22.507729,7.438142],"rotation":{"angle":-22.5,"axis":"x","origin":[8.285714,21.079159,3.1524277]},"faces":{"east":{"uv":[6.6875,3.375,7.25,3.6875],"rotation":0,"texture":"#0","tintindex":0},"south":{"uv":[1.25,6.9375,1.75,7.25],"rotation":0,"texture":"#0","tintindex":0},"north":{"uv":[6.9375,1.125,7.4375,1.4375],"rotation":0,"texture":"#0","tintindex":0},"west":{"uv":[6.875,2.125,7.4375,2.4375],"rotation":0,"texture":"#0","tintindex":0},"up":{"uv":[3.5625,6.1875,3.0625,5.625],"rotation":0,"texture":"#0","tintindex":0},"down":{"uv":[4.0625,5.625,3.5625,6.1875],"rotation":0,"texture":"#0","tintindex":0}}},{"from":[3.4285712,15.079157,3.4381418],"to":[12.571428,21.9363,9.723856],"rotation":{"angle":-22.5,"axis":"x","origin":[8.285714,21.079159,3.1524277]},"faces":{"east":{"uv":[3.625,2.25,4.3125,3.0],"rotation":0,"texture":"#0","tintindex":0},"south":{"uv":[1.875,2.375,2.875,3.125],"rotation":0,"texture":"#0","tintindex":0},"north":{"uv":[0.875,2.375,1.875,3.125],"rotation":0,"texture":"#0","tintindex":0},"west":{"uv":[1.3125,3.875,2.0,4.625],"rotation":0,"texture":"#0","tintindex":0},"up":{"uv":[3.875,1.5625,2.875,0.875],"rotation":0,"texture":"#0","tintindex":0},"down":{"uv":[3.875,1.5625,2.875,2.25],"rotation":0,"texture":"#0","tintindex":0}}},{"from":[3.4285712,11.650586,7.438142],"to":[3.4285712,15.079157,9.723856],"rotation":{"angle":-22.5,"axis":"x","origin":[8.285714,21.079159,3.1524277]},"faces":{"east":{"uv":[2.3125,5.75,2.5625,6.125],"rotation":0,"texture":"#0","tintindex":0},"south":{"uv":[0.0,0.0,0.0,0.375],"rotation":0,"texture":"#0","tintindex":0},"north":{"uv":[0.0,0.0,0.0,0.375],"rotation":0,"texture":"#0","tintindex":0},"west":{"uv":[2.5625,5.75,2.3125,6.125],"rotation":0,"texture":"#0","tintindex":0},"up":{"uv":[0.0,0.25,0.0,0.0],"rotation":0,"texture":"#0","tintindex":0},"down":{"uv":[0.0,0.0,0.0,0.25],"rotation":0,"texture":"#0","tintindex":0}}},{"from":[12.571428,11.650586,7.438142],"to":[12.571428,15.079157,9.723856],"rotation":{"angle":-22.5,"axis":"x","origin":[7.714286,21.079159,3.1524277]},"faces":{"east":{"uv":[2.3125,5.75,2.5625,6.125],"rotation":0,"texture":"#0","tintindex":0},"south":{"uv":[0.0,0.0,0.0,0.375],"rotation":0,"texture":"#0","tintindex":0},"north":{"uv":[0.0,0.0,0.0,0.375],"rotation":0,"texture":"#0","tintindex":0},"west":{"uv":[2.5625,5.75,2.3125,6.125],"rotation":0,"texture":"#0","tintindex":0},"up":{"uv":[0.0,0.25,0.0,0.0],"rotation":0,"texture":"#0","tintindex":0},"down":{"uv":[0.0,0.0,0.0,0.25],"rotation":0,"texture":"#0","tintindex":0}}},{"from":[3.4285712,15.193514,11.519165],"to":[12.571428,18.050657,11.519165],"rotation":{"angle":0.0,"axis":"y","origin":[8.0,16.622086,11.519165]},"faces":{"east":{"uv":[0.0,0.0,0.0,0.3125],"rotation":0,"texture":"#0","tintindex":0},"south":{"uv":[5.4375,5.25,6.4375,5.5625],"rotation":0,"texture":"#0","tintindex":0},"north":{"uv":[6.4375,5.25,5.4375,5.5625],"rotation":0,"texture":"#0","tintindex":0},"west":{"uv":[0.0,0.0,0.0,0.3125],"rotation":0,"texture":"#0","tintindex":0},"up":{"uv":[1.0,0.0,0.0,0.0],"rotation":0,"texture":"#0","tintindex":0},"down":{"uv":[1.0,0.0,0.0,0.0],"rotation":0,"texture":"#0","tintindex":0}}},{"from":[3.4285712,22.02901,3.7785578],"to":[5.714286,22.02901,6.635701],"rotation":{"angle":-45.0,"axis":"x","origin":[8.285714,21.171867,3.4928436]},"faces":{"east":{"uv":[0.0,0.0,0.3125,0.0],"rotation":0,"texture":"#0","tintindex":0},"south":{"uv":[0.0,0.0,0.25,0.0],"rotation":0,"texture":"#0","tintindex":0},"north":{"uv":[0.0,0.0,0.25,0.0],"rotation":0,"texture":"#0","tintindex":0},"west":{"uv":[0.0,0.0,0.3125,0.0],"rotation":0,"texture":"#0","tintindex":0},"up":{"uv":[7.6875,2.625,7.4375,2.3125],"rotation":0,"texture":"#0","tintindex":0},"down":{"uv":[7.6875,2.3125,7.4375,2.625],"rotation":0,"texture":"#0","tintindex":0}}},{"from":[10.285714,22.02901,3.7785578],"to":[12.571428,22.02901,6.635701],"rotation":{"angle":-45.0,"axis":"x","origin":[7.714286,21.171867,3.4928436]},"faces":{"east":{"uv":[0.3125,0.0,0.0,0.0],"rotation":0,"texture":"#0","tintindex":0},"south":{"uv":[0.25,0.0,0.0,0.0],"rotation":0,"texture":"#0","tintindex":0},"north":{"uv":[0.25,0.0,0.0,0.0],"rotation":0,"texture":"#0","tintindex":0},"west":{"uv":[0.3125,0.0,0.0,0.0],"rotation":0,"texture":"#0","tintindex":0},"up":{"uv":[7.4375,2.625,7.6875,2.3125],"rotation":0,"texture":"#0","tintindex":0},"down":{"uv":[7.4375,2.3125,7.6875,2.625],"rotation":0,"texture":"#0","tintindex":0}}},{"from":[3.4285712,24.434448,9.585801],"to":[12.571428,24.434448,12.442944],"rotation":{"angle":-45.0,"axis":"x","origin":[8.285714,23.577305,9.300087]},"faces":{"east":{"uv":[0.0,0.0,0.3125,0.0],"rotation":0,"texture":"#0","tintindex":0},"south":{"uv":[0.0,0.0,1.0,0.0],"rotation":0,"texture":"#0","tintindex":0},"north":{"uv":[0.0,0.0,1.0,0.0],"rotation":0,"texture":"#0","tintindex":0},"west":{"uv":[0.0,0.0,0.3125,0.0],"rotation":0,"texture":"#0","tintindex":0},"up":{"uv":[6.5,4.4375,5.5,4.125],"rotation":0,"texture":"#0","tintindex":0},"down":{"uv":[5.5,4.125,6.5,4.4375],"rotation":0,"texture":"#0","tintindex":0}}},{"from":[1.7142854,18.507729,3.4381418],"to":[3.4285712,21.9363,3.4381418],"rotation":{"angle":-22.5,"axis":"x","origin":[8.285714,21.079159,3.1524277]},"faces":{"east":{"uv":[0.0,0.0,0.0,0.375],"rotation":0,"texture":"#0","tintindex":0},"south":{"uv":[4.3125,3.0,4.125,3.375],"rotation":0,"texture":"#0","tintindex":0},"north":{"uv":[4.125,3.0,4.3125,3.375],"rotation":0,"texture":"#0","tintindex":0},"west":{"uv":[0.0,0.0,0.0,0.375],"rotation":0,"texture":"#0","tintindex":0},"up":{"uv":[0.1875,0.0,0.0,0.0],"rotation":0,"texture":"#0","tintindex":0},"down":{"uv":[0.1875,0.0,0.0,0.0],"rotation":0,"texture":"#0","tintindex":0}}},{"from":[12.571428,18.507729,3.4381418],"to":[14.285715,21.9363,3.4381418],"rotation":{"angle":-22.5,"axis":"x","origin":[7.714286,21.079159,3.1524277]},"faces":{"east":{"uv":[0.0,0.0,0.0,0.375],"rotation":0,"texture":"#0","tintindex":0},"south":{"uv":[4.125,3.0,4.3125,3.375],"rotation":0,"texture":"#0","tintindex":0},"north":{"uv":[4.3125,3.0,4.125,3.375],"rotation":0,"texture":"#0","tintindex":0},"west":{"uv":[0.0,0.0,0.0,0.375],"rotation":0,"texture":"#0","tintindex":0},"up":{"uv":[0.0,0.0,0.1875,0.0],"rotation":0,"texture":"#0","tintindex":0},"down":{"uv":[0.0,0.0,0.1875,0.0],"rotation":0,"texture":"#0","tintindex":0}}},{"from":[3.4285712,15.079157,9.723856],"to":[3.4285712,21.9363,12.009571],"rotation":{"angle":-22.5,"axis":"x","origin":[8.285714,21.079159,3.1524277]},"faces":{"east":{"uv":[5.5625,6.75,5.8125,7.5],"rotation":0,"texture":"#0","tintindex":0},"south":{"uv":[0.0,0.0,0.0,0.75],"rotation":0,"texture":"#0","tintindex":0},