{"textures":{"0":"modelengine:entity/lr_minotaur"},"elements":[{"from":[6.230862,1.600863,1.7934389],"to":[9.659433,4.4580064,6.3648677],"rotation":{"angle":0.0,"axis":"y","origin":[9.088005,8.091022,6.5355177]},"faces":{"east":{"uv":[6.9375,5.375,7.4375,5.6875],"rotation":0,"texture":"#0","tintindex":0},"south":{"uv":[7.3125,1.6875,7.6875,2.0],"rotation":0,"texture":"#0","tintindex":0},"north":{"uv":[7.25,3.375,7.625,3.6875],"rotation":0,"texture":"#0","tintindex":0},"west":{"uv":[6.9375,5.6875,7.4375,6.0],"rotation":0,"texture":"#0","tintindex":0},"up":{"uv":[0.75,4.875,0.375,4.375],"rotation":0,"texture":"#0","tintindex":0},"down":{"uv":[7.1875,4.625,6.8125,5.125],"rotation":0,"texture":"#0","tintindex":0}}},{"from":[6.802291,3.2910056,4.756336],"to":[9.088005,8.433863,7.042051],"rotation":{"angle":22.5,"axis":"x","origin":[8.516577,5.8624344,6.470622]},"faces":{"east":{"uv":[5.0625,7.125,5.3125,7.6875],"rotation":0,"texture":"#0","tintindex":0},"south":{"uv":[5.3125,7.125,5.5625,7.6875],"rotation":0,"texture":"#0","tintindex":0},"north":{"uv":[4.8125,7.125,5.0625,7.6875],"rotation":0,"texture":"#0","tintindex":0},"west":{"uv":[7.1875,2.4375,7.4375,3.0],"rotation":0,"texture":"#0","tintindex":0},"up":{"uv":[7.1875,6.25,6.9375,6.0],"rotation":0,"texture":"#0","tintindex":0},"down":{"uv":[7.6875,5.875,7.4375,6.125],"rotation":0,"texture":"#0","tintindex":0}}}],"display":{"head":{"translation":[0.0,-6.4,0.0],"scale":[4.0,4.0,4.0]}}}