{"textures":{"0":"modelengine:entity/lr_minotaur"},"elements":[{"from":[5.714286,3.0189376,5.345771],"to":[10.285714,9.876081,10.488628],"rotation":{"angle":0.0,"axis":"y","origin":[9.142858,8.733224,5.9171996]},"faces":{"east":{"uv":[4.9375,4.125,4.375,4.875],"rotation":0,"texture":"#0","tintindex":0},"south":{"uv":[4.5625,4.875,4.0625,5.625],"rotation":0,"texture":"#0","tintindex":0},"north":{"uv":[1.3125,4.875,0.8125,5.625],"rotation":0,"texture":"#0","tintindex":0},"west":{"uv":[4.9375,3.375,4.375,4.125],"rotation":0,"texture":"#0","tintindex":0},"up":{"uv":[0.0,6.3125,0.5,5.75],"rotation":0,"texture":"#0","tintindex":0},"down":{"uv":[1.8125,5.75,2.3125,6.3125],"rotation":0,"texture":"#0","tintindex":0}}},{"from":[8.571428,5.8760805,5.9171996],"to":[10.857143,10.44751,11.060057],"rotation":{"angle":0.0,"axis":"y","origin":[9.142858,10.44751,5.9171996]},"faces":{"east":{"uv":[6.375,0.875,5.8125,1.375],"rotation":0,"texture":"#0","tintindex":0},"south":{"uv":[0.75,5.75,0.5,6.25],"rotation":0,"texture":"#0","tintindex":0},"north":{"uv":[5.4375,5.625,5.1875,6.125],"rotation":0,"texture":"#0","tintindex":0},"west":{"uv":[6.3125,2.125,5.75,2.625],"rotation":0,"texture":"#0","tintindex":0},"up":{"uv":[0.875,2.3125,1.125,1.75],"rotation":0,"texture":"#0","tintindex":0},"down":{"uv":[4.125,3.375,4.375,3.9375],"rotation":0,"texture":"#0","tintindex":0}}},{"from":[11.904037,9.440512,5.9171996],"to":[13.046895,13.440512,11.631486],"rotation":{"angle":-22.5,"axis":"z","origin":[12.189753,15.440512,7.9172]},"faces":{"east":{"uv":[6.5625,6.0,5.9375,6.4375],"rotation":0,"texture":"#0","tintindex":0},"south":{"uv":[3.625,7.4375,3.5,7.875],"rotation":0,"texture":"#0","tintindex":0},"north":{"uv":[6.5625,5.125,6.4375,5.5625],"rotation":0,"texture":"#0","tintindex":0},"west":{"uv":[6.5625,5.5625,5.9375,6.0],"rotation":0,"texture":"#0","tintindex":0},"up":{"uv":[1.125,8.0,1.25,7.375],"rotation":0,"texture":"#0","tintindex":0},"down":{"uv":[3.375,7.4375,3.5,8.0625],"rotation":0,"texture":"#0","tintindex":0}}},{"from":[6.857143,1.9999995,6.5714283],"to":[9.714286,4.285714,8.857143],"rotation":{"angle":-22.5,"axis":"x","origin":[8.571428,0.5714283,9.142858]},"faces":{"east":{"uv":[5.0,0.375,4.75,0.625],"rotation":0,"texture":"#0","tintindex":0},"south":{"uv":[7.75,4.6875,7.4375,4.9375],"rotation":0,"texture":"#0","tintindex":0},"north":{"uv":[7.75,4.4375,7.4375,4.6875],"rotation":0,"texture":"#0","tintindex":0},"west":{"uv":[4.9375,3.125,4.6875,3.375],"rotation":0,"texture":"#0","tintindex":0},"up":{"uv":[7.4375,5.625,7.75,5.375],"rotation":0,"texture":"#0","tintindex":0},"down":{"uv":[7.4375,5.625,7.75,5.875],"rotation":0,"texture":"#0","tintindex":0}}}],"display":{"head":{"translation":[0.0,-6.4,0.0],"scale":[4.0,4.0,4.0]}}}