{"textures":{"0":"modelengine:entity/lr_seeweed"},"elements":[{"from":[7.125823,5.316628,6.5714283],"to":[7.125823,8.173771,9.428572],"rotation":{"angle":-22.5,"axis":"z","origin":[7.125823,5.8880568,7.714286]},"faces":{"east":{"uv":[4.975,7.775,3.775,8.975],"rotation":0,"texture":"#0","tintindex":0},"south":{"uv":[0.025,0.025,0.025,1.225],"rotation":0,"texture":"#0","tintindex":0},"north":{"uv":[0.025,0.025,0.025,1.225],"rotation":0,"texture":"#0","tintindex":0},"west":{"uv":[3.725,7.775,2.525,8.975],"rotation":0,"texture":"#0","tintindex":0},"up":{"uv":[0.025,1.225,0.025,0.025],"rotation":0,"texture":"#0","tintindex":0},"down":{"uv":[0.025,0.025,0.025,1.225],"rotation":0,"texture":"#0","tintindex":0}}},{"from":[5.89687,3.4926443,6.5714283],"to":[5.89687,5.778359,9.428572],"rotation":{"angle":-45.0,"axis":"z","origin":[5.89687,4.3497877,7.714286]},"faces":{"east":{"uv":[8.475,4.025,7.275,4.975],"rotation":0,"texture":"#0","tintindex":0},"south":{"uv":[0.025,0.025,0.025,0.975],"rotation":0,"texture":"#0","tintindex":0},"north":{"uv":[0.025,0.025,0.025,0.975],"rotation":0,"texture":"#0","tintindex":0},"west":{"uv":[7.225,4.025,6.025,4.975],"rotation":0,"texture":"#0","tintindex":0},"up":{"uv":[0.025,1.225,0.025,0.025],"rotation":0,"texture":"#0","tintindex":0},"down":{"uv":[0.025,0.025,0.025,1.225],"rotation":0,"texture":"#0","tintindex":0}}}],"display":{"head":{"translation":[0.0,-6.4,0.0],"scale":[4.0,4.0,4.0]}}}