{"textures":{"0":"modelengine:entity/lr_seeweed"},"elements":[{"from":[6.5714283,9.615673,9.616244],"to":[9.428572,9.615673,15.33053],"rotation":{"angle":0.0,"axis":"y","origin":[6.5714283,-1.2414703,12.473387]},"faces":{"east":{"uv":[0.025,0.025,2.475,0.025],"rotation":0,"texture":"#0","tintindex":0},"south":{"uv":[0.025,0.025,1.225,0.025],"rotation":0,"texture":"#0","tintindex":0},"north":{"uv":[0.025,0.025,1.225,0.025],"rotation":0,"texture":"#0","tintindex":0},"west":{"uv":[0.025,0.025,2.475,0.025],"rotation":0,"texture":"#0","tintindex":0},"up":{"uv":[6.725,8.975,5.525,6.525],"rotation":0,"texture":"#0","tintindex":0},"down":{"uv":[7.975,6.525,6.775,8.975],"rotation":0,"texture":"#0","tintindex":0}}},{"from":[6.5714283,8.807551,14.995794],"to":[9.428572,8.807551,17.28151],"rotation":{"angle":45.0,"axis":"x","origin":[8.0,8.807551,16.138653]},"faces":{"east":{"uv":[0.025,0.025,0.975,0.025],"rotation":0,"texture":"#0","tintindex":0},"south":{"uv":[0.025,0.025,1.225,0.025],"rotation":0,"texture":"#0","tintindex":0},"north":{"uv":[0.025,0.025,1.225,0.025],"rotation":0,"texture":"#0","tintindex":0},"west":{"uv":[0.025,0.025,0.975,0.025],"rotation":0,"texture":"#0","tintindex":0},"up":{"uv":[9.225,7.475,8.025,6.525],"rotation":0,"texture":"#0","tintindex":0},"down":{"uv":[9.225,7.525,8.025,8.475],"rotation":0,"texture":"#0","tintindex":0}}},{"from":[6.5714283,8.436254,16.859999],"to":[9.428572,8.436254,19.145712],"rotation":{"angle":-22.5,"axis":"x","origin":[8.0,8.436254,18.002855]},"faces":{"east":{"uv":[0.025,0.025,0.975,0.025],"rotation":0,"texture":"#0","tintindex":0},"south":{"uv":[0.025,0.025,1.225,0.025],"rotation":0,"texture":"#0","tintindex":0},"north":{"uv":[0.025,0.025,1.225,0.025],"rotation":0,"texture":"#0","tintindex":0},"west":{"uv":[0.025,0.025,0.975,0.025],"rotation":0,"texture":"#0","tintindex":0},"up":{"uv":[1.225,9.225,0.025,8.275],"rotation":0,"texture":"#0","tintindex":0},"down":{"uv":[2.475,8.275,1.275,9.225],"rotation":0,"texture":"#0","tintindex":0}}},{"from":[6.5714283,8.807718,7.665669],"to":[9.428572,8.807718,9.951384],"rotation":{"angle":-45.0,"axis":"x","origin":[8.0,8.807718,8.808526]},"faces":{"east":{"uv":[0.025,0.025,0.975,0.025],"rotation":0,"texture":"#0","tintindex":0},"south":{"uv":[0.025,0.025,1.225,0.025],"rotation":0,"texture":"#0","tintindex":0},"north":{"uv":[0.025,0.025,1.225,0.025],"rotation":0,"texture":"#0","tintindex":0},"west":{"uv":[0.025,0.025,0.975,0.025],"rotation":0,"texture":"#0","tintindex":0},"up":{"uv":[9.725,4.975,8.525,4.025],"rotation":0,"texture":"#0","tintindex":0},"down":{"uv":[9.725,5.025,8.525,5.975],"rotation":0,"texture":"#0","tintindex":0}}}],"display":{"head":{"translation":[0.0,-6.4,0.0],"scale":[4.0,4.0,4.0]}}}