{"textures":{"0":"modelengine:entity/cupid"},"elements":[{"from":[7.80196,5.011608,7.7185254],"to":[8.194817,12.475894,8.1113825],"rotation":{"angle":0.0,"axis":"y","origin":[12.712675,8.453997,7.876297]},"faces":{"east":{"uv":[9.516,1.25,9.75,0.016],"rotation":0,"texture":"#0","tintindex":0},"south":{"uv":[0.516,10.75,0.75,9.516],"rotation":0,"texture":"#0","tintindex":0},"north":{"uv":[0.016,10.75,0.25,9.516],"rotation":0,"texture":"#0","tintindex":0},"west":{"uv":[1.016,10.75,1.25,9.516],"rotation":0,"texture":"#0","tintindex":0},"up":{"uv":[11.25,6.75,11.016,6.516],"rotation":0,"texture":"#0","tintindex":0},"down":{"uv":[6.75,11.016,6.516,11.25],"rotation":0,"texture":"#0","tintindex":0}}},{"from":[7.0162454,9.333036,7.914954],"to":[8.980532,12.475894,7.914954],"rotation":{"angle":0.0,"axis":"y","origin":[7.9983883,10.025425,7.876297]},"faces":{"east":{"uv":[0.016,0.484,0.016,0.016],"rotation":0,"texture":"#0","tintindex":0},"south":{"uv":[8.75,12.625,9.375,11.625],"rotation":0,"texture":"#0","tintindex":0},"north":{"uv":[8.75,12.625,9.375,11.625],"rotation":0,"texture":"#0","tintindex":0},"west":{"uv":[0.016,0.484,0.016,0.016],"rotation":0,"texture":"#0","tintindex":0},"up":{"uv":[0.25,0.016,0.016,0.016],"rotation":0,"texture":"#0","tintindex":0},"down":{"uv":[0.25,0.016,0.016,0.016],"rotation":0,"texture":"#0","tintindex":0}}},{"from":[8.002418,9.333036,6.9995217],"to":[8.002418,12.475894,8.963808],"rotation":{"angle":0.0,"axis":"y","origin":[20.180988,10.025425,-1.4855642]},"faces":{"east":{"uv":[8.75,12.625,9.375,11.625],"rotation":0,"texture":"#0","tintindex":0},"south":{"uv":[0.016,0.484,0.016,0.016],"rotation":0,"texture":"#0","tintindex":0},"north":{"uv":[0.016,0.484,0.016,0.016],"rotation":0,"texture":"#0","tintindex":0},"west":{"uv":[8.75,12.625,9.375,11.625],"rotation":0,"texture":"#0","tintindex":0},"up":{"uv":[0.016,0.25,0.016,0.016],"rotation":0,"texture":"#0","tintindex":0},"down":{"uv":[0.016,0.016,0.016,0.25],"rotation":0,"texture":"#0","tintindex":0}}},{"from":[7.0162454,3.8330364,7.914954],"to":[8.980532,5.7973223,7.914954],"rotation":{"angle":0.0,"axis":"y","origin":[7.9983883,10.025425,7.876297]},"faces":{"east":{"uv":[0.016,0.25,0.016,0.016],"rotation":0,"texture":"#0","tintindex":0},"south":{"uv":[7.25,11.5625,8.125,12.375],"rotation":0,"texture":"#0","tintindex":0},"north":{"uv":[7.25,11.5625,8.125,12.375],"rotation":0,"texture":"#0","tintindex":0},"west":{"uv":[0.016,0.25,0.016,0.016],"rotation":0,"texture":"#0","tintindex":0},"up":{"uv":[0.25,0.016,0.016,0.016],"rotation":0,"texture":"#0","tintindex":0},"down":{"uv":[0.25,0.016,0.016,0.016],"rotation":0,"texture":"#0","tintindex":0}}},{"from":[8.002418,3.8330364,6.9995217],"to":[8.002418,5.7973223,8.963808],"rotation":{"angle":0.0,"axis":"y","origin":[20.180988,10.025425,-1.4855642]},"faces":{"east":{"uv":[7.25,11.5625,8.125,12.375],"rotation":0,"texture":"#0","tintindex":0},"south":{"uv":[0.016,0.25,0.016,0.016],"rotation":0,"texture":"#0","tintindex":0},"north":{"uv":[0.016,0.25,0.016,0.016],"rotation":0,"texture":"#0","tintindex":0},"west":{"uv":[7.25,11.5625,8.125,12.375],"rotation":0,"texture":"#0","tintindex":0},"up":{"uv":[0.016,0.25,0.016,0.016],"rotation":0,"texture":"#0","tintindex":0},"down":{"uv":[0.016,0.016,0.016,0.25],"rotation":0,"texture":"#0","tintindex":0}}}],"display":{"head":{"translation":[0.0,-6.4,0.0],"scale":[4.0,4.0,4.0]}}}