{"textures":{"0":"modelengine:entity/easterbunny","1":"modelengine:entity/easter_coin"},"elements":[{"from":[9.348889,5.6499996,5.2615976],"to":[12.3774605,9.778571,9.490169],"rotation":{"angle":0.0,"axis":"y","origin":[14.663176,2.264285,6.975883]},"faces":{"east":{"uv":[0.875,7.875,2.375,9.375],"rotation":0,"texture":"#0","tintindex":0},"south":{"uv":[0.875,9.375,2.0,10.875],"rotation":0,"texture":"#0","tintindex":0},"north":{"uv":[0.875,9.375,2.0,10.875],"rotation":0,"texture":"#0","tintindex":0},"west":{"uv":[0.875,7.875,2.375,9.375],"rotation":0,"texture":"#0","tintindex":0},"up":{"uv":[9.0,8.125,7.5,7.0],"rotation":90,"texture":"#0","tintindex":0},"down":{"uv":[2.1875,9.75,0.6875,10.875],"rotation":270,"texture":"#0","tintindex":0}}},{"from":[12.348889,8.292857,5.7615976],"to":[13.663176,8.564285,5.9901686],"rotation":{"angle":0.0,"axis":"y","origin":[14.663176,2.264285,6.975883]},"faces":{"east":{"uv":[0.5,1.0,0.875,1.375],"rotation":0,"texture":"#0","tintindex":0},"south":{"uv":[0.0,0.0,0.875,0.375],"rotation":0,"texture":"#missing","tintindex":0},"north":{"uv":[0.0,0.5,0.875,0.875],"rotation":0,"texture":"#0","tintindex":0},"west":{"uv":[1.0,1.0,1.375,1.375],"rotation":0,"texture":"#missing","tintindex":0},"up":{"uv":[1.375,0.875,1.0,0.0],"rotation":90,"texture":"#0","tintindex":0},"down":{"uv":[1.375,0.0,1.0,0.875],"rotation":270,"texture":"#0","tintindex":0}}},{"from":[12.348889,8.292857,8.790169],"to":[13.663176,8.564285,9.018741],"rotation":{"angle":0.0,"axis":"y","origin":[14.663176,2.264285,6.975883]},"faces":{"east":{"uv":[0.5,1.0,0.875,1.375],"rotation":0,"texture":"#0","tintindex":0},"south":{"uv":[0.0,0.0,0.875,0.375],"rotation":0,"texture":"#0","tintindex":0},"north":{"uv":[0.0,0.5,0.875,0.875],"rotation":0,"texture":"#missing","tintindex":0},"west":{"uv":[1.0,1.0,1.375,1.375],"rotation":0,"texture":"#missing","tintindex":0},"up":{"uv":[1.375,0.875,1.0,0.0],"rotation":90,"texture":"#0","tintindex":0},"down":{"uv":[1.375,0.0,1.0,0.875],"rotation":270,"texture":"#0","tintindex":0}}},{"from":[12.348889,7.4357142,5.7615976],"to":[13.663176,7.707143,5.9901686],"rotation":{"angle":0.0,"axis":"y","origin":[14.663176,2.264285,6.975883]},"faces":{"east":{"uv":[0.5,1.0,0.875,1.375],"rotation":0,"texture":"#0","tintindex":0},"south":{"uv":[0.0,0.0,0.875,0.375],"rotation":0,"texture":"#missing","tintindex":0},"north":{"uv":[0.0,0.5,0.875,0.875],"rotation":0,"texture":"#0","tintindex":0},"west":{"uv":[1.0,1.0,1.375,1.375],"rotation":0,"texture":"#missing","tintindex":0},"up":{"uv":[1.375,0.875,1.0,0.0],"rotation":90,"texture":"#0","tintindex":0},"down":{"uv":[1.375,0.0,1.0,0.875],"rotation":270,"texture":"#0","tintindex":0}}},{"from":[12.348889,7.4357142,8.790169],"to":[13.663176,7.707143,9.018741],"rotation":{"angle":0.0,"axis":"y","origin":[14.663176,2.264285,6.975883]},"faces":{"east":{"uv":[0.5,1.0,0.875,1.375],"rotation":0,"texture":"#0","tintindex":0},"south":{"uv":[0.0,0.0,0.875,0.375],"rotation":0,"texture":"#0","tintindex":0},"north":{"uv":[0.0,0.5,0.875,0.875],"rotation":0,"texture":"#missing","tintindex":0},"west":{"uv":[1.0,1.0,1.375,1.375],"rotation":0,"texture":"#missing","tintindex":0},"up":{"uv":[1.375,0.875,1.0,0.0],"rotation":90,"texture":"#0","tintindex":0},"down":{"uv":[1.375,0.0,1.0,0.875],"rotation":270,"texture":"#0","tintindex":0}}},{"from":[9.088911,9.80625,4.778348],"to":[11.374626,10.377679,7.064062],"rotation":{"angle":22.5,"axis":"y","origin":[10.231769,10.091965,5.9212046]},"faces":{"east":{"uv":[4.00625,0.0,8.0,1.0],"rotation":0,"texture":"#1","tintindex":0},"south":{"uv":[4.0,0.0,8.0,1.0],"rotation":0,"texture":"#1","tintindex":0},"north":{"uv":[4.0,0.0,8.0,1.0],"rotation":0,"texture":"#1","tintindex":0},"west":{"uv":[4.0,0.0,8.0,1.0],"rotation":0,"texture":"#1","tintindex":0},"up":{"uv":[4.0,4.0,0.0,0.0],"rotation":0,"texture":"#1","tintindex":0},"down":{"uv":[4.0,0.0,0.0,4.0],"rotation":0,"texture":"#1","tintindex":0}}},{"from":[13.280294,9.80625,7.473418],"to":[15.5660095,10.377679,9.759132],"rotation":{"angle":-45.0,"axis":"y","origin":[12.637438,10.091965,3.9734182]},"faces":{"east":{"uv":[4.0,0.0,8.0,1.0],"rotation":0,"texture":"#1","tintindex":0},"south":{"uv":[4.0,0.0,8.0,1.0],"rotation":0,"texture":"#1","tintindex":0},"north":{"uv":[4.0,0.0,8.0,1.0],"rotation":0,"texture":"#1","tintindex":0},"west":{"uv":[4.00625,0.0,8.0,1.0],"rotation":0,"texture":"#1","tintindex":0},"up":{"uv":[4.0,4.0,0.0,0.0],"rotation":180,"texture":"#1","tintindex":0},"down":{"uv":[4.0,0.0,0.0,4.0],"rotation":180,"texture":"#1","tintindex":0}}},{"from":[9.242659,10.377679,6.435421],"to":[11.528373,10.949107,8.721135],"rotation":{"angle":0.0,"axis":"y","origin":[10.314087,10.663393,8.721135]},"faces":{"east":{"uv":[4.0,0.0,8.0,1.0],"rotation":0,"texture":"#1","tintindex":0},"south":{"uv":[4.0,0.0,8.0,1.0],"rotation":0,"texture":"#1","tintindex":0},"north":{"uv":[4.0,0.0,8.0,1.0],"rotation":0,"texture":"#1","tintindex":0},"west":{"uv":[4.00625,0.0,8.0,1.0],"rotation":0,"texture":"#1","tintindex":0},"up":{"uv":[4.0,4.0,0.0,0.0],"rotation":180,"texture":"#1","tintindex":0},"down":{"uv":[4.0,0.0,0.0,4.0],"rotation":180,"texture":"#1","tintindex":0}}}],"display":{"head":{"translation":[0.0,-6.4,0.0],"scale":[4.0,4.0,4.0]}}}