{"textures":{"0":"modelengine:entity/easterbunny","1":"modelengine:entity/easter_coin"},"elements":[{"from":[14.498604,5.6499996,5.2617574],"to":[17.527176,9.778571,9.490329],"rotation":{"angle":0.0,"axis":"y","origin":[12.212889,2.264285,7.7760434]},"faces":{"east":{"uv":[0.875,7.875,2.375,9.375],"rotation":0,"texture":"#0","tintindex":0},"south":{"uv":[0.875,9.375,2.0,10.875],"rotation":0,"texture":"#0","tintindex":0},"north":{"uv":[0.875,9.375,2.0,10.875],"rotation":0,"texture":"#0","tintindex":0},"west":{"uv":[0.875,7.875,2.375,9.375],"rotation":0,"texture":"#0","tintindex":0},"up":{"uv":[9.0,8.125,7.5,7.0],"rotation":270,"texture":"#0","tintindex":0},"down":{"uv":[2.1875,9.75,0.6875,10.875],"rotation":90,"texture":"#0","tintindex":0}}},{"from":[13.212889,8.292857,8.761758],"to":[14.527175,8.564285,8.990329],"rotation":{"angle":0.0,"axis":"y","origin":[12.212889,2.264285,7.7760434]},"faces":{"east":{"uv":[1.0,1.0,1.375,1.375],"rotation":0,"texture":"#missing","tintindex":0},"south":{"uv":[0.0,0.5,0.875,0.875],"rotation":0,"texture":"#0","tintindex":0},"north":{"uv":[0.0,0.0,0.875,0.375],"rotation":0,"texture":"#missing","tintindex":0},"west":{"uv":[0.5,1.0,0.875,1.375],"rotation":0,"texture":"#0","tintindex":0},"up":{"uv":[1.375,0.875,1.0,0.0],"rotation":270,"texture":"#0","tintindex":0},"down":{"uv":[1.375,0.0,1.0,0.875],"rotation":90,"texture":"#0","tintindex":0}}},{"from":[13.212889,8.292857,5.733186],"to":[14.527175,8.564285,5.9617577],"rotation":{"angle":0.0,"axis":"y","origin":[12.212889,2.264285,7.7760434]},"faces":{"east":{"uv":[1.0,1.0,1.375,1.375],"rotation":0,"texture":"#missing","tintindex":0},"south":{"uv":[0.0,0.5,0.875,0.875],"rotation":0,"texture":"#missing","tintindex":0},"north":{"uv":[0.0,0.0,0.875,0.375],"rotation":0,"texture":"#0","tintindex":0},"west":{"uv":[0.5,1.0,0.875,1.375],"rotation":0,"texture":"#0","tintindex":0},"up":{"uv":[1.375,0.875,1.0,0.0],"rotation":270,"texture":"#0","tintindex":0},"down":{"uv":[1.375,0.0,1.0,0.875],"rotation":90,"texture":"#0","tintindex":0}}},{"from":[13.212889,7.4357142,8.761758],"to":[14.527175,7.707143,8.990329],"rotation":{"angle":0.0,"axis":"y","origin":[12.212889,2.264285,7.7760434]},"faces":{"east":{"uv":[1.0,1.0,1.375,1.375],"rotation":0,"texture":"#missing","tintindex":0},"south":{"uv":[0.0,0.5,0.875,0.875],"rotation":0,"texture":"#0","tintindex":0},"north":{"uv":[0.0,0.0,0.875,0.375],"rotation":0,"texture":"#missing","tintindex":0},"west":{"uv":[0.5,1.0,0.875,1.375],"rotation":0,"texture":"#0","tintindex":0},"up":{"uv":[1.375,0.875,1.0,0.0],"rotation":270,"texture":"#0","tintindex":0},"down":{"uv":[1.375,0.0,1.0,0.875],"rotation":90,"texture":"#0","tintindex":0}}},{"from":[13.212889,7.4357142,5.733186],"to":[14.527175,7.707143,5.9617577],"rotation":{"angle":0.0,"axis":"y","origin":[12.212889,2.264285,7.7760434]},"faces":{"east":{"uv":[1.0,1.0,1.375,1.375],"rotation":0,"texture":"#missing","tintindex":0},"south":{"uv":[0.0,0.5,0.875,0.875],"rotation":0,"texture":"#missing","tintindex":0},"north":{"uv":[0.0,0.0,0.875,0.375],"rotation":0,"texture":"#0","tintindex":0},"west":{"uv":[0.5,1.0,0.875,1.375],"rotation":0,"texture":"#0","tintindex":0},"up":{"uv":[1.375,0.875,1.0,0.0],"rotation":270,"texture":"#0","tintindex":0},"down":{"uv":[1.375,0.0,1.0,0.875],"rotation":90,"texture":"#0","tintindex":0}}},{"from":[15.501438,9.80625,7.6878643],"to":[17.787151,10.377679,9.973578],"rotation":{"angle":22.5,"axis":"y","origin":[16.644295,10.091965,8.830722]},"faces":{"east":{"uv":[4.0,0.0,8.0,1.0],"rotation":0,"texture":"#1","tintindex":0},"south":{"uv":[4.0,0.0,8.0,1.0],"rotation":0,"texture":"#1","tintindex":0},"north":{"uv":[4.0,0.0,8.0,1.0],"rotation":0,"texture":"#1","tintindex":0},"west":{"uv":[4.00625,0.0,8.0,1.0],"rotation":0,"texture":"#1","tintindex":0},"up":{"uv":[4.0,4.0,0.0,0.0],"rotation":180,"texture":"#1","tintindex":0},"down":{"uv":[4.0,0.0,0.0,4.0],"rotation":180,"texture":"#1","tintindex":0}}},{"from":[11.310055,9.80625,4.9927936],"to":[13.595769,10.377679,7.2785077],"rotation":{"angle":-45.0,"axis":"y","origin":[14.2386265,10.091965,10.778508]},"faces":{"east":{"uv":[4.00625,0.0,8.0,1.0],"rotation":0,"texture":"#1","tintindex":0},"south":{"uv":[4.0,0.0,8.0,1.0],"rotation":0,"texture":"#1","tintindex":0},"north":{"uv":[4.0,0.0,8.0,1.0],"rotation":0,"texture":"#1","tintindex":0},"west":{"uv":[4.0,0.0,8.0,1.0],"rotation":0,"texture":"#1","tintindex":0},"up":{"uv":[4.0,4.0,0.0,0.0],"rotation":0,"texture":"#1","tintindex":0},"down":{"uv":[4.0,0.0,0.0,4.0],"rotation":0,"texture":"#1","tintindex":0}}},{"from":[15.347692,10.377679,6.030791],"to":[17.633406,10.949107,8.316505],"rotation":{"angle":0.0,"axis":"y","origin":[16.561977,10.663393,6.030791]},"faces":{"east":{"uv":[4.00625,0.0,8.0,1.0],"rotation":0,"texture":"#1","tintindex":0},"south":{"uv":[4.0,0.0,8.0,1.0],"rotation":0,"texture":"#1","tintindex":0},"north":{"uv":[4.0,0.0,8.0,1.0],"rotation":0,"texture":"#1","tintindex":0},"west":{"uv":[4.0,0.0,8.0,1.0],"rotation":0,"texture":"#1","tintindex":0},"up":{"uv":[4.0,4.0,0.0,0.0],"rotation":0,"texture":"#1","tintindex":0},"down":{"uv":[4.0,0.0,0.0,4.0],"rotation":0,"texture":"#1","tintindex":0}}}],"display":{"head":{"translation":[0.0,-6.4,0.0],"scale":[4.0,4.0,4.0]}}}