{"textures":{"0":"modelengine:entity/nocsy_fpv2_ghost"},"elements":[{"from":[6.2285714,6.5142856,4.8],"to":[9.771429,8.342857,8.342857],"rotation":{"angle":0.0,"axis":"y","origin":[8.0,9.714286,6.285714]},"faces":{"east":{"uv":[10.125,8.125,10.875,8.5],"rotation":0,"texture":"#0","tintindex":0},"south":{"uv":[10.125,8.625,10.875,9.0],"rotation":0,"texture":"#0","tintindex":0},"north":{"uv":[5.0,10.125,5.75,10.5],"rotation":0,"texture":"#0","tintindex":0},"west":{"uv":[10.125,9.125,10.875,9.5],"rotation":0,"texture":"#0","tintindex":0},"up":{"uv":[10.5,2.875,9.75,2.125],"rotation":0,"texture":"#0","tintindex":0},"down":{"uv":[10.625,3.0,9.875,3.75],"rotation":0,"texture":"#0","tintindex":0}}},{"from":[6.285714,7.957143,4.6285715],"to":[9.714286,9.1,4.6285715],"rotation":{"angle":-22.5,"axis":"x","origin":[8.0,8.528571,4.8571424]},"faces":{"east":{"uv":[9.75,3.0,9.75,3.25],"rotation":0,"texture":"#0","tintindex":0},"south":{"uv":[6.25,10.75,7.0,11.0],"rotation":0,"texture":"#0","tintindex":0},"north":{"uv":[4.125,10.75,4.875,11.0],"rotation":0,"texture":"#0","tintindex":0},"west":{"uv":[2.5,10.0,2.5,10.25],"rotation":0,"texture":"#0","tintindex":0},"up":{"uv":[11.875,8.375,11.125,8.375],"rotation":0,"texture":"#0","tintindex":0},"down":{"uv":[11.875,8.5,11.125,8.5],"rotation":0,"texture":"#0","tintindex":0}}},{"from":[9.528992,8.285714,4.5004206],"to":[9.528992,10.0,6.2147064],"rotation":{"angle":22.5,"axis":"y","origin":[9.471849,9.142858,5.471849]},"faces":{"east":{"uv":[10.25,10.75,10.625,11.125],"rotation":0,"texture":"#0","tintindex":0},"south":{"uv":[6.625,11.125,6.625,11.5],"rotation":0,"texture":"#0","tintindex":0},"north":{"uv":[6.5,11.125,6.5,11.5],"rotation":0,"texture":"#0","tintindex":0},"west":{"uv":[10.75,10.75,11.125,11.125],"rotation":0,"texture":"#0","tintindex":0},"up":{"uv":[6.75,11.5,6.75,11.125],"rotation":0,"texture":"#0","tintindex":0},"down":{"uv":[6.875,11.125,6.875,11.5],"rotation":0,"texture":"#0","tintindex":0}}},{"from":[6.471008,8.285714,4.5004206],"to":[6.471008,10.0,6.2147064],"rotation":{"angle":-22.5,"axis":"y","origin":[6.5281506,9.142858,5.471849]},"faces":{"east":{"uv":[10.875,3.625,11.25,4.0],"rotation":0,"texture":"#0","tintindex":0},"south":{"uv":[11.125,8.625,11.125,9.0],"rotation":0,"texture":"#0","tintindex":0},"north":{"uv":[7.0,11.125,7.0,11.5],"rotation":0,"texture":"#0","tintindex":0},"west":{"uv":[10.875,4.125,11.25,4.5],"rotation":0,"texture":"#0","tintindex":0},"up":{"uv":[11.25,1.25,11.25,0.875],"rotation":0,"texture":"#0","tintindex":0},"down":{"uv":[11.25,1.375,11.25,1.75],"rotation":0,"texture":"#0","tintindex":0}}}],"display":{"head":{"translation":[0.0,-6.4,0.0],"scale":[4.0,4.0,4.0]}}}