{"textures":{"0":"modelengine:entity/zahar_abomination"},"elements":[{"from":[3.988824,-1.1951361,2.2857141],"to":[10.274539,7.9477215,10.857143],"rotation":{"angle":0.0,"axis":"y","origin":[15.417396,-0.6237068,2.8571424]},"faces":{"east":{"uv":[5.6875,5.0625,4.75,6.0625],"rotation":0,"texture":"#0","tintindex":0},"south":{"uv":[6.375,4.6875,5.6875,5.6875],"rotation":0,"texture":"#0","tintindex":0},"north":{"uv":[6.125,1.9375,5.4375,2.9375],"rotation":0,"texture":"#0","tintindex":0},"west":{"uv":[4.75,5.0625,3.8125,6.0625],"rotation":0,"texture":"#0","tintindex":0},"up":{"uv":[2.125,6.75,2.8125,5.8125],"rotation":0,"texture":"#0","tintindex":0},"down":{"uv":[2.8125,5.9375,3.5,6.875],"rotation":0,"texture":"#0","tintindex":0}}},{"from":[5.1316814,7.9477215,5.714286],"to":[7.9888244,10.233436,9.142858],"rotation":{"angle":0.0,"axis":"y","origin":[15.417396,-0.6237068,2.8571424]},"faces":{"east":{"uv":[8.5,8.5,8.125,8.75],"rotation":0,"texture":"#0","tintindex":0},"south":{"uv":[2.75,8.5625,2.4375,8.8125],"rotation":0,"texture":"#0","tintindex":0},"north":{"uv":[0.625,8.5625,0.3125,8.8125],"rotation":0,"texture":"#0","tintindex":0},"west":{"uv":[8.875,4.75,8.5,5.0],"rotation":0,"texture":"#0","tintindex":0},"up":{"uv":[3.8125,8.8125,4.125,8.4375],"rotation":0,"texture":"#0","tintindex":0},"down":{"uv":[8.4375,3.875,8.75,4.25],"rotation":0,"texture":"#0","tintindex":0}}},{"from":[6.4666767,-2.1923256,2.8571424],"to":[11.609534,0.093389034,10.285714],"rotation":{"angle":22.5,"axis":"z","origin":[9.038105,-3.9066114,6.5714283]},"faces":{"east":{"uv":[8.6875,3.625,7.875,3.875],"rotation":0,"texture":"#0","tintindex":0},"south":{"uv":[8.875,7.0,8.3125,7.25],"rotation":0,"texture":"#0","tintindex":0},"north":{"uv":[8.625,2.875,8.0625,3.125],"rotation":0,"texture":"#0","tintindex":0},"west":{"uv":[8.6875,3.375,7.875,3.625],"rotation":0,"texture":"#0","tintindex":0},"up":{"uv":[7.0625,0.8125,7.625,0.0],"rotation":0,"texture":"#0","tintindex":0},"down":{"uv":[0.0,7.1875,0.5625,8.0],"rotation":0,"texture":"#0","tintindex":0}}},{"from":[6.2745385,3.3762932,10.857143],"to":[6.2745385,7.376293,13.714286],"rotation":{"angle":-22.5,"axis":"z","origin":[7.4173956,5.9477215,12.285715]},"faces":{"east":{"uv":[0.3125,8.375,0.0,8.8125],"rotation":0,"texture":"#0","tintindex":0},"south":{"uv":[0.0,0.0,0.0,0.4375],"rotation":0,"texture":"#0","tintindex":0},"north":{"uv":[0.0,0.0,0.0,0.4375],"rotation":0,"texture":"#0","tintindex":0},"west":{"uv":[8.625,7.5625,8.3125,8.0],"rotation":0,"texture":"#0","tintindex":0},"up":{"uv":[0.0,0.3125,0.0,0.0],"rotation":0,"texture":"#0","tintindex":0},"down":{"uv":[0.0,0.0,0.0,0.3125],"rotation":0,"texture":"#0","tintindex":0}}},{"from":[8.126484,1.1799679,10.857143],"to":[8.126484,5.179968,13.714286],"rotation":{"angle":22.5,"axis":"z","origin":[8.126484,3.1799679,12.285715]},"faces":{"east":{"uv":[2.125,8.375,1.8125,8.8125],"rotation":0,"texture":"#0","tintindex":0},"south":{"uv":[0.0,0.0,0.0,0.4375],"rotation":0,"texture":"#0","tintindex":0},"north":{"uv":[0.0,0.0,0.0,0.4375],"rotation":0,"texture":"#0","tintindex":0},"west":{"uv":[1.8125,8.375,1.5,8.8125],"rotation":0,"texture":"#0","tintindex":0},"up":{"uv":[0.0,0.3125,0.0,0.0],"rotation":0,"texture":"#0","tintindex":0},"down":{"uv":[0.0,0.0,0.0,0.3125],"rotation":0,"texture":"#0","tintindex":0}}},{"from":[1.131681,3.3762932,4.5714283],"to":[3.988824,7.376293,4.5714283],"rotation":{"angle":-22.5,"axis":"x","origin":[22.560253,5.9477215,10.857143]},"faces":{"east":{"uv":[0.0,0.0,0.0,0.4375],"rotation":0,"texture":"#0","tintindex":0},"south":{"uv":[8.6875,6.125,8.375,6.5625],"rotation":0,"texture":"#0","tintindex":0},"north":{"uv":[2.4375,8.375,2.125,8.8125],"rotation":0,"texture":"#0","tintindex":0},"west":{"uv":[0.0,0.0,0.0,0.4375],"rotation":0,"texture":"#0","tintindex":0},"up":{"uv":[0.0,0.0,0.3125,0.0],"rotation":0,"texture":"#0","tintindex":0},"down":{"uv":[0.0,0.0,0.3125,0.0],"rotation":0,"texture":"#0","tintindex":0}}},{"from":[9.131681,-1.1951361,1.7142854],"to":[14.274538,5.0905786,8.571428],"rotation":{"angle":22.5,"axis":"x","origin":[11.70311,1.9477215,5.142857]},"faces":{"east":{"uv":[1.0,4.0625,1.75,4.75],"rotation":0,"texture":"#0","tintindex":0},"south":{"uv":[1.875,3.3125,2.4375,4.0],"rotation":0,"texture":"#0","tintindex":0},"north":{"uv":[1.75,4.0625,2.3125,4.75],"rotation":0,"texture":"#0","tintindex":0},"west":{"uv":[0.0,3.3125,0.75,4.0],"rotation":0,"texture":"#0","tintindex":0},"up":{"uv":[1.3125,3.3125,1.875,4.0625],"rotation":0,"texture":"#0","tintindex":0},"down":{"uv":[0.75,3.3125,1.3125,4.0625],"rotation":0,"texture":"#0","tintindex":0}}},{"from":[9.131681,-3.4808512,4.5714283],"to":[13.131681,1.6620073,9.714286],"rotation":{"angle":0.0,"axis":"y","origin":[13.70311,-13.195137,4.5714283]},"faces":{"east":{"uv":[9.3125,1.6875,9.875,2.25],"rotation":0,"texture":"#0","tintindex":0},"south":{"uv":[8.875,1.6875,9.3125,2.25],"rotation":0,"texture":"#0","tintindex":0},"north":{"uv":[8.875,0.0,9.3125,0.5625],"rotation":0,"texture":"#0","tintindex":0},"west":{"uv":[8.875,0.5625,9.4375,1.125],"rotation":0,"texture":"#0","tintindex":0},"up":{"uv":[9.3125,1.125,9.75,1.6875],"rotation":0,"texture":"#0","tintindex":0},"down":{"uv":[8.875,1.125,9.3125,1.6875],"rotation":0,"texture":"#0","tintindex":0}}},{"from":[7.857143,0.9999995,-0.57142925],"to":[7.857143,5.0,2.2857141],"rotation":{"angle":22.5,"axis":"z","origin":[6.142857,5.8571424,0.85714245]},"faces":{"east":{"uv":[6.8125,8.375,6.5,8.8125],"rotation":0,"texture":"#0","tintindex":0},"south":{"uv":[0.0,0.0,0.0,0.4375],"rotation":0,"texture":"#0","tintindex":0},"north":{"uv":[0.0,0.0,0.0,0.4375],"rotation":0,"texture":"#0","tintindex":0},"west":{"uv":[6.5,8.375,6.1875,8.8125],"rotation":0,"texture":"#0","tintindex":0},"up":{"uv":[0.0,0.3125,0.0,0.0],"rotation":0,"texture":"#0","tintindex":0},"down":{"uv":[0.0,0.0,0.0,0.3125],"rotation":0,"texture":"#0","tintindex":0}}}],"display":{"head":{"translation":[0.0,-6.4,0.0],"scale":[4.0,4.0,4.0]}}}