{"textures":{"0":"modelengine:entity/lightningmcqueen"},"elements":[{"from":[7.184883,9.161962,7.083185],"to":[8.6928835,10.01439,8.901699],"rotation":{"angle":0.0,"axis":"y","origin":[7.8905973,8.011254,7.998572]},"faces":{"east":{"uv":[7.5625,11.0,7.25,11.125],"rotation":0,"texture":"#0","tintindex":0},"south":{"uv":[11.5,2.5,11.25,2.625],"rotation":0,"texture":"#0","tintindex":0},"north":{"uv":[11.5,2.375,11.25,2.5],"rotation":0,"texture":"#0","tintindex":0},"west":{"uv":[11.3125,6.75,11.0,6.875],"rotation":0,"texture":"#0","tintindex":0},"up":{"uv":[1.125,10.8125,1.375,10.5],"rotation":0,"texture":"#0","tintindex":0},"down":{"uv":[10.5,1.125,10.75,1.4375],"rotation":0,"texture":"#0","tintindex":0}}},{"from":[7.19909,9.213864,7.220749],"to":[8.678676,10.066293,8.783535],"rotation":{"angle":45.0,"axis":"x","origin":[7.8905973,8.011254,7.998572]},"faces":{"east":{"uv":[11.5,3.625,11.25,3.75],"rotation":0,"texture":"#0","tintindex":0},"south":{"uv":[3.75,11.25,3.5,11.375],"rotation":0,"texture":"#0","tintindex":0},"north":{"uv":[11.5,2.625,11.25,2.75],"rotation":0,"texture":"#0","tintindex":0},"west":{"uv":[3.0,11.25,2.75,11.375],"rotation":0,"texture":"#0","tintindex":0},"up":{"uv":[7.375,11.0,7.625,10.75],"rotation":0,"texture":"#0","tintindex":0},"down":{"uv":[10.75,9.75,11.0,10.0],"rotation":0,"texture":"#0","tintindex":0}}},{"from":[7.19909,9.222533,7.2049403],"to":[8.678676,10.074962,8.767726],"rotation":{"angle":-45.0,"axis":"x","origin":[7.8905973,8.011254,7.998572]},"faces":{"east":{"uv":[11.5,8.75,11.25,8.875],"rotation":0,"texture":"#0","tintindex":0},"south":{"uv":[11.5,6.875,11.25,7.0],"rotation":0,"texture":"#0","tintindex":0},"north":{"uv":[4.0,11.25,3.75,11.375],"rotation":0,"texture":"#0","tintindex":0},"west":{"uv":[11.5,3.75,11.25,3.875],"rotation":0,"texture":"#0","tintindex":0},"up":{"uv":[10.75,10.625,11.0,10.375],"rotation":0,"texture":"#0","tintindex":0},"down":{"uv":[10.5,10.75,10.75,11.0],"rotation":0,"texture":"#0","tintindex":0}}},{"from":[7.184883,7.0908194,5.9781284],"to":[8.6928835,8.909334,6.830557],"rotation":{"angle":0.0,"axis":"y","origin":[7.8905973,8.011254,7.998572]},"faces":{"east":{"uv":[9.375,11.0,9.25,11.3125],"rotation":0,"texture":"#0","tintindex":0},"south":{"uv":[5.125,10.5,4.875,10.8125],"rotation":0,"texture":"#0","tintindex":0},"north":{"uv":[10.75,3.125,10.5,3.4375],"rotation":0,"texture":"#0","tintindex":0},"west":{"uv":[7.0,11.0,6.875,11.3125],"rotation":0,"texture":"#0","tintindex":0},"up":{"uv":[11.25,9.0,11.5,8.875],"rotation":0,"texture":"#0","tintindex":0},"down":{"uv":[11.25,9.0,11.5,9.125],"rotation":0,"texture":"#0","tintindex":0}}},{"from":[7.184883,7.0908194,9.166587],"to":[8.6928835,8.909334,10.019015],"rotation":{"angle":0.0,"axis":"y","origin":[7.8905973,8.011254,7.998572]},"faces":{"east":{"uv":[9.75,11.0,9.625,11.3125],"rotation":0,"texture":"#0","tintindex":0},"south":{"uv":[6.0,10.5,5.75,10.8125],"rotation":0,"texture":"#0","tintindex":0},"north":{"uv":[5.75,10.5,5.5,10.8125],"rotation":0,"texture":"#0","tintindex":0},"west":{"uv":[9.625,11.0,9.5,11.3125],"rotation":0,"texture":"#0","tintindex":0},"up":{"uv":[11.25,9.25,11.5,9.125],"rotation":0,"texture":"#0","tintindex":0},"down":{"uv":[11.25,9.5,11.5,9.625],"rotation":0,"texture":"#0","tintindex":0}}},{"from":[7.19909,5.956217,7.220749],"to":[8.678676,6.8086452,8.783535],"rotation":{"angle":-45.0,"axis":"x","origin":[7.8905973,8.011254,7.998572]},"faces":{"east":{"uv":[11.5,10.25,11.25,10.375],"rotation":0,"texture":"#0","tintindex":0},"south":{"uv":[11.5,10.125,11.25,10.25],"rotation":0,"texture":"#0","tintindex":0},"north":{"uv":[11.5,9.625,11.25,9.75],"rotation":0,"texture":"#0","tintindex":0},"west":{"uv":[11.5,10.0,11.25,10.125],"rotation":0,"texture":"#0","tintindex":0},"up":{"uv":[10.75,10.875,11.0,10.625],"rotation":0,"texture":"#0","tintindex":0},"down":{"uv":[0.0,10.875,0.25,11.125],"rotation":0,"texture":"#0","tintindex":0}}},{"from":[7.184883,6.008119,7.083185],"to":[8.6928835,6.860548,8.901699],"rotation":{"angle":0.0,"axis":"y","origin":[7.8905973,8.011254,7.998572]},"faces":{"east":{"uv":[11.3125,8.375,11.0,8.5],"rotation":0,"texture":"#0","tintindex":0},"south":{"uv":[11.5,10.625,11.25,10.75],"rotation":0,"texture":"#0","tintindex":0},"north":{"uv":[11.5,10.5,11.25,10.625],"rotation":0,"texture":"#0","tintindex":0},"west":{"uv":[11.3125,8.25,11.0,8.375],"rotation":0,"texture":"#0","tintindex":0},"up":{"uv":[10.5,6.4375,10.75,6.125],"rotation":0,"texture":"#0","tintindex":0},"down":{"uv":[10.5,6.625,10.75,6.9375],"rotation":0,"texture":"#0","tintindex":0}}},{"from":[7.19909,5.947548,7.2049403],"to":[8.678676,6.7999763,8.767726],"rotation":{"angle":45.0,"axis":"x","origin":[7.8905973,8.011254,7.998572]},"faces":{"east":{"uv":[11.5,11.25,11.25,11.375],"rotation":0,"texture":"#0","tintindex":0},"south":{"uv":[11.5,11.125,11.25,11.25],"rotation":0,"texture":"#0","tintindex":0},"north":{"uv":[11.5,10.75,11.25,10.875],"rotation":0,"texture":"#0","tintindex":0},"west":{"uv":[11.5,10.875,11.25,11.0],"rotation":0,"texture":"#0","tintindex":0},"up":{"uv":[0.25,11.125,0.5,10.875],"rotation":0,"texture":"#0","tintindex":0},"down":{"uv":[0.875,10.875,1.125,11.125],"rotation":0,"texture":"#0","tintindex":0}}},{"from":[7.519169,7.4919763,7.528899],"to":[8.559169,8.457691,8.494614],"rotation":{"angle":0.0,"axis":"y","origin":[7.8905973,8.011254,7.998572]},"faces":{"east":{"uv":[11.3125,5.0,11.125,5.1875],"rotation":0,"texture":"#0","tintindex":0},"south":{"uv":[5.0625,11.125,4.875,11.3125],"rotation":0,"texture":"#0","tintindex":0},"north":{"uv":[11.3125,4.5,11.125,4.6875],"rotation":0,"texture":"#0","tintindex":0},"west":{"uv":[11.3125,4.75,11.125,4.9375],"rotation":0,"texture":"#0","tintindex":0},"up":{"uv":[5.125,11.3125,5.3125,11.125],"rotation":0,"texture":"#0","tintindex":0},"down":{"uv":[5.375,11.125,5.5625,11.3125],"rotation":0,"texture":"#0","tintindex":0}}},{"from":[8.410598,6.7491193,6.786042],"to":[8.410598,9.200548,9.237471],"rotation":{"angle":-22.5,"axis":"x","origin":[8.113455,8.011254,7.998572]},"faces":{"east":{"uv":[9.6875,8.0,9.25,8.4375],"rotation":0,"texture":"#0","tintindex":0},"south":{"uv":[0.0,0.0,0.0,0.4375],"rotation":0,"texture":"#0","tintindex":0},"north":{"uv":[0.0,0.0,0.0,0.4375],"rotation":0,"texture":"#0","tintindex":0},"west":{"uv":[8.0625,9.25,7.625,9.6875],"rotation":0,"texture":"#0","tintindex":0},"up":{"uv":[0.0,0.4375,0.0,0.0],"rotation":0,"texture":"#0","tintindex":0},"down":{"uv":[0.0,0.0,0.0,0.4375],"rotation":0,"texture":"#0","tintindex":0}}},{"from":[8.039169,6.7491193,6.786042],"to":[8.039169,9.200548,9.237471],"rotation":{"angle":0.0,"axis":"y","origin":[8.039169,7.9748335,8.011756]},"faces":{"east":{"uv":[9.25,8.4375,9.6875,8.0],"rotation":270,"texture":"#0","tintindex":0},"south":{"uv":[0.0,0.0,0.0,0.4375],"rotation":0,"texture":"#0","tintindex":0},"north":{"uv":[0.0,0.4375,0.0,0.0],"rotation":180,"texture":"#0","tintindex":0},"west":{"uv":[7.625,9.6875,8.0625,9.25],"rotation":90,"texture":"#0","tintindex":0},"up":{"uv":[0.0,0.0,0.0,0.4375],"rotation":0,"texture":"#0","tintindex":0},"down":{"uv":[0.0,0.0,0.0,0.4375],"rotation":180,"texture":"#0","tintindex":0}}}],"display":{"head":{"translation":[0.0,-6.4,0.0],"scale":[4.0,4.0,4.0]}}}