{"textures":{"1":"modelengine:entity/rot"},"elements":[{"from":[6.857143,6.8440638,4.717038],"to":[9.142858,7.986921,5.2884665],"rotation":{"angle":-22.5,"axis":"x","origin":[6.857143,8.272635,7.0027523]},"faces":{"east":{"uv":[1.875,2.875,2.0,3.125],"rotation":0,"texture":"#1","tintindex":0},"south":{"uv":[7.125,2.75,7.625,3.0],"rotation":0,"texture":"#1","tintindex":0},"north":{"uv":[1.25,3.375,1.75,3.625],"rotation":0,"texture":"#1","tintindex":0},"west":{"uv":[1.75,3.375,1.875,3.625],"rotation":0,"texture":"#1","tintindex":0},"up":{"uv":[5.25,4.25,4.75,4.125],"rotation":0,"texture":"#1","tintindex":0},"down":{"uv":[5.625,3.0,5.125,3.125],"rotation":0,"texture":"#1","tintindex":0}}},{"from":[6.285714,6.8440638,5.2884665],"to":[9.714286,9.129778,8.717038],"rotation":{"angle":-22.5,"axis":"x","origin":[6.857143,8.272635,7.0027523]},"faces":{"east":{"uv":[2.5,8.75,3.25,9.25],"rotation":0,"texture":"#1","tintindex":0},"south":{"uv":[8.75,7.375,9.5,7.875],"rotation":0,"texture":"#1","tintindex":0},"north":{"uv":[8.625,1.0,9.375,1.5],"rotation":0,"texture":"#1","tintindex":0},"west":{"uv":[8.75,7.875,9.5,8.375],"rotation":0,"texture":"#1","tintindex":0},"up":{"uv":[2.5,8.125,1.75,7.375],"rotation":0,"texture":"#1","tintindex":0},"down":{"uv":[8.125,7.0,7.375,7.75],"rotation":0,"texture":"#1","tintindex":0}}},{"from":[6.285714,8.541985,4.032093],"to":[9.714286,9.684842,5.7463784],"rotation":{"angle":-22.5,"axis":"x","origin":[6.285714,9.399128,4.317807]},"faces":{"east":{"uv":[5.5,7.5,5.875,7.75],"rotation":0,"texture":"#1","tintindex":0},"south":{"uv":[6.375,2.75,7.125,3.0],"rotation":0,"texture":"#1","tintindex":0},"north":{"uv":[0.5,3.375,1.25,3.625],"rotation":0,"texture":"#1","tintindex":0},"west":{"uv":[8.875,5.875,9.25,6.125],"rotation":0,"texture":"#1","tintindex":0},"up":{"uv":[10.25,4.25,9.5,3.875],"rotation":0,"texture":"#1","tintindex":0},"down":{"uv":[5.75,9.75,5.0,10.125],"rotation":0,"texture":"#1","tintindex":0}}},{"from":[5.142857,8.408503,5.0909443],"to":[10.857143,11.837074,9.662374],"rotation":{"angle":0.0,"axis":"y","origin":[23.428572,-11.591497,5.0909443]},"faces":{"east":{"uv":[5.625,1.0,6.625,1.75],"rotation":0,"texture":"#1","tintindex":0},"south":{"uv":[5.0,3.125,6.25,3.875],"rotation":0,"texture":"#1","tintindex":0},"north":{"uv":[4.25,4.25,5.5,5.0],"rotation":0,"texture":"#1","tintindex":0},"west":{"uv":[4.25,5.75,5.25,6.5],"rotation":0,"texture":"#1","tintindex":0},"up":{"uv":[1.75,5.25,0.5,4.25],"rotation":0,"texture":"#1","tintindex":0},"down":{"uv":[3.0,4.25,1.75,5.25],"rotation":0,"texture":"#1","tintindex":0}}},{"from":[10.187673,8.408503,9.564331],"to":[14.759102,11.837074,9.564331],"rotation":{"angle":-45.0,"axis":"y","origin":[12.473387,10.122789,9.564331]},"faces":{"east":{"uv":[0.0,0.0,0.0,0.75],"rotation":0,"texture":"#1","tintindex":0},"south":{"uv":[5.875,5.375,6.875,6.125],"rotation":0,"texture":"#1","tintindex":0},"north":{"uv":[6.875,5.375,5.875,6.125],"rotation":0,"texture":"#1","tintindex":0},"west":{"uv":[0.0,0.0,0.0,0.75],"rotation":0,"texture":"#1","tintindex":0},"up":{"uv":[0.0,0.0,1.0,0.0],"rotation":0,"texture":"#1","tintindex":0},"down":{"uv":[0.0,0.0,1.0,0.0],"rotation":0,"texture":"#1","tintindex":0}}},{"from":[6.857143,8.541985,2.3178072],"to":[9.142858,10.827699,5.7463784],"rotation":{"angle":-22.5,"axis":"x","origin":[6.285714,9.399128,4.317807]},"faces":{"east":{"uv":[8.75,8.375,9.5,8.875],"rotation":0,"texture":"#1","tintindex":0},"south":{"uv":[0.0,9.875,0.5,10.375],"rotation":0,"texture":"#1","tintindex":0},"north":{"uv":[1.25,9.75,1.75,10.25],"rotation":0,"texture":"#1","tintindex":0},"west":{"uv":[8.875,0.5,9.625,1.0],"rotation":0,"texture":"#1","tintindex":0},"up":{"uv":[6.625,9.5,6.125,8.75],"rotation":0,"texture":"#1","tintindex":0},"down":{"uv":[9.375,2.0,8.875,2.75],"rotation":0,"texture":"#1","tintindex":0}}},{"from":[1.2408986,8.408503,9.564331],"to":[5.8123274,11.837074,9.564331],"rotation":{"angle":45.0,"axis":"y","origin":[3.5266128,10.122789,9.564331]},"faces":{"east":{"uv":[0.0,0.0,0.0,0.75],"rotation":0,"texture":"#1","tintindex":0},"south":{"uv":[6.875,5.375,5.875,6.125],"rotation":0,"texture":"#1","tintindex":0},"north":{"uv":[5.875,5.375,6.875,6.125],"rotation":0,"texture":"#1","tintindex":0},"west":{"uv":[0.0,0.0,0.0,0.75],"rotation":0,"texture":"#1","tintindex":0},"up":{"uv":[1.0,0.0,0.0,0.0],"rotation":0,"texture":"#1","tintindex":0},"down":{"uv":[1.0,0.0,0.0,0.0],"rotation":0,"texture":"#1","tintindex":0}}}],"display":{"head":{"translation":[0.0,-6.4,0.0],"scale":[4.0,4.0,4.0]}}}