{"textures":{"0":"modelengine:entity/nocsy_fpv2_ghoul"},"elements":[{"from":[5.942857,7.0111723,4.712529],"to":[10.057143,9.982601,9.398244],"rotation":{"angle":0.0,"axis":"y","origin":[8.0,6.857143,8.285714]},"faces":{"east":{"uv":[7.25,4.625,8.25,5.25],"rotation":0,"texture":"#0","tintindex":0},"south":{"uv":[3.375,8.0,4.25,8.625],"rotation":0,"texture":"#0","tintindex":0},"north":{"uv":[0.0,8.0,0.875,8.625],"rotation":0,"texture":"#0","tintindex":0},"west":{"uv":[5.375,7.25,6.375,7.875],"rotation":0,"texture":"#0","tintindex":0},"up":{"uv":[5.5,4.625,4.625,3.625],"rotation":0,"texture":"#0","tintindex":0},"down":{"uv":[5.375,4.75,4.5,5.75],"rotation":0,"texture":"#0","tintindex":0}}},{"from":[6.0,4.7330527,5.0383754],"to":[10.0,7.5901957,5.0383754],"rotation":{"angle":22.5,"axis":"x","origin":[8.0,8.285714,7.142857]},"faces":{"east":{"uv":[1.0,10.625,1.0,11.25],"rotation":0,"texture":"#0","tintindex":0},"south":{"uv":[5.375,8.0,6.25,8.625],"rotation":0,"texture":"#0","tintindex":0},"north":{"uv":[8.0,3.5,8.875,4.125],"rotation":0,"texture":"#0","tintindex":0},"west":{"uv":[1.125,10.625,1.125,11.25],"rotation":0,"texture":"#0","tintindex":0},"up":{"uv":[11.0,4.75,10.125,4.75],"rotation":0,"texture":"#0","tintindex":0},"down":{"uv":[11.375,2.5,10.5,2.5],"rotation":0,"texture":"#0","tintindex":0}}},{"from":[8.975294,5.0857143,5.3584676],"to":[12.975294,7.9428573,5.3584676],"rotation":{"angle":-45.0,"axis":"y","origin":[10.518152,6.5142856,4.887039]},"faces":{"east":{"uv":[1.25,10.625,1.25,11.25],"rotation":0,"texture":"#0","tintindex":0},"south":{"uv":[8.375,0.0,9.25,0.625],"rotation":0,"texture":"#0","tintindex":0},"north":{"uv":[1.0,8.25,1.875,8.875],"rotation":0,"texture":"#0","tintindex":0},"west":{"uv":[10.625,1.25,10.625,1.875],"rotation":0,"texture":"#0","tintindex":0},"up":{"uv":[11.375,2.625,10.5,2.625],"rotation":0,"texture":"#0","tintindex":0},"down":{"uv":[11.375,2.75,10.5,2.75],"rotation":0,"texture":"#0","tintindex":0}}},{"from":[3.0865564,5.2968864,5.2966166],"to":[7.0865564,8.15403,5.2966166],"rotation":{"angle":45.0,"axis":"y","origin":[5.4818482,6.5142856,4.887039]},"faces":{"east":{"uv":[1.375,10.625,1.375,11.25],"rotation":0,"texture":"#0","tintindex":0},"south":{"uv":[8.375,1.5,9.25,2.125],"rotation":0,"texture":"#0","tintindex":0},"north":{"uv":[8.375,0.75,9.25,1.375],"rotation":0,"texture":"#0","tintindex":0},"west":{"uv":[1.5,10.625,1.5,11.25],"rotation":0,"texture":"#0","tintindex":0},"up":{"uv":[11.375,2.875,10.5,2.875],"rotation":0,"texture":"#0","tintindex":0},"down":{"uv":[11.375,3.0,10.5,3.0],"rotation":0,"texture":"#0","tintindex":0}}}],"display":{"head":{"translation":[0.0,-6.4,0.0],"scale":[4.0,4.0,4.0]}}}