{"textures":{"0":"modelengine:entity/lr_anubis"},"elements":[{"from":[10.28529,5.140459,5.9200516],"to":[11.428147,6.854745,8.205767],"rotation":{"angle":0.0,"axis":"y","origin":[18.0,25.428572,7.457143]},"faces":{"east":{"uv":[8.125,5.8125,8.375,6.0],"rotation":0,"texture":"#0","tintindex":0},"south":{"uv":[1.75,8.1875,1.875,8.375],"rotation":0,"texture":"#0","tintindex":0},"north":{"uv":[1.625,8.1875,1.75,8.375],"rotation":0,"texture":"#0","tintindex":0},"west":{"uv":[8.125,6.625,8.375,6.8125],"rotation":0,"texture":"#0","tintindex":0},"up":{"uv":[1.6875,5.6875,1.5625,5.4375],"rotation":0,"texture":"#0","tintindex":0},"down":{"uv":[6.8125,6.3125,6.6875,6.5625],"rotation":0,"texture":"#0","tintindex":0}}},{"from":[8.569034,2.853559,5.977143],"to":[11.997605,5.139273,9.977143],"rotation":{"angle":22.5,"axis":"z","origin":[9.711891,3.4249878,8.028571]},"faces":{"east":{"uv":[7.75,0.6875,8.1875,0.9375],"rotation":0,"texture":"#0","tintindex":0},"south":{"uv":[6.75,7.8125,7.125,8.0625],"rotation":0,"texture":"#0","tintindex":0},"north":{"uv":[5.3125,7.8125,5.6875,8.0625],"rotation":0,"texture":"#0","tintindex":0},"west":{"uv":[7.75,0.9375,8.1875,1.1875],"rotation":0,"texture":"#0","tintindex":0},"up":{"uv":[2.4375,7.4375,2.0625,7.0],"rotation":0,"texture":"#0","tintindex":0},"down":{"uv":[3.5625,7.0,3.1875,7.4375],"rotation":0,"texture":"#0","tintindex":0}}},{"from":[8.0,4.5714283,5.977143],"to":[10.285714,8.0,9.977143],"rotation":{"angle":0.0,"axis":"y","origin":[18.0,25.428572,7.457143]},"faces":{"east":{"uv":[0.5625,7.0,1.0,7.375],"rotation":0,"texture":"#0","tintindex":0},"south":{"uv":[1.625,7.8125,1.875,8.1875],"rotation":0,"texture":"#0","tintindex":0},"north":{"uv":[3.9375,6.25,4.1875,6.625],"rotation":0,"texture":"#0","tintindex":0},"west":{"uv":[1.625,7.0,2.0625,7.375],"rotation":0,"texture":"#0","tintindex":0},"up":{"uv":[3.1875,8.0625,2.9375,7.625],"rotation":0,"texture":"#0","tintindex":0},"down":{"uv":[7.9375,7.3125,7.6875,7.75],"rotation":0,"texture":"#0","tintindex":0}}}],"display":{"head":{"translation":[0.0,-6.4,0.0],"scale":[4.0,4.0,4.0]}}}