{"textures":{"0":"modelengine:entity/lr_anubis"},"elements":[{"name":"cube","from":[7.4000835,7.4913135,12.199998],"to":[8.600083,8.691314,23.0],"rotation":{"angle":0.0,"axis":"x","origin":[7.4000835,20.091312,32.0]},"faces":{"down":{"uv":[0.375,7.0625,0.5,8.1875],"rotation":180,"texture":"#0","tintindex":0},"east":{"uv":[5.1875,7.25,5.3125,8.375],"rotation":90,"texture":"#0","tintindex":0},"north":{"uv":[1.75,7.0,1.625,6.875],"rotation":180,"texture":"#0","tintindex":0},"south":{"uv":[7.625,4.0625,7.5,4.1875],"rotation":0,"texture":"#0","tintindex":0},"up":{"uv":[1.1875,7.3125,1.3125,8.4375],"rotation":0,"texture":"#0","tintindex":0},"west":{"uv":[1.3125,7.3125,1.4375,8.4375],"rotation":270,"texture":"#0","tintindex":0}}},{"name":"cube","from":[6.5000834,6.5913134,23.0],"to":[9.500084,9.591314,32.0],"rotation":{"angle":45.0,"axis":"z","origin":[8.000084,8.091313,30.199997]},"faces":{"down":{"uv":[5.6875,2.4375,6.0,3.375],"rotation":180,"texture":"#0","tintindex":0},"east":{"uv":[2.6875,5.8125,3.0,6.75],"rotation":90,"texture":"#0","tintindex":0},"north":{"uv":[1.4375,3.5,1.125,3.1875],"rotation":180,"texture":"#0","tintindex":0},"south":{"uv":[2.375,7.75,2.0625,8.0625],"rotation":0,"texture":"#0","tintindex":0},"up":{"uv":[3.0,5.8125,3.3125,6.75],"rotation":0,"texture":"#0","tintindex":0},"west":{"uv":[4.6875,5.8125,5.0,6.75],"rotation":270,"texture":"#0","tintindex":0}}},{"name":"cube","from":[7.1000834,7.1913137,4.999997],"to":[8.900084,8.991314,8.599997],"rotation":{"angle":45.0,"axis":"z","origin":[8.000084,8.091313,6.7999973]},"faces":{"down":{"uv":[7.9375,3.0625,8.125,3.4375],"rotation":180,"texture":"#0","tintindex":0},"east":{"uv":[7.9375,7.3125,8.125,7.6875],"rotation":90,"texture":"#0","tintindex":0},"north":{"uv":[3.8125,4.9375,3.625,4.75],"rotation":180,"texture":"#0","tintindex":0},"south":{"uv":[4.375,5.0,4.1875,5.1875],"rotation":0,"texture":"#0","tintindex":0},"up":{"uv":[2.375,8.0,2.5625,8.375],"rotation":0,"texture":"#0","tintindex":0},"west":{"uv":[2.5625,8.0,2.75,8.375],"rotation":270,"texture":"#0","tintindex":0}}},{"name":"cube","from":[7.7000837,7.7913136,9.799997],"to":[8.300083,8.391314,12.199998],"rotation":{"angle":0.0,"axis":"x","origin":[7.7000837,20.391312,30.8]},"faces":{"down":{"uv":[0.5,5.25,0.5625,5.5],"rotation":180,"texture":"#0","tintindex":0},"east":{"uv":[2.375,6.625,2.4375,6.875],"rotation":90,"texture":"#0","tintindex":0},"north":{"uv":[0.6875,4.375,0.625,4.3125],"rotation":180,"texture":"#0","tintindex":0},"south":{"uv":[0.75,4.3125,0.6875,4.375],"rotation":0,"texture":"#0","tintindex":0},"up":{"uv":[5.375,6.8125,5.4375,7.0625],"rotation":0,"texture":"#0","tintindex":0},"west":{"uv":[2.625,6.9375,2.6875,7.1875],"rotation":270,"texture":"#0","tintindex":0}}},{"name":"cube","from":[7.4000835,7.4913135,8.599997],"to":[8.600083,8.691314,9.799997],"rotation":{"angle":0.0,"axis":"x","origin":[7.4000835,20.091312,32.0]},"faces":{"down":{"uv":[8.1875,1.0625,8.3125,1.1875],"rotation":180,"texture":"#0","tintindex":0},"east":{"uv":[8.1875,1.5625,8.3125,1.6875],"rotation":90,"texture":"#0","tintindex":0},"north":{"uv":[8.3125,5.125,8.1875,5.0],"rotation":180,"texture":"#0","tintindex":0},"south":{"uv":[8.3125,5.125,8.1875,5.25],"rotation":0,"texture":"#0","tintindex":0},"up":{"uv":[8.1875,3.4375,8.3125,3.5625],"rotation":0,"texture":"#0","tintindex":0},"west":{"uv":[8.1875,3.5625,8.3125,3.6875],"rotation":270,"texture":"#0","tintindex":0}}},{"name":"cube","from":[7.4000835,7.4913135,0.19999683],"to":[8.600083,8.691314,4.999997],"rotation":{"angle":0.0,"axis":"x","origin":[7.4000835,20.091312,32.0]},"faces":{"down":{"uv":[4.5,8.0,4.625,8.5],"rotation":180,"texture":"#0","tintindex":0},"east":{"uv":[4.625,8.0,4.75,8.5],"rotation":90,"texture":"#0","tintindex":0},"north":{"uv":[8.375,1.3125,8.25,1.1875],"rotation":180,"texture":"#0","tintindex":0},"south":{"uv":[8.375,1.6875,8.25,1.8125],"rotation":0,"texture":"#0","tintindex":0},"up":{"uv":[6.4375,8.0,6.5625,8.5],"rotation":0,"texture":"#0","tintindex":0},"west":{"uv":[6.5625,8.0,6.6875,8.5],"rotation":270,"texture":"#0","tintindex":0}}},{"name":"cube","from":[7.4000835,8.841313,-13.600003],"to":[8.600083,10.641314,-7.000003],"rotation":{"angle":45.0,"axis":"x","origin":[8.300083,9.741314,-10.300003]},"faces":{"down":{"uv":[2.25,4.375,2.375,5.0625],"rotation":180,"texture":"#0","tintindex":0},"east":{"uv":[0.625,2.5,0.8125,3.1875],"rotation":90,"texture":"#0","tintindex":0},"north":{"uv":[3.3125,6.9375,3.1875,6.75],"rotation":180,"texture":"#0","tintindex":0},"south":{"uv":[7.375,5.25,7.25,5.4375],"rotation":0,"texture":"#0","tintindex":0},"up":{"uv":[1.0,7.875,1.125,8.5625],"rotation":0,"texture":"#0","tintindex":0},"west":{"uv":[0.8125,2.5,0.625,3.1875],"rotation":270,"texture":"#0","tintindex":0}}},{"name":"cube","from":[6.8874674,8.255129,-6.4000025],"to":[8.585467,9.953129,-2.2000031],"rotation":{"angle":45.0,"axis":"z","origin":[8.004122,9.365128,-0.70000315]},"faces":{"down":{"uv":[3.0625,1.125,3.25,1.5625],"rotation":180,"texture":"#0","tintindex":0},"east":{"uv":[2.8125,4.3125,3.0,4.75],"rotation":90,"texture":"#0","tintindex":0},"north":{"uv":[1.5625,6.3125,1.375,6.125],"rotation":180,"texture":"#0","tintindex":0},"south":{"uv":[2.0,6.375,1.8125,6.5625],"rotation":0,"texture":"#0","tintindex":0},"up":{"uv":[0.3125,5.875,0.5,6.3125],"rotation":0,"texture":"#0","tintindex":0},"west":{"uv":[3.5,7.875,3.6875,8.3125],"rotation":270,"texture":"#0","tintindex":0}}},{"name":"cube","from":[6.800083,7.1913137,-8.200003],"to":[9.200084,8.991314,0.19999683],"rotation":{"angle":0.0,"axis":"x","origin":[6.800083,19.791313,32.0]},"faces":{"down":{"uv":[2.8125,0.6875,3.0625,1.5625],"rotation":180,"texture":"#0","tintindex":0},"east":{"uv":[4.5,5.875,4.6875,6.75],"rotation":90,"texture":"#0","tintindex":0},"north":{"uv":[6.125,5.875,5.875,5.6875],"rotation":180,"texture":"#0","tintindex":0},"south":{"uv":[6.9375,2.125,6.6875,2.3125],"rotation":0,"texture":"#0","tintindex":0},"up":{"uv":[2.4375,6.0625,2.6875,6.9375],"rotation":0,"texture":"#0","tintindex":0},"west":{"uv":[4.6875,5.875,4.5,6.75],"rotation":270,"texture":"#0","tintindex":0}}},{"name":"cube","from":[7.4000835,4.041313,-13.600003],"to":[8.600083,8.841313,-11.800003],"rotation":{"angle":45.0,"axis":"x","origin":[8.300083,9.741314,-10.300003]},"faces":{"down":{"uv":[7.1875,7.5,7.3125,7.6875],"rotation":180,"texture":"#0","tintindex":0},"east":{"uv":[5.9375,4.6875,6.4375,4.875],"rotation":90,"texture":"#0","tintindex":0},"north":{"uv":[0.9375,8.5625,0.8125,8.0625],"rotation":180,"texture":"#0","tintindex":0},"south":{"uv":[2.1875,8.0625,2.0625,8.5625],"rotation":0,"texture":"#0","tintindex":0},"up":{"uv":[8.1875,0.3125,8.3125,0.5],"rotation":0,"texture":"#0","tintindex":0},"west":{"uv":[6.4375,4.6875,5.9375,4.875],"rotation":270,"texture":"#0","tintindex":0}}},{"name":"cube","from":[7.4000835,4.041313,-11.800003],"to":[8.600083,5.8413134,-7.000003],"rotation":{"angle":45.0,"axis":"x","origin":[8.300083,9.741314,-10.300003]},"faces":{"down":{"uv":[2.1875,8.0625,2.3125,8.5625],"rotation":180,"texture":"#0","tintindex":0},"east":{"uv":[0.9375,5.625,1.125,6.125],"rotation":90,"texture":"#0","tintindex":0},"north":{"uv":[8.3125,0.6875,8.1875,0.5],"rotation":180,"texture":"#0","tintindex":0},"south":{"uv":[8.3125,0.6875,8.1875,0.875],"rotation":0,"texture":"#0","tintindex":0},"up":{"uv":[3.875,8.0625,4.0,8.5625],"rotation":0,"texture":"#0","tintindex":0},"west":{"uv":[1.125,5.625,0.9375,6.125],"rotation":270,"texture":"#0","tintindex":0}}},{"name":"cube","from":[7.4000835,5.8413134,-8.800003],"to":[8.600083,8.841313,-7.000003],"rotation":{"angle":45.0,"axis":"x","origin":[8.300083,9.741314,-10.300003]},"faces":{"down":{"uv":[8.1875,0.875,8.3125,1.0625],"rotation":180,"texture":"#0","tintindex":0},"east":{"uv":[4.0,8.0625,4.3125,8.25],"rotation":90,"texture":"#0","tintindex":0},"north":{"uv":[3.6875,1.125,3.5625,0.8125],"rotation":180,"texture":"#0","tintindex":0},"south":{"uv":[1.25,5.0625,1.125,5.375],"rotation":0,