{"textures":{"0":"modelengine:entity/lr_anubis"},"elements":[{"name":"cube","from":[5.3,3.3079016,5.5752735],"to":[10.700001,7.5079017,11.575274],"rotation":{"angle":-22.5,"axis":"x","origin":[9.2,5.407902,8.5752735]},"faces":{"down":{"uv":[5.5,4.5625,4.9375,5.1875],"rotation":0,"texture":"#0","tintindex":0},"east":{"uv":[5.875,1.625,6.5,2.0625],"rotation":0,"texture":"#0","tintindex":0},"north":{"uv":[6.0,2.875,6.5625,3.3125],"rotation":0,"texture":"#0","tintindex":0},"south":{"uv":[6.125,5.6875,6.6875,6.125],"rotation":0,"texture":"#0","tintindex":0},"up":{"uv":[2.0,2.6875,1.4375,2.0625],"rotation":0,"texture":"#0","tintindex":0},"west":{"uv":[5.0,5.875,5.625,6.3125],"rotation":0,"texture":"#0","tintindex":0}}},{"name":"cube","from":[5.3,15.715557,6.05733],"to":[10.700001,20.515556,8.45733],"rotation":{"angle":-22.5,"axis":"x","origin":[8.0,20.215557,7.25733]},"faces":{"down":{"uv":[7.875,1.8125,7.3125,2.0625],"rotation":0,"texture":"#0","tintindex":0},"east":{"uv":[4.6875,5.25,4.9375,5.75],"rotation":0,"texture":"#0","tintindex":0},"north":{"uv":[5.6875,1.125,6.25,1.625],"rotation":0,"texture":"#0","tintindex":0},"south":{"uv":[5.75,3.375,6.3125,3.875],"rotation":0,"texture":"#0","tintindex":0},"up":{"uv":[5.4375,0.6875,4.875,0.4375],"rotation":0,"texture":"#0","tintindex":0},"west":{"uv":[5.4375,2.4375,5.6875,2.9375],"rotation":0,"texture":"#0","tintindex":0}}},{"name":"cube","from":[4.1,15.715557,7.85733],"to":[11.900001,24.115559,13.25733],"rotation":{"angle":-22.5,"axis":"x","origin":[8.0,20.215557,7.25733]},"faces":{"down":{"uv":[5.1875,3.5,4.375,4.0625],"rotation":0,"texture":"#0","tintindex":0},"east":{"uv":[0.0,3.625,0.5625,4.5],"rotation":0,"texture":"#0","tintindex":0},"north":{"uv":[0.0,1.625,0.8125,2.5],"rotation":0,"texture":"#0","tintindex":0},"south":{"uv":[2.0,0.6875,2.8125,1.5625],"rotation":0,"texture":"#0","tintindex":0},"up":{"uv":[5.1875,3.5,4.375,2.9375],"rotation":0,"texture":"#0","tintindex":0},"west":{"uv":[3.8125,4.125,4.375,5.0],"rotation":0,"texture":"#0","tintindex":0}}},{"name":"cube","from":[2.8999999,12.715556,6.05733],"to":[13.1,19.315556,12.6573305],"rotation":{"angle":22.5,"axis":"x","origin":[8.0,16.015556,8.75733]},"faces":{"down":{"uv":[3.0625,0.0,2.0,0.6875],"rotation":0,"texture":"#0","tintindex":0},"east":{"uv":[4.1875,0.0,4.875,0.6875],"rotation":0,"texture":"#0","tintindex":0},"north":{"uv":[0.9375,0.0,2.0,0.6875],"rotation":0,"texture":"#0","tintindex":0},"south":{"uv":[0.9375,0.6875,2.0,1.375],"rotation":0,"texture":"#0","tintindex":0},"up":{"uv":[2.0,2.0625,0.9375,1.375],"rotation":0,"texture":"#0","tintindex":0},"west":{"uv":[0.5625,4.375,1.25,5.0625],"rotation":0,"texture":"#0","tintindex":0}}},{"name":"cube","from":[2.8999999,12.715556,4.85733],"to":[13.1,16.915558,6.05733],"rotation":{"angle":22.5,"axis":"x","origin":[8.0,16.015556,8.75733]},"faces":{"down":{"uv":[8.4375,6.125,7.375,6.25],"rotation":0,"texture":"#0","tintindex":0},"east":{"uv":[0.8125,1.625,0.9375,2.0625],"rotation":0,"texture":"#0","tintindex":0},"north":{"uv":[4.375,2.0625,5.4375,2.5],"rotation":0,"texture":"#0","tintindex":0},"south":{"uv":[4.375,2.5,5.4375,2.9375],"rotation":0,"texture":"#0","tintindex":0},"up":{"uv":[8.375,4.6875,7.3125,4.5625],"rotation":0,"texture":"#0","tintindex":0},"west":{"uv":[2.6875,5.375,2.8125,5.8125],"rotation":0,"texture":"#0","tintindex":0}}},{"name":"cube","from":[4.7,11.45922,3.8913443],"to":[11.3,14.45922,5.0913444],"rotation":{"angle":0.0,"axis":"x","origin":[8.0,11.759219,4.4913445]},"faces":{"down":{"uv":[8.5,2.75,7.8125,2.875],"rotation":0,"texture":"#0","tintindex":0},"east":{"uv":[8.1875,0.0,8.3125,0.3125],"rotation":0,"texture":"#0","tintindex":0},"north":{"uv":[6.4375,4.6875,7.125,5.0],"rotation":0,"texture":"#0","tintindex":0},"south":{"uv":[6.5,1.5,7.1875,1.8125],"rotation":0,"texture":"#0","tintindex":0},"up":{"uv":[8.375,6.125,7.6875,6.0],"rotation":0,"texture":"#0","tintindex":0},"west":{"uv":[0.3125,8.1875,0.4375,8.5],"rotation":0,"texture":"#0","tintindex":0}}},{"name":"cube","from":[2.2999997,16.218819,5.343149],"to":[5.3,20.41882,13.143149],"rotation":{"angle":22.5,"axis":"x","origin":[8.0,15.9188175,8.643149]},"faces":{"down":{"uv":[4.5,5.875,4.1875,6.6875],"rotation":0,"texture":"#0","tintindex":0},"east":{"uv":[2.8125,4.75,3.625,5.1875],"rotation":0,"texture":"#0","tintindex":0},"north":{"uv":[0.5,7.375,0.8125,7.8125],"rotation":0,"texture":"#0","tintindex":0},"south":{"uv":[1.4375,7.375,1.75,7.8125],"rotation":0,"texture":"#0","tintindex":0},"up":{"uv":[0.3125,6.6875,0.0,5.875],"rotation":0,"texture":"#0","tintindex":0},"west":{"uv":[4.875,0.0,5.6875,0.4375],"rotation":0,"texture":"#0","tintindex":0}}},{"name":"cube","from":[10.700001,16.218819,5.343149],"to":[13.7,20.41882,13.143149],"rotation":{"angle":22.5,"axis":"x","origin":[8.0,15.9188175,8.643149]},"faces":{"down":{"uv":[4.1875,5.875,4.5,6.6875],"rotation":0,"texture":"#0","tintindex":0},"east":{"uv":[5.6875,0.0,4.875,0.4375],"rotation":0,"texture":"#0","tintindex":0},"north":{"uv":[0.8125,7.375,0.5,7.8125],"rotation":0,"texture":"#0","tintindex":0},"south":{"uv":[1.75,7.375,1.4375,7.8125],"rotation":0,"texture":"#0","tintindex":0},"up":{"uv":[0.0,6.6875,0.3125,5.875],"rotation":0,"texture":"#0","tintindex":0},"west":{"uv":[3.625,4.75,2.8125,5.1875],"rotation":0,"texture":"#0","tintindex":0}}},{"name":"cube","from":[5.3,16.218819,9.54315],"to":[10.700001,20.41882,13.143149],"rotation":{"angle":22.5,"axis":"x","origin":[9.2,15.9188175,8.643149]},"faces":{"down":{"uv":[2.375,6.625,1.8125,7.0],"rotation":0,"texture":"#0","tintindex":0},"east":{"uv":[7.0,5.4375,7.375,5.875],"rotation":0,"texture":"#0","tintindex":0},"north":{"uv":[6.125,6.125,6.6875,6.5625],"rotation":0,"texture":"#0","tintindex":0},"south":{"uv":[6.25,1.0625,6.8125,1.5],"rotation":0,"texture":"#0","tintindex":0},"up":{"uv":[7.1875,0.9375,6.625,0.5625],"rotation":0,"texture":"#0","tintindex":0},"west":{"uv":[7.0,5.875,7.375,6.3125],"rotation":0,"texture":"#0","tintindex":0}}},{"name":"cube","from":[4.1,6.2,5.0],"to":[11.900001,14.0,11.0],"rotation":{"angle":0.0,"axis":"x","origin":[6.8,11.6,8.3]},"faces":{"down":{"uv":[4.375,2.875,3.5625,3.5],"rotation":0,"texture":"#0","tintindex":0},"east":{"uv":[2.375,3.5,3.0,4.3125],"rotation":0,"texture":"#0","tintindex":0},"north":{"uv":[1.4375,2.6875,2.25,3.5],"rotation":0,"texture":"#0","tintindex":0},"south":{"uv":[2.25,2.6875,3.0625,3.5],"rotation":0,"texture":"#0","tintindex":0},"up":{"uv":[4.375,2.875,3.5625,2.25],"rotation":0,"texture":"#0","tintindex":0},"west":{"uv":[3.5625,0.0,4.1875,0.8125],"rotation":0,"texture":"#0","tintindex":0}}},{"name":"cube","from":[3.4999998,6.2,3.7999997],"to":[12.5,9.2,11.6],"rotation":{"angle":-22.5,"axis":"x","origin":[8.0,8.0,8.0]},"faces":{"down":{"uv":[0.9375,0.8125,0.0,1.625],"rotation":0,"texture":"#0","tintindex":0},"east":{"uv":[5.75,3.875,6.5625,4.1875],"rotation":0,"texture":"#0","tintindex":0},"north":{"uv":[5.5,4.875,6.4375,5.1875],"rotation":0,"texture":"#0","tintindex":0},"south":{"uv":[5.6875,0.0,6.625,0.3125],"rotation":0,"texture":"#0","tintindex":0},"up":{"uv":[0.9375,0.8125,0.0,0.0],"rotation":0,"texture":"#0","tintindex":0},"west":{"uv":[5.875,2.0625,6.6875,2.375],"rotation":0,"texture":"#0","tintindex":0}}}],"display":{"head":{"translation":[0.0,-6.4,0.0],"rotation":[0.0,0.0,0.0],"scale":[3.8095,3.8095,3.8095]}}}