{"textures":{"0":"modelengine:entity/jupiterguard"},"elements":[{"from":[7.396965,10.7081785,3.7444406],"to":[8.596965,11.851035,4.8872976],"rotation":{"angle":45.0,"axis":"x","origin":[7.1683936,9.565321,4.3158693]},"faces":{"east":{"uv":[2.8125,6.25,2.6875,6.375],"rotation":0,"texture":"#0","tintindex":0},"south":{"uv":[6.3125,2.9375,6.1875,3.0625],"rotation":0,"texture":"#0","tintindex":0},"north":{"uv":[5.8125,4.0625,5.6875,4.1875],"rotation":0,"texture":"#0","tintindex":0},"west":{"uv":[6.125,2.3125,6.0,2.4375],"rotation":0,"texture":"#0","tintindex":0},"up":{"uv":[5.6875,6.9375,5.8125,6.8125],"rotation":0,"texture":"#0","tintindex":0},"down":{"uv":[4.25,7.125,4.375,7.25],"rotation":0,"texture":"#0","tintindex":0}}},{"from":[7.425536,7.6917896,5.515869],"to":[8.568394,8.834647,11.801584],"rotation":{"angle":0.0,"axis":"y","origin":[7.996965,6.834647,6.087298]},"faces":{"east":{"uv":[9.375,5.8125,8.6875,5.9375],"rotation":0,"texture":"#0","tintindex":0},"south":{"uv":[2.125,7.25,2.0,7.375],"rotation":0,"texture":"#0","tintindex":0},"north":{"uv":[2.0,7.25,1.875,7.375],"rotation":0,"texture":"#0","tintindex":0},"west":{"uv":[9.25,7.75,8.5625,7.875],"rotation":0,"texture":"#0","tintindex":0},"up":{"uv":[4.3125,9.1875,4.4375,8.5],"rotation":0,"texture":"#0","tintindex":0},"down":{"uv":[7.1875,8.6875,7.3125,9.375],"rotation":0,"texture":"#0","tintindex":0}}},{"from":[7.2255363,7.49179,11.6015835],"to":[8.7683935,9.034647,13.144442],"rotation":{"angle":0.0,"axis":"y","origin":[7.996965,6.834647,12.373013]},"faces":{"east":{"uv":[8.0,0.1875,7.875,0.3125],"rotation":0,"texture":"#0","tintindex":0},"south":{"uv":[7.8125,5.75,7.6875,5.875],"rotation":0,"texture":"#0","tintindex":0},"north":{"uv":[3.5,7.625,3.375,7.75],"rotation":0,"texture":"#0","tintindex":0},"west":{"uv":[3.625,7.625,3.5,7.75],"rotation":0,"texture":"#0","tintindex":0},"up":{"uv":[8.0,0.3125,8.125,0.1875],"rotation":0,"texture":"#0","tintindex":0},"down":{"uv":[4.0625,8.0625,4.1875,8.1875],"rotation":0,"texture":"#0","tintindex":0}}},{"from":[7.396965,4.675401,3.7444406],"to":[8.596965,5.8182583,4.8872976],"rotation":{"angle":-45.0,"axis":"x","origin":[7.1683936,6.961116,4.3158693]},"faces":{"east":{"uv":[9.25,4.75,9.125,4.875],"rotation":0,"texture":"#0","tintindex":0},"south":{"uv":[2.4375,8.875,2.3125,9.0],"rotation":0,"texture":"#0","tintindex":0},"north":{"uv":[4.5625,8.1875,4.4375,8.3125],"rotation":0,"texture":"#0","tintindex":0},"west":{"uv":[8.375,5.9375,8.25,6.0625],"rotation":0,"texture":"#0","tintindex":0},"up":{"uv":[9.125,6.25,9.25,6.125],"rotation":0,"texture":"#0","tintindex":0},"down":{"uv":[9.25,6.625,9.375,6.75],"rotation":0,"texture":"#0","tintindex":0}}},{"from":[7.425536,5.977504,4.944441],"to":[8.568394,10.548933,6.087298],"rotation":{"angle":0.0,"axis":"y","origin":[7.996965,6.5489326,5.515869]},"faces":{"east":{"uv":[3.8125,9.0625,3.6875,9.5625],"rotation":0,"texture":"#0","tintindex":0},"south":{"uv":[2.625,9.0625,2.5,9.5625],"rotation":0,"texture":"#0","tintindex":0},"north":{"uv":[0.375,7.8125,0.25,8.3125],"rotation":0,"texture":"#0","tintindex":0},"west":{"uv":[8.8125,8.875,8.6875,9.375],"rotation":0,"texture":"#0","tintindex":0},"up":{"uv":[9.25,7.3125,9.375,7.1875],"rotation":0,"texture":"#0","tintindex":0},"down":{"uv":[9.3125,3.5,9.4375,3.625],"rotation":0,"texture":"#0","tintindex":0}}},{"from":[7.3398223,8.1938925,3.3444405],"to":[8.654108,9.908178,5.0587263],"rotation":{"angle":45.0,"axis":"x","origin":[7.2255363,7.0510354,3.9158692]},"faces":{"east":{"uv":[9.5,2.75,9.3125,2.9375],"rotation":0,"texture":"#0","tintindex":0},"south":{"uv":[9.46875,5.125,9.3125,5.3125],"rotation":0,"texture":"#0","tintindex":0},"north":{"uv":[5.15625,9.3125,5.0,9.5],"rotation":0,"texture":"#0","tintindex":0},"west":{"uv":[2.8125,9.3125,2.625,9.5],"rotation":0,"texture":"#0","tintindex":0},"up":{"uv":[5.1875,9.5,5.34375,9.3125],"rotation":0,"texture":"#0","tintindex":0},"down":{"uv":[9.3125,5.3125,9.46875,5.5],"rotation":0,"texture":"#0","tintindex":0}}},{"from":[7.6255364,7.08616,4.0666623],"to":[8.368394,8.427684,5.3510427],"rotation":{"angle":0.0,"axis":"y","origin":[7.711251,7.565349,4.1028614]},"faces":{"east":{"uv":[6.625,2.125,6.5,2.28125],"rotation":0,"texture":"#0","tintindex":0},"south":{"uv":[1.65625,9.375,1.5625,9.53125],"rotation":0,"texture":"#0","tintindex":0},"north":{"uv":[9.46875,1.125,9.375,1.28125],"rotation":0,"texture":"#0","tintindex":0},"west":{"uv":[4.625,0.375,4.5,0.53125],"rotation":0,"texture":"#0","tintindex":0},"up":{"uv":[9.3125,8.125,9.40625,8.0],"rotation":0,"texture":"#0","tintindex":0},"down":{"uv":[9.375,2.1875,9.46875,2.3125],"rotation":0,"texture":"#0","tintindex":0}}},{"from":[7.7683935,6.5147314,-10.790482],"to":[8.225536,9.570541,5.3510427],"rotation":{"angle":0.0,"axis":"y","origin":[7.5683937,7.565349,4.1028614]},"faces":{"east":{"uv":[4.9375,2.125,3.1875,2.46875],"rotation":0,"texture":"#0","tintindex":0},"south":{"uv":[2.25,6.4375,2.1875,6.78125],"rotation":0,"texture":"#0","tintindex":0},"north":{"uv":[5.5625,4.8125,5.5,5.15625],"rotation":0,"texture":"#0","tintindex":0},"west":{"uv":[4.9375,1.75,3.1875,2.09375],"rotation":0,"texture":"#0","tintindex":0},"up":{"uv":[6.0,9.125,6.0625,7.375],"rotation":0,"texture":"#0","tintindex":0},"down":{"uv":[6.0625,7.375,6.125,9.125],"rotation":0,"texture":"#0","tintindex":0}}},{"from":[7.596965,8.4695835,0.66766596],"to":[8.396965,9.925392,4.523475],"rotation":{"angle":22.5,"axis":"x","origin":[7.711251,8.926149,0.8175998]},"faces":{"east":{"uv":[9.46875,0.0,9.0625,0.15625],"rotation":0,"texture":"#0","tintindex":0},"south":{"uv":[9.46875,4.0,9.375,4.15625],"rotation":0,"texture":"#0","tintindex":0},"north":{"uv":[9.46875,2.0,9.375,2.15625],"rotation":0,"texture":"#0","tintindex":0},"west":{"uv":[9.40625,6.75,9.0,6.90625],"rotation":0,"texture":"#0","tintindex":0},"up":{"uv":[4.5,6.15625,4.59375,5.75],"rotation":0,"texture":"#0","tintindex":0},"down":{"uv":[4.375,6.375,4.46875,6.78125],"rotation":0,"texture":"#0","tintindex":0}}},{"from":[7.5112505,8.88995,0.33841133],"to":[8.482679,10.345759,1.8513632],"rotation":{"angle":-45.0,"axis":"x","origin":[7.8255363,8.926149,0.8175998]},"faces":{"east":{"uv":[9.53125,0.375,9.375,0.53125],"rotation":0,"texture":"#0","tintindex":0},"south":{"uv":[5.46875,9.375,5.375,9.53125],"rotation":0,"texture":"#0","tintindex":0},"north":{"uv":[9.46875,4.1875,9.375,4.34375],"rotation":0,"texture":"#0","tintindex":0},"west":{"uv":[9.53125,0.1875,9.375,0.34375],"rotation":0,"texture":"#0","tintindex":0},"up":{"uv":[9.375,5.90625,9.46875,5.75],"rotation":0,"texture":"#0","tintindex":0},"down":{"uv":[6.125,9.375,6.21875,9.53125],"rotation":0,"texture":"#0","tintindex":0}}},{"from":[7.596965,6.5147314,-1.0761948],"to":[8.396965,7.856255,1.3510427],"rotation":{"angle":0.0,"axis":"y","origin":[7.682679,6.9939203,-1.0399961]},"faces":{"east":{"uv":[9.5,6.125,9.25,6.28125],"rotation":0,"texture":"#0","tintindex":0},"south":{"uv":[6.46875,9.375,6.375,9.53125],"rotation":0,"texture":"#0","tintindex":0},"north":{"uv":[6.34375,9.375,6.25,9.53125],"rotation":0,"texture":"#0","tintindex":0},"west":{"uv":[5.8125,9.25,5.5625,9.40625],"rotation":0,"texture":"#0","tintindex":0},"up":{"uv":[5.8125,6.4375,5.90625,6.1875],"rotation":0,"texture":"#0","tintindex":0},"down":{"uv":[2.1875,7.8125,2.28125,8.0625],"rotation":0,"texture":"#0","tintindex":0}}},{"from":[7.5683937,7.8981547,-4.0180483],"to":[8.425536,9.353964,-0.6193819],"rotation":{"angle":22.5,"axis":"x","origin":[7.682679,8.35472,-4.3252573]},"faces":{"east":{"uv":[5.9375,5.3125,5.5625,5.46875],"rotation":0,"texture":"#0","tintindex":0},"south":{"uv":[8.28125,9.375,8.1875,9.53125],"rotation":0,"texture":"#0","tintindex":0},"north":{"uv":[7.28125,9.375,7.1875,9.53125],"rotation":0,"texture":"#0","tintindex":0},"west":{"uv":[3.5,4.9375,3.125,5.09375],"rotation":0,"texture":"#0","tintindex":0},"up":{"uv":[6.1875,0.375,6.28125,0.0],"rotation":0,"texture":"#0","tintindex":0},"down":{"uv":[5.6875,7.75,5.78125,8.125],