{"textures":{"0":"modelengine:entity/jupiterguard"},"elements":[{"from":[6.448444,5.7753687,5.9377146],"to":[9.134158,8.57537,9.252001],"rotation":{"angle":0.0,"axis":"y","origin":[7.6484437,24.689657,14.280572]},"faces":{"east":{"uv":[8.1875,0.8125,8.5625,1.125],"rotation":0,"texture":"#0","tintindex":0},"south":{"uv":[6.125,8.75,6.40625,9.0625],"rotation":0,"texture":"#0","tintindex":0},"north":{"uv":[8.75,5.5,9.03125,5.8125],"rotation":0,"texture":"#0","tintindex":0},"west":{"uv":[8.1875,1.75,8.5625,2.0625],"rotation":0,"texture":"#0","tintindex":0},"up":{"uv":[1.34375,8.8125,1.0625,8.4375],"rotation":0,"texture":"#0","tintindex":0},"down":{"uv":[8.71875,6.25,8.4375,6.625],"rotation":0,"texture":"#0","tintindex":0}}},{"from":[5.9913006,2.346797,6.5091434],"to":[9.591301,6.7467985,10.394857],"rotation":{"angle":0.0,"axis":"y","origin":[7.6484437,24.689657,14.280572]},"faces":{"east":{"uv":[6.4375,6.125,6.875,6.59375],"rotation":0,"texture":"#0","tintindex":0},"south":{"uv":[5.25,6.8125,5.65625,7.28125],"rotation":0,"texture":"#0","tintindex":0},"north":{"uv":[4.8125,6.8125,5.21875,7.28125],"rotation":0,"texture":"#0","tintindex":0},"west":{"uv":[0.4375,6.5,0.875,6.96875],"rotation":0,"texture":"#0","tintindex":0},"up":{"uv":[1.84375,7.375,1.4375,6.9375],"rotation":0,"texture":"#0","tintindex":0},"down":{"uv":[7.34375,1.625,6.9375,2.0625],"rotation":0,"texture":"#0","tintindex":0}}},{"from":[-6.540827,0.45238447,6.5108576],"to":[-3.995243,2.9979687,10.393143],"rotation":{"angle":45.0,"axis":"z","origin":[-4.8,20.0,14.285715]},"faces":{"east":{"uv":[8.0,2.8125,8.4375,3.09375],"rotation":0,"texture":"#0","tintindex":0},"south":{"uv":[8.8125,4.5625,9.09375,4.84375],"rotation":0,"texture":"#0","tintindex":0},"north":{"uv":[8.8125,3.5625,9.09375,3.84375],"rotation":0,"texture":"#0","tintindex":0},"west":{"uv":[8.0,4.875,8.4375,5.15625],"rotation":0,"texture":"#0","tintindex":0},"up":{"uv":[7.59375,8.4375,7.3125,8.0],"rotation":0,"texture":"#0","tintindex":0},"down":{"uv":[8.28125,7.4375,8.0,7.875],"rotation":0,"texture":"#0","tintindex":0}}},{"from":[5.7055864,3.0896544,24.22343],"to":[9.877015,5.2039413,26.966288],"rotation":{"angle":45.0,"axis":"x","origin":[7.3627295,24.689657,14.280572]},"faces":{"east":{"uv":[9.0,3.0625,9.3125,3.28125],"rotation":0,"texture":"#0","tintindex":0},"south":{"uv":[8.4375,4.9375,8.90625,5.15625],"rotation":0,"texture":"#0","tintindex":0},"north":{"uv":[8.375,1.125,8.84375,1.34375],"rotation":0,"texture":"#0","tintindex":0},"west":{"uv":[3.375,9.0,3.6875,9.21875],"rotation":0,"texture":"#0","tintindex":0},"up":{"uv":[7.96875,3.125,7.5,2.8125],"rotation":0,"texture":"#0","tintindex":0},"down":{"uv":[8.03125,3.125,7.5625,3.4375],"rotation":0,"texture":"#0","tintindex":0}}}],"display":{"head":{"translation":[0.0,-6.4,0.0],"scale":[4.0,4.0,4.0]}}}