{"textures":{"0":"modelengine:entity/lr_thugjug"},"elements":[{"from":[7.1117325,4.0253325,5.714286],"to":[8.826018,8.025332,8.0],"rotation":{"angle":0.0,"axis":"y","origin":[8.25459,6.8824754,6.857143]},"faces":{"east":{"uv":[1.25,7.0,0.75,7.875],"rotation":0,"texture":"#0","tintindex":0},"south":{"uv":[1.625,7.375,1.25,8.25],"rotation":0,"texture":"#0","tintindex":0},"north":{"uv":[5.75,7.25,5.375,8.125],"rotation":0,"texture":"#0","tintindex":0},"west":{"uv":[4.0,5.25,3.5,6.125],"rotation":0,"texture":"#0","tintindex":0},"up":{"uv":[0.375,8.125,0.75,7.625],"rotation":0,"texture":"#0","tintindex":0},"down":{"uv":[7.625,1.375,8.0,1.875],"rotation":0,"texture":"#0","tintindex":0}}},{"from":[7.285714,-0.57142925,5.142857],"to":[10.142858,1.7142854,8.571428],"rotation":{"angle":22.5,"axis":"z","origin":[8.428572,0.28571415,6.5714283]},"faces":{"east":{"uv":[8.0,2.75,7.25,3.25],"rotation":0,"texture":"#0","tintindex":0},"south":{"uv":[3.25,7.5,2.625,8.0],"rotation":0,"texture":"#0","tintindex":0},"north":{"uv":[8.125,0.625,7.5,1.125],"rotation":0,"texture":"#0","tintindex":0},"west":{"uv":[8.0,2.25,7.25,2.75],"rotation":0,"texture":"#0","tintindex":0},"up":{"uv":[2.625,7.5,3.25,6.75],"rotation":0,"texture":"#0","tintindex":0},"down":{"uv":[6.75,5.0,7.375,5.75],"rotation":0,"texture":"#0","tintindex":0}}},{"from":[6.25459,1.168189,4.8571424],"to":[9.683162,4.0253325,8.857143],"rotation":{"angle":0.0,"axis":"y","origin":[7.9688754,2.5967607,6.857143]},"faces":{"east":{"uv":[5.875,6.625,5.0,7.25],"rotation":0,"texture":"#0","tintindex":0},"south":{"uv":[7.75,3.5,7.0,4.125],"rotation":0,"texture":"#0","tintindex":0},"north":{"uv":[0.75,7.0,0.0,7.625],"rotation":0,"texture":"#0","tintindex":0},"west":{"uv":[5.0,6.5,4.125,7.125],"rotation":0,"texture":"#0","tintindex":0},"up":{"uv":[1.25,6.625,2.0,5.75],"rotation":0,"texture":"#0","tintindex":0},"down":{"uv":[5.75,1.5,6.5,2.375],"rotation":0,"texture":"#0","tintindex":0}}},{"from":[9.571428,0.5714283,4.5714283],"to":[10.714286,1.7142854,6.857143],"rotation":{"angle":22.5,"axis":"z","origin":[8.428572,0.28571415,6.5714283]},"faces":{"east":{"uv":[8.5,0.0,8.0,0.25],"rotation":0,"texture":"#0","tintindex":0},"south":{"uv":[4.0,8.0,3.75,8.25],"rotation":0,"texture":"#0","tintindex":0},"north":{"uv":[3.75,8.0,3.5,8.25],"rotation":0,"texture":"#0","tintindex":0},"west":{"uv":[8.375,5.125,7.875,5.375],"rotation":0,"texture":"#0","tintindex":0},"up":{"uv":[8.0,1.875,8.25,1.375],"rotation":0,"texture":"#0","tintindex":0},"down":{"uv":[1.625,8.0,1.875,8.5],"rotation":0,"texture":"#0","tintindex":0}}}],"display":{"head":{"translation":[0.0,-6.4,0.0],"scale":[4.0,4.0,4.0]}}}