{"textures":{"0":"modelengine:entity/lr_thugjug"},"elements":[{"from":[7.1739817,4.0253325,5.714286],"to":[8.8882675,8.025332,8.0],"rotation":{"angle":0.0,"axis":"y","origin":[7.74541,6.8824754,6.857143]},"faces":{"east":{"uv":[3.5,5.25,4.0,6.125],"rotation":0,"texture":"#0","tintindex":0},"south":{"uv":[1.25,7.375,1.625,8.25],"rotation":0,"texture":"#0","tintindex":0},"north":{"uv":[5.375,7.25,5.75,8.125],"rotation":0,"texture":"#0","tintindex":0},"west":{"uv":[0.75,7.0,1.25,7.875],"rotation":0,"texture":"#0","tintindex":0},"up":{"uv":[0.75,8.125,0.375,7.625],"rotation":0,"texture":"#0","tintindex":0},"down":{"uv":[8.0,1.375,7.625,1.875],"rotation":0,"texture":"#0","tintindex":0}}},{"from":[5.8571424,-0.57142925,5.142857],"to":[8.714286,1.7142854,8.571428],"rotation":{"angle":-22.5,"axis":"z","origin":[7.5714283,0.28571415,6.5714283]},"faces":{"east":{"uv":[7.25,2.25,8.0,2.75],"rotation":0,"texture":"#0","tintindex":0},"south":{"uv":[2.625,7.5,3.25,8.0],"rotation":0,"texture":"#0","tintindex":0},"north":{"uv":[7.5,0.625,8.125,1.125],"rotation":0,"texture":"#0","tintindex":0},"west":{"uv":[7.25,2.75,8.0,3.25],"rotation":0,"texture":"#0","tintindex":0},"up":{"uv":[3.25,7.5,2.625,6.75],"rotation":0,"texture":"#0","tintindex":0},"down":{"uv":[7.375,5.0,6.75,5.75],"rotation":0,"texture":"#0","tintindex":0}}},{"from":[6.3168387,1.168189,4.8571424],"to":[9.74541,4.0253325,8.857143],"rotation":{"angle":0.0,"axis":"y","origin":[8.031124,2.5967607,6.857143]},"faces":{"east":{"uv":[4.125,6.5,5.0,7.125],"rotation":0,"texture":"#0","tintindex":0},"south":{"uv":[7.0,3.5,7.75,4.125],"rotation":0,"texture":"#0","tintindex":0},"north":{"uv":[0.0,7.0,0.75,7.625],"rotation":0,"texture":"#0","tintindex":0},"west":{"uv":[5.0,6.625,5.875,7.25],"rotation":0,"texture":"#0","tintindex":0},"up":{"uv":[2.0,6.625,1.25,5.75],"rotation":0,"texture":"#0","tintindex":0},"down":{"uv":[6.5,1.5,5.75,2.375],"rotation":0,"texture":"#0","tintindex":0}}},{"from":[5.285714,0.5714283,4.5714283],"to":[6.428571,1.7142854,6.857143],"rotation":{"angle":-22.5,"axis":"z","origin":[7.5714283,0.28571415,6.5714283]},"faces":{"east":{"uv":[7.875,5.125,8.375,5.375],"rotation":0,"texture":"#0","tintindex":0},"south":{"uv":[3.75,8.0,4.0,8.25],"rotation":0,"texture":"#0","tintindex":0},"north":{"uv":[3.5,8.0,3.75,8.25],"rotation":0,"texture":"#0","tintindex":0},"west":{"uv":[8.0,0.0,8.5,0.25],"rotation":0,"texture":"#0","tintindex":0},"up":{"uv":[8.25,1.875,8.0,1.375],"rotation":0,"texture":"#0","tintindex":0},"down":{"uv":[1.875,8.0,1.625,8.5],"rotation":0,"texture":"#0","tintindex":0}}}],"display":{"head":{"translation":[0.0,-6.4,0.0],"scale":[4.0,4.0,4.0]}}}