{"textures":{"0":"modelengine:entity/lootbag"},"elements":[{"from":[7.3786864,7.632653,6.0561104],"to":[7.9501147,12.2040825,8.913254],"rotation":{"angle":22.5,"axis":"y","origin":[7.6644006,7.727891,7.1037297]},"faces":{"east":{"uv":[11.025,6.525,12.225,8.475],"rotation":0,"texture":"#0","tintindex":0},"south":{"uv":[12.275,13.025,12.475,14.975],"rotation":0,"texture":"#0","tintindex":0},"north":{"uv":[12.025,13.025,12.225,14.975],"rotation":0,"texture":"#0","tintindex":0},"west":{"uv":[11.025,8.525,12.225,10.475],"rotation":0,"texture":"#0","tintindex":0},"up":{"uv":[6.225,14.475,6.025,13.275],"rotation":0,"texture":"#0","tintindex":0},"down":{"uv":[6.475,13.275,6.275,14.475],"rotation":0,"texture":"#0","tintindex":0}}},{"from":[7.3786864,6.4897957,6.0561104],"to":[7.9501147,7.632653,8.341825],"rotation":{"angle":22.5,"axis":"y","origin":[7.6644006,7.727891,7.1037297]},"faces":{"east":{"uv":[6.025,10.025,6.975,10.475],"rotation":0,"texture":"#0","tintindex":0},"south":{"uv":[5.525,13.525,5.725,13.975],"rotation":0,"texture":"#0","tintindex":0},"north":{"uv":[13.525,5.275,13.725,5.725],"rotation":0,"texture":"#0","tintindex":0},"west":{"uv":[7.025,10.025,7.975,10.475],"rotation":0,"texture":"#0","tintindex":0},"up":{"uv":[0.475,14.475,0.275,13.525],"rotation":0,"texture":"#0","tintindex":0},"down":{"uv":[0.725,13.525,0.525,14.475],"rotation":0,"texture":"#0","tintindex":0}}},{"from":[7.3786864,5.9183674,6.0561104],"to":[7.9501147,6.4897957,7.198968],"rotation":{"angle":22.5,"axis":"y","origin":[7.6644006,7.727891,7.1037297]},"faces":{"east":{"uv":[13.525,4.775,13.975,4.975],"rotation":0,"texture":"#0","tintindex":0},"south":{"uv":[13.525,6.525,13.725,6.725],"rotation":0,"texture":"#0","tintindex":0},"north":{"uv":[13.525,6.275,13.725,6.475],"rotation":0,"texture":"#0","tintindex":0},"west":{"uv":[13.525,5.025,13.975,5.225],"rotation":0,"texture":"#0","tintindex":0},"up":{"uv":[1.475,13.975,1.275,13.525],"rotation":0,"texture":"#0","tintindex":0},"down":{"uv":[5.475,13.525,5.275,13.975],"rotation":0,"texture":"#0","tintindex":0}}},{"from":[7.3786864,7.632653,3.5771341],"to":[7.9501147,12.2040825,6.434277],"rotation":{"angle":-22.5,"axis":"y","origin":[7.6644006,7.727891,5.386658]},"faces":{"east":{"uv":[12.225,6.525,11.025,8.475],"rotation":0,"texture":"#0","tintindex":0},"south":{"uv":[12.225,13.025,12.025,14.975],"rotation":0,"texture":"#0","tintindex":0},"north":{"uv":[12.475,13.025,12.275,14.975],"rotation":0,"texture":"#0","tintindex":0},"west":{"uv":[12.225,8.525,11.025,10.475],"rotation":0,"texture":"#0","tintindex":0},"up":{"uv":[6.225,13.275,6.025,14.475],"rotation":0,"texture":"#0","tintindex":0},"down":{"uv":[6.475,14.475,6.275,13.275],"rotation":0,"texture":"#0","tintindex":0}}},{"from":[7.3786864,6.4897957,4.148563],"to":[7.9501147,7.632653,6.434277],"rotation":{"angle":-22.5,"axis":"y","origin":[7.6644006,7.727891,5.386658]},"faces":{"east":{"uv":[6.975,10.025,6.025,10.475],"rotation":0,"texture":"#0","tintindex":0},"south":{"uv":[13.725,5.275,13.525,5.725],"rotation":0,"texture":"#0","tintindex":0},"north":{"uv":[5.725,13.525,5.525,13.975],"rotation":0,"texture":"#0","tintindex":0},"west":{"uv":[7.975,10.025,7.025,10.475],"rotation":0,"texture":"#0","tintindex":0},"up":{"uv":[0.475,13.525,0.275,14.475],"rotation":0,"texture":"#0","tintindex":0},"down":{"uv":[0.725,14.475,0.525,13.525],"rotation":0,"texture":"#0","tintindex":0}}},{"from":[7.3786864,5.9183674,5.29142],"to":[7.9501147,6.4897957,6.434277],"rotation":{"angle":-22.5,"axis":"y","origin":[7.6644006,7.727891,5.386658]},"faces":{"east":{"uv":[13.975,4.775,13.525,4.975],"rotation":0,"texture":"#0","tintindex":0},"south":{"uv":[13.725,6.275,13.525,6.475],"rotation":0,"texture":"#0","tintindex":0},"north":{"uv":[13.725,6.525,13.525,6.725],"rotation":0,"texture":"#0","tintindex":0},"west":{"uv":[13.975,5.025,13.525,5.225],"rotation":0,"texture":"#0","tintindex":0},"up":{"uv":[1.475,13.525,1.275,13.975],"rotation":0,"texture":"#0","tintindex":0},"down":{"uv":[5.475,13.975,5.275,13.525],"rotation":0,"texture":"#0","tintindex":0}}},{"from":[7.3945565,8.204082,5.957917],"to":[9.108843,11.061225,6.5293455],"rotation":{"angle":0.0,"axis":"y","origin":[18.2517,4.2040815,5.957917]},"faces":{"east":{"uv":[13.275,12.275,13.475,13.475],"rotation":0,"texture":"#0","tintindex":0},"south":{"uv":[3.775,12.775,4.475,13.975],"rotation":0,"texture":"#0","tintindex":0},"north":{"uv":[3.025,12.775,3.725,13.975],"rotation":0,"texture":"#0","tintindex":0},"west":{"uv":[0.025,13.525,0.225,14.725],"rotation":0,"texture":"#0","tintindex":0},"up":{"uv":[2.225,12.725,1.525,12.525],"rotation":0,"texture":"#0","tintindex":0},"down":{"uv":[14.225,0.525,13.525,0.725],"rotation":0,"texture":"#0","tintindex":0}}}],"display":{"head":{"translation":[0.0,-6.4,0.0],"scale":[4.0,4.0,4.0]}}}