{"textures":{"0":"modelengine:entity/enchant_airstrike"},"elements":[{"from":[-0.6855545,4.9523807,7.142857],"to":[1.0287309,8.952381,8.857143],"rotation":{"angle":0.0,"axis":"y","origin":[0.17158794,6.952381,8.0]},"faces":{"east":{"uv":[10.625,13.1875,10.8125,13.625],"rotation":0,"texture":"#0","tintindex":0},"south":{"uv":[11.1875,13.25,11.375,13.6875],"rotation":0,"texture":"#0","tintindex":0},"north":{"uv":[6.3125,10.5,6.5,10.9375],"rotation":0,"texture":"#0","tintindex":0},"west":{"uv":[11.375,13.25,11.5625,13.6875],"rotation":0,"texture":"#0","tintindex":0},"up":{"uv":[13.75,8.125,13.5625,7.9375],"rotation":0,"texture":"#0","tintindex":0},"down":{"uv":[13.75,8.4375,13.5625,8.625],"rotation":0,"texture":"#0","tintindex":0}}},{"from":[-2.1141262,8.952381,5.714286],"to":[2.4573026,10.095238,10.285714],"rotation":{"angle":0.0,"axis":"y","origin":[0.17158794,9.523809,8.0]},"faces":{"east":{"uv":[13.375,6.9375,13.875,7.0625],"rotation":0,"texture":"#0","tintindex":0},"south":{"uv":[13.375,8.8125,13.875,8.9375],"rotation":0,"texture":"#0","tintindex":0},"north":{"uv":[13.375,1.875,13.875,2.0],"rotation":0,"texture":"#0","tintindex":0},"west":{"uv":[13.375,9.9375,13.875,10.0625],"rotation":0,"texture":"#0","tintindex":0},"up":{"uv":[8.6875,3.4375,8.1875,2.9375],"rotation":0,"texture":"#0","tintindex":0},"down":{"uv":[0.75,11.9375,0.25,12.4375],"rotation":0,"texture":"#0","tintindex":0}}},{"from":[7.8858743,7.2380953,6.857143],"to":[24.457304,7.8095236,9.142858],"rotation":{"angle":0.0,"axis":"y","origin":[0.45730257,-22.47619,1.4285712]},"faces":{"east":{"uv":[6.0,4.5625,6.25,4.625],"rotation":0,"texture":"#0","tintindex":0},"south":{"uv":[12.9375,5.0,14.75,5.0625],"rotation":0,"texture":"#0","tintindex":0},"north":{"uv":[12.9375,4.9375,14.75,5.0],"rotation":0,"texture":"#0","tintindex":0},"west":{"uv":[6.25,4.5625,6.5,4.625],"rotation":0,"texture":"#0","tintindex":0},"up":{"uv":[12.375,7.6875,10.5625,7.4375],"rotation":0,"texture":"#0","tintindex":0},"down":{"uv":[12.375,7.6875,10.5625,7.9375],"rotation":0,"texture":"#0","tintindex":0}}},{"from":[24.0,5.8011236,6.857143],"to":[32.0,6.3725524,9.142858],"rotation":{"angle":-22.5,"axis":"z","origin":[27.77143,5.9725523,8.0]},"faces":{"east":{"uv":[6.5,4.5625,6.75,4.625],"rotation":0,"texture":"#0","tintindex":0},"south":{"uv":[12.6875,3.3125,14.6875,3.375],"rotation":0,"texture":"#0","tintindex":0},"north":{"uv":[12.625,7.125,14.625,7.1875],"rotation":0,"texture":"#0","tintindex":0},"west":{"uv":[6.5625,2.625,6.8125,2.6875],"rotation":0,"texture":"#0","tintindex":0},"up":{"uv":[12.3125,2.0625,10.3125,1.8125],"rotation":0,"texture":"#0","tintindex":0},"down":{"uv":[12.3125,2.0625,10.3125,2.3125],"rotation":0,"texture":"#0","tintindex":0}}},{"from":[0.45730257,6.6666665,6.5714283],"to":[7.8858743,8.380953,9.428572],"rotation":{"angle":0.0,"axis":"y","origin":[0.45730257,-22.47619,1.4285712]},"faces":{"east":{"uv":[13.4375,4.125,13.75,4.3125],"rotation":0,"texture":"#0","tintindex":0},"south":{"uv":[12.625,4.375,13.4375,4.5625],"rotation":0,"texture":"#0","tintindex":0},"north":{"uv":[12.625,4.1875,13.4375,4.375],"rotation":0,"texture":"#0","tintindex":0},"west":{"uv":[13.4375,4.3125,13.75,4.5],"rotation":0,"texture":"#0","tintindex":0},"up":{"uv":[7.125,12.0,6.3125,11.6875],"rotation":0,"texture":"#0","tintindex":0},"down":{"uv":[12.5,11.0625,11.6875,11.375],"rotation":0,"texture":"#0","tintindex":0}}}],"display":{"head":{"translation":[30.551743,-6.4,0.0],"scale":[4.0,4.0,4.0]}}}