{"textures":{"0":"modelengine:entity/enchant_airstrike"},"elements":[{"from":[2.4141102,7.714286,6.857143],"to":[18.985538,8.285714,9.142858],"rotation":{"angle":0.0,"axis":"y","origin":[26.41411,-22.000002,1.4285712]},"faces":{"east":{"uv":[6.75,4.5625,7.0,4.625],"rotation":0,"texture":"#0","tintindex":0},"south":{"uv":[12.9375,5.125,14.75,5.1875],"rotation":0,"texture":"#0","tintindex":0},"north":{"uv":[12.9375,5.0625,14.75,5.125],"rotation":0,"texture":"#0","tintindex":0},"west":{"uv":[6.8125,2.625,7.0625,2.6875],"rotation":0,"texture":"#0","tintindex":0},"up":{"uv":[12.375,8.1875,10.5625,7.9375],"rotation":0,"texture":"#0","tintindex":0},"down":{"uv":[12.375,8.1875,10.5625,8.4375],"rotation":0,"texture":"#0","tintindex":0}}},{"from":[-16.0,5.753305,6.857143],"to":[2.2857113,6.3247337,9.142858],"rotation":{"angle":0.0,"axis":"z","origin":[-8.857147,8.03902,8.0]},"faces":{"east":{"uv":[6.875,6.1875,7.125,6.25],"rotation":0,"texture":"#0","tintindex":0},"south":{"uv":[12.6875,3.4375,14.6875,3.5],"rotation":0,"texture":"#0","tintindex":0},"north":{"uv":[12.6875,3.375,14.6875,3.4375],"rotation":0,"texture":"#0","tintindex":0},"west":{"uv":[7.0625,2.625,7.3125,2.6875],"rotation":0,"texture":"#0","tintindex":0},"up":{"uv":[12.3125,2.5625,10.3125,2.3125],"rotation":0,"texture":"#0","tintindex":0},"down":{"uv":[12.3125,2.5625,10.3125,2.8125],"rotation":0,"texture":"#0","tintindex":0}}},{"from":[18.985538,7.142857,6.5714283],"to":[26.41411,8.857143,9.428572],"rotation":{"angle":0.0,"axis":"y","origin":[26.41411,-22.000002,1.4285712]},"faces":{"east":{"uv":[13.4375,5.4375,13.75,5.625],"rotation":0,"texture":"#0","tintindex":0},"south":{"uv":[12.625,5.625,13.4375,5.8125],"rotation":0,"texture":"#0","tintindex":0},"north":{"uv":[12.625,5.4375,13.4375,5.625],"rotation":0,"texture":"#0","tintindex":0},"west":{"uv":[13.4375,5.625,13.75,5.8125],"rotation":0,"texture":"#0","tintindex":0},"up":{"uv":[11.625,12.0625,10.8125,11.75],"rotation":0,"texture":"#0","tintindex":0},"down":{"uv":[12.4375,11.75,11.625,12.0625],"rotation":0,"texture":"#0","tintindex":0}}}],"display":{"head":{"translation":[-74.7993,-6.4,0.0],"scale":[4.0,4.0,4.0]}}}