{"textures":{"0":"modelengine:entity/enchant_airstrike"},"elements":[{"from":[2.4141102,7.714286,6.857143],"to":[18.985538,8.285714,9.142858],"rotation":{"angle":0.0,"axis":"y","origin":[26.41411,-22.000002,1.4285712]},"faces":{"east":{"uv":[4.5,3.4375,4.75,3.5],"rotation":0,"texture":"#0","tintindex":0},"south":{"uv":[12.75,9.875,14.5625,9.9375],"rotation":0,"texture":"#0","tintindex":0},"north":{"uv":[12.6875,3.5,14.5,3.5625],"rotation":0,"texture":"#0","tintindex":0},"west":{"uv":[4.75,3.4375,5.0,3.5],"rotation":0,"texture":"#0","tintindex":0},"up":{"uv":[12.3125,6.3125,10.5,6.0625],"rotation":0,"texture":"#0","tintindex":0},"down":{"uv":[12.375,6.3125,10.5625,6.5625],"rotation":0,"texture":"#0","tintindex":0}}},{"from":[-16.0,5.753305,6.857143],"to":[2.2857113,6.3247337,9.142858],"rotation":{"angle":0.0,"axis":"z","origin":[-8.857147,8.03902,8.0]},"faces":{"east":{"uv":[2.125,3.4375,2.375,3.5],"rotation":0,"texture":"#0","tintindex":0},"south":{"uv":[12.0625,0.75,14.0625,0.8125],"rotation":0,"texture":"#0","tintindex":0},"north":{"uv":[9.625,8.8125,11.625,8.875],"rotation":0,"texture":"#0","tintindex":0},"west":{"uv":[2.375,3.4375,2.625,3.5],"rotation":0,"texture":"#0","tintindex":0},"up":{"uv":[11.9375,5.1875,9.9375,4.9375],"rotation":0,"texture":"#0","tintindex":0},"down":{"uv":[10.875,10.1875,8.875,10.4375],"rotation":0,"texture":"#0","tintindex":0}}},{"from":[18.985538,7.142857,6.5714283],"to":[26.41411,8.857143,9.428572],"rotation":{"angle":0.0,"axis":"y","origin":[26.41411,-22.000002,1.4285712]},"faces":{"east":{"uv":[13.375,12.3125,13.6875,12.5],"rotation":0,"texture":"#0","tintindex":0},"south":{"uv":[12.5625,12.4375,13.375,12.625],"rotation":0,"texture":"#0","tintindex":0},"north":{"uv":[12.5625,12.25,13.375,12.4375],"rotation":0,"texture":"#0","tintindex":0},"west":{"uv":[0.0,13.4375,0.3125,13.625],"rotation":0,"texture":"#0","tintindex":0},"up":{"uv":[2.1875,11.9375,1.375,11.625],"rotation":0,"texture":"#0","tintindex":0},"down":{"uv":[9.625,11.625,8.8125,11.9375],"rotation":0,"texture":"#0","tintindex":0}}}],"display":{"head":{"translation":[-74.7993,-6.4,0.0],"scale":[4.0,4.0,4.0]}}}