{"textures":{"0":"modelengine:entity/enchant_airstrike"},"elements":[{"from":[0.5714283,5.668442,-0.8064232],"to":[2.2857141,10.23987,1.4792914],"rotation":{"angle":-45.0,"axis":"z","origin":[2.5714283,10.811299,8.6221485]},"faces":{"east":{"uv":[0.9375,12.6875,1.1875,13.1875],"rotation":0,"texture":"#0","tintindex":0},"south":{"uv":[12.0,9.125,12.1875,9.625],"rotation":0,"texture":"#0","tintindex":0},"north":{"uv":[8.6875,2.9375,8.875,3.4375],"rotation":0,"texture":"#0","tintindex":0},"west":{"uv":[1.1875,12.6875,1.4375,13.1875],"rotation":0,"texture":"#0","tintindex":0},"up":{"uv":[3.3125,13.75,3.125,13.5],"rotation":0,"texture":"#0","tintindex":0},"down":{"uv":[5.5625,13.5,5.375,13.75],"rotation":0,"texture":"#0","tintindex":0}}},{"from":[-2.9142866,4.468442,-0.8635664],"to":[-1.0857143,10.297013,1.5364347],"rotation":{"angle":0.0,"axis":"y","origin":[2.5714283,10.811299,8.6221485]},"faces":{"east":{"uv":[12.5,10.6875,12.75,11.3125],"rotation":0,"texture":"#0","tintindex":0},"south":{"uv":[8.8125,12.75,9.0,13.375],"rotation":0,"texture":"#0","tintindex":0},"north":{"uv":[6.0625,12.75,6.25,13.375],"rotation":0,"texture":"#0","tintindex":0},"west":{"uv":[4.0,12.5625,4.25,13.1875],"rotation":0,"texture":"#0","tintindex":0},"up":{"uv":[5.75,13.75,5.5625,13.5],"rotation":0,"texture":"#0","tintindex":0},"down":{"uv":[8.1875,13.5,8.0,13.75],"rotation":0,"texture":"#0","tintindex":0}}},{"from":[-2.9142866,4.468442,20.279293],"to":[-1.0857143,10.297013,22.679293],"rotation":{"angle":0.0,"axis":"y","origin":[2.5714283,10.811299,29.765007]},"faces":{"east":{"uv":[7.0,12.5625,7.25,13.1875],"rotation":0,"texture":"#0","tintindex":0},"south":{"uv":[12.75,10.6875,12.9375,11.3125],"rotation":0,"texture":"#0","tintindex":0},"north":{"uv":[9.375,12.75,9.5625,13.375],"rotation":0,"texture":"#0","tintindex":0},"west":{"uv":[7.25,12.5625,7.5,13.1875],"rotation":0,"texture":"#0","tintindex":0},"up":{"uv":[0.8125,13.8125,0.625,13.5625],"rotation":0,"texture":"#0","tintindex":0},"down":{"uv":[13.75,2.0,13.5625,2.25],"rotation":0,"texture":"#0","tintindex":0}}},{"from":[0.5714283,5.668442,20.336435],"to":[2.2857141,10.23987,22.62215],"rotation":{"angle":-45.0,"axis":"z","origin":[2.5714283,10.811299,29.765007]},"faces":{"east":{"uv":[10.5625,12.6875,10.8125,13.1875],"rotation":0,"texture":"#0","tintindex":0},"south":{"uv":[1.0625,13.1875,1.25,13.6875],"rotation":0,"texture":"#0","tintindex":0},"north":{"uv":[0.875,13.1875,1.0625,13.6875],"rotation":0,"texture":"#0","tintindex":0},"west":{"uv":[0.0,12.75,0.25,13.25],"rotation":0,"texture":"#0","tintindex":0},"up":{"uv":[13.0625,13.75,12.875,13.5],"rotation":0,"texture":"#0","tintindex":0},"down":{"uv":[13.75,0.3125,13.5625,0.5625],"rotation":0,"texture":"#0","tintindex":0}}},{"from":[13.714286,5.668442,20.336435],"to":[15.428572,10.23987,22.62215],"rotation":{"angle":45.0,"axis":"z","origin":[13.428572,10.811299,29.765007]},"faces":{"east":{"uv":[12.75,1.4375,13.0,1.9375],"rotation":0,"texture":"#0","tintindex":0},"south":{"uv":[1.4375,13.1875,1.625,13.6875],"rotation":0,"texture":"#0","tintindex":0},"north":{"uv":[1.25,13.1875,1.4375,13.6875],"rotation":0,"texture":"#0","tintindex":0},"west":{"uv":[12.75,1.9375,13.0,2.4375],"rotation":0,"texture":"#0","tintindex":0},"up":{"uv":[4.6875,13.8125,4.5,13.5625],"rotation":0,"texture":"#0","tintindex":0},"down":{"uv":[13.75,7.6875,13.5625,7.9375],"rotation":0,"texture":"#0","tintindex":0}}},{"from":[17.085714,4.468442,20.279293],"to":[18.914288,10.297013,22.679293],"rotation":{"angle":0.0,"axis":"y","origin":[13.428572,10.811299,29.765007]},"faces":{"east":{"uv":[7.5,12.5625,7.75,13.1875],"rotation":0,"texture":"#0","tintindex":0},"south":{"uv":[12.6875,12.8125,12.875,13.4375],"rotation":0,"texture":"#0","tintindex":0},"north":{"uv":[12.5,12.8125,12.6875,13.4375],"rotation":0,"texture":"#0","tintindex":0},"west":{"uv":[7.75,12.5625,8.0,13.1875],"rotation":0,"texture":"#0","tintindex":0},"up":{"uv":[3.8125,13.8125,3.625,13.5625],"rotation":0,"texture":"#0","tintindex":0},"down":{"uv":[4.0,13.5625,3.8125,13.8125],"rotation":0,"texture":"#0","tintindex":0}}},{"from":[-2.514286,14.753579,-5.826296],"to":[-0.9142866,15.78215,-1.369153],"rotation":{"angle":45.0,"axis":"x","origin":[-1.7142859,15.267864,-16.740582]},"faces":{"east":{"uv":[13.125,0.1875,13.625,0.3125],"rotation":0,"texture":"#0","tintindex":0},"south":{"uv":[13.1875,13.5625,13.375,13.6875],"rotation":0,"texture":"#0","tintindex":0},"north":{"uv":[13.5,11.1875,13.6875,11.3125],"rotation":0,"texture":"#0","tintindex":0},"west":{"uv":[13.1875,3.1875,13.6875,3.3125],"rotation":0,"texture":"#0","tintindex":0},"up":{"uv":[11.75,13.5,11.5625,13.0],"rotation":0,"texture":"#0","tintindex":0},"down":{"uv":[4.6875,13.0625,4.5,13.5625],"rotation":0,"texture":"#0","tintindex":0}}},{"from":[-2.5714293,3.954156,-6.234995],"to":[-0.8571434,5.097013,24.62215],"rotation":{"angle":0.0,"axis":"y","origin":[2.5714283,11.382728,8.6221485]},"faces":{"east":{"uv":[10.5625,6.8125,13.9375,6.9375],"rotation":0,"texture":"#0","tintindex":0},"south":{"uv":[13.375,13.5625,13.5625,13.6875],"rotation":0,"texture":"#0","tintindex":0},"north":{"uv":[13.5625,13.3125,13.75,13.4375],"rotation":0,"texture":"#0","tintindex":0},"west":{"uv":[10.8125,10.4375,14.1875,10.5625],"rotation":0,"texture":"#0","tintindex":0},"up":{"uv":[2.4375,12.3125,2.25,8.9375],"rotation":0,"texture":"#0","tintindex":0},"down":{"uv":[2.625,8.9375,2.4375,12.3125],"rotation":0,"texture":"#0","tintindex":0}}},{"from":[16.857143,3.954156,-6.234995],"to":[18.57143,5.097013,24.62215],"rotation":{"angle":0.0,"axis":"y","origin":[13.428572,11.382728,8.6221485]},"faces":{"east":{"uv":[10.875,10.1875,14.25,10.3125],"rotation":0,"texture":"#0","tintindex":0},"south":{"uv":[2.8125,13.625,3.0,13.75],"rotation":0,"texture":"#0","tintindex":0},"north":{"uv":[13.625,2.75,13.8125,2.875],"rotation":0,"texture":"#0","tintindex":0},"west":{"uv":[10.875,10.3125,14.25,10.4375],"rotation":0,"texture":"#0","tintindex":0},"up":{"uv":[2.8125,12.3125,2.625,8.9375],"rotation":0,"texture":"#0","tintindex":0},"down":{"uv":[5.4375,8.9375,5.25,12.3125],"rotation":0,"texture":"#0","tintindex":0}}},{"from":[16.914288,14.753579,-5.826296],"to":[18.514286,15.78215,-1.369153],"rotation":{"angle":45.0,"axis":"x","origin":[17.714287,15.267864,-16.740582]},"faces":{"east":{"uv":[13.375,12.0625,13.875,12.1875],"rotation":0,"texture":"#0","tintindex":0},"south":{"uv":[13.625,0.1875,13.8125,0.3125],"rotation":0,"texture":"#0","tintindex":0},"north":{"uv":[0.125,13.625,0.3125,13.75],"rotation":0,"texture":"#0","tintindex":0},"west":{"uv":[13.375,12.1875,13.875,12.3125],"rotation":0,"texture":"#0","tintindex":0},"up":{"uv":[13.375,1.9375,13.1875,1.4375],"rotation":0,"texture":"#0","tintindex":0},"down":{"uv":[1.8125,13.1875,1.625,13.6875],"rotation":0,"texture":"#0","tintindex":0}}},{"from":[-2.6285725,8.325584,-3.7207088],"to":[-1.3714285,10.154156,24.965008],"rotation":{"angle":-22.5,"axis":"z","origin":[-1.4285717,8.811299,-1.0921373]},"faces":{"east":{"uv":[9.5625,2.8125,12.6875,3.0],"rotation":0,"texture":"#0","tintindex":0},"south":{"uv":[13.5625,13.4375,13.6875,13.625],"rotation":0,"texture":"#0","tintindex":0},"north":{"uv":[6.625,8.75,6.75,8.9375],"rotation":0,"texture":"#0","tintindex":0},"west":{"uv":[9.5625,3.0,12.6875,3.1875],"rotation":0,"texture":"#0","tintindex":0},"up":{"uv":[8.4375,13.75,8.3125,10.625],"rotation":0,"texture":"#0","tintindex":0},"down":{"uv":[8.5625,10.625,8.4375,13.75],"rotation":0,"texture":"#0","tintindex":0}}},{"from":[17.085714,4.468442,-0.8635664],"to":[18.914288,10.297013,1.5364347],"rotation":{"angle":0.0,"axis":"y","origin":[13.428572,10.811299,8.6221485]},"faces":{"east":{"uv":[4.25,12.5625,4.5,13.1875],"rotation":0,"texture":"#0","tintindex":0},"south":{"uv":[9.1875,12.75,9.375,13.375],"rotation":0,"texture":"#0","tintindex":0},"north":{"uv":[9.0,12.75,9.1875,13.375],"rotation":0,"texture":"#0","tintindex":0},"west":{"uv":[6.25,12.5625,6.5,13.1875],"rotation":0,"texture":"#0",