{"textures":{"0":"modelengine:entity/zeus_transparent"},"elements":[{"from":[-16.0,5.0119596,11.123876],"to":[-14.0,6.726245,13.123877],"rotation":{"angle":0.0,"axis":"y","origin":[10.050966,-1.7142859,8.0]},"faces":{"east":{"uv":[8.25,6.625,9.125,7.375],"rotation":0,"texture":"#0","tintindex":0},"south":{"uv":[12.375,0.0,13.25,0.75],"rotation":0,"texture":"#0","tintindex":0},"north":{"uv":[4.25,6.375,5.125,7.125],"rotation":0,"texture":"#0","tintindex":0},"west":{"uv":[9.125,6.625,8.25,7.375],"rotation":0,"texture":"#0","tintindex":0},"up":{"uv":[12.75,5.875,11.875,5.0],"rotation":0,"texture":"#0","tintindex":0},"down":{"uv":[12.875,10.75,12.0,11.625],"rotation":0,"texture":"#0","tintindex":0}}},{"from":[-14.03278,5.5833883,1.6084495],"to":[-13.747065,6.1548166,2.1798778],"rotation":{"angle":22.5,"axis":"y","origin":[11.193823,9.0,7.285714]},"faces":{"east":{"uv":[7.875,1.0,8.125,1.25],"rotation":0,"texture":"#0","tintindex":0},"south":{"uv":[11.875,10.75,12.0,11.0],"rotation":0,"texture":"#0","tintindex":0},"north":{"uv":[1.875,11.75,2.0,12.0],"rotation":0,"texture":"#0","tintindex":0},"west":{"uv":[10.0,11.0,10.25,11.25],"rotation":0,"texture":"#0","tintindex":0},"up":{"uv":[12.0,11.25,11.875,11.0],"rotation":0,"texture":"#0","tintindex":0},"down":{"uv":[12.375,3.5,12.25,3.75],"rotation":0,"texture":"#0","tintindex":0}}},{"from":[-12.43915,5.5833883,20.781628],"to":[-12.153435,6.1548166,21.353056],"rotation":{"angle":-22.5,"axis":"y","origin":[8.908109,9.0,7.285714]},"faces":{"east":{"uv":[10.25,11.0,10.0,11.25],"rotation":0,"texture":"#0","tintindex":0},"south":{"uv":[12.0,10.75,11.875,11.0],"rotation":0,"texture":"#0","tintindex":0},"north":{"uv":[2.0,11.75,1.875,12.0],"rotation":0,"texture":"#0","tintindex":0},"west":{"uv":[8.125,1.0,7.875,1.25],"rotation":0,"texture":"#0","tintindex":0},"up":{"uv":[11.875,11.25,12.0,11.0],"rotation":0,"texture":"#0","tintindex":0},"down":{"uv":[12.25,3.5,12.375,3.75],"rotation":0,"texture":"#0","tintindex":0}}},{"from":[-15.42857,5.226245,10.838161],"to":[-14.571428,5.7976737,11.123876],"rotation":{"angle":0.0,"axis":"y","origin":[10.050966,-1.7142859,8.0]},"faces":{"east":{"uv":[8.125,2.25,8.25,2.5],"rotation":0,"texture":"#0","tintindex":0},"south":{"uv":[0.5,15.125,0.875,15.375],"rotation":0,"texture":"#0","tintindex":0},"north":{"uv":[1.875,13.75,2.25,14.0],"rotation":0,"texture":"#0","tintindex":0},"west":{"uv":[10.125,7.875,10.25,8.125],"rotation":0,"texture":"#0","tintindex":0},"up":{"uv":[13.375,4.75,13.0,4.625],"rotation":0,"texture":"#0","tintindex":0},"down":{"uv":[4.375,13.875,4.0,14.0],"rotation":0,"texture":"#0","tintindex":0}}},{"from":[-15.214285,7.5471,11.536038],"to":[-14.785713,8.118528,11.96461],"rotation":{"angle":22.5,"axis":"x","origin":[10.050966,8.928572,6.285714]},"faces":{"east":{"uv":[2.5,14.0,2.6875,14.25],"rotation":0,"texture":"#0","tintindex":0},"south":{"uv":[7.5,14.5,7.6875,14.75],"rotation":0,"texture":"#0","tintindex":0},"north":{"uv":[14.0,1.25,14.1875,1.5],"rotation":0,"texture":"#0","tintindex":0},"west":{"uv":[4.25,14.625,4.4375,14.875],"rotation":0,"texture":"#0","tintindex":0},"up":{"uv":[8.1875,15.5625,8.0,15.375],"rotation":0,"texture":"#0","tintindex":0},"down":{"uv":[8.4375,15.375,8.25,15.5625],"rotation":0,"texture":"#0","tintindex":0}}},{"from":[-15.714285,6.404243,11.607467],"to":[-14.285713,7.261386,12.178896],"rotation":{"angle":22.5,"axis":"x","origin":[10.050966,8.071428,6.285714]},"faces":{"east":{"uv":[12.0,2.25,12.25,2.625],"rotation":0,"texture":"#0","tintindex":0},"south":{"uv":[3.625,14.625,4.25,15.0],"rotation":0,"texture":"#0","tintindex":0},"north":{"uv":[11.875,5.875,12.5,6.25],"rotation":0,"texture":"#0","tintindex":0},"west":{"uv":[2.75,12.125,3.0,12.5],"rotation":0,"texture":"#0","tintindex":0},"up":{"uv":[11.5,6.5,10.875,6.25],"rotation":0,"texture":"#0","tintindex":0},"down":{"uv":[15.625,5.0,15.0,5.25],"rotation":0,"texture":"#0","tintindex":0}}},{"from":[-15.5,6.118529,11.678896],"to":[-14.5,6.404243,12.107468],"rotation":{"angle":22.5,"axis":"x","origin":[10.050966,8.071428,6.285714]},"faces":{"east":{"uv":[11.75,14.875,11.9375,15.0],"rotation":0,"texture":"#0","tintindex":0},"south":{"uv":[9.5,12.0,9.9375,12.125],"rotation":0,"texture":"#0","tintindex":0},"north":{"uv":[5.25,7.125,5.6875,7.25],"rotation":0,"texture":"#0","tintindex":0},"west":{"uv":[15.375,7.875,15.5625,8.0],"rotation":0,"texture":"#0","tintindex":0},"up":{"uv":[15.6875,4.3125,15.25,4.125],"rotation":0,"texture":"#0","tintindex":0},"down":{"uv":[15.6875,4.375,15.25,4.5625],"rotation":0,"texture":"#0","tintindex":0}}},{"from":[-15.5,7.80872,11.348314],"to":[-14.5,8.380149,11.348314],"rotation":{"angle":45.0,"axis":"x","origin":[10.050966,6.9882317,5.9143534]},"faces":{"east":{"uv":[0.0,0.0,0.0,0.25],"rotation":0,"texture":"#0","tintindex":0},"south":{"uv":[15.4375,12.75,15.0,13.0],"rotation":0,"texture":"#0","tintindex":0},"north":{"uv":[15.0,12.75,15.4375,13.0],"rotation":0,"texture":"#0","tintindex":0},"west":{"uv":[0.0,0.0,0.0,0.25],"rotation":0,"texture":"#0","tintindex":0},"up":{"uv":[0.4375,0.0,0.0,0.0],"rotation":0,"texture":"#0","tintindex":0},"down":{"uv":[0.4375,0.0,0.0,0.0],"rotation":0,"texture":"#0","tintindex":0}}},{"from":[-11.609249,-4.2648754,10.90959],"to":[-10.752108,-3.693447,11.195305],"rotation":{"angle":-22.5,"axis":"z","origin":[10.622395,8.714286,6.285714]},"faces":{"east":{"uv":[10.125,8.125,10.25,8.375],"rotation":0,"texture":"#0","tintindex":0},"south":{"uv":[15.125,2.25,15.5,2.5],"rotation":0,"texture":"#0","tintindex":0},"north":{"uv":[1.875,15.125,2.25,15.375],"rotation":0,"texture":"#0","tintindex":0},"west":{"uv":[4.5,10.5,4.625,10.75],"rotation":0,"texture":"#0","tintindex":0},"up":{"uv":[14.25,13.25,13.875,13.125],"rotation":0,"texture":"#0","tintindex":0},"down":{"uv":[14.875,7.125,14.5,7.25],"rotation":0,"texture":"#0","tintindex":0}}},{"from":[-15.434107,14.908302,10.90959],"to":[-14.576965,15.479731,11.195305],"rotation":{"angle":22.5,"axis":"z","origin":[9.479538,8.714286,6.285714]},"faces":{"east":{"uv":[4.5,10.75,4.625,11.0],"rotation":0,"texture":"#0","tintindex":0},"south":{"uv":[7.5,15.125,7.875,15.375],"rotation":0,"texture":"#0","tintindex":0},"north":{"uv":[3.0,15.125,3.375,15.375],"rotation":0,"texture":"#0","tintindex":0},"west":{"uv":[1.875,11.5,2.0,11.75],"rotation":0,"texture":"#0","tintindex":0},"up":{"uv":[14.875,13.125,14.5,13.0],"rotation":0,"texture":"#0","tintindex":0},"down":{"uv":[2.25,15.375,1.875,15.5],"rotation":0,"texture":"#0","tintindex":0}}},{"from":[-14.005535,15.479731,10.90959],"to":[-13.29125,15.765446,11.195305],"rotation":{"angle":22.5,"axis":"z","origin":[9.479538,8.714286,6.285714]},"faces":{"east":{"uv":[2.25,10.25,2.375,10.375],"rotation":0,"texture":"#0","tintindex":0},"south":{"uv":[6.875,15.375,7.1875,15.5],"rotation":0,"texture":"#0","tintindex":0},"north":{"uv":[5.0,15.375,5.3125,15.5],"rotation":0,"texture":"#0","tintindex":0},"west":{"uv":[3.5,10.375,3.625,10.5],"rotation":0,"texture":"#0","tintindex":0},"up":{"uv":[15.6875,7.25,15.375,7.125],"rotation":0,"texture":"#0","tintindex":0},"down":{"uv":[7.5625,15.375,7.25,15.5],"rotation":0,"texture":"#0","tintindex":0}}},{"from":[-12.894964,-3.693447,10.90959],"to":[-12.180679,-3.407733,11.195305],"rotation":{"angle":-22.5,"axis":"z","origin":[10.622395,8.714286,6.285714]},"faces":{"east":{"uv":[11.0,11.25,11.125,11.375],"rotation":0,"texture":"#0","tintindex":0},"south":{"uv":[15.375,7.375,15.6875,7.5],"rotation":0,"texture":"#0","tintindex":0},"north":{"uv":[15.375,7.25,15.6875,7.375],"rotation":0,"texture":"#0","tintindex":0},"west":{"uv":[11.875,11.25,12.0,11.375],"rotation":0,"texture":"#0","tintindex":0},"up":{"uv":[15.6875,7.625,15.375,7.5],"rotation":0,"texture":"#0","tintindex":0},"down":{"uv":[7.9375,15.375,7.625,15.5],"rotation":0,"texture":"#0","tintindex":0}}},{"from":[-15.92857,9.078718,13.063547],"to":[-15.92857,11.078719,15.920691],"rotation":{"angle":45.0,"axis":"x","origin":[9.050966,8.543944,8.529587]},