{"textures":{"0":"modelengine:entity/zeus_transparent"},"elements":[{"from":[-11.449045,13.67506,-8.820005],"to":[-10.306189,14.532204,-7.677148],"rotation":{"angle":0.0,"axis":"y","origin":[5.5714283,-1.8571434,8.0]},"faces":{"east":{"uv":[14.875,14.0,15.375,14.375],"rotation":0,"texture":"#0","tintindex":0},"south":{"uv":[1.0,15.0,1.5,15.375],"rotation":0,"texture":"#0","tintindex":0},"north":{"uv":[11.375,5.0,11.875,5.375],"rotation":0,"texture":"#0","tintindex":0},"west":{"uv":[15.375,14.0,14.875,14.375],"rotation":0,"texture":"#0","tintindex":0},"up":{"uv":[10.0,12.0,9.5,11.5],"rotation":0,"texture":"#0","tintindex":0},"down":{"uv":[15.0,6.625,14.5,7.125],"rotation":0,"texture":"#0","tintindex":0}}},{"from":[-11.5204735,12.246489,-8.891434],"to":[-10.234758,13.67506,-7.6057186],"rotation":{"angle":0.0,"axis":"y","origin":[5.5714283,-1.8571434,8.0]},"faces":{"east":{"uv":[10.125,13.875,10.6875,14.5],"rotation":0,"texture":"#0","tintindex":0},"south":{"uv":[13.875,12.5,14.4375,13.125],"rotation":0,"texture":"#0","tintindex":0},"north":{"uv":[14.4375,12.5,13.875,13.125],"rotation":0,"texture":"#0","tintindex":0},"west":{"uv":[13.625,13.875,14.1875,14.5],"rotation":0,"texture":"#0","tintindex":0},"up":{"uv":[14.8125,4.5625,14.25,4.0],"rotation":0,"texture":"#0","tintindex":0},"down":{"uv":[5.0625,14.25,4.5,14.8125],"rotation":0,"texture":"#0","tintindex":0}}},{"from":[-11.4025,4.5468526,-8.605719],"to":[-10.973928,5.975424,-7.8914337],"rotation":{"angle":-22.5,"axis":"z","origin":[8.857143,6.714286,8.0]},"faces":{"east":{"uv":[4.625,14.875,4.9375,15.5],"rotation":0,"texture":"#0","tintindex":0},"south":{"uv":[10.75,13.875,10.9375,14.5],"rotation":0,"texture":"#0","tintindex":0},"north":{"uv":[3.25,13.375,3.4375,14.0],"rotation":0,"texture":"#0","tintindex":0},"west":{"uv":[6.125,14.875,6.4375,15.5],"rotation":0,"texture":"#0","tintindex":0},"up":{"uv":[14.0625,10.5625,13.875,10.25],"rotation":0,"texture":"#0","tintindex":0},"down":{"uv":[14.3125,8.625,14.125,8.9375],"rotation":0,"texture":"#0","tintindex":0}}},{"from":[-11.4025,5.975424,-8.462862],"to":[-10.973928,6.2611384,-8.03429],"rotation":{"angle":-22.5,"axis":"z","origin":[8.857143,6.714286,8.0]},"faces":{"east":{"uv":[1.25,13.625,1.4375,13.75],"rotation":0,"texture":"#0","tintindex":0},"south":{"uv":[7.125,13.75,7.3125,13.875],"rotation":0,"texture":"#0","tintindex":0},"north":{"uv":[13.5,3.375,13.6875,3.5],"rotation":0,"texture":"#0","tintindex":0},"west":{"uv":[13.875,10.625,14.0625,10.75],"rotation":0,"texture":"#0","tintindex":0},"up":{"uv":[5.6875,14.8125,5.5,14.625],"rotation":0,"texture":"#0","tintindex":0},"down":{"uv":[3.5625,15.125,3.375,15.3125],"rotation":0,"texture":"#0","tintindex":0}}},{"from":[-11.377617,11.532204,-8.748577],"to":[-10.377617,12.246489,-7.748576],"rotation":{"angle":0.0,"axis":"y","origin":[5.5714283,-1.8571434,8.0]},"faces":{"east":{"uv":[12.25,15.0,12.6875,15.3125],"rotation":0,"texture":"#0","tintindex":0},"south":{"uv":[15.0,12.375,15.4375,12.6875],"rotation":0,"texture":"#0","tintindex":0},"north":{"uv":[11.75,15.0,12.1875,15.3125],"rotation":0,"texture":"#0","tintindex":0},"west":{"uv":[12.6875,15.0,12.25,15.3125],"rotation":0,"texture":"#0","tintindex":0},"up":{"uv":[15.3125,7.5625,14.875,7.125],"rotation":0,"texture":"#0","tintindex":0},"down":{"uv":[11.6875,14.875,11.25,15.3125],"rotation":0,"texture":"#0","tintindex":0}}}],"display":{"head":{"translation":[0.0,-6.4,0.0],"scale":[4.0,4.0,4.0]}}}