{"textures":{"0":"modelengine:entity/zeus_transparent"},"elements":[{"from":[-11.091902,23.40777,2.2070231],"to":[-9.5204735,25.40777,3.921309],"rotation":{"angle":0.0,"axis":"y","origin":[6.142857,-1.4285717,8.0]},"faces":{"east":{"uv":[2.75,12.5,3.5,13.375],"rotation":0,"texture":"#0","tintindex":0},"south":{"uv":[12.625,0.75,13.3125,1.625],"rotation":0,"texture":"#0","tintindex":0},"north":{"uv":[12.375,12.5,13.0625,13.375],"rotation":0,"texture":"#0","tintindex":0},"west":{"uv":[3.5,12.5,2.75,13.375],"rotation":0,"texture":"#0","tintindex":0},"up":{"uv":[13.5625,12.5,12.875,11.75],"rotation":0,"texture":"#0","tintindex":0},"down":{"uv":[2.1875,13.0,1.5,13.75],"rotation":0,"texture":"#0","tintindex":0}}},{"from":[-10.949045,21.979198,2.421309],"to":[-9.66333,23.40777,3.7070236],"rotation":{"angle":0.0,"axis":"y","origin":[6.142857,-1.4285717,8.0]},"faces":{"east":{"uv":[7.125,13.875,7.6875,14.5],"rotation":0,"texture":"#0","tintindex":0},"south":{"uv":[8.875,13.875,9.4375,14.5],"rotation":0,"texture":"#0","tintindex":0},"north":{"uv":[13.875,6.625,14.4375,7.25],"rotation":0,"texture":"#0","tintindex":0},"west":{"uv":[7.6875,13.875,7.125,14.5],"rotation":0,"texture":"#0","tintindex":0},"up":{"uv":[14.6875,8.1875,14.125,7.625],"rotation":0,"texture":"#0","tintindex":0},"down":{"uv":[3.0625,14.25,2.5,14.8125],"rotation":0,"texture":"#0","tintindex":0}}},{"from":[-11.091902,22.550627,2.278452],"to":[-9.5204735,22.836342,3.8498807],"rotation":{"angle":0.0,"axis":"y","origin":[6.142857,-1.4285717,8.0]},"faces":{"east":{"uv":[15.4375,9.25,14.75,9.375],"rotation":0,"texture":"#0","tintindex":0},"south":{"uv":[5.875,12.0,6.5625,12.125],"rotation":0,"texture":"#0","tintindex":0},"north":{"uv":[6.25,7.25,6.9375,7.375],"rotation":0,"texture":"#0","tintindex":0},"west":{"uv":[14.75,9.25,15.4375,9.375],"rotation":0,"texture":"#0","tintindex":0},"up":{"uv":[7.3125,13.6875,6.625,13.0],"rotation":0,"texture":"#0","tintindex":0},"down":{"uv":[8.0625,13.125,7.375,13.8125],"rotation":0,"texture":"#0","tintindex":0}}}],"display":{"head":{"translation":[0.0,-6.4,0.0],"scale":[4.0,4.0,4.0]}}}