{"textures":{"0":"modelengine:entity/giant_zombie"},"elements":[{"from":[1.9285712,11.689939,6.136072],"to":[13.928572,17.404224,11.850358],"rotation":{"angle":0.0,"axis":"y","origin":[7.642857,-6.0243483,6.136072]},"faces":{"east":{"uv":[5.25,0.0,6.5,1.25],"rotation":0,"texture":"#0","tintindex":0},"south":{"uv":[0.0,1.25,2.625,2.5],"rotation":0,"texture":"#0","tintindex":0},"north":{"uv":[0.0,0.0,2.625,1.25],"rotation":0,"texture":"#0","tintindex":0},"west":{"uv":[1.375,5.5,2.625,6.75],"rotation":0,"texture":"#0","tintindex":0},"up":{"uv":[2.625,3.75,0.0,2.5],"rotation":0,"texture":"#0","tintindex":0},"down":{"uv":[5.25,0.0,2.625,1.25],"rotation":0,"texture":"#0","tintindex":0}}},{"from":[3.642857,8.167205,6.5782137],"to":[12.214286,12.738634,11.149643],"rotation":{"angle":22.5,"axis":"x","origin":[9.642858,10.452919,8.863928]},"faces":{"east":{"uv":[7.125,4.125,8.125,5.125],"rotation":0,"texture":"#0","tintindex":0},"south":{"uv":[0.0,3.75,1.875,4.75],"rotation":0,"texture":"#0","tintindex":0},"north":{"uv":[2.625,3.5,4.5,4.5],"rotation":0,"texture":"#0","tintindex":0},"west":{"uv":[0.0,7.375,1.0,8.375],"rotation":0,"texture":"#0","tintindex":0},"up":{"uv":[3.75,5.5,1.875,4.5],"rotation":0,"texture":"#0","tintindex":0},"down":{"uv":[6.375,3.5,4.5,4.5],"rotation":0,"texture":"#0","tintindex":0}}},{"from":[3.3571424,4.738633,6.2924995],"to":[12.5,8.167205,11.435357],"rotation":{"angle":22.5,"axis":"x","origin":[9.642858,10.452919,8.863928]},"faces":{"east":{"uv":[4.375,7.875,5.5,8.625],"rotation":0,"texture":"#0","tintindex":0},"south":{"uv":[6.0,5.75,8.0,6.5],"rotation":0,"texture":"#0","tintindex":0},"north":{"uv":[5.625,2.5,7.625,3.25],"rotation":0,"texture":"#0","tintindex":0},"west":{"uv":[8.0,1.0,9.125,1.75],"rotation":0,"texture":"#0","tintindex":0},"up":{"uv":[4.625,2.375,2.625,1.25],"rotation":0,"texture":"#0","tintindex":0},"down":{"uv":[4.625,2.375,2.625,3.5],"rotation":0,"texture":"#0","tintindex":0}}},{"from":[6.5,17.404224,8.421786],"to":[9.928572,20.261368,11.278929],"rotation":{"angle":0.0,"axis":"y","origin":[7.642857,-6.0243483,6.136072]},"faces":{"east":{"uv":[3.5,9.125,4.125,9.75],"rotation":0,"texture":"#0","tintindex":0},"south":{"uv":[8.875,7.0,9.625,7.625],"rotation":0,"texture":"#0","tintindex":0},"north":{"uv":[8.875,5.375,9.625,6.0],"rotation":0,"texture":"#0","tintindex":0},"west":{"uv":[6.25,9.125,6.875,9.75],"rotation":0,"texture":"#0","tintindex":0},"up":{"uv":[9.625,8.25,8.875,7.625],"rotation":0,"texture":"#0","tintindex":0},"down":{"uv":[9.75,6.0,9.0,6.625],"rotation":0,"texture":"#0","tintindex":0}}}],"display":{"head":{"translation":[0.0,-6.4,0.0],"scale":[4.0,4.0,4.0]}}}