{"textures":{"0":"modelengine:entity/fortress_turtle"},"elements":[{"name":"cube","from":[5.6,6.5,5.8999996],"to":[9.8,16.1,10.1],"rotation":{"angle":0.0,"axis":"x","origin":[-10.000001,-15.700002,2.2999997]},"faces":{"down":{"uv":[3.621875,8.003125,3.409375,8.215625],"rotation":0,"texture":"#0","tintindex":0},"east":{"uv":[4.659375,9.690625,4.871875,10.184375],"rotation":0,"texture":"#0","tintindex":0},"north":{"uv":[9.003125,9.628125,9.215625,10.121875],"rotation":0,"texture":"#0","tintindex":0},"south":{"uv":[7.628125,9.690625,7.840625,10.184375],"rotation":0,"texture":"#0","tintindex":0},"up":{"uv":[7.496875,8.121875,7.284375,7.909375],"rotation":0,"texture":"#0","tintindex":0},"west":{"uv":[7.846875,9.690625,8.059375,10.184375],"rotation":0,"texture":"#0","tintindex":0}}},{"name":"cube","from":[4.3999996,16.1,4.7],"to":[11.0,25.100002,11.3],"rotation":{"angle":0.0,"axis":"x","origin":[-10.000001,-15.700002,2.2999997]},"faces":{"down":{"uv":[3.621875,9.565625,3.284375,9.903125],"rotation":0,"texture":"#0","tintindex":0},"east":{"uv":[5.034375,9.315625,5.371875,9.778125],"rotation":0,"texture":"#0","tintindex":0},"north":{"uv":[3.690625,9.315625,4.028125,9.778125],"rotation":0,"texture":"#0","tintindex":0},"south":{"uv":[9.409375,7.878125,9.746875,8.340625],"rotation":0,"texture":"#0","tintindex":0},"up":{"uv":[9.903125,2.809375,9.565625,2.471875],"rotation":0,"texture":"#0","tintindex":0},"west":{"uv":[9.440625,1.659375,9.778125,2.121875],"rotation":0,"texture":"#0","tintindex":0}}},{"name":"cube","from":[1.0367117,13.891606,3.4999998],"to":[1.0367117,25.29161,12.5],"rotation":{"angle":-22.5,"axis":"z","origin":[2.2367117,16.741608,9.2]},"faces":{"down":{"uv":[0.003125,0.003125,0.003125,0.465625],"rotation":0,"texture":"#0","tintindex":0},"east":{"uv":[2.121875,8.690625,1.659375,9.278125],"rotation":0,"texture":"#0","tintindex":0},"north":{"uv":[0.003125,0.003125,0.003125,0.590625],"rotation":0,"texture":"#0","tintindex":0},"south":{"uv":[0.003125,0.003125,0.003125,0.590625],"rotation":0,"texture":"#0","tintindex":0},"up":{"uv":[0.003125,0.465625,0.003125,0.003125],"rotation":0,"texture":"#0","tintindex":0},"west":{"uv":[1.659375,8.690625,2.121875,9.278125],"rotation":0,"texture":"#0","tintindex":0}}},{"name":"cube","from":[13.763286,10.891606,3.4999998],"to":[13.763286,22.29161,12.5],"rotation":{"angle":22.5,"axis":"z","origin":[5.9632864,16.741608,9.2]},"faces":{"down":{"uv":[0.003125,0.003125,0.003125,0.465625],"rotation":0,"texture":"#0","tintindex":0},"east":{"uv":[2.121875,8.690625,1.659375,9.278125],"rotation":0,"texture":"#0","tintindex":0},"north":{"uv":[0.003125,0.003125,0.003125,0.590625],"rotation":0,"texture":"#0","tintindex":0},"south":{"uv":[0.003125,0.003125,0.003125,0.590625],"rotation":0,"texture":"#0","tintindex":0},"up":{"uv":[0.003125,0.465625,0.003125,0.003125],"rotation":0,"texture":"#0","tintindex":0},"west":{"uv":[1.659375,8.690625,2.121875,9.278125],"rotation":0,"texture":"#0","tintindex":0}}},{"name":"cube","from":[2.7499993,10.891606,13.613287],"to":[11.75,22.29161,13.613287],"rotation":{"angle":-22.5,"axis":"x","origin":[6.049999,16.741608,6.413287]},"faces":{"down":{"uv":[0.003125,0.003125,0.003125,0.465625],"rotation":270,"texture":"#0","tintindex":0},"east":{"uv":[0.003125,0.003125,0.003125,0.590625],"rotation":0,"texture":"#0","tintindex":0},"north":{"uv":[1.659375,8.690625,2.121875,9.278125],"rotation":0,"texture":"#0","tintindex":0},"south":{"uv":[2.121875,8.690625,1.659375,9.278125],"rotation":0,"texture":"#0","tintindex":0},"up":{"uv":[0.003125,0.465625,0.003125,0.003125],"rotation":90,"texture":"#0","tintindex":0},"west":{"uv":[0.003125,0.003125,0.003125,0.590625],"rotation":0,"texture":"#0","tintindex":0}}},{"name":"cube","from":[2.7499993,13.891606,1.4867128],"to":[11.75,25.29161,1.4867128],"rotation":{"angle":22.5,"axis":"x","origin":[6.049999,16.741608,2.6867127]},"faces":{"down":{"uv":[0.003125,0.003125,0.003125,0.465625],"rotation":270,"texture":"#0","tintindex":0},"east":{"uv":[0.003125,0.003125,0.003125,0.590625],"rotation":0,"texture":"#0","tintindex":0},"north":{"uv":[1.659375,8.690625,2.121875,9.278125],"rotation":0,"texture":"#0","tintindex":0},"south":{"uv":[2.121875,8.690625,1.659375,9.278125],"rotation":0,"texture":"#0","tintindex":0},"up":{"uv":[0.003125,0.465625,0.003125,0.003125],"rotation":90,"texture":"#0","tintindex":0},"west":{"uv":[0.003125,0.003125,0.003125,0.590625],"rotation":0,"texture":"#0","tintindex":0}}}],"display":{"head":{"translation":[0.0,-6.4,0.0],"rotation":[0.0,0.0,0.0],"scale":[3.8095,3.8095,3.8095]}}}