{"textures":{"0":"modelengine:entity/wolfebersahd"},"elements":[{"from":[5.714286,8.0,3.4285712],"to":[11.428572,8.0,8.0],"rotation":{"angle":0.0,"axis":"y","origin":[8.0,6.285714,9.428572]},"faces":{"east":{"uv":[0.0125,0.0125,0.9875,0.0125],"rotation":0,"texture":"#0","tintindex":0},"south":{"uv":[0.0125,0.0125,1.2375,0.0125],"rotation":0,"texture":"#0","tintindex":0},"north":{"uv":[0.0125,0.0125,1.2375,0.0125],"rotation":0,"texture":"#0","tintindex":0},"west":{"uv":[0.0125,0.0125,0.9875,0.0125],"rotation":0,"texture":"#0","tintindex":0},"up":{"uv":[13.2375,9.1125,12.0125,8.1375],"rotation":0,"texture":"#0","tintindex":0},"down":{"uv":[12.0125,8.1375,13.2375,9.1125],"rotation":0,"texture":"#0","tintindex":0}}}],"display":{"head":{"translation":[0.0,-6.4,0.0],"scale":[4.0,4.0,4.0]}}}