{"textures":{"0":"modelengine:entity/wolfebersahd"},"elements":[{"name":"cube","from":[8.0,5.08738,4.249528],"to":[11.0,7.48738,8.449528],"rotation":{"angle":0.0,"axis":"x","origin":[9.2,-17.71262,7.249528]},"faces":{"down":{"uv":[9.3625,13.8875,8.7625,14.7375],"rotation":0,"texture":"#0","tintindex":0},"east":{"uv":[14.9875,4.8875,14.1375,5.3625],"rotation":0,"texture":"#0","tintindex":0},"north":{"uv":[5.3875,7.8875,5.9875,8.3625],"rotation":0,"texture":"#0","tintindex":0},"south":{"uv":[14.5125,8.3875,15.1125,8.8625],"rotation":0,"texture":"#0","tintindex":0},"up":{"uv":[14.4875,9.4875,13.8875,8.6375],"rotation":0,"texture":"#0","tintindex":0},"west":{"uv":[14.1375,4.8875,14.9875,5.3625],"rotation":0,"texture":"#0","tintindex":0}}},{"name":"cube","from":[7.4,7.48738,4.249528],"to":[11.6,9.887381,8.449528],"rotation":{"angle":0.0,"axis":"x","origin":[9.2,-17.71262,7.249528]},"faces":{"down":{"uv":[3.7375,13.3875,2.8875,14.2375],"rotation":0,"texture":"#0","tintindex":0},"east":{"uv":[14.9875,3.5125,14.1375,3.9875],"rotation":0,"texture":"#0","tintindex":0},"north":{"uv":[2.8875,7.2625,3.7375,7.7375],"rotation":0,"texture":"#0","tintindex":0},"south":{"uv":[13.6375,7.5125,14.4875,7.9875],"rotation":0,"texture":"#0","tintindex":0},"up":{"uv":[13.4875,14.1125,12.6375,13.2625],"rotation":0,"texture":"#0","tintindex":0},"west":{"uv":[14.1375,3.5125,14.9875,3.9875],"rotation":0,"texture":"#0","tintindex":0}}},{"name":"cube","from":[8.0,6.88738,1.2495277],"to":[11.0,8.68738,4.249528],"rotation":{"angle":0.0,"axis":"x","origin":[9.2,-17.71262,7.249528]},"faces":{"down":{"uv":[12.8625,11.1375,12.2625,11.7375],"rotation":0,"texture":"#0","tintindex":0},"east":{"uv":[14.7625,2.5125,15.3625,2.8625],"rotation":0,"texture":"#0","tintindex":0},"north":{"uv":[14.6375,12.5125,15.2375,12.8625],"rotation":0,"texture":"#0","tintindex":0},"south":{"uv":[14.7625,2.8875,15.3625,3.2375],"rotation":0,"texture":"#0","tintindex":0},"up":{"uv":[1.3625,11.8625,0.7625,11.2625],"rotation":0,"texture":"#0","tintindex":0},"west":{"uv":[8.6375,14.7625,9.2375,15.1125],"rotation":0,"texture":"#0","tintindex":0}}},{"name":"cube","from":[8.3,5.68738,1.2495277],"to":[10.700001,6.88738,4.249528],"rotation":{"angle":0.0,"axis":"x","origin":[9.2,-17.71262,7.249528]},"faces":{"down":{"uv":[9.4875,15.3875,9.0125,15.9875],"rotation":0,"texture":"#0","tintindex":0},"east":{"uv":[8.3875,15.5125,8.9875,15.7375],"rotation":0,"texture":"#0","tintindex":0},"north":{"uv":[9.6375,15.5125,10.1125,15.7375],"rotation":0,"texture":"#0","tintindex":0},"south":{"uv":[8.3875,15.7625,8.8625,15.9875],"rotation":0,"texture":"#0","tintindex":0},"up":{"uv":[8.3625,15.9875,7.8875,15.3875],"rotation":0,"texture":"#0","tintindex":0},"west":{"uv":[9.5125,15.7625,10.1125,15.9875],"rotation":0,"texture":"#0","tintindex":0}}},{"name":"cube","from":[4.3999996,5.08738,7.249528],"to":[8.6,10.487381,7.249528],"rotation":{"angle":22.5,"axis":"y","origin":[6.8,8.08738,7.249528]},"faces":{"down":{"uv":[0.8625,0.0125,0.0125,0.0125],"rotation":0,"texture":"#0","tintindex":0},"east":{"uv":[0.0125,0.0125,0.0125,1.1125],"rotation":0,"texture":"#0","tintindex":0},"north":{"uv":[13.2625,4.3875,14.1125,5.4875],"rotation":0,"texture":"#0","tintindex":0},"south":{"uv":[14.1125,4.3875,13.2625,5.4875],"rotation":0,"texture":"#0","tintindex":0},"up":{"uv":[0.8625,0.0125,0.0125,0.0125],"rotation":0,"texture":"#0","tintindex":0},"west":{"uv":[0.0125,0.0125,0.0125,1.1125],"rotation":0,"texture":"#0","tintindex":0}}},{"name":"cube","from":[10.35631,5.08738,7.024764],"to":[14.556312,10.487381,7.024764],"rotation":{"angle":-22.5,"axis":"y","origin":[11.6,8.08738,7.249528]},"faces":{"down":{"uv":[0.0125,0.0125,0.8625,0.0125],"rotation":0,"texture":"#0","tintindex":0},"east":{"uv":[0.0125,0.0125,0.0125,1.1125],"rotation":0,"texture":"#0","tintindex":0},"north":{"uv":[14.1125,4.3875,13.2625,5.4875],"rotation":0,"texture":"#0","tintindex":0},"south":{"uv":[13.2625,4.3875,14.1125,5.4875],"rotation":0,"texture":"#0","tintindex":0},"up":{"uv":[0.0125,0.0125,0.8625,0.0125],"rotation":0,"texture":"#0","tintindex":0},"west":{"uv":[0.0125,0.0125,0.0125,1.1125],"rotation":0,"texture":"#0","tintindex":0}}},{"name":"cube","from":[6.2,8.68738,7.849528],"to":[9.2,12.28738,7.849528],"rotation":{"angle":0.0,"axis":"x","origin":[9.2,-17.71262,7.249528]},"faces":{"down":{"uv":[0.6125,0.0125,0.0125,0.0125],"rotation":0,"texture":"#0","tintindex":0},"east":{"uv":[0.0125,0.0125,0.0125,0.7375],"rotation":0,"texture":"#0","tintindex":0},"north":{"uv":[14.7375,2.7625,14.1375,3.4875],"rotation":0,"texture":"#0","tintindex":0},"south":{"uv":[15.0125,0.6375,15.6125,1.3625],"rotation":0,"texture":"#0","tintindex":0},"up":{"uv":[0.6125,0.0125,0.0125,0.0125],"rotation":0,"texture":"#0","tintindex":0},"west":{"uv":[0.0125,0.0125,0.0125,0.7375],"rotation":0,"texture":"#0","tintindex":0}}},{"name":"cube","from":[6.2,12.2,7.4],"to":[9.2,14.6,7.4],"rotation":{"angle":0.0,"axis":"x","origin":[8.0,13.400001,7.4]},"faces":{"down":{"uv":[0.6125,0.0125,0.0125,0.0125],"rotation":0,"texture":"#0","tintindex":0},"east":{"uv":[0.0125,0.0125,0.0125,0.4875],"rotation":0,"texture":"#0","tintindex":0},"north":{"uv":[14.5125,8.8875,15.1125,9.3625],"rotation":0,"texture":"#0","tintindex":0},"south":{"uv":[15.1125,8.8875,14.5125,9.3625],"rotation":0,"texture":"#0","tintindex":0},"up":{"uv":[0.6125,0.0125,0.0125,0.0125],"rotation":0,"texture":"#0","tintindex":0},"west":{"uv":[0.0125,0.0125,0.0125,0.4875],"rotation":0,"texture":"#0","tintindex":0}}},{"name":"cube","from":[9.8,8.68738,7.849528],"to":[12.8,12.28738,7.849528],"rotation":{"angle":0.0,"axis":"x","origin":[9.2,-17.71262,7.249528]},"faces":{"down":{"uv":[0.0125,0.0125,0.6125,0.0125],"rotation":0,"texture":"#0","tintindex":0},"east":{"uv":[0.0125,0.0125,0.0125,0.7375],"rotation":0,"texture":"#0","tintindex":0},"north":{"uv":[14.1375,2.7625,14.7375,3.4875],"rotation":0,"texture":"#0","tintindex":0},"south":{"uv":[15.6125,0.6375,15.0125,1.3625],"rotation":0,"texture":"#0","tintindex":0},"up":{"uv":[0.0125,0.0125,0.6125,0.0125],"rotation":0,"texture":"#0","tintindex":0},"west":{"uv":[0.0125,0.0125,0.0125,0.7375],"rotation":0,"texture":"#0","tintindex":0}}},{"name":"cube","from":[9.8,12.2,7.4],"to":[12.8,14.6,7.4],"rotation":{"angle":0.0,"axis":"x","origin":[10.4,13.400001,7.4]},"faces":{"down":{"uv":[0.0125,0.0125,0.6125,0.0125],"rotation":0,"texture":"#0","tintindex":0},"east":{"uv":[0.0125,0.0125,0.0125,0.4875],"rotation":0,"texture":"#0","tintindex":0},"north":{"uv":[15.1125,8.8875,14.5125,9.3625],"rotation":0,"texture":"#0","tintindex":0},"south":{"uv":[14.5125,8.8875,15.1125,9.3625],"rotation":0,"texture":"#0","tintindex":0},"up":{"uv":[0.0125,0.0125,0.6125,0.0125],"rotation":0,"texture":"#0","tintindex":0},"west":{"uv":[0.0125,0.0125,0.0125,0.4875],"rotation":0,"texture":"#0","tintindex":0}}}],"display":{"head":{"translation":[0.0,-6.4,0.0],"rotation":[0.0,0.0,0.0],"scale":[3.8095,3.8095,3.8095]}}}
