{"textures":{"0":"modelengine:entity/wolfebersahd"},"elements":[{"from":[8.0,5.226075,4.4281216],"to":[10.857143,7.51179,8.428122],"rotation":{"angle":0.0,"axis":"y","origin":[9.142858,-16.48821,7.2852645]},"faces":{"east":{"uv":[14.9875,4.8875,14.1375,5.3625],"rotation":0,"texture":"#0","tintindex":0},"south":{"uv":[14.5125,8.3875,15.1125,8.8625],"rotation":0,"texture":"#0","tintindex":0},"north":{"uv":[5.3875,7.8875,5.9875,8.3625],"rotation":0,"texture":"#0","tintindex":0},"west":{"uv":[14.1375,4.8875,14.9875,5.3625],"rotation":0,"texture":"#0","tintindex":0},"up":{"uv":[14.4875,9.4875,13.8875,8.6375],"rotation":0,"texture":"#0","tintindex":0},"down":{"uv":[9.3625,13.8875,8.7625,14.7375],"rotation":0,"texture":"#0","tintindex":0}}},{"from":[7.428571,7.51179,4.4281216],"to":[11.428572,9.797504,8.428122],"rotation":{"angle":0.0,"axis":"y","origin":[9.142858,-16.48821,7.2852645]},"faces":{"east":{"uv":[14.9875,3.5125,14.1375,3.9875],"rotation":0,"texture":"#0","tintindex":0},"south":{"uv":[13.6375,7.5125,14.4875,7.9875],"rotation":0,"texture":"#0","tintindex":0},"north":{"uv":[2.8875,7.2625,3.7375,7.7375],"rotation":0,"texture":"#0","tintindex":0},"west":{"uv":[14.1375,3.5125,14.9875,3.9875],"rotation":0,"texture":"#0","tintindex":0},"up":{"uv":[13.4875,14.1125,12.6375,13.2625],"rotation":0,"texture":"#0","tintindex":0},"down":{"uv":[3.7375,13.3875,2.8875,14.2375],"rotation":0,"texture":"#0","tintindex":0}}},{"from":[8.0,6.940361,1.5709786],"to":[10.857143,8.654647,4.4281216],"rotation":{"angle":0.0,"axis":"y","origin":[9.142858,-16.48821,7.2852645]},"faces":{"east":{"uv":[14.7625,2.5125,15.3625,2.8625],"rotation":0,"texture":"#0","tintindex":0},"south":{"uv":[14.7625,2.8875,15.3625,3.2375],"rotation":0,"texture":"#0","tintindex":0},"north":{"uv":[14.6375,12.5125,15.2375,12.8625],"rotation":0,"texture":"#0","tintindex":0},"west":{"uv":[8.6375,14.7625,9.2375,15.1125],"rotation":0,"texture":"#0","tintindex":0},"up":{"uv":[1.3625,11.8625,0.7625,11.2625],"rotation":0,"texture":"#0","tintindex":0},"down":{"uv":[12.8625,11.1375,12.2625,11.7375],"rotation":0,"texture":"#0","tintindex":0}}},{"from":[8.285714,5.797504,1.5709786],"to":[10.571428,6.940361,4.4281216],"rotation":{"angle":0.0,"axis":"y","origin":[9.142858,-16.48821,7.2852645]},"faces":{"east":{"uv":[8.3875,15.5125,8.9875,15.7375],"rotation":0,"texture":"#0","tintindex":0},"south":{"uv":[8.3875,15.7625,8.8625,15.9875],"rotation":0,"texture":"#0","tintindex":0},"north":{"uv":[9.6375,15.5125,10.1125,15.7375],"rotation":0,"texture":"#0","tintindex":0},"west":{"uv":[9.5125,15.7625,10.1125,15.9875],"rotation":0,"texture":"#0","tintindex":0},"up":{"uv":[8.3625,15.9875,7.8875,15.3875],"rotation":0,"texture":"#0","tintindex":0},"down":{"uv":[9.4875,15.3875,9.0125,15.9875],"rotation":0,"texture":"#0","tintindex":0}}},{"from":[4.5714283,5.226075,7.2852645],"to":[8.571428,10.368933,7.2852645],"rotation":{"angle":22.5,"axis":"y","origin":[6.857143,8.083219,7.2852645]},"faces":{"east":{"uv":[0.0125,0.0125,0.0125,1.1125],"rotation":0,"texture":"#0","tintindex":0},"south":{"uv":[14.1125,4.3875,13.2625,5.4875],"rotation":0,"texture":"#0","tintindex":0},"north":{"uv":[13.2625,4.3875,14.1125,5.4875],"rotation":0,"texture":"#0","tintindex":0},"west":{"uv":[0.0125,0.0125,0.0125,1.1125],"rotation":0,"texture":"#0","tintindex":0},"up":{"uv":[0.8625,0.0125,0.0125,0.0125],"rotation":0,"texture":"#0","tintindex":0},"down":{"uv":[0.8625,0.0125,0.0125,0.0125],"rotation":0,"texture":"#0","tintindex":0}}},{"from":[10.244105,5.226075,7.0712037],"to":[14.244105,10.368933,7.0712037],"rotation":{"angle":-22.5,"axis":"y","origin":[11.428572,8.083219,7.2852645]},"faces":{"east":{"uv":[0.0125,0.0125,0.0125,1.1125],"rotation":0,"texture":"#0","tintindex":0},"south":{"uv":[13.2625,4.3875,14.1125,5.4875],"rotation":0,"texture":"#0","tintindex":0},"north":{"uv":[14.1125,4.3875,13.2625,5.4875],"rotation":0,"texture":"#0","tintindex":0},"west":{"uv":[0.0125,0.0125,0.0125,1.1125],"rotation":0,"texture":"#0","tintindex":0},"up":{"uv":[0.0125,0.0125,0.8625,0.0125],"rotation":0,"texture":"#0","tintindex":0},"down":{"uv":[0.0125,0.0125,0.8625,0.0125],"rotation":0,"texture":"#0","tintindex":0}}},{"from":[6.285714,8.654647,7.8566933],"to":[9.142858,12.083219,7.8566933],"rotation":{"angle":0.0,"axis":"y","origin":[9.142858,-16.48821,7.2852645]},"faces":{"east":{"uv":[0.0125,0.0125,0.0125,0.7375],"rotation":0,"texture":"#0","tintindex":0},"south":{"uv":[15.0125,0.6375,15.6125,1.3625],"rotation":0,"texture":"#0","tintindex":0},"north":{"uv":[14.7375,2.7625,14.1375,3.4875],"rotation":0,"texture":"#0","tintindex":0},"west":{"uv":[0.0125,0.0125,0.0125,0.7375],"rotation":0,"texture":"#0","tintindex":0},"up":{"uv":[0.6125,0.0125,0.0125,0.0125],"rotation":0,"texture":"#0","tintindex":0},"down":{"uv":[0.6125,0.0125,0.0125,0.0125],"rotation":0,"texture":"#0","tintindex":0}}},{"from":[6.285714,12.0,7.428571],"to":[9.142858,14.285715,7.428571],"rotation":{"angle":0.0,"axis":"x","origin":[8.0,13.142858,7.428571]},"faces":{"east":{"uv":[0.0125,0.0125,0.0125,0.4875],"rotation":0,"texture":"#0","tintindex":0},"south":{"uv":[15.1125,8.8875,14.5125,9.3625],"rotation":0,"texture":"#0","tintindex":0},"north":{"uv":[14.5125,8.8875,15.1125,9.3625],"rotation":0,"texture":"#0","tintindex":0},"west":{"uv":[0.0125,0.0125,0.0125,0.4875],"rotation":0,"texture":"#0","tintindex":0},"up":{"uv":[0.6125,0.0125,0.0125,0.0125],"rotation":0,"texture":"#0","tintindex":0},"down":{"uv":[0.6125,0.0125,0.0125,0.0125],"rotation":0,"texture":"#0","tintindex":0}}},{"from":[9.714286,8.654647,7.8566933],"to":[12.571428,12.083219,7.8566933],"rotation":{"angle":0.0,"axis":"y","origin":[9.142858,-16.48821,7.2852645]},"faces":{"east":{"uv":[0.0125,0.0125,0.0125,0.7375],"rotation":0,"texture":"#0","tintindex":0},"south":{"uv":[15.6125,0.6375,15.0125,1.3625],"rotation":0,"texture":"#0","tintindex":0},"north":{"uv":[14.1375,2.7625,14.7375,3.4875],"rotation":0,"texture":"#0","tintindex":0},"west":{"uv":[0.0125,0.0125,0.0125,0.7375],"rotation":0,"texture":"#0","tintindex":0},"up":{"uv":[0.0125,0.0125,0.6125,0.0125],"rotation":0,"texture":"#0","tintindex":0},"down":{"uv":[0.0125,0.0125,0.6125,0.0125],"rotation":0,"texture":"#0","tintindex":0}}},{"from":[9.714286,12.0,7.428571],"to":[12.571428,14.285715,7.428571],"rotation":{"angle":0.0,"axis":"x","origin":[10.285714,13.142858,7.428571]},"faces":{"east":{"uv":[0.0125,0.0125,0.0125,0.4875],"rotation":0,"texture":"#0","tintindex":0},"south":{"uv":[14.5125,8.8875,15.1125,9.3625],"rotation":0,"texture":"#0","tintindex":0},"north":{"uv":[15.1125,8.8875,14.5125,9.3625],"rotation":0,"texture":"#0","tintindex":0},"west":{"uv":[0.0125,0.0125,0.0125,0.4875],"rotation":0,"texture":"#0","tintindex":0},"up":{"uv":[0.0125,0.0125,0.6125,0.0125],"rotation":0,"texture":"#0","tintindex":0},"down":{"uv":[0.0125,0.0125,0.6125,0.0125],"rotation":0,"texture":"#0","tintindex":0}}}],"display":{"head":{"translation":[0.0,-6.4,0.0],"scale":[4.0,4.0,4.0]}}}