{"textures":{"0":"modelengine:entity/wolfebersahd"},"elements":[{"name":"cube","from":[6.323223,-1.5972023,3.8585105],"to":[8.723223,3.2027974,7.458511],"rotation":{"angle":0.0,"axis":"x","origin":[8.0,9.68,6.6499996]},"faces":{"down":{"uv":[1.4875,14.5125,1.0125,15.2375],"rotation":0,"texture":"#0","tintindex":0},"east":{"uv":[13.3875,12.1375,14.1125,13.1125],"rotation":0,"texture":"#0","tintindex":0},"north":{"uv":[0.0125,14.0125,0.4875,14.9875],"rotation":0,"texture":"#0","tintindex":0},"south":{"uv":[0.5125,14.0125,0.9875,14.9875],"rotation":0,"texture":"#0","tintindex":0},"up":{"uv":[14.9875,1.3625,14.5125,0.6375],"rotation":0,"texture":"#0","tintindex":0},"west":{"uv":[13.5125,0.0125,14.2375,0.9875],"rotation":0,"texture":"#0","tintindex":0}}},{"name":"cube","from":[6.323223,3.2027974,3.2585106],"to":[9.9232235,8.002798,8.058511],"rotation":{"angle":0.0,"axis":"x","origin":[8.0,9.68,6.6499996]},"faces":{"down":{"uv":[14.1125,11.1375,13.3875,12.1125],"rotation":0,"texture":"#0","tintindex":0},"east":{"uv":[13.0125,2.0125,13.9875,2.9875],"rotation":0,"texture":"#0","tintindex":0},"north":{"uv":[4.0125,5.7625,4.7375,6.7375],"rotation":0,"texture":"#0","tintindex":0},"south":{"uv":[13.3875,3.0125,14.1125,3.9875],"rotation":0,"texture":"#0","tintindex":0},"up":{"uv":[5.4875,14.3625,4.7625,13.3875],"rotation":0,"texture":"#0","tintindex":0},"west":{"uv":[6.1375,13.0125,7.1125,13.9875],"rotation":0,"texture":"#0","tintindex":0}}},{"name":"cube","from":[6.323223,8.66948,8.592531],"to":[9.9232235,12.269481,8.592531],"rotation":{"angle":22.5,"axis":"x","origin":[8.0,9.68,6.6499996]},"faces":{"down":{"uv":[0.7375,0.0125,0.0125,0.0125],"rotation":0,"texture":"#0","tintindex":0},"east":{"uv":[0.0125,0.0125,0.0125,0.7375],"rotation":0,"texture":"#0","tintindex":0},"north":{"uv":[8.7375,13.8875,8.0125,14.6125],"rotation":0,"texture":"#0","tintindex":0},"south":{"uv":[8.0125,13.8875,8.7375,14.6125],"rotation":0,"texture":"#0","tintindex":0},"up":{"uv":[0.7375,0.0125,0.0125,0.0125],"rotation":0,"texture":"#0","tintindex":0},"west":{"uv":[0.0125,0.0125,0.0125,0.7375],"rotation":0,"texture":"#0","tintindex":0}}}],"display":{"head":{"translation":[0.0,-6.4,0.0],"rotation":[0.0,0.0,0.0],"scale":[3.8095,3.8095,3.8095]}}}
