{"textures":{"0":"modelengine:entity/wolfebersahd"},"elements":[{"from":[6.857143,9.714286,5.5714283],"to":[9.142858,11.428572,9.571428],"rotation":{"angle":45.0,"axis":"x","origin":[8.0,10.571428,5.285714]},"faces":{"east":{"uv":[14.5125,7.6375,15.3625,7.9875],"rotation":0,"texture":"#0","tintindex":0},"south":{"uv":[3.1375,14.8875,3.6125,15.2375],"rotation":0,"texture":"#0","tintindex":0},"north":{"uv":[14.8875,0.0125,15.3625,0.3625],"rotation":0,"texture":"#0","tintindex":0},"west":{"uv":[14.5125,8.0125,15.3625,8.3625],"rotation":0,"texture":"#0","tintindex":0},"up":{"uv":[7.1125,14.8625,6.6375,14.0125],"rotation":0,"texture":"#0","tintindex":0},"down":{"uv":[14.6125,12.0125,14.1375,12.8625],"rotation":0,"texture":"#0","tintindex":0}}},{"from":[6.0,9.714286,4.428571],"to":[10.0,11.428572,6.142857],"rotation":{"angle":0.0,"axis":"y","origin":[7.428571,9.714286,11.0]},"faces":{"east":{"uv":[14.8875,5.3875,15.2375,5.7375],"rotation":0,"texture":"#0","tintindex":0},"south":{"uv":[14.2625,13.5125,15.1125,13.8625],"rotation":0,"texture":"#0","tintindex":0},"north":{"uv":[10.0125,3.7625,10.8625,4.1125],"rotation":0,"texture":"#0","tintindex":0},"west":{"uv":[14.8875,5.7625,15.2375,6.1125],"rotation":0,"texture":"#0","tintindex":0},"up":{"uv":[15.3625,2.4875,14.5125,2.1375],"rotation":0,"texture":"#0","tintindex":0},"down":{"uv":[15.3625,7.2625,14.5125,7.6125],"rotation":0,"texture":"#0","tintindex":0}}}],"display":{"head":{"translation":[0.0,-6.4,0.0],"scale":[4.0,4.0,4.0]}}}