{"textures":{"0":"modelengine:entity/wolfebersahd"},"elements":[{"from":[5.714286,1.1428566,2.5714283],"to":[8.0,4.0,4.8571424],"rotation":{"angle":0.0,"axis":"y","origin":[6.285714,3.4285712,1.1428566]},"faces":{"east":{"uv":[8.3875,10.8875,8.8625,11.4875],"rotation":0,"texture":"#0","tintindex":0},"south":{"uv":[14.5125,13.8875,14.9875,14.4875],"rotation":0,"texture":"#0","tintindex":0},"north":{"uv":[1.5125,5.3875,1.9875,5.9875],"rotation":0,"texture":"#0","tintindex":0},"west":{"uv":[14.5125,14.5125,14.9875,15.1125],"rotation":0,"texture":"#0","tintindex":0},"up":{"uv":[11.1125,11.7375,10.6375,11.2625],"rotation":0,"texture":"#0","tintindex":0},"down":{"uv":[8.1125,14.6375,7.6375,15.1125],"rotation":0,"texture":"#0","tintindex":0}}},{"from":[5.142857,5.714286,1.9999995],"to":[8.571428,9.714286,10.0],"rotation":{"angle":0.0,"axis":"y","origin":[6.285714,8.571428,8.0]},"faces":{"east":{"uv":[9.1375,8.6375,10.8625,9.4875],"rotation":0,"texture":"#0","tintindex":0},"south":{"uv":[1.0125,13.6375,1.7375,14.4875],"rotation":0,"texture":"#0","tintindex":0},"north":{"uv":[13.5125,13.1375,14.2375,13.9875],"rotation":0,"texture":"#0","tintindex":0},"west":{"uv":[9.2625,4.1375,10.9875,4.9875],"rotation":0,"texture":"#0","tintindex":0},"up":{"uv":[6.1125,12.1125,5.3875,10.3875],"rotation":0,"texture":"#0","tintindex":0},"down":{"uv":[11.1125,9.5125,10.3875,11.2375],"rotation":0,"texture":"#0","tintindex":0}}},{"from":[5.714286,4.0,2.5714283],"to":[8.0,5.714286,6.0],"rotation":{"angle":0.0,"axis":"y","origin":[6.285714,8.571428,1.1428566]},"faces":{"east":{"uv":[1.5125,14.6375,2.2375,14.9875],"rotation":0,"texture":"#0","tintindex":0},"south":{"uv":[13.5125,14.7625,13.9875,15.1125],"rotation":0,"texture":"#0","tintindex":0},"north":{"uv":[11.6375,14.7625,12.1125,15.1125],"rotation":0,"texture":"#0","tintindex":0},"west":{"uv":[14.6375,4.0125,15.3625,4.3625],"rotation":0,"texture":"#0","tintindex":0},"up":{"uv":[8.7375,6.8625,8.2625,6.1375],"rotation":0,"texture":"#0","tintindex":0},"down":{"uv":[7.6125,14.3875,7.1375,15.1125],"rotation":0,"texture":"#0","tintindex":0}}}],"display":{"head":{"translation":[0.0,-6.4,0.0],"scale":[4.0,4.0,4.0]}}}