{"textures":{"0":"modelengine:entity/wolfebersahd"},"elements":[{"name":"cube","from":[5.6,4.46,5.75],"to":[8.0,8.06,10.55],"rotation":{"angle":0.0,"axis":"x","origin":[-4.660001,29.600002,3.9499998]},"faces":{"down":{"uv":[6.1375,14.0125,6.6125,14.9875],"rotation":0,"texture":"#0","tintindex":0},"east":{"uv":[14.4875,9.8875,13.5125,10.6125],"rotation":0,"texture":"#0","tintindex":0},"north":{"uv":[14.9875,1.3875,14.5125,2.1125],"rotation":0,"texture":"#0","tintindex":0},"south":{"uv":[4.2375,14.5125,3.7625,15.2375],"rotation":0,"texture":"#0","tintindex":0},"up":{"uv":[14.0125,2.7375,14.4875,1.7625],"rotation":0,"texture":"#0","tintindex":0},"west":{"uv":[14.4875,1.0125,13.5125,1.7375],"rotation":0,"texture":"#0","tintindex":0}}},{"name":"cube","from":[4.34,5.0,4.5499997],"to":[6.1399994,8.0,7.55],"rotation":{"angle":45.0,"axis":"x","origin":[5.24,5.6,5.1499996]},"faces":{"down":{"uv":[14.7625,10.3875,15.1125,10.9875],"rotation":0,"texture":"#0","tintindex":0},"east":{"uv":[3.7375,14.2625,3.1375,14.8625],"rotation":0,"texture":"#0","tintindex":0},"north":{"uv":[9.6125,14.7625,9.2625,15.3625],"rotation":0,"texture":"#0","tintindex":0},"south":{"uv":[9.9875,14.7625,9.6375,15.3625],"rotation":0,"texture":"#0","tintindex":0},"up":{"uv":[10.0125,15.3625,10.3625,14.7625],"rotation":0,"texture":"#0","tintindex":0},"west":{"uv":[14.8625,0.0125,14.2625,0.6125],"rotation":0,"texture":"#0","tintindex":0}}},{"name":"cube","from":[4.64,3.5247173,4.4854093],"to":[5.8399997,5.3247175,5.6854095],"rotation":{"angle":22.5,"axis":"x","origin":[5.54,5.9247174,5.085409]},"faces":{"down":{"uv":[5.1375,11.3875,5.3625,11.6125],"rotation":0,"texture":"#0","tintindex":0},"east":{"uv":[6.3625,10.3875,6.1375,10.7375],"rotation":0,"texture":"#0","tintindex":0},"north":{"uv":[3.9875,7.2625,3.7625,7.6125],"rotation":0,"texture":"#0","tintindex":0},"south":{"uv":[9.1125,10.1375,8.8875,10.4875],"rotation":0,"texture":"#0","tintindex":0},"up":{"uv":[10.3875,11.4875,10.6125,11.2625],"rotation":0,"texture":"#0","tintindex":0},"west":{"uv":[9.1125,9.7625,8.8875,10.1125],"rotation":0,"texture":"#0","tintindex":0}}},{"name":"cube","from":[4.862615,0.36678243,6.05],"to":[7.8626156,1.5667819,7.25],"rotation":{"angle":0.0,"axis":"z","origin":[6.6626153,0.96678257,6.6499996]},"faces":{"down":{"uv":[14.8875,0.3875,15.4875,0.6125],"rotation":0,"texture":"#0","tintindex":0},"east":{"uv":[11.4875,7.0125,11.2625,7.2375],"rotation":0,"texture":"#0","tintindex":0},"north":{"uv":[4.6125,11.1375,4.0125,11.3625],"rotation":0,"texture":"#0","tintindex":0},"south":{"uv":[12.8625,2.0125,12.2625,2.2375],"rotation":0,"texture":"#0","tintindex":0},"up":{"uv":[14.7625,3.4875,15.3625,3.2625],"rotation":0,"texture":"#0","tintindex":0},"west":{"uv":[3.9875,7.6375,3.7625,7.8625],"rotation":0,"texture":"#0","tintindex":0}}},{"name":"cube","from":[6.2,0.8599999,5.75],"to":[8.0,4.46,7.55],"rotation":{"angle":0.0,"axis":"x","origin":[-4.6000004,29.66,3.9499998]},"faces":{"down":{"uv":[14.8875,6.5125,15.2375,6.8625],"rotation":0,"texture":"#0","tintindex":0},"east":{"uv":[6.1125,14.3875,5.7625,15.1125],"rotation":0,"texture":"#0","tintindex":0},"north":{"uv":[6.7375,3.0125,6.3875,3.7375],"rotation":0,"texture":"#0","tintindex":0},"south":{"uv":[5.1125,12.5125,4.7625,13.2375],"rotation":0,"texture":"#0","tintindex":0},"up":{"uv":[14.8875,6.4875,15.2375,6.1375],"rotation":0,"texture":"#0","tintindex":0},"west":{"uv":[9.1125,7.3875,8.7625,8.1125],"rotation":0,"texture":"#0","tintindex":0}}}],"display":{"head":{"translation":[0.0,-6.4,0.0],"rotation":[0.0,0.0,0.0],"scale":[3.8095,3.8095,3.8095]}}}
