{"textures":{"0":"modelengine:entity/wolfebersahd"},"elements":[{"from":[7.311216,-1.140193,4.055724],"to":[9.5969305,3.4312358,7.484296],"rotation":{"angle":0.0,"axis":"y","origin":[8.0,9.6,6.714286]},"faces":{"east":{"uv":[14.2375,0.0125,13.5125,0.9875],"rotation":0,"texture":"#0","tintindex":0},"south":{"uv":[0.9875,14.0125,0.5125,14.9875],"rotation":0,"texture":"#0","tintindex":0},"north":{"uv":[0.4875,14.0125,0.0125,14.9875],"rotation":0,"texture":"#0","tintindex":0},"west":{"uv":[14.1125,12.1375,13.3875,13.1125],"rotation":0,"texture":"#0","tintindex":0},"up":{"uv":[14.5125,1.3625,14.9875,0.6375],"rotation":0,"texture":"#0","tintindex":0},"down":{"uv":[1.0125,14.5125,1.4875,15.2375],"rotation":0,"texture":"#0","tintindex":0}}},{"from":[6.168359,3.4312358,3.4842958],"to":[9.5969305,8.002665,8.055724],"rotation":{"angle":0.0,"axis":"y","origin":[8.0,9.6,6.714286]},"faces":{"east":{"uv":[7.1125,13.0125,6.1375,13.9875],"rotation":0,"texture":"#0","tintindex":0},"south":{"uv":[14.1125,3.0125,13.3875,3.9875],"rotation":0,"texture":"#0","tintindex":0},"north":{"uv":[4.7375,5.7625,4.0125,6.7375],"rotation":0,"texture":"#0","tintindex":0},"west":{"uv":[13.9875,2.0125,13.0125,2.9875],"rotation":0,"texture":"#0","tintindex":0},"up":{"uv":[4.7625,14.3625,5.4875,13.3875],"rotation":0,"texture":"#0","tintindex":0},"down":{"uv":[13.3875,11.1375,14.1125,12.1125],"rotation":0,"texture":"#0","tintindex":0}}},{"from":[6.168359,8.637601,8.564316],"to":[9.5969305,12.066173,8.564316],"rotation":{"angle":22.5,"axis":"x","origin":[8.0,9.6,6.714286]},"faces":{"east":{"uv":[0.0125,0.0125,0.0125,0.7375],"rotation":0,"texture":"#0","tintindex":0},"south":{"uv":[8.7375,13.8875,8.0125,14.6125],"rotation":0,"texture":"#0","tintindex":0},"north":{"uv":[8.0125,13.8875,8.7375,14.6125],"rotation":0,"texture":"#0","tintindex":0},"west":{"uv":[0.0125,0.0125,0.0125,0.7375],"rotation":0,"texture":"#0","tintindex":0},"up":{"uv":[0.0125,0.0125,0.7375,0.0125],"rotation":0,"texture":"#0","tintindex":0},"down":{"uv":[0.0125,0.0125,0.7375,0.0125],"rotation":0,"texture":"#0","tintindex":0}}}],"display":{"head":{"translation":[0.0,-6.4,0.0],"scale":[4.0,4.0,4.0]}}}