{"textures":{"0":"modelengine:entity/wolfebersahd"},"elements":[{"from":[6.302271,4.5268736,6.5714283],"to":[8.016557,7.9554453,9.428572],"rotation":{"angle":0.0,"axis":"y","origin":[-3.9834433,31.955446,5.428571]},"faces":{"east":{"uv":[5.3625,15.2625,4.7625,15.9875],"rotation":0,"texture":"#0","tintindex":0},"south":{"uv":[7.4875,15.2625,7.1375,15.9875],"rotation":0,"texture":"#0","tintindex":0},"north":{"uv":[5.7375,15.2625,5.3875,15.9875],"rotation":0,"texture":"#0","tintindex":0},"west":{"uv":[7.1125,15.2625,6.5125,15.9875],"rotation":0,"texture":"#0","tintindex":0},"up":{"uv":[6.1375,15.9875,6.4875,15.3875],"rotation":0,"texture":"#0","tintindex":0},"down":{"uv":[5.7625,15.3875,6.1125,15.9875],"rotation":0,"texture":"#0","tintindex":0}}},{"from":[5.028571,4.0571427,6.857143],"to":[7.885714,5.2,9.142858],"rotation":{"angle":0.0,"axis":"z","origin":[6.742857,4.6285715,8.0]},"faces":{"east":{"uv":[0.4875,15.2625,0.0125,15.4875],"rotation":0,"texture":"#0","tintindex":0},"south":{"uv":[2.4875,15.7625,1.8875,15.9875],"rotation":0,"texture":"#0","tintindex":0},"north":{"uv":[0.6125,15.7625,0.0125,15.9875],"rotation":0,"texture":"#0","tintindex":0},"west":{"uv":[0.4875,15.5125,0.0125,15.7375],"rotation":0,"texture":"#0","tintindex":0},"up":{"uv":[1.2625,15.9875,1.8625,15.5125],"rotation":0,"texture":"#0","tintindex":0},"down":{"uv":[0.6375,15.5125,1.2375,15.9875],"rotation":0,"texture":"#0","tintindex":0}}}],"display":{"head":{"translation":[0.0,-6.4,0.0],"scale":[4.0,4.0,4.0]}}}