{"textures":{"0":"modelengine:entity/wolfebersahd"},"elements":[{"from":[8.0,1.1428566,2.5714283],"to":[10.285714,4.0,4.8571424],"rotation":{"angle":0.0,"axis":"y","origin":[9.714286,3.4285712,1.1428566]},"faces":{"east":{"uv":[14.9875,14.5125,14.5125,15.1125],"rotation":0,"texture":"#0","tintindex":0},"south":{"uv":[14.9875,13.8875,14.5125,14.4875],"rotation":0,"texture":"#0","tintindex":0},"north":{"uv":[1.9875,5.3875,1.5125,5.9875],"rotation":0,"texture":"#0","tintindex":0},"west":{"uv":[8.8625,10.8875,8.3875,11.4875],"rotation":0,"texture":"#0","tintindex":0},"up":{"uv":[10.6375,11.7375,11.1125,11.2625],"rotation":0,"texture":"#0","tintindex":0},"down":{"uv":[7.6375,14.6375,8.1125,15.1125],"rotation":0,"texture":"#0","tintindex":0}}},{"from":[7.428571,5.714286,1.9999995],"to":[10.857143,9.714286,10.0],"rotation":{"angle":0.0,"axis":"y","origin":[9.714286,8.571428,8.0]},"faces":{"east":{"uv":[10.9875,4.1375,9.2625,4.9875],"rotation":0,"texture":"#0","tintindex":0},"south":{"uv":[1.7375,13.6375,1.0125,14.4875],"rotation":0,"texture":"#0","tintindex":0},"north":{"uv":[14.2375,13.1375,13.5125,13.9875],"rotation":0,"texture":"#0","tintindex":0},"west":{"uv":[10.8625,8.6375,9.1375,9.4875],"rotation":0,"texture":"#0","tintindex":0},"up":{"uv":[5.3875,12.1125,6.1125,10.3875],"rotation":0,"texture":"#0","tintindex":0},"down":{"uv":[10.3875,9.5125,11.1125,11.2375],"rotation":0,"texture":"#0","tintindex":0}}},{"from":[8.0,4.0,2.5714283],"to":[10.285714,5.714286,6.0],"rotation":{"angle":0.0,"axis":"y","origin":[9.714286,8.571428,1.1428566]},"faces":{"east":{"uv":[15.3625,4.0125,14.6375,4.3625],"rotation":0,"texture":"#0","tintindex":0},"south":{"uv":[13.9875,14.7625,13.5125,15.1125],"rotation":0,"texture":"#0","tintindex":0},"north":{"uv":[12.1125,14.7625,11.6375,15.1125],"rotation":0,"texture":"#0","tintindex":0},"west":{"uv":[2.2375,14.6375,1.5125,14.9875],"rotation":0,"texture":"#0","tintindex":0},"up":{"uv":[8.2625,6.8625,8.7375,6.1375],"rotation":0,"texture":"#0","tintindex":0},"down":{"uv":[7.1375,14.3875,7.6125,15.1125],"rotation":0,"texture":"#0","tintindex":0}}}],"display":{"head":{"translation":[0.0,-6.4,0.0],"scale":[4.0,4.0,4.0]}}}