{"textures":{"0":"modelengine:entity/wolfebersahd"},"elements":[{"name":"cube","from":[8.626777,-0.87720203,5.808511],"to":[11.626777,3.9227984,10.608511],"rotation":{"angle":0.0,"axis":"x","origin":[10.55,0.7999997,9.2]},"faces":{"down":{"uv":[13.6375,6.5125,14.2375,7.4875],"rotation":0,"texture":"#0","tintindex":0},"east":{"uv":[0.9875,13.0125,0.0125,13.9875],"rotation":0,"texture":"#0","tintindex":0},"north":{"uv":[6.1125,13.3875,5.5125,14.3625],"rotation":0,"texture":"#0","tintindex":0},"south":{"uv":[2.3625,13.6375,1.7625,14.6125],"rotation":0,"texture":"#0","tintindex":0},"up":{"uv":[13.6375,6.4875,14.2375,5.5125],"rotation":0,"texture":"#0","tintindex":0},"west":{"uv":[12.6125,12.8875,11.6375,13.8625],"rotation":0,"texture":"#0","tintindex":0}}},{"name":"cube","from":[12.731627,3.9227984,9.010307],"to":[12.731627,9.922798,12.010307],"rotation":{"angle":-45.0,"axis":"y","origin":[10.55,0.7999997,9.2]},"faces":{"down":{"uv":[0.0125,0.0125,0.0125,0.6125],"rotation":0,"texture":"#0","tintindex":0},"east":{"uv":[13.8625,8.6375,13.2625,9.8625],"rotation":0,"texture":"#0","tintindex":0},"north":{"uv":[0.0125,0.0125,0.0125,1.2375],"rotation":0,"texture":"#0","tintindex":0},"south":{"uv":[0.0125,0.0125,0.0125,1.2375],"rotation":0,"texture":"#0","tintindex":0},"up":{"uv":[0.0125,0.6125,0.0125,0.0125],"rotation":0,"texture":"#0","tintindex":0},"west":{"uv":[13.2625,8.6375,13.8625,9.8625],"rotation":0,"texture":"#0","tintindex":0}}},{"name":"cube","from":[8.026777,3.9227984,4.6085105],"to":[12.226777,9.922798,10.608511],"rotation":{"angle":0.0,"axis":"x","origin":[10.55,0.7999997,9.2]},"faces":{"down":{"uv":[12.7625,6.7625,13.6125,7.9875],"rotation":0,"texture":"#0","tintindex":0},"east":{"uv":[10.3625,7.3875,9.1375,8.6125],"rotation":0,"texture":"#0","tintindex":0},"north":{"uv":[4.7375,12.5125,3.8875,13.7375],"rotation":0,"texture":"#0","tintindex":0},"south":{"uv":[9.2375,12.6375,8.3875,13.8625],"rotation":0,"texture":"#0","tintindex":0},"up":{"uv":[9.2625,13.8625,10.1125,12.6375],"rotation":0,"texture":"#0","tintindex":0},"west":{"uv":[9.9875,6.1375,8.7625,7.3625],"rotation":0,"texture":"#0","tintindex":0}}}],"display":{"head":{"translation":[0.0,-6.4,0.0],"rotation":[0.0,0.0,0.0],"scale":[3.8095,3.8095,3.8095]}}}
