{"textures":{"0":"modelengine:entity/wolfebersahd"},"elements":[{"name":"cube","from":[4.7,4.7,8.0],"to":[11.3,11.3,15.2],"rotation":{"angle":0.0,"axis":"x","origin":[8.0,8.0,9.799999]},"faces":{"down":{"uv":[8.4875,0.0125,7.1375,1.4875],"rotation":0,"texture":"#0","tintindex":0},"east":{"uv":[6.7625,4.1375,8.2375,5.4875],"rotation":0,"texture":"#0","tintindex":0},"north":{"uv":[6.3875,8.3875,7.7375,9.7375],"rotation":0,"texture":"#0","tintindex":0},"south":{"uv":[7.7625,8.3875,9.1125,9.7375],"rotation":0,"texture":"#0","tintindex":0},"up":{"uv":[7.3625,8.3625,6.0125,6.8875],"rotation":0,"texture":"#0","tintindex":0},"west":{"uv":[6.7625,5.5125,8.2375,6.8625],"rotation":0,"texture":"#0","tintindex":0}}},{"name":"cube","from":[4.7,12.677106,14.926196],"to":[11.3,12.677106,19.726196],"rotation":{"angle":-22.5,"axis":"x","origin":[8.0,12.677106,18.526196]},"faces":{"down":{"uv":[3.7625,7.1375,2.3875,6.1375],"rotation":0,"texture":"#0","tintindex":0},"east":{"uv":[6.7625,4.1375,8.2375,5.4875],"rotation":0,"texture":"#0","tintindex":0},"north":{"uv":[6.3875,8.3875,7.7375,9.7375],"rotation":0,"texture":"#0","tintindex":0},"south":{"uv":[7.7625,8.3875,9.1125,9.7375],"rotation":0,"texture":"#0","tintindex":0},"up":{"uv":[3.7625,6.1375,2.3875,7.1375],"rotation":0,"texture":"#0","tintindex":0},"west":{"uv":[6.7625,5.5125,8.2375,6.8625],"rotation":0,"texture":"#0","tintindex":0}}},{"name":"cube","from":[3.3223395,4.7,14.925967],"to":[3.3223395,11.3,19.725967],"rotation":{"angle":-22.5,"axis":"y","origin":[3.3223395,8.0,18.525967]},"faces":{"down":{"uv":[6.7625,5.5125,8.2375,6.8625],"rotation":270,"texture":"#0","tintindex":0},"east":{"uv":[3.7625,7.1375,2.3875,6.1375],"rotation":270,"texture":"#0","tintindex":0},"north":{"uv":[6.3875,8.3875,7.7375,9.7375],"rotation":90,"texture":"#0","tintindex":0},"south":{"uv":[7.7625,8.3875,9.1125,9.7375],"rotation":270,"texture":"#0","tintindex":0},"up":{"uv":[6.7625,4.1375,8.2375,5.4875],"rotation":270,"texture":"#0","tintindex":0},"west":{"uv":[3.7625,6.1375,2.3875,7.1375],"rotation":270,"texture":"#0","tintindex":0}}},{"name":"cube","from":[12.677107,4.7,14.926196],"to":[12.677107,11.3,19.726196],"rotation":{"angle":22.5,"axis":"y","origin":[12.677107,8.0,18.526196]},"faces":{"down":{"uv":[6.7625,6.8625,8.2375,5.5125],"rotation":270,"texture":"#0","tintindex":0},"east":{"uv":[3.7625,7.1375,2.3875,6.1375],"rotation":270,"texture":"#0","tintindex":0},"north":{"uv":[6.3875,9.7375,7.7375,8.3875],"rotation":90,"texture":"#0","tintindex":0},"south":{"uv":[7.7625,9.7375,9.1125,8.3875],"rotation":270,"texture":"#0","tintindex":0},"up":{"uv":[6.7625,5.4875,8.2375,4.1375],"rotation":270,"texture":"#0","tintindex":0},"west":{"uv":[3.7625,6.1375,2.3875,7.1375],"rotation":270,"texture":"#0","tintindex":0}}}],"display":{"head":{"translation":[0.0,-6.4,0.0],"rotation":[0.0,0.0,0.0],"scale":[3.8095,3.8095,3.8095]}}}
