{"textures":{"0":"modelengine:entity/wolfebersahd"},"elements":[{"from":[4.8571424,4.8571424,8.0],"to":[11.142858,11.142858,14.857143],"rotation":{"angle":0.0,"axis":"y","origin":[8.0,8.0,9.714286]},"faces":{"east":{"uv":[7.1375,1.5125,8.6125,2.8625],"rotation":0,"texture":"#0","tintindex":0},"south":{"uv":[0.0125,8.6375,1.3625,9.9875],"rotation":0,"texture":"#0","tintindex":0},"north":{"uv":[8.5125,0.0125,9.8625,1.3625],"rotation":0,"texture":"#0","tintindex":0},"west":{"uv":[0.0125,7.2625,1.4875,8.6125],"rotation":0,"texture":"#0","tintindex":0},"up":{"uv":[2.8625,8.7375,1.5125,7.2625],"rotation":0,"texture":"#0","tintindex":0},"down":{"uv":[8.7375,6.8875,7.3875,8.3625],"rotation":0,"texture":"#0","tintindex":0}}}],"display":{"head":{"translation":[0.0,-6.4,0.0],"scale":[4.0,4.0,4.0]}}}