{"textures":{"0":"modelengine:entity/wolfebersahd"},"elements":[{"from":[6.5714283,6.5714283,8.0],"to":[9.428572,9.428572,10.857143],"rotation":{"angle":0.0,"axis":"y","origin":[8.0,8.0,9.142858]},"faces":{"east":{"uv":[14.2625,6.0125,14.8625,6.6125],"rotation":0,"texture":"#0","tintindex":0},"south":{"uv":[14.2625,6.6375,14.8625,7.2375],"rotation":0,"texture":"#0","tintindex":0},"north":{"uv":[14.2625,5.3875,14.8625,5.9875],"rotation":0,"texture":"#0","tintindex":0},"west":{"uv":[14.2625,12.8875,14.8625,13.4875],"rotation":0,"texture":"#0","tintindex":0},"up":{"uv":[5.1125,14.9875,4.5125,14.3875],"rotation":0,"texture":"#0","tintindex":0},"down":{"uv":[5.7375,14.3875,5.1375,14.9875],"rotation":0,"texture":"#0","tintindex":0}}}],"display":{"head":{"translation":[0.0,-6.4,0.0],"scale":[4.0,4.0,4.0]}}}