{"textures":{"0":"modelengine:entity/wolfebersahd"},"elements":[{"name":"cube","from":[7.7,5.3,8.0],"to":[7.7,10.700001,13.400001],"rotation":{"angle":0.0,"axis":"x","origin":[8.0,8.0,9.8]},"faces":{"down":{"uv":[0.0125,0.0125,0.0125,1.1125],"rotation":0,"texture":"#0","tintindex":0},"east":{"uv":[12.8625,11.7625,11.7625,12.8625],"rotation":0,"texture":"#0","tintindex":0},"north":{"uv":[0.0125,0.0125,0.0125,1.1125],"rotation":0,"texture":"#0","tintindex":0},"south":{"uv":[0.0125,0.0125,0.0125,1.1125],"rotation":0,"texture":"#0","tintindex":0},"up":{"uv":[0.0125,1.1125,0.0125,0.0125],"rotation":0,"texture":"#0","tintindex":0},"west":{"uv":[11.7625,11.7625,12.8625,12.8625],"rotation":0,"texture":"#0","tintindex":0}}},{"name":"cube","from":[5.2681184,8.075962,8.0],"to":[10.6681185,8.075962,13.400001],"rotation":{"angle":0.0,"axis":"x","origin":[7.9681187,8.075962,10.700001]},"faces":{"down":{"uv":[11.7625,11.7625,12.8625,12.8625],"rotation":270,"texture":"#0","tintindex":0},"east":{"uv":[0.0125,0.0125,0.0125,1.1125],"rotation":270,"texture":"#0","tintindex":0},"north":{"uv":[0.0125,0.0125,0.0125,1.1125],"rotation":90,"texture":"#0","tintindex":0},"south":{"uv":[0.0125,0.0125,0.0125,1.1125],"rotation":270,"texture":"#0","tintindex":0},"up":{"uv":[12.8625,11.7625,11.7625,12.8625],"rotation":270,"texture":"#0","tintindex":0},"west":{"uv":[0.0125,1.1125,0.0125,0.0125],"rotation":270,"texture":"#0","tintindex":0}}}],"display":{"head":{"translation":[0.0,-6.4,0.0],"rotation":[0.0,0.0,0.0],"scale":[3.8095,3.8095,3.8095]}}}