{"textures":{"0":"modelengine:entity/npc_minotaur"},"elements":[{"from":[9.428572,4.5714283,10.714286],"to":[9.428572,9.142858,12.428572],"rotation":{"angle":0.0,"axis":"y","origin":[6.5714283,5.142857,13.0]},"faces":{"east":{"uv":[4.75,6.25,4.375,7.25],"rotation":0,"texture":"#0","tintindex":0},"south":{"uv":[4.75,6.25,4.75,7.25],"rotation":0,"texture":"#0","tintindex":0},"north":{"uv":[4.375,6.25,4.375,7.25],"rotation":0,"texture":"#0","tintindex":0},"west":{"uv":[4.375,6.25,4.0,7.25],"rotation":0,"texture":"#0","tintindex":0},"up":{"uv":[4.375,6.25,4.375,5.875],"rotation":0,"texture":"#0","tintindex":0},"down":{"uv":[4.375,5.875,4.375,6.25],"rotation":0,"texture":"#0","tintindex":0}}},{"from":[8.057143,6.285714,6.142857],"to":[10.914286,10.285714,10.142858],"rotation":{"angle":0.0,"axis":"y","origin":[9.771429,4.0,7.285714]},"faces":{"east":{"uv":[2.375,8.125,1.5,9.0],"rotation":0,"texture":"#0","tintindex":0},"south":{"uv":[3.0,8.125,2.375,9.0],"rotation":0,"texture":"#0","tintindex":0},"north":{"uv":[1.5,8.125,0.875,9.0],"rotation":0,"texture":"#0","tintindex":0},"west":{"uv":[0.875,8.125,0.0,9.0],"rotation":0,"texture":"#0","tintindex":0},"up":{"uv":[0.875,8.125,1.5,7.25],"rotation":0,"texture":"#0","tintindex":0},"down":{"uv":[1.5,7.25,2.125,8.125],"rotation":0,"texture":"#0","tintindex":0}}},{"from":[8.0,3.4285712,6.714286],"to":[11.428572,9.142858,10.714286],"rotation":{"angle":0.0,"axis":"y","origin":[10.285714,2.8571424,7.857143]},"faces":{"east":{"uv":[8.125,0.875,7.25,2.125],"rotation":0,"texture":"#0","tintindex":0},"south":{"uv":[8.875,0.875,8.125,2.125],"rotation":0,"texture":"#0","tintindex":0},"north":{"uv":[7.25,0.875,6.5,2.125],"rotation":0,"texture":"#0","tintindex":0},"west":{"uv":[6.5,0.875,5.625,2.125],"rotation":0,"texture":"#0","tintindex":0},"up":{"uv":[6.5,0.875,7.25,0.0],"rotation":0,"texture":"#0","tintindex":0},"down":{"uv":[7.25,0.0,8.0,0.875],"rotation":0,"texture":"#0","tintindex":0}}},{"from":[8.0,2.2857141,5.5714283],"to":[10.285714,5.714286,6.714286],"rotation":{"angle":0.0,"axis":"y","origin":[9.714286,-0.57142925,6.142857]},"faces":{"east":{"uv":[2.5,10.875,2.25,11.625],"rotation":0,"texture":"#0","tintindex":0},"south":{"uv":[3.0,10.875,2.5,11.625],"rotation":0,"texture":"#0","tintindex":0},"north":{"uv":[2.25,10.875,1.75,11.625],"rotation":0,"texture":"#0","tintindex":0},"west":{"uv":[1.75,10.875,1.5,11.625],"rotation":0,"texture":"#0","tintindex":0},"up":{"uv":[1.75,10.875,2.25,10.625],"rotation":0,"texture":"#0","tintindex":0},"down":{"uv":[2.25,10.625,2.75,10.875],"rotation":0,"texture":"#0","tintindex":0}}},{"from":[8.0,1.1428566,6.714286],"to":[10.857143,3.4285712,10.142858],"rotation":{"angle":0.0,"axis":"y","origin":[10.285714,-2.8571434,7.857143]},"faces":{"east":{"uv":[10.25,4.25,9.5,4.75],"rotation":0,"texture":"#0","tintindex":0},"south":{"uv":[10.875,4.25,10.25,4.75],"rotation":0,"texture":"#0","tintindex":0},"north":{"uv":[9.5,4.25,8.875,4.75],"rotation":0,"texture":"#0","tintindex":0},"west":{"uv":[8.875,4.25,8.125,4.75],"rotation":0,"texture":"#0","tintindex":0},"up":{"uv":[8.875,4.25,9.5,3.5],"rotation":0,"texture":"#0","tintindex":0},"down":{"uv":[9.5,3.5,10.125,4.25],"rotation":0,"texture":"#0","tintindex":0}}}],"display":{"head":{"translation":[0.0,-6.4,0.0],"scale":[4.0,4.0,4.0]}}}