{"textures":{"0":"modelengine:entity/stiched_texture"},"elements":[{"from":[6.5714283,4.428571,6.928571],"to":[9.428572,8.428572,9.785714],"rotation":{"angle":0.0,"axis":"y","origin":[9.428572,0.9999995,8.357142]},"faces":{"east":{"uv":[10.5625,3.25,10.875,3.6875],"rotation":0,"texture":"#0","tintindex":0},"south":{"uv":[11.0,1.875,11.3125,2.3125],"rotation":0,"texture":"#0","tintindex":0},"north":{"uv":[10.25,3.25,10.5625,3.6875],"rotation":0,"texture":"#0","tintindex":0},"west":{"uv":[11.1875,3.25,11.5,3.6875],"rotation":0,"texture":"#0","tintindex":0},"up":{"uv":[11.875,1.375,11.5625,1.0625],"rotation":0,"texture":"#0","tintindex":0},"down":{"uv":[11.875,1.875,11.5625,2.1875],"rotation":0,"texture":"#0","tintindex":0}}}],"display":{"head":{"translation":[0.0,-6.4,0.0],"scale":[4.0,4.0,4.0]}}}