{"textures":{"0":"modelengine:entity/scorpion_king"},"elements":[{"from":[0.5784974,12.699363,6.5714283],"to":[4.578498,23.556507,9.428572],"rotation":{"angle":22.5,"axis":"z","origin":[19.791817,23.712305,6.490474]},"faces":{"east":{"uv":[11.125,11.625,11.4375,12.8125],"rotation":0,"texture":"#0","tintindex":0},"south":{"uv":[4.375,9.5625,4.8125,10.75],"rotation":0,"texture":"#0","tintindex":0},"north":{"uv":[1.5,9.5,1.9375,10.6875],"rotation":0,"texture":"#0","tintindex":0},"west":{"uv":[5.0,11.8125,5.3125,13.0],"rotation":0,"texture":"#0","tintindex":0},"up":{"uv":[12.6875,6.8125,12.25,6.5],"rotation":0,"texture":"#0","tintindex":0},"down":{"uv":[6.375,13.3125,5.9375,13.625],"rotation":0,"texture":"#0","tintindex":0}}}],"display":{"head":{"translation":[0.0,-6.4,0.0],"scale":[4.0,4.0,4.0]}}}