{"textures":{"0":"modelengine:entity/scorpion_king"},"elements":[{"from":[-5.617977,6.285714,7.5972204],"to":[7.5248804,9.714286,11.025792],"rotation":{"angle":-22.5,"axis":"y","origin":[11.380725,16.266434,10.292942]},"faces":{"east":{"uv":[4.875,9.5625,5.25,9.9375],"rotation":0,"texture":"#0","tintindex":0},"south":{"uv":[2.875,9.5625,4.3125,9.9375],"rotation":0,"texture":"#0","tintindex":0},"north":{"uv":[0.0,9.5,1.4375,9.875],"rotation":0,"texture":"#0","tintindex":0},"west":{"uv":[1.5,10.75,1.875,11.125],"rotation":0,"texture":"#0","tintindex":0},"up":{"uv":[11.0625,9.4375,9.625,9.0625],"rotation":0,"texture":"#0","tintindex":0},"down":{"uv":[11.0625,9.5,9.625,9.875],"rotation":0,"texture":"#0","tintindex":0}}}],"display":{"head":{"translation":[0.0,-6.4,0.0],"scale":[4.0,4.0,4.0]}}}