{"textures":{"0":"modelengine:entity/scorpion_king"},"elements":[{"from":[11.253389,6.285714,9.957947],"to":[14.681961,9.714286,15.100804],"rotation":{"angle":22.5,"axis":"y","origin":[-6.214571,16.266434,23.188166]},"faces":{"east":{"uv":[10.4375,13.125,9.875,13.5],"rotation":0,"texture":"#0","tintindex":0},"south":{"uv":[13.625,11.1875,13.25,11.5625],"rotation":0,"texture":"#0","tintindex":0},"north":{"uv":[11.3125,0.875,10.9375,1.25],"rotation":0,"texture":"#0","tintindex":0},"west":{"uv":[13.6875,6.625,13.125,7.0],"rotation":0,"texture":"#0","tintindex":0},"up":{"uv":[13.1875,2.0625,13.5625,1.5],"rotation":0,"texture":"#0","tintindex":0},"down":{"uv":[1.75,13.1875,2.125,13.75],"rotation":0,"texture":"#0","tintindex":0}}},{"from":[6.285714,6.857143,0.0],"to":[8.571428,9.142858,4.0],"rotation":{"angle":0.0,"axis":"y","origin":[-6.214571,16.266434,23.188166]},"faces":{"east":{"uv":[9.625,4.4375,9.1875,4.6875],"rotation":0,"texture":"#0","tintindex":0},"south":{"uv":[3.125,9.125,2.875,9.375],"rotation":0,"texture":"#0","tintindex":0},"north":{"uv":[8.5625,2.4375,8.3125,2.6875],"rotation":0,"texture":"#0","tintindex":0},"west":{"uv":[5.9375,2.125,5.5,2.375],"rotation":0,"texture":"#0","tintindex":0},"up":{"uv":[1.0,5.75,1.25,5.3125],"rotation":0,"texture":"#0","tintindex":0},"down":{"uv":[7.4375,2.75,7.6875,3.1875],"rotation":0,"texture":"#0","tintindex":0}}}],"display":{"head":{"translation":[0.0,-6.4,0.0],"scale":[4.0,4.0,4.0]}}}