{"textures":{"0":"modelengine:entity/scorpion_king"},"elements":[{"from":[12.123577,11.746094,5.428571],"to":[21.266434,16.88895,10.571428],"rotation":{"angle":-45.0,"axis":"z","origin":[2.6772714,16.18824,6.490474]},"faces":{"east":{"uv":[13.0,7.5,12.4375,8.0625],"rotation":0,"texture":"#0","tintindex":0},"south":{"uv":[9.3125,1.8125,8.3125,2.375],"rotation":0,"texture":"#0","tintindex":0},"north":{"uv":[9.25,1.1875,8.25,1.75],"rotation":0,"texture":"#0","tintindex":0},"west":{"uv":[5.9375,12.4375,5.375,13.0],"rotation":0,"texture":"#0","tintindex":0},"up":{"uv":[3.25,8.875,4.25,8.3125],"rotation":0,"texture":"#0","tintindex":0},"down":{"uv":[4.3125,8.3125,5.3125,8.875],"rotation":0,"texture":"#0","tintindex":0}}}],"display":{"head":{"translation":[0.0,-6.4,0.0],"scale":[4.0,4.0,4.0]}}}