{"textures":{"0":"modelengine:entity/scorpion_king"},"elements":[{"from":[5.428571,-2.9171457,4.181625],"to":[10.571428,9.082855,9.895911],"rotation":{"angle":-22.5,"axis":"x","origin":[8.0,5.000124,-18.999872]},"faces":{"east":{"uv":[4.125,5.8125,4.75,7.125],"rotation":0,"texture":"#0","tintindex":0},"south":{"uv":[6.8125,1.875,7.375,3.1875],"rotation":0,"texture":"#0","tintindex":0},"north":{"uv":[1.75,6.8125,2.3125,8.125],"rotation":0,"texture":"#0","tintindex":0},"west":{"uv":[4.8125,5.8125,5.4375,7.125],"rotation":0,"texture":"#0","tintindex":0},"up":{"uv":[3.9375,5.75,3.375,5.125],"rotation":0,"texture":"#0","tintindex":0},"down":{"uv":[12.5625,0.875,12.0,1.5],"rotation":0,"texture":"#0","tintindex":0}}},{"from":[8.0,-2.9171457,-1.5326605],"to":[8.0,9.082855,4.181625],"rotation":{"angle":-22.5,"axis":"x","origin":[8.0,5.000124,-18.999872]},"faces":{"east":{"uv":[0.625,5.875,0.0,7.1875],"rotation":0,"texture":"#0","tintindex":0},"south":{"uv":[10.625,13.75,10.625,15.0625],"rotation":0,"texture":"#0","tintindex":0},"north":{"uv":[10.5625,13.75,10.5625,15.0625],"rotation":0,"texture":"#0","tintindex":0},"west":{"uv":[0.0,5.875,0.625,7.1875],"rotation":0,"texture":"#0","tintindex":0},"up":{"uv":[10.6875,14.375,10.6875,13.75],"rotation":0,"texture":"#0","tintindex":0},"down":{"uv":[10.75,13.75,10.75,14.375],"rotation":0,"texture":"#0","tintindex":0}}}],"display":{"head":{"translation":[0.0,-6.4,0.0],"scale":[4.0,4.0,4.0]}}}