{"textures":{"0":"modelengine:entity/gigas"},"elements":[{"from":[6.3051853,7.191641,5.8675957],"to":[8.019471,8.334497,9.296167],"rotation":{"angle":0.0,"axis":"y","origin":[7.428571,7.712486,7.1494303]},"faces":{"east":{"uv":[1.375,7.0,1.0,7.125],"rotation":0,"texture":"#0","tintindex":0},"south":{"uv":[9.4375,5.625,9.25,5.75],"rotation":0,"texture":"#0","tintindex":0},"north":{"uv":[3.4375,8.9375,3.25,9.0625],"rotation":0,"texture":"#0","tintindex":0},"west":{"uv":[4.9375,2.125,4.5625,2.25],"rotation":0,"texture":"#0","tintindex":0},"up":{"uv":[2.3125,10.0,2.5,9.625],"rotation":0,"texture":"#0","tintindex":0},"down":{"uv":[2.5,9.625,2.6875,10.0],"rotation":0,"texture":"#0","tintindex":0}}},{"from":[5.7337565,2.6713457,5.3195305],"to":[9.162328,7.8142033,7.0338163],"rotation":{"angle":-22.5,"axis":"x","origin":[8.0,5.142857,5.142857]},"faces":{"east":{"uv":[9.75,4.75,9.5625,5.3125],"rotation":0,"texture":"#0","tintindex":0},"south":{"uv":[8.1875,9.0,7.8125,9.5625],"rotation":0,"texture":"#0","tintindex":0},"north":{"uv":[7.8125,9.0,7.4375,9.5625],"rotation":0,"texture":"#0","tintindex":0},"west":{"uv":[3.25,9.4375,3.0625,10.0],"rotation":0,"texture":"#0","tintindex":0},"up":{"uv":[4.875,8.1875,5.25,8.0],"rotation":0,"texture":"#0","tintindex":0},"down":{"uv":[8.125,7.0625,8.5,7.25],"rotation":0,"texture":"#0","tintindex":0}}}],"display":{"head":{"translation":[0.0,-6.4,0.0],"scale":[4.0,4.0,4.0]}}}