{"textures":{"0":"modelengine:entity/gigas"},"elements":[{"from":[9.942764,6.5316095,6.2448273],"to":[16.22848,9.960181,9.673399],"rotation":{"angle":0.0,"axis":"y","origin":[9.428572,5.714286,6.285714]},"faces":{"east":{"uv":[2.0,9.25,2.375,9.625],"rotation":0,"texture":"#0","tintindex":0},"south":{"uv":[8.5,8.375,9.1875,8.75],"rotation":0,"texture":"#0","tintindex":0},"north":{"uv":[8.5,7.0625,9.1875,7.4375],"rotation":0,"texture":"#0","tintindex":0},"west":{"uv":[9.25,2.5625,9.625,2.9375],"rotation":0,"texture":"#0","tintindex":0},"up":{"uv":[1.4375,8.9375,0.75,8.5625],"rotation":0,"texture":"#0","tintindex":0},"down":{"uv":[2.125,8.5625,1.4375,8.9375],"rotation":0,"texture":"#0","tintindex":0}}},{"from":[14.761144,8.537463,7.3876843],"to":[17.618286,10.823178,8.530541],"rotation":{"angle":-45.0,"axis":"z","origin":[12.571428,8.0,8.0]},"faces":{"east":{"uv":[2.375,6.625,2.5,6.875],"rotation":0,"texture":"#0","tintindex":0},"south":{"uv":[9.5625,7.1875,9.875,7.4375],"rotation":0,"texture":"#0","tintindex":0},"north":{"uv":[7.0,8.625,7.3125,8.875],"rotation":0,"texture":"#0","tintindex":0},"west":{"uv":[2.375,6.875,2.5,7.125],"rotation":0,"texture":"#0","tintindex":0},"up":{"uv":[8.1875,1.75,7.875,1.625],"rotation":0,"texture":"#0","tintindex":0},"down":{"uv":[8.625,3.25,8.3125,3.375],"rotation":0,"texture":"#0","tintindex":0}}}],"display":{"head":{"translation":[0.0,-6.4,0.0],"scale":[4.0,4.0,4.0]}}}