{"textures":{"0":"modelengine:entity/spiritsharkwater"},"elements":[{"from":[4.0857143,3.077886,6.7024965],"to":[11.914286,11.734505,10.302497],"rotation":{"angle":0.0,"axis":"y","origin":[8.028571,-6.6432095,-1.3997135]},"faces":{"east":{"uv":[4.375,9.5,5.1875,11.375],"rotation":0,"texture":"#0","tintindex":0},"south":{"uv":[5.125,4.5,6.8125,6.375],"rotation":0,"texture":"#0","tintindex":0},"north":{"uv":[3.375,4.5,5.0625,6.375],"rotation":0,"texture":"#0","tintindex":0},"west":{"uv":[6.5,10.125,7.3125,12.0],"rotation":0,"texture":"#0","tintindex":0},"up":{"uv":[11.9375,0.8125,10.25,0.0],"rotation":0,"texture":"#0","tintindex":0},"down":{"uv":[11.9375,0.875,10.25,1.6875],"rotation":0,"texture":"#0","tintindex":0}}},{"from":[6.4,7.2446685,-2.243721],"to":[9.6,10.208008,8.288948],"rotation":{"angle":-22.5,"axis":"x","origin":[10.571428,7.3262973,0.79209614]},"faces":{"east":{"uv":[9.375,2.875,11.6875,3.5],"rotation":0,"texture":"#0","tintindex":0},"south":{"uv":[11.875,13.5,12.5625,14.125],"rotation":0,"texture":"#0","tintindex":0},"north":{"uv":[13.5,11.625,14.1875,12.25],"rotation":0,"texture":"#0","tintindex":0},"west":{"uv":[9.75,6.25,12.0625,6.875],"rotation":0,"texture":"#0","tintindex":0},"up":{"uv":[10.0625,10.0625,9.375,7.75],"rotation":0,"texture":"#0","tintindex":0},"down":{"uv":[4.3125,9.5,3.625,11.8125],"rotation":0,"texture":"#0","tintindex":0}}},{"from":[6.428571,18.717451,-7.2798424],"to":[9.571428,21.45522,-6.1458216],"rotation":{"angle":-45.0,"axis":"x","origin":[10.6,18.79908,10.613119]},"faces":{"east":{"uv":[7.375,14.0,7.625,14.625],"rotation":0,"texture":"#0","tintindex":0},"south":{"uv":[3.75,13.625,4.4375,14.25],"rotation":0,"texture":"#0","tintindex":0},"north":{"uv":[13.625,1.375,14.3125,2.0],"rotation":0,"texture":"#0","tintindex":0},"west":{"uv":[7.625,14.0,7.875,14.625],"rotation":0,"texture":"#0","tintindex":0},"up":{"uv":[14.3125,8.75,13.625,8.5],"rotation":0,"texture":"#0","tintindex":0},"down":{"uv":[14.3125,12.5,13.625,12.75],"rotation":0,"texture":"#0","tintindex":0}}},{"from":[6.428571,6.089125,-1.9813957],"to":[9.571428,9.235767,-0.84660816],"rotation":{"angle":0.0,"axis":"y","origin":[10.6,7.3262973,0.79209614]},"faces":{"east":{"uv":[13.75,0.0,14.0,0.6875],"rotation":0,"texture":"#0","tintindex":0},"south":{"uv":[13.375,4.75,14.0625,5.4375],"rotation":0,"texture":"#0","tintindex":0},"north":{"uv":[13.375,4.0,14.0625,4.6875],"rotation":0,"texture":"#0","tintindex":0},"west":{"uv":[10.375,13.75,10.625,14.4375],"rotation":0,"texture":"#0","tintindex":0},"up":{"uv":[14.3125,13.0,13.625,12.75],"rotation":0,"texture":"#0","tintindex":0},"down":{"uv":[13.8125,13.75,13.125,14.0],"rotation":0,"texture":"#0","tintindex":0}}}],"display":{"head":{"translation":[0.0,-6.4,0.0],"scale":[4.0,4.0,4.0]}}}