{"textures":{"0":"modelengine:entity/adventurer"},"elements":[{"from":[7.373626,7.13162,6.1457705],"to":[8.516483,8.274477,6.717199],"rotation":{"angle":0.0,"axis":"y","origin":[6.4529915,7.905632,7.577032]},"faces":{"east":{"uv":[4.1375,1.5125,4.2375,1.7375],"rotation":0,"texture":"#0","tintindex":0},"south":{"uv":[4.1375,8.0125,4.3625,8.2375],"rotation":0,"texture":"#0","tintindex":0},"north":{"uv":[2.7625,7.8875,2.9875,8.1125],"rotation":0,"texture":"#0","tintindex":0},"west":{"uv":[6.3875,2.6375,6.4875,2.8625],"rotation":0,"texture":"#0","tintindex":0},"up":{"uv":[5.8625,6.8625,5.6375,6.7625],"rotation":0,"texture":"#0","tintindex":0},"down":{"uv":[8.3625,6.2625,8.1375,6.3625],"rotation":0,"texture":"#0","tintindex":0}}},{"from":[7.945055,5.988763,6.1457705],"to":[10.230769,7.13162,6.717199],"rotation":{"angle":0.0,"axis":"y","origin":[9.437119,7.905632,7.577032]},"faces":{"east":{"uv":[3.7375,7.5125,3.6375,7.7375],"rotation":0,"texture":"#0","tintindex":0},"south":{"uv":[9.2375,7.6375,8.7625,7.8625],"rotation":0,"texture":"#0","tintindex":0},"north":{"uv":[9.2375,7.3875,8.7625,7.6125],"rotation":0,"texture":"#0","tintindex":0},"west":{"uv":[7.6125,3.0125,7.5125,3.2375],"rotation":0,"texture":"#0","tintindex":0},"up":{"uv":[2.7625,4.8625,3.2375,4.7625],"rotation":0,"texture":"#0","tintindex":0},"down":{"uv":[1.0125,5.2625,1.4875,5.3625],"rotation":0,"texture":"#0","tintindex":0}}},{"from":[5.659341,5.988763,6.1457705],"to":[7.945055,7.13162,6.717199],"rotation":{"angle":0.0,"axis":"y","origin":[6.4529915,7.905632,7.577032]},"faces":{"east":{"uv":[7.5125,3.0125,7.6125,3.2375],"rotation":0,"texture":"#0","tintindex":0},"south":{"uv":[8.7625,7.6375,9.2375,7.8625],"rotation":0,"texture":"#0","tintindex":0},"north":{"uv":[8.7625,7.3875,9.2375,7.6125],"rotation":0,"texture":"#0","tintindex":0},"west":{"uv":[3.6375,7.5125,3.7375,7.7375],"rotation":0,"texture":"#0","tintindex":0},"up":{"uv":[3.2375,4.8625,2.7625,4.7625],"rotation":0,"texture":"#0","tintindex":0},"down":{"uv":[1.4875,5.2625,1.0125,5.3625],"rotation":0,"texture":"#0","tintindex":0}}},{"from":[5.659341,2.420558,7.7343087],"to":[10.230769,5.277701,7.7343087],"rotation":{"angle":22.5,"axis":"x","origin":[6.4529915,7.905632,7.577032]},"faces":{"east":{"uv":[0.0125,0.0125,0.0125,0.6125],"rotation":0,"texture":"#0","tintindex":0},"south":{"uv":[4.2625,2.1375,5.2375,2.7375],"rotation":0,"texture":"#0","tintindex":0},"north":{"uv":[4.2625,2.1375,5.2375,2.7375],"rotation":0,"texture":"#0","tintindex":0},"west":{"uv":[0.0125,0.0125,0.0125,0.6125],"rotation":0,"texture":"#0","tintindex":0},"up":{"uv":[0.9875,0.0125,0.0125,0.0125],"rotation":0,"texture":"#0","tintindex":0},"down":{"uv":[0.9875,0.0125,0.0125,0.0125],"rotation":0,"texture":"#0","tintindex":0}}},{"from":[5.659341,8.274477,6.1457705],"to":[7.373626,8.845906,6.717199],"rotation":{"angle":0.0,"axis":"y","origin":[6.4529915,7.905632,7.577032]},"faces":{"east":{"uv":[1.5125,5.2625,1.6125,5.3625],"rotation":0,"texture":"#0","tintindex":0},"south":{"uv":[6.8875,6.7625,7.2375,6.8625],"rotation":0,"texture":"#0","tintindex":0},"north":{"uv":[5.0125,2.7625,5.3625,2.8625],"rotation":0,"texture":"#0","tintindex":0},"west":{"uv":[3.7625,6.0125,3.8625,6.1125],"rotation":0,"texture":"#0","tintindex":0},"up":{"uv":[4.7375,7.1125,4.3875,7.0125],"rotation":0,"texture":"#0","tintindex":0},"down":{"uv":[8.2375,1.8875,7.8875,1.9875],"rotation":0,"texture":"#0","tintindex":0}}},{"from":[8.516483,8.274477,6.1457705],"to":[10.230769,8.845906,6.717199],"rotation":{"angle":0.0,"axis":"y","origin":[9.437119,7.905632,7.577032]},"faces":{"east":{"uv":[3.8625,6.0125,3.7625,6.1125],"rotation":0,"texture":"#0","tintindex":0},"south":{"uv":[7.2375,6.7625,6.8875,6.8625],"rotation":0,"texture":"#0","tintindex":0},"north":{"uv":[5.3625,2.7625,5.0125,2.8625],"rotation":0,"texture":"#0","tintindex":0},"west":{"uv":[1.6125,5.2625,1.5125,5.3625],"rotation":0,"texture":"#0","tintindex":0},"up":{"uv":[4.3875,7.1125,4.7375,7.0125],"rotation":0,"texture":"#0","tintindex":0},"down":{"uv":[7.8875,1.8875,8.2375,1.9875],"rotation":0,"texture":"#0","tintindex":0}}},{"from":[5.659341,5.4173346,6.717199],"to":[10.230769,9.988763,11.288628],"rotation":{"angle":0.0,"axis":"y","origin":[6.4529915,7.905632,7.577032]},"faces":{"east":{"uv":[5.3875,0.8875,6.3625,1.8625],"rotation":0,"texture":"#0","tintindex":0},"south":{"uv":[1.0125,5.3875,1.9875,6.3625],"rotation":0,"texture":"#0","tintindex":0},"north":{"uv":[0.0125,5.2625,0.9875,6.2375],"rotation":0,"texture":"#0","tintindex":0},"west":{"uv":[5.3875,1.8875,6.3625,2.8625],"rotation":0,"texture":"#0","tintindex":0},"up":{"uv":[6.8625,5.8625,5.8875,4.8875],"rotation":0,"texture":"#0","tintindex":0},"down":{"uv":[6.8625,5.8875,5.8875,6.8625],"rotation":0,"texture":"#0","tintindex":0}}},{"from":[9.6549425,7.13162,8.975422],"to":[10.226371,8.845906,10.118279],"rotation":{"angle":22.5,"axis":"y","origin":[8.861292,5.0484886,8.692398]},"faces":{"east":{"uv":[9.1125,2.8875,8.8875,3.2375],"rotation":0,"texture":"#0","tintindex":0},"south":{"uv":[3.7375,7.1375,3.6375,7.4875],"rotation":0,"texture":"#0","tintindex":0},"north":{"uv":[6.4875,2.2625,6.3875,2.6125],"rotation":0,"texture":"#0","tintindex":0},"west":{"uv":[4.8625,8.7625,4.6375,9.1125],"rotation":0,"texture":"#0","tintindex":0},"up":{"uv":[7.2625,7.7375,7.3625,7.5125],"rotation":0,"texture":"#0","tintindex":0},"down":{"uv":[3.6375,7.7625,3.7375,7.9875],"rotation":0,"texture":"#0","tintindex":0}}},{"from":[5.373626,8.845906,6.4314847],"to":[10.516483,10.560192,11.574342],"rotation":{"angle":0.0,"axis":"y","origin":[6.4529915,7.905632,7.577032]},"faces":{"east":{"uv":[8.1375,5.5125,9.2375,5.8625],"rotation":0,"texture":"#0","tintindex":0},"south":{"uv":[8.1375,5.8875,9.2375,6.2375],"rotation":0,"texture":"#0","tintindex":0},"north":{"uv":[7.6375,6.3875,8.7375,6.7375],"rotation":0,"texture":"#0","tintindex":0},"west":{"uv":[0.0125,8.2625,1.1125,8.6125],"rotation":0,"texture":"#0","tintindex":0},"up":{"uv":[3.8625,5.9875,2.7625,4.8875],"rotation":0,"texture":"#0","tintindex":0},"down":{"uv":[5.9875,3.7625,4.8875,4.8625],"rotation":0,"texture":"#0","tintindex":0}}},{"from":[10.516483,8.560192,8.14577],"to":[12.23077,10.274477,9.860056],"rotation":{"angle":0.0,"axis":"y","origin":[9.437119,7.905632,7.577032]},"faces":{"east":{"uv":[6.7375,8.7625,6.3875,9.1125],"rotation":0,"texture":"#0","tintindex":0},"south":{"uv":[9.1125,6.2625,8.7625,6.6125],"rotation":0,"texture":"#0","tintindex":0},"north":{"uv":[1.6125,7.5125,1.2625,7.8625],"rotation":0,"texture":"#0","tintindex":0},"west":{"uv":[6.3625,8.7625,6.0125,9.1125],"rotation":0,"texture":"#0","tintindex":0},"up":{"uv":[8.7625,6.9875,9.1125,6.6375],"rotation":0,"texture":"#0","tintindex":0},"down":{"uv":[6.7625,8.7625,7.1125,9.1125],"rotation":0,"texture":"#0","tintindex":0}}},{"from":[3.6593404,8.560192,8.14577],"to":[5.373626,10.274477,9.860056],"rotation":{"angle":0.0,"axis":"y","origin":[6.4529915,7.905632,7.577032]},"faces":{"east":{"uv":[6.0125,8.7625,6.3625,9.1125],"rotation":0,"texture":"#0","tintindex":0},"south":{"uv":[8.7625,6.2625,9.1125,6.6125],"rotation":0,"texture":"#0","tintindex":0},"north":{"uv":[1.2625,7.5125,1.6125,7.8625],"rotation":0,"texture":"#0","tintindex":0},"west":{"uv":[6.3875,8.7625,6.7375,9.1125],"rotation":0,"texture":"#0","tintindex":0},"up":{"uv":[9.1125,6.9875,8.7625,6.6375],"rotation":0,"texture":"#0","tintindex":0},"down":{"uv":[7.1125,8.7625,6.7625,9.1125],"rotation":0,"texture":"#0","tintindex":0}}},{"from":[2.5164828,8.560192,8.431485],"to":[3.6593404,11.417335,9.574342],"rotation":{"angle":0.0,"axis":"y","origin":[6.4529915,7.905632,7.577032]},"faces":{"east":{"uv":[8.7625,2.2625,8.9875,2.8625],"rotation":0,"texture":"#0","tintindex":0},"south":{"uv":[2.3875,8.7625,2.6125,9.3625],"rotation":0,"texture":"#0","tintindex":0},"north":{"uv":[5.6375,6.1375,5.8625,6.7375],"rotation":0,"texture":"#0","tintindex":0},"west":{"uv":[2.6375,8.7625,2.8625,9.3625],"rotation":0,"texture":"#0","tintindex":0},