{"textures":{"0":"modelengine:entity/adventurer","1":"modelengine:entity/pasted"},"elements":[{"name":"cube","from":[7.3423076,7.088201,6.0530586],"to":[8.542307,8.288201,6.653059],"rotation":{"angle":0.0,"axis":"x","origin":[6.375641,7.9009123,7.5558834]},"faces":{"down":{"uv":[8.3625,6.2625,8.1375,6.3625],"rotation":0,"texture":"#0","tintindex":0},"east":{"uv":[4.1375,1.5125,4.2375,1.7375],"rotation":0,"texture":"#0","tintindex":0},"north":{"uv":[2.7625,7.8875,2.9875,8.1125],"rotation":0,"texture":"#0","tintindex":0},"south":{"uv":[4.1375,8.0125,4.3625,8.2375],"rotation":0,"texture":"#0","tintindex":0},"up":{"uv":[5.8625,6.8625,5.6375,6.7625],"rotation":0,"texture":"#0","tintindex":0},"west":{"uv":[6.3875,2.6375,6.4875,2.8625],"rotation":0,"texture":"#0","tintindex":0}}},{"name":"cube","from":[7.942308,5.8882008,6.0530586],"to":[10.342308,7.088201,6.653059],"rotation":{"angle":0.0,"axis":"x","origin":[9.508974,7.9009123,7.5558834]},"faces":{"down":{"uv":[1.0125,5.2625,1.4875,5.3625],"rotation":0,"texture":"#0","tintindex":0},"east":{"uv":[3.7375,7.5125,3.6375,7.7375],"rotation":0,"texture":"#0","tintindex":0},"north":{"uv":[9.2375,7.3875,8.7625,7.6125],"rotation":0,"texture":"#0","tintindex":0},"south":{"uv":[9.2375,7.6375,8.7625,7.8625],"rotation":0,"texture":"#0","tintindex":0},"up":{"uv":[2.7625,4.8625,3.2375,4.7625],"rotation":0,"texture":"#0","tintindex":0},"west":{"uv":[7.6125,3.0125,7.5125,3.2375],"rotation":0,"texture":"#0","tintindex":0}}},{"name":"cube","from":[5.542308,5.8882008,6.0530586],"to":[7.942308,7.088201,6.653059],"rotation":{"angle":0.0,"axis":"x","origin":[6.375641,7.9009123,7.5558834]},"faces":{"down":{"uv":[1.4875,5.2625,1.0125,5.3625],"rotation":0,"texture":"#0","tintindex":0},"east":{"uv":[7.5125,3.0125,7.6125,3.2375],"rotation":0,"texture":"#0","tintindex":0},"north":{"uv":[8.7625,7.3875,9.2375,7.6125],"rotation":0,"texture":"#0","tintindex":0},"south":{"uv":[8.7625,7.6375,9.2375,7.8625],"rotation":0,"texture":"#0","tintindex":0},"up":{"uv":[3.2375,4.8625,2.7625,4.7625],"rotation":0,"texture":"#0","tintindex":0},"west":{"uv":[3.6375,7.5125,3.7375,7.7375],"rotation":0,"texture":"#0","tintindex":0}}},{"name":"cube","from":[5.542308,2.141586,7.721024],"to":[10.342308,5.1415863,7.721024],"rotation":{"angle":22.5,"axis":"x","origin":[6.375641,7.9009123,7.5558834]},"faces":{"down":{"uv":[0.9875,0.0125,0.0125,0.0125],"rotation":0,"texture":"#0","tintindex":0},"east":{"uv":[0.0125,0.0125,0.0125,0.6125],"rotation":0,"texture":"#0","tintindex":0},"north":{"uv":[4.2625,2.1375,5.2375,2.7375],"rotation":0,"texture":"#0","tintindex":0},"south":{"uv":[4.2625,2.1375,5.2375,2.7375],"rotation":0,"texture":"#0","tintindex":0},"up":{"uv":[0.9875,0.0125,0.0125,0.0125],"rotation":0,"texture":"#0","tintindex":0},"west":{"uv":[0.0125,0.0125,0.0125,0.6125],"rotation":0,"texture":"#0","tintindex":0}}},{"name":"cube","from":[5.542308,8.288201,6.0530586],"to":[7.3423076,8.888201,6.653059],"rotation":{"angle":0.0,"axis":"x","origin":[6.375641,7.9009123,7.5558834]},"faces":{"down":{"uv":[8.2375,1.8875,7.8875,1.9875],"rotation":0,"texture":"#0","tintindex":0},"east":{"uv":[1.5125,5.2625,1.6125,5.3625],"rotation":0,"texture":"#0","tintindex":0},"north":{"uv":[5.0125,2.7625,5.3625,2.8625],"rotation":0,"texture":"#0","tintindex":0},"south":{"uv":[6.8875,6.7625,7.2375,6.8625],"rotation":0,"texture":"#0","tintindex":0},"up":{"uv":[4.7375,7.1125,4.3875,7.0125],"rotation":0,"texture":"#0","tintindex":0},"west":{"uv":[3.7625,6.0125,3.8625,6.1125],"rotation":0,"texture":"#0","tintindex":0}}},{"name":"cube","from":[8.542307,8.288201,6.0530586],"to":[10.342308,8.888201,6.653059],"rotation":{"angle":0.0,"axis":"x","origin":[9.508974,7.9009123,7.5558834]},"faces":{"down":{"uv":[7.8875,1.8875,8.2375,1.9875],"rotation":0,"texture":"#0","tintindex":0},"east":{"uv":[3.8625,6.0125,3.7625,6.1125],"rotation":0,"texture":"#0","tintindex":0},"north":{"uv":[5.3625,2.7625,5.0125,2.8625],"rotation":0,"texture":"#0","tintindex":0},"south":{"uv":[7.2375,6.7625,6.8875,6.8625],"rotation":0,"texture":"#0","tintindex":0},"up":{"uv":[4.3875,7.1125,4.7375,7.0125],"rotation":0,"texture":"#0","tintindex":0},"west":{"uv":[1.6125,5.2625,1.5125,5.3625],"rotation":0,"texture":"#0","tintindex":0}}},{"name":"cube","from":[5.542308,5.2882013,6.653059],"to":[10.342308,10.0882015,11.453059],"rotation":{"angle":0.0,"axis":"x","origin":[6.375641,7.9009123,7.5558834]},"faces":{"down":{"uv":[6.8625,5.8875,5.8875,6.8625],"rotation":0,"texture":"#0","tintindex":0},"east":{"uv":[5.3875,0.8875,6.3625,1.8625],"rotation":0,"texture":"#0","tintindex":0},"north":{"uv":[0.0125,5.2625,0.9875,6.2375],"rotation":0,"texture":"#0","tintindex":0},"south":{"uv":[1.0125,5.3875,1.9875,6.3625],"rotation":0,"texture":"#0","tintindex":0},"up":{"uv":[6.8625,5.8625,5.8875,4.8875],"rotation":0,"texture":"#0","tintindex":0},"west":{"uv":[5.3875,1.8875,6.3625,2.8625],"rotation":0,"texture":"#0","tintindex":0}}},{"name":"cube","from":[9.73769,7.088201,9.024193],"to":[10.337689,8.888201,10.224194],"rotation":{"angle":22.5,"axis":"y","origin":[8.904356,4.9009132,8.727017]},"faces":{"down":{"uv":[3.6375,7.7625,3.7375,7.9875],"rotation":0,"texture":"#0","tintindex":0},"east":{"uv":[9.1125,2.8875,8.8875,3.2375],"rotation":0,"texture":"#0","tintindex":0},"north":{"uv":[6.4875,2.2625,6.3875,2.6125],"rotation":0,"texture":"#0","tintindex":0},"south":{"uv":[3.7375,7.1375,3.6375,7.4875],"rotation":0,"texture":"#0","tintindex":0},"up":{"uv":[7.2625,7.7375,7.3625,7.5125],"rotation":0,"texture":"#0","tintindex":0},"west":{"uv":[4.8625,8.7625,4.6375,9.1125],"rotation":0,"texture":"#0","tintindex":0}}},{"name":"cube","from":[5.2423077,8.888201,6.353059],"to":[10.642308,10.688202,11.753059],"rotation":{"angle":0.0,"axis":"x","origin":[6.375641,7.9009123,7.5558834]},"faces":{"down":{"uv":[5.9875,3.7625,4.8875,4.8625],"rotation":0,"texture":"#0","tintindex":0},"east":{"uv":[8.1375,5.5125,9.2375,5.8625],"rotation":0,"texture":"#0","tintindex":0},"north":{"uv":[7.6375,6.3875,8.7375,6.7375],"rotation":0,"texture":"#0","tintindex":0},"south":{"uv":[8.1375,5.8875,9.2375,6.2375],"rotation":0,"texture":"#0","tintindex":0},"up":{"uv":[3.8625,5.9875,2.7625,4.8875],"rotation":0,"texture":"#0","tintindex":0},"west":{"uv":[0.0125,8.2625,1.1125,8.6125],"rotation":0,"texture":"#0","tintindex":0}}},{"name":"cube","from":[10.642308,8.5882015,8.153059],"to":[12.442308,10.388201,9.953059],"rotation":{"angle":0.0,"axis":"x","origin":[9.508974,7.9009123,7.5558834]},"faces":{"down":{"uv":[6.7625,8.7625,7.1125,9.1125],"rotation":0,"texture":"#0","tintindex":0},"east":{"uv":[6.7375,8.7625,6.3875,9.1125],"rotation":0,"texture":"#0","tintindex":0},"north":{"uv":[1.6125,7.5125,1.2625,7.8625],"rotation":0,"texture":"#0","tintindex":0},"south":{"uv":[9.1125,6.2625,8.7625,6.6125],"rotation":0,"texture":"#0","tintindex":0},"up":{"uv":[8.7625,6.9875,9.1125,6.6375],"rotation":0,"texture":"#0","tintindex":0},"west":{"uv":[6.3625,8.7625,6.0125,9.1125],"rotation":0,"texture":"#0","tintindex":0}}},{"name":"cube","from":[3.4423075,8.5882015,8.153059],"to":[5.2423077,10.388201,9.953059],"rotation":{"angle":0.0,"axis":"x","origin":[6.375641,7.9009123,7.5558834]},"faces":{"down":{"uv":[7.1125,8.7625,6.7625,9.1125],"rotation":0,"texture":"#0","tintindex":0},"east":{"uv":[6.0125,8.7625,6.3625,9.1125],"rotation":0,"texture":"#0","tintindex":0},"north":{"uv":[1.2625,7.5125,1.6125,7.8625],"rotation":0,"texture":"#0","tintindex":0},"south":{"uv":[8.7625,6.2625,9.1125,6.6125],"rotation":0,"texture":"#0","tintindex":0},"up":{"uv":[9.1125,6.9875,8.7625,6.6375],"rotation":0,"texture":"#0","tintindex":0},"west":{"uv":[6.3875,8.7625,6.7375,9.1125],"rotation":0,"texture":"#0","tintindex":0}}},{"name":"cube","from":[2.2423072,8.5882015,8.453059],"to":[3.4423075,11.5882015,9.653059],"rotation":{"angle":0.0,"axis":"x","origin":[6.375641,7.9009123,7.5558834]},"faces":{"down":{"uv":[7.2375,7.5125,7.0125,7.7375],"rotation":0,"texture":"#0","tintindex":0},"east":{"uv":[8.7625,2.2625,8.9875,2.8625],