{"textures":{"0":"modelengine:entity/adventurer"},"elements":[{"from":[5.714286,4.0,6.5714283],"to":[8.0,8.571428,9.428572],"rotation":{"angle":0.0,"axis":"y","origin":[6.0,7.428571,8.571428]},"faces":{"east":{"uv":[7.0125,3.2625,7.6125,4.2375],"rotation":0,"texture":"#0","tintindex":0},"south":{"uv":[0.0125,7.2625,0.4875,8.2375],"rotation":0,"texture":"#0","tintindex":0},"north":{"uv":[3.1375,7.1375,3.6125,8.1125],"rotation":0,"texture":"#0","tintindex":0},"west":{"uv":[3.7625,7.0125,4.3625,7.9875],"rotation":0,"texture":"#0","tintindex":0},"up":{"uv":[3.2375,4.7375,2.7625,4.1375],"rotation":0,"texture":"#0","tintindex":0},"down":{"uv":[8.8625,4.8875,8.3875,5.4875],"rotation":0,"texture":"#0","tintindex":0}}}],"display":{"head":{"translation":[0.0,-6.4,0.0],"scale":[4.0,4.0,4.0]}}}