{"textures":{"0":"modelengine:entity/adventurer","1":"modelengine:entity/pasted"},"elements":[{"name":"cube","from":[6.2,2.6,4.1],"to":[9.8,8.0,8.3],"rotation":{"angle":0.0,"axis":"x","origin":[8.0,4.7,5.8999996]},"faces":{"down":{"uv":[7.6125,5.8875,6.8875,6.7375],"rotation":0,"texture":"#0","tintindex":0},"east":{"uv":[2.0125,6.0125,2.8625,7.1125],"rotation":0,"texture":"#0","tintindex":0},"north":{"uv":[0.8875,6.3875,1.6125,7.4875],"rotation":0,"texture":"#0","tintindex":0},"south":{"uv":[6.3875,0.8875,7.1125,1.9875],"rotation":0,"texture":"#0","tintindex":0},"up":{"uv":[6.3625,7.7375,5.6375,6.8875],"rotation":0,"texture":"#0","tintindex":0},"west":{"uv":[2.8875,6.0125,3.7375,7.1125],"rotation":0,"texture":"#0","tintindex":0}}},{"name":"cube","from":[6.2,0.7999997,4.1],"to":[8.6,2.6,8.3],"rotation":{"angle":0.0,"axis":"x","origin":[8.0,0.49999976,5.8999996]},"faces":{"down":{"uv":[8.1125,5.5125,7.6375,6.3625],"rotation":0,"texture":"#0","tintindex":0},"east":{"uv":[8.3875,0.8875,9.2375,1.2375],"rotation":0,"texture":"#0","tintindex":0},"north":{"uv":[8.3875,1.6375,8.8625,1.9875],"rotation":0,"texture":"#0","tintindex":0},"south":{"uv":[7.8875,8.6375,8.3625,8.9875],"rotation":0,"texture":"#0","tintindex":0},"up":{"uv":[5.6125,8.4875,5.1375,7.6375],"rotation":0,"texture":"#0","tintindex":0},"west":{"uv":[8.3875,1.2625,9.2375,1.6125],"rotation":0,"texture":"#0","tintindex":0}}},{"name":"cube","from":[8.6,1.3999997,4.1],"to":[9.8,2.6,6.5],"rotation":{"angle":0.0,"axis":"x","origin":[9.2,0.49999976,5.8999996]},"faces":{"down":{"uv":[6.3625,7.7625,6.1375,8.2375],"rotation":0,"texture":"#0","tintindex":0},"east":{"uv":[8.7625,7.8875,9.2375,8.1125],"rotation":0,"texture":"#0","tintindex":0},"north":{"uv":[4.8875,8.2625,5.1125,8.4875],"rotation":0,"texture":"#0","tintindex":0},"south":{"uv":[3.8875,8.8875,4.1125,9.1125],"rotation":0,"texture":"#0","tintindex":0},"up":{"uv":[5.6125,7.6125,5.3875,7.1375],"rotation":0,"texture":"#0","tintindex":0},"west":{"uv":[8.7625,8.1375,9.2375,8.3625],"rotation":0,"texture":"#0","tintindex":0}}}],"display":{"head":{"translation":[0.0,-6.4,0.0],"rotation":[0.0,0.0,0.0],"scale":[3.8095,3.8095,3.8095]}}}