{"textures":{"0":"modelengine:entity/adventurer"},"elements":[{"from":[6.285714,2.8571424,4.285714],"to":[9.714286,8.0,8.285714],"rotation":{"angle":0.0,"axis":"y","origin":[8.0,4.8571424,6.0]},"faces":{"east":{"uv":[2.0125,6.0125,2.8625,7.1125],"rotation":0,"texture":"#0","tintindex":0},"south":{"uv":[6.3875,0.8875,7.1125,1.9875],"rotation":0,"texture":"#0","tintindex":0},"north":{"uv":[0.8875,6.3875,1.6125,7.4875],"rotation":0,"texture":"#0","tintindex":0},"west":{"uv":[2.8875,6.0125,3.7375,7.1125],"rotation":0,"texture":"#0","tintindex":0},"up":{"uv":[6.3625,7.7375,5.6375,6.8875],"rotation":0,"texture":"#0","tintindex":0},"down":{"uv":[7.6125,5.8875,6.8875,6.7375],"rotation":0,"texture":"#0","tintindex":0}}},{"from":[6.285714,1.1428566,4.285714],"to":[8.571428,2.8571424,8.285714],"rotation":{"angle":0.0,"axis":"y","origin":[8.0,0.85714245,6.0]},"faces":{"east":{"uv":[8.3875,0.8875,9.2375,1.2375],"rotation":0,"texture":"#0","tintindex":0},"south":{"uv":[7.8875,8.6375,8.3625,8.9875],"rotation":0,"texture":"#0","tintindex":0},"north":{"uv":[8.3875,1.6375,8.8625,1.9875],"rotation":0,"texture":"#0","tintindex":0},"west":{"uv":[8.3875,1.2625,9.2375,1.6125],"rotation":0,"texture":"#0","tintindex":0},"up":{"uv":[5.6125,8.4875,5.1375,7.6375],"rotation":0,"texture":"#0","tintindex":0},"down":{"uv":[8.1125,5.5125,7.6375,6.3625],"rotation":0,"texture":"#0","tintindex":0}}},{"from":[8.571428,1.7142854,4.285714],"to":[9.714286,2.8571424,6.5714283],"rotation":{"angle":0.0,"axis":"y","origin":[9.142858,0.85714245,6.0]},"faces":{"east":{"uv":[8.7625,7.8875,9.2375,8.1125],"rotation":0,"texture":"#0","tintindex":0},"south":{"uv":[3.8875,8.8875,4.1125,9.1125],"rotation":0,"texture":"#0","tintindex":0},"north":{"uv":[4.8875,8.2625,5.1125,8.4875],"rotation":0,"texture":"#0","tintindex":0},"west":{"uv":[8.7625,8.1375,9.2375,8.3625],"rotation":0,"texture":"#0","tintindex":0},"up":{"uv":[5.6125,7.6125,5.3875,7.1375],"rotation":0,"texture":"#0","tintindex":0},"down":{"uv":[6.3625,7.7625,6.1375,8.2375],"rotation":0,"texture":"#0","tintindex":0}}}],"display":{"head":{"translation":[0.0,-6.4,0.0],"scale":[4.0,4.0,4.0]}}}