{"textures":{"0":"modelengine:entity/adventurer"},"elements":[{"from":[7.142857,4.0,7.428571],"to":[8.857143,5.142857,8.0],"rotation":{"angle":0.0,"axis":"y","origin":[9.142858,6.857143,7.714286]},"faces":{"east":{"uv":[1.2375,8.2625,1.1375,8.4875],"rotation":0,"texture":"#0","tintindex":0},"south":{"uv":[0.8625,7.2625,0.5125,7.4875],"rotation":0,"texture":"#0","tintindex":0},"north":{"uv":[1.9875,6.8875,1.6375,7.1125],"rotation":0,"texture":"#0","tintindex":0},"west":{"uv":[3.1125,7.8875,3.0125,8.1125],"rotation":0,"texture":"#0","tintindex":0},"up":{"uv":[0.5125,8.2375,0.8625,8.1375],"rotation":0,"texture":"#0","tintindex":0},"down":{"uv":[0.8875,8.1375,1.2375,8.2375],"rotation":0,"texture":"#0","tintindex":0}}},{"from":[7.142857,4.0,8.0],"to":[8.857143,8.0,10.285714],"rotation":{"angle":0.0,"axis":"y","origin":[9.142858,6.857143,10.0]},"faces":{"east":{"uv":[1.7375,7.8875,1.2625,8.7375],"rotation":0,"texture":"#0","tintindex":0},"south":{"uv":[8.7375,7.6375,8.3875,8.4875],"rotation":0,"texture":"#0","tintindex":0},"north":{"uv":[8.7375,6.7625,8.3875,7.6125],"rotation":0,"texture":"#0","tintindex":0},"west":{"uv":[6.1125,7.7625,5.6375,8.6125],"rotation":0,"texture":"#0","tintindex":0},"up":{"uv":[1.6375,6.8625,1.9875,6.3875],"rotation":0,"texture":"#0","tintindex":0},"down":{"uv":[1.0125,8.7625,1.3625,9.2375],"rotation":0,"texture":"#0","tintindex":0}}}],"display":{"head":{"translation":[0.0,-6.4,0.0],"scale":[4.0,4.0,4.0]}}}