{"textures":{"0":"modelengine:entity/lr_anubis_darkmode"},"elements":[{"from":[7.428651,7.515537,13.142855],"to":[8.571508,8.658394,23.42857],"rotation":{"angle":0.0,"axis":"y","origin":[7.428651,19.515537,32.0]},"faces":{"east":{"uv":[5.1875,7.25,5.3125,8.375],"rotation":90,"texture":"#0","tintindex":0},"south":{"uv":[7.625,4.0625,7.5,4.1875],"rotation":0,"texture":"#0","tintindex":0},"north":{"uv":[1.75,7.0,1.625,6.875],"rotation":180,"texture":"#0","tintindex":0},"west":{"uv":[1.3125,7.3125,1.4375,8.4375],"rotation":270,"texture":"#0","tintindex":0},"up":{"uv":[1.1875,7.3125,1.3125,8.4375],"rotation":0,"texture":"#0","tintindex":0},"down":{"uv":[0.375,7.0625,0.5,8.1875],"rotation":180,"texture":"#0","tintindex":0}}},{"from":[6.571508,6.658394,23.42857],"to":[9.428651,9.515537,32.0],"rotation":{"angle":45.0,"axis":"z","origin":[8.000079,8.086966,30.285713]},"faces":{"east":{"uv":[2.6875,5.8125,3.0,6.75],"rotation":90,"texture":"#0","tintindex":0},"south":{"uv":[2.375,7.75,2.0625,8.0625],"rotation":0,"texture":"#0","tintindex":0},"north":{"uv":[1.4375,3.5,1.125,3.1875],"rotation":180,"texture":"#0","tintindex":0},"west":{"uv":[4.6875,5.8125,5.0,6.75],"rotation":270,"texture":"#0","tintindex":0},"up":{"uv":[3.0,5.8125,3.3125,6.75],"rotation":0,"texture":"#0","tintindex":0},"down":{"uv":[5.6875,2.4375,6.0,3.375],"rotation":180,"texture":"#0","tintindex":0}}},{"from":[7.1429367,7.229822,6.2857122],"to":[8.857223,8.944108,9.714284],"rotation":{"angle":45.0,"axis":"z","origin":[8.000079,8.086966,7.999998]},"faces":{"east":{"uv":[7.9375,7.3125,8.125,7.6875],"rotation":90,"texture":"#0","tintindex":0},"south":{"uv":[4.375,5.0,4.1875,5.1875],"rotation":0,"texture":"#0","tintindex":0},"north":{"uv":[3.8125,4.9375,3.625,4.75],"rotation":180,"texture":"#0","tintindex":0},"west":{"uv":[2.5625,8.0,2.75,8.375],"rotation":270,"texture":"#0","tintindex":0},"up":{"uv":[2.375,8.0,2.5625,8.375],"rotation":0,"texture":"#0","tintindex":0},"down":{"uv":[7.9375,3.0625,8.125,3.4375],"rotation":180,"texture":"#0","tintindex":0}}},{"from":[7.714365,7.801251,10.857141],"to":[8.285793,8.37268,13.142855],"rotation":{"angle":0.0,"axis":"y","origin":[7.714365,19.80125,30.857141]},"faces":{"east":{"uv":[2.375,6.625,2.4375,6.875],"rotation":90,"texture":"#0","tintindex":0},"south":{"uv":[0.75,4.3125,0.6875,4.375],"rotation":0,"texture":"#0","tintindex":0},"north":{"uv":[0.6875,4.375,0.625,4.3125],"rotation":180,"texture":"#0","tintindex":0},"west":{"uv":[2.625,6.9375,2.6875,7.1875],"rotation":270,"texture":"#0","tintindex":0},"up":{"uv":[5.375,6.8125,5.4375,7.0625],"rotation":0,"texture":"#0","tintindex":0},"down":{"uv":[0.5,5.25,0.5625,5.5],"rotation":180,"texture":"#0","tintindex":0}}},{"from":[7.428651,7.515537,9.714284],"to":[8.571508,8.658394,10.857141],"rotation":{"angle":0.0,"axis":"y","origin":[7.428651,19.515537,32.0]},"faces":{"east":{"uv":[8.1875,1.5625,8.3125,1.6875],"rotation":90,"texture":"#0","tintindex":0},"south":{"uv":[8.3125,5.125,8.1875,5.25],"rotation":0,"texture":"#0","tintindex":0},"north":{"uv":[8.3125,5.125,8.1875,5.0],"rotation":180,"texture":"#0","tintindex":0},"west":{"uv":[8.1875,3.5625,8.3125,3.6875],"rotation":270,"texture":"#0","tintindex":0},"up":{"uv":[8.1875,3.4375,8.3125,3.5625],"rotation":0,"texture":"#0","tintindex":0},"down":{"uv":[8.1875,1.0625,8.3125,1.1875],"rotation":180,"texture":"#0","tintindex":0}}},{"from":[7.428651,7.515537,1.7142835],"to":[8.571508,8.658394,6.2857122],"rotation":{"angle":0.0,"axis":"y","origin":[7.428651,19.515537,32.0]},"faces":{"east":{"uv":[4.625,8.0,4.75,8.5],"rotation":90,"texture":"#0","tintindex":0},"south":{"uv":[8.375,1.6875,8.25,1.8125],"rotation":0,"texture":"#0","tintindex":0},"north":{"uv":[8.375,1.3125,8.25,1.1875],"rotation":180,"texture":"#0","tintindex":0},"west":{"uv":[6.5625,8.0,6.6875,8.5],"rotation":270,"texture":"#0","tintindex":0},"up":{"uv":[6.4375,8.0,6.5625,8.5],"rotation":0,"texture":"#0","tintindex":0},"down":{"uv":[4.5,8.0,4.625,8.5],"rotation":180,"texture":"#0","tintindex":0}}},{"from":[7.428651,8.801251,-11.428574],"to":[8.571508,10.515537,-5.1428595],"rotation":{"angle":45.0,"axis":"x","origin":[8.285793,9.658394,-8.285717]},"faces":{"east":{"uv":[0.625,2.5,0.8125,3.1875],"rotation":90,"texture":"#0","tintindex":0},"south":{"uv":[7.375,5.25,7.25,5.4375],"rotation":0,"texture":"#0","tintindex":0},"north":{"uv":[3.3125,6.9375,3.1875,6.75],"rotation":180,"texture":"#0","tintindex":0},"west":{"uv":[0.8125,2.5,0.625,3.1875],"rotation":270,"texture":"#0","tintindex":0},"up":{"uv":[1.0,7.875,1.125,8.5625],"rotation":0,"texture":"#0","tintindex":0},"down":{"uv":[2.25,4.375,2.375,5.0625],"rotation":180,"texture":"#0","tintindex":0}}},{"from":[6.940445,8.24298,-4.571431],"to":[8.557588,9.860123,-0.57143116],"rotation":{"angle":45.0,"axis":"z","origin":[8.003925,9.300123,0.85714054]},"faces":{"east":{"uv":[2.8125,4.3125,3.0,4.75],"rotation":90,"texture":"#0","tintindex":0},"south":{"uv":[2.0,6.375,1.8125,6.5625],"rotation":0,"texture":"#0","tintindex":0},"north":{"uv":[1.5625,6.3125,1.375,6.125],"rotation":180,"texture":"#0","tintindex":0},"west":{"uv":[3.5,7.875,3.6875,8.3125],"rotation":270,"texture":"#0","tintindex":0},"up":{"uv":[0.3125,5.875,0.5,6.3125],"rotation":0,"texture":"#0","tintindex":0},"down":{"uv":[3.0625,1.125,3.25,1.5625],"rotation":180,"texture":"#0","tintindex":0}}},{"from":[6.857222,7.229822,-6.285717],"to":[9.142937,8.944108,1.7142835],"rotation":{"angle":0.0,"axis":"y","origin":[6.857222,19.229824,32.0]},"faces":{"east":{"uv":[4.5,5.875,4.6875,6.75],"rotation":90,"texture":"#0","tintindex":0},"south":{"uv":[6.9375,2.125,6.6875,2.3125],"rotation":0,"texture":"#0","tintindex":0},"north":{"uv":[6.125,5.875,5.875,5.6875],"rotation":180,"texture":"#0","tintindex":0},"west":{"uv":[4.6875,5.875,4.5,6.75],"rotation":270,"texture":"#0","tintindex":0},"up":{"uv":[2.4375,6.0625,2.6875,6.9375],"rotation":0,"texture":"#0","tintindex":0},"down":{"uv":[2.8125,0.6875,3.0625,1.5625],"rotation":180,"texture":"#0","tintindex":0}}},{"from":[7.428651,4.229822,-11.428574],"to":[8.571508,8.801251,-9.714289],"rotation":{"angle":45.0,"axis":"x","origin":[8.285793,9.658394,-8.285717]},"faces":{"east":{"uv":[5.9375,4.6875,6.4375,4.875],"rotation":90,"texture":"#0","tintindex":0},"south":{"uv":[2.1875,8.0625,2.0625,8.5625],"rotation":0,"texture":"#0","tintindex":0},"north":{"uv":[0.9375,8.5625,0.8125,8.0625],"rotation":180,"texture":"#0","tintindex":0},"west":{"uv":[6.4375,4.6875,5.9375,4.875],"rotation":270,"texture":"#0","tintindex":0},"up":{"uv":[8.1875,0.3125,8.3125,0.5],"rotation":0,"texture":"#0","tintindex":0},"down":{"uv":[7.1875,7.5,7.3125,7.6875],"rotation":180,"texture":"#0","tintindex":0}}},{"from":[7.428651,4.229822,-9.714289],"to":[8.571508,5.944108,-5.1428595],"rotation":{"angle":45.0,"axis":"x","origin":[8.285793,9.658394,-8.285717]},"faces":{"east":{"uv":[0.9375,5.625,1.125,6.125],"rotation":90,"texture":"#0","tintindex":0},"south":{"uv":[8.3125,0.6875,8.1875,0.875],"rotation":0,"texture":"#0","tintindex":0},"north":{"uv":[8.3125,0.6875,8.1875,0.5],"rotation":180,"texture":"#0","tintindex":0},"west":{"uv":[1.125,5.625,0.9375,6.125],"rotation":270,"texture":"#0","tintindex":0},"up":{"uv":[3.875,8.0625,4.0,8.5625],"rotation":0,"texture":"#0","tintindex":0},"down":{"uv":[2.1875,8.0625,2.3125,8.5625],"rotation":180,"texture":"#0","tintindex":0}}},{"from":[7.428651,5.944108,-6.8571453],"to":[8.571508,8.801251,-5.1428595],"rotation":{"angle":45.0,"axis":"x","origin":[8.285793,9.658394,-8.285717]},"faces":{"east":{"uv":[4.0,8.0625,4.3125,8.25],"rotation":90,"texture":"#0","tintindex":0},"south":{"uv":[1.25,5.0625,1.125,5.375],"rotation":0,"texture":"#0","tintindex":0},"north":{"uv":[3.6875,1.125,3.5625,0.8125],"rotation":180,"texture":"#0","tintindex":0},"west":{"uv":[4.3125,8.0625,4.0,8.25],"rotation":270,"texture":"#0","tintindex":0},"up":{"uv":[8.1875,1.375,8.3125,1.5625],"rotation":0,"texture":"#0","tintindex":0},"down":{"uv":[8.1875,0.875,8.3125,1.0625],"rotation":180,"texture":"#0",