{"textures":{"1":"modelengine:entity/lr_anubis_parts"},"elements":[{"from":[5.428571,3.5313363,5.690737],"to":[10.571428,7.5313363,11.405023],"rotation":{"angle":-22.5,"axis":"x","origin":[9.142858,5.5313363,8.54788]},"faces":{"east":{"uv":[5.875,1.625,6.5,2.0625],"rotation":0,"texture":"#1","tintindex":0},"south":{"uv":[6.125,5.6875,6.6875,6.125],"rotation":0,"texture":"#1","tintindex":0},"north":{"uv":[6.0,2.875,6.5625,3.3125],"rotation":0,"texture":"#1","tintindex":0},"west":{"uv":[5.0,5.875,5.625,6.3125],"rotation":0,"texture":"#1","tintindex":0},"up":{"uv":[2.0,2.6875,1.4375,2.0625],"rotation":0,"texture":"#1","tintindex":0},"down":{"uv":[5.5,4.5625,4.9375,5.1875],"rotation":0,"texture":"#1","tintindex":0}}},{"from":[5.428571,15.34815,6.149838],"to":[10.571428,19.919579,8.435553],"rotation":{"angle":-22.5,"axis":"x","origin":[8.0,19.633865,7.292695]},"faces":{"east":{"uv":[4.6875,5.25,4.9375,5.75],"rotation":0,"texture":"#1","tintindex":0},"south":{"uv":[5.75,3.375,6.3125,3.875],"rotation":0,"texture":"#1","tintindex":0},"north":{"uv":[5.6875,1.125,6.25,1.625],"rotation":0,"texture":"#1","tintindex":0},"west":{"uv":[5.4375,2.4375,5.6875,2.9375],"rotation":0,"texture":"#1","tintindex":0},"up":{"uv":[5.4375,0.6875,4.875,0.4375],"rotation":0,"texture":"#1","tintindex":0},"down":{"uv":[7.875,1.8125,7.3125,2.0625],"rotation":0,"texture":"#1","tintindex":0}}},{"from":[4.285714,15.34815,7.864124],"to":[11.714286,23.34815,13.006981],"rotation":{"angle":-22.5,"axis":"x","origin":[8.0,19.633865,7.292695]},"faces":{"east":{"uv":[0.0,3.625,0.5625,4.5],"rotation":0,"texture":"#1","tintindex":0},"south":{"uv":[2.0,0.6875,2.8125,1.5625],"rotation":0,"texture":"#1","tintindex":0},"north":{"uv":[0.0,1.625,0.8125,2.5],"rotation":0,"texture":"#1","tintindex":0},"west":{"uv":[3.8125,4.125,4.375,5.0],"rotation":0,"texture":"#1","tintindex":0},"up":{"uv":[5.1875,3.5,4.375,2.9375],"rotation":0,"texture":"#1","tintindex":0},"down":{"uv":[5.1875,3.5,4.375,4.0625],"rotation":0,"texture":"#1","tintindex":0}}},{"from":[3.142857,12.491007,6.149838],"to":[12.857143,18.776722,12.435553],"rotation":{"angle":22.5,"axis":"x","origin":[8.0,15.633863,8.721267]},"faces":{"east":{"uv":[4.1875,0.0,4.875,0.6875],"rotation":0,"texture":"#1","tintindex":0},"south":{"uv":[0.9375,0.6875,2.0,1.375],"rotation":0,"texture":"#1","tintindex":0},"north":{"uv":[0.9375,0.0,2.0,0.6875],"rotation":0,"texture":"#1","tintindex":0},"west":{"uv":[0.5625,4.375,1.25,5.0625],"rotation":0,"texture":"#1","tintindex":0},"up":{"uv":[2.0,2.0625,0.9375,1.375],"rotation":0,"texture":"#1","tintindex":0},"down":{"uv":[3.0625,0.0,2.0,0.6875],"rotation":0,"texture":"#1","tintindex":0}}},{"from":[3.142857,12.491007,5.006981],"to":[12.857143,16.491007,6.149838],"rotation":{"angle":22.5,"axis":"x","origin":[8.0,15.633863,8.721267]},"faces":{"east":{"uv":[0.8125,1.625,0.9375,2.0625],"rotation":0,"texture":"#1","tintindex":0},"south":{"uv":[4.375,2.5,5.4375,2.9375],"rotation":0,"texture":"#1","tintindex":0},"north":{"uv":[4.375,2.0625,5.4375,2.5],"rotation":0,"texture":"#1","tintindex":0},"west":{"uv":[2.6875,5.375,2.8125,5.8125],"rotation":0,"texture":"#1","tintindex":0},"up":{"uv":[8.375,4.6875,7.3125,4.5625],"rotation":0,"texture":"#1","tintindex":0},"down":{"uv":[8.4375,6.125,7.375,6.25],"rotation":0,"texture":"#1","tintindex":0}}},{"from":[4.8571424,11.294496,4.0869946],"to":[11.142858,14.151638,5.2298517],"rotation":{"angle":0.0,"axis":"y","origin":[8.0,11.58021,4.6584234]},"faces":{"east":{"uv":[8.1875,0.0,8.3125,0.3125],"rotation":0,"texture":"#1","tintindex":0},"south":{"uv":[6.5,1.5,7.1875,1.8125],"rotation":0,"texture":"#1","tintindex":0},"north":{"uv":[6.4375,4.6875,7.125,5.0],"rotation":0,"texture":"#1","tintindex":0},"west":{"uv":[0.3125,8.1875,0.4375,8.5],"rotation":0,"texture":"#1","tintindex":0},"up":{"uv":[8.375,6.125,7.6875,6.0],"rotation":0,"texture":"#1","tintindex":0},"down":{"uv":[8.5,2.75,7.8125,2.875],"rotation":0,"texture":"#1","tintindex":0}}},{"from":[2.5714283,15.827446,5.469666],"to":[5.428571,19.827446,12.898237],"rotation":{"angle":22.5,"axis":"x","origin":[8.0,15.541731,8.612523]},"faces":{"east":{"uv":[2.8125,4.75,3.625,5.1875],"rotation":0,"texture":"#1","tintindex":0},"south":{"uv":[1.4375,7.375,1.75,7.8125],"rotation":0,"texture":"#1","tintindex":0},"north":{"uv":[0.5,7.375,0.8125,7.8125],"rotation":0,"texture":"#1","tintindex":0},"west":{"uv":[4.875,0.0,5.6875,0.4375],"rotation":0,"texture":"#1","tintindex":0},"up":{"uv":[0.3125,6.6875,0.0,5.875],"rotation":0,"texture":"#1","tintindex":0},"down":{"uv":[4.5,5.875,4.1875,6.6875],"rotation":0,"texture":"#1","tintindex":0}}},{"from":[10.571428,15.827446,5.469666],"to":[13.428572,19.827446,12.898237],"rotation":{"angle":22.5,"axis":"x","origin":[8.0,15.541731,8.612523]},"faces":{"east":{"uv":[5.6875,0.0,4.875,0.4375],"rotation":0,"texture":"#1","tintindex":0},"south":{"uv":[1.75,7.375,1.4375,7.8125],"rotation":0,"texture":"#1","tintindex":0},"north":{"uv":[0.8125,7.375,0.5,7.8125],"rotation":0,"texture":"#1","tintindex":0},"west":{"uv":[3.625,4.75,2.8125,5.1875],"rotation":0,"texture":"#1","tintindex":0},"up":{"uv":[0.0,6.6875,0.3125,5.875],"rotation":0,"texture":"#1","tintindex":0},"down":{"uv":[4.1875,5.875,4.5,6.6875],"rotation":0,"texture":"#1","tintindex":0}}},{"from":[5.428571,15.827446,9.4696665],"to":[10.571428,19.827446,12.898237],"rotation":{"angle":22.5,"axis":"x","origin":[9.142858,15.541731,8.612523]},"faces":{"east":{"uv":[7.0,5.4375,7.375,5.875],"rotation":0,"texture":"#1","tintindex":0},"south":{"uv":[6.25,1.0625,6.8125,1.5],"rotation":0,"texture":"#1","tintindex":0},"north":{"uv":[6.125,6.125,6.6875,6.5625],"rotation":0,"texture":"#1","tintindex":0},"west":{"uv":[7.0,5.875,7.375,6.3125],"rotation":0,"texture":"#1","tintindex":0},"up":{"uv":[7.1875,0.9375,6.625,0.5625],"rotation":0,"texture":"#1","tintindex":0},"down":{"uv":[2.375,6.625,1.8125,7.0],"rotation":0,"texture":"#1","tintindex":0}}},{"from":[4.285714,6.285714,5.142857],"to":[11.714286,13.714286,10.857143],"rotation":{"angle":0.0,"axis":"y","origin":[6.857143,11.428572,8.285714]},"faces":{"east":{"uv":[2.375,3.5,3.0,4.3125],"rotation":0,"texture":"#1","tintindex":0},"south":{"uv":[2.25,2.6875,3.0625,3.5],"rotation":0,"texture":"#1","tintindex":0},"north":{"uv":[1.4375,2.6875,2.25,3.5],"rotation":0,"texture":"#1","tintindex":0},"west":{"uv":[3.5625,0.0,4.1875,0.8125],"rotation":0,"texture":"#1","tintindex":0},"up":{"uv":[4.375,2.875,3.5625,2.25],"rotation":0,"texture":"#1","tintindex":0},"down":{"uv":[4.375,2.875,3.5625,3.5],"rotation":0,"texture":"#1","tintindex":0}}},{"from":[3.7142854,6.285714,4.0],"to":[12.285715,9.142858,11.428572],"rotation":{"angle":-22.5,"axis":"x","origin":[8.0,8.0,8.0]},"faces":{"east":{"uv":[5.75,3.875,6.5625,4.1875],"rotation":0,"texture":"#1","tintindex":0},"south":{"uv":[5.6875,0.0,6.625,0.3125],"rotation":0,"texture":"#1","tintindex":0},"north":{"uv":[5.5,4.875,6.4375,5.1875],"rotation":0,"texture":"#1","tintindex":0},"west":{"uv":[5.875,2.0625,6.6875,2.375],"rotation":0,"texture":"#1","tintindex":0},"up":{"uv":[0.9375,0.8125,0.0,0.0],"rotation":0,"texture":"#1","tintindex":0},"down":{"uv":[0.9375,0.8125,0.0,1.625],"rotation":0,"texture":"#1","tintindex":0}}}],"display":{"head":{"translation":[0.0,-6.4,0.0],"scale":[4.0,4.0,4.0]}}}