{"textures":{"0":"minecraft:gamula/cosmetics/balloons/balloon_enderdragon"},"elements":[{"from":[11.257143,5.4979773,6.679634],"to":[13.542857,11.783691,10.679634],"rotation":{"angle":22.5,"axis":"x","origin":[12.4,14.640835,8.679634]},"faces":{"east":{"uv":[7.625,2.5,8.5,3.875],"rotation":0,"texture":"#0","tintindex":0},"south":{"uv":[3.75,10.5,4.25,11.875],"rotation":0,"texture":"#0","tintindex":0},"north":{"uv":[5.25,10.375,5.75,11.75],"rotation":0,"texture":"#0","tintindex":0},"west":{"uv":[7.625,3.875,8.5,5.25],"rotation":0,"texture":"#0","tintindex":0},"up":{"uv":[9.5,4.25,9.0,3.375],"rotation":0,"texture":"#0","tintindex":0},"down":{"uv":[8.25,11.25,7.75,12.125],"rotation":0,"texture":"#0","tintindex":0}}},{"from":[11.271429,5.442857,1.2571425],"to":[13.528572,8.285714,7.028571],"rotation":{"angle":0.0,"axis":"y","origin":[12.692858,6.857143,4.142857]},"faces":{"east":{"uv":[9.25,1.0,10.5,1.625],"rotation":0,"texture":"#0","tintindex":0},"south":{"uv":[4.625,11.5,5.125,12.125],"rotation":0,"texture":"#0","tintindex":0},"north":{"uv":[2.5,9.875,3.0,10.5],"rotation":0,"texture":"#0","tintindex":0},"west":{"uv":[9.375,9.5,10.625,10.125],"rotation":0,"texture":"#0","tintindex":0},"up":{"uv":[2.125,12.125,1.625,10.875],"rotation":0,"texture":"#0","tintindex":0},"down":{"uv":[11.375,2.875,10.875,4.125],"rotation":0,"texture":"#0","tintindex":0}}},{"from":[10.542857,5.428571,0.68571377],"to":[13.971429,10.571428,1.8285708],"rotation":{"angle":0.0,"axis":"y","origin":[12.4,8.0,1.2571425]},"faces":{"east":{"uv":[8.25,11.625,8.5,12.75],"rotation":0,"texture":"#0","tintindex":0},"south":{"uv":[9.0,8.375,9.75,9.5],"rotation":0,"texture":"#0","tintindex":0},"north":{"uv":[5.75,9.0,6.5,10.125],"rotation":0,"texture":"#0","tintindex":0},"west":{"uv":[8.5,11.625,8.75,12.75],"rotation":0,"texture":"#0","tintindex":0},"up":{"uv":[8.5,2.375,7.75,2.125],"rotation":0,"texture":"#0","tintindex":0},"down":{"uv":[10.375,0.625,9.625,0.875],"rotation":0,"texture":"#0","tintindex":0}}},{"from":[2.1142855,5.4979773,6.679634],"to":[4.3999996,11.783691,10.679634],"rotation":{"angle":22.5,"axis":"x","origin":[3.2571425,14.640835,8.679634]},"faces":{"east":{"uv":[6.125,7.625,7.0,9.0],"rotation":0,"texture":"#0","tintindex":0},"south":{"uv":[1.125,10.875,1.625,12.25],"rotation":0,"texture":"#0","tintindex":0},"north":{"uv":[0.625,10.875,1.125,12.25],"rotation":0,"texture":"#0","tintindex":0},"west":{"uv":[7.75,0.0,8.625,1.375],"rotation":0,"texture":"#0","tintindex":0},"up":{"uv":[10.875,12.125,10.375,11.25],"rotation":0,"texture":"#0","tintindex":0},"down":{"uv":[11.875,2.75,11.375,3.625],"rotation":0,"texture":"#0","tintindex":0}}},{"from":[2.1285715,5.442857,1.2571425],"to":[4.3857145,8.285714,7.028571],"rotation":{"angle":0.0,"axis":"y","origin":[2.9642854,6.857143,4.142857]},"faces":{"east":{"uv":[9.625,0.0,10.875,0.625],"rotation":0,"texture":"#0","tintindex":0},"south":{"uv":[11.5,9.25,12.0,9.875],"rotation":0,"texture":"#0","tintindex":0},"north":{"uv":[11.5,8.625,12.0,9.25],"rotation":0,"texture":"#0","tintindex":0},"west":{"uv":[9.625,7.25,10.875,7.875],"rotation":0,"texture":"#0","tintindex":0},"up":{"uv":[9.875,12.125,9.375,10.875],"rotation":0,"texture":"#0","tintindex":0},"down":{"uv":[10.375,10.875,9.875,12.125],"rotation":0,"texture":"#0","tintindex":0}}},{"from":[1.6857138,5.428571,0.68571377],"to":[5.1142855,10.571428,1.8285708],"rotation":{"angle":0.0,"axis":"y","origin":[3.2571425,8.0,1.2571425]},"faces":{"east":{"uv":[8.75,11.625,9.0,12.75],"rotation":0,"texture":"#0","tintindex":0},"south":{"uv":[7.25,9.125,8.0,10.25],"rotation":0,"texture":"#0","tintindex":0},"north":{"uv":[6.5,9.125,7.25,10.25],"rotation":0,"texture":"#0","tintindex":0},"west":{"uv":[9.0,11.625,9.25,12.75],"rotation":0,"texture":"#0","tintindex":0},"up":{"uv":[12.625,0.25,11.875,0.0],"rotation":0,"texture":"#0","tintindex":0},"down":{"uv":[12.625,0.25,11.875,0.5],"rotation":0,"texture":"#0","tintindex":0}}}],"display":{"head":{"translation":[0.0,-6.4,0.0],"scale":[4.0,4.0,4.0]}}}