{"textures":{"0":"minecraft:gamula/cosmetics/balloons/balloon_enderdragon"},"elements":[{"from":[0.39999962,1.1700912,-5.654338],"to":[6.1142855,6.884377,-0.51148033],"rotation":{"angle":-22.5,"axis":"x","origin":[3.2571425,7.8129487,-6.5257664]},"faces":{"east":{"uv":[6.5,2.5,7.625,3.75],"rotation":0,"texture":"#0","tintindex":0},"south":{"uv":[6.5,1.25,7.75,2.5],"rotation":0,"texture":"#0","tintindex":0},"north":{"uv":[6.5,0.0,7.75,1.25],"rotation":0,"texture":"#0","tintindex":0},"west":{"uv":[6.5,3.75,7.625,5.0],"rotation":0,"texture":"#0","tintindex":0},"up":{"uv":[7.375,7.625,6.125,6.5],"rotation":0,"texture":"#0","tintindex":0},"down":{"uv":[4.625,6.75,3.375,7.875],"rotation":0,"texture":"#0","tintindex":0}}},{"from":[0.9714279,6.884377,-3.940052],"to":[2.1142855,8.027234,-1.6543379],"rotation":{"angle":-22.5,"axis":"x","origin":[3.2571425,7.8129487,-6.5257664]},"faces":{"east":{"uv":[10.375,7.0,10.875,7.25],"rotation":0,"texture":"#0","tintindex":0},"south":{"uv":[1.0,8.625,1.25,8.875],"rotation":0,"texture":"#0","tintindex":0},"north":{"uv":[4.375,7.875,4.625,8.125],"rotation":0,"texture":"#0","tintindex":0},"west":{"uv":[10.875,7.5,11.375,7.75],"rotation":0,"texture":"#0","tintindex":0},"up":{"uv":[9.875,6.0,9.625,5.5],"rotation":0,"texture":"#0","tintindex":0},"down":{"uv":[8.0,10.25,7.75,10.75],"rotation":0,"texture":"#0","tintindex":0}}},{"from":[4.3999996,6.884377,-3.940052],"to":[5.542857,8.027234,-1.6543379],"rotation":{"angle":-22.5,"axis":"x","origin":[3.2571425,7.8129487,-6.5257664]},"faces":{"east":{"uv":[11.875,2.625,12.375,2.875],"rotation":0,"texture":"#0","tintindex":0},"south":{"uv":[10.625,9.875,10.875,10.125],"rotation":0,"texture":"#0","tintindex":0},"north":{"uv":[9.125,5.25,9.375,5.5],"rotation":0,"texture":"#0","tintindex":0},"west":{"uv":[11.875,2.875,12.375,3.125],"rotation":0,"texture":"#0","tintindex":0},"up":{"uv":[8.0,11.25,7.75,10.75],"rotation":0,"texture":"#0","tintindex":0},"down":{"uv":[6.5,11.75,6.25,12.25],"rotation":0,"texture":"#0","tintindex":0}}},{"from":[1.5428567,4.027234,-8.622137],"to":[2.1142855,4.5986624,-7.3686237],"rotation":{"angle":-22.5,"axis":"x","origin":[3.2571425,7.8129487,-6.5257664]},"faces":{"east":{"uv":[7.75,2.375,8.0,2.5],"rotation":0,"texture":"#0","tintindex":0},"south":{"uv":[4.875,6.375,5.0,6.5],"rotation":0,"texture":"#0","tintindex":0},"north":{"uv":[4.875,6.25,5.0,6.375],"rotation":0,"texture":"#0","tintindex":0},"west":{"uv":[8.0,2.375,8.25,2.5],"rotation":0,"texture":"#0","tintindex":0},"up":{"uv":[5.0,5.5,4.875,5.25],"rotation":0,"texture":"#0","tintindex":0},"down":{"uv":[5.0,5.5,4.875,5.75],"rotation":0,"texture":"#0","tintindex":0}}},{"from":[0.9714279,1.1700912,-9.193565],"to":[5.542857,4.027234,-5.654338],"rotation":{"angle":-22.5,"axis":"x","origin":[3.2571425,7.8129487,-6.5257664]},"faces":{"east":{"uv":[11.125,2.125,11.875,2.75],"rotation":0,"texture":"#0","tintindex":0},"south":{"uv":[10.875,5.0,11.875,5.625],"rotation":0,"texture":"#0","tintindex":0},"north":{"uv":[10.875,0.0,11.875,0.625],"rotation":0,"texture":"#0","tintindex":0},"west":{"uv":[5.75,11.125,6.5,11.75],"rotation":0,"texture":"#0","tintindex":0},"up":{"uv":[1.0,10.375,0.0,9.625],"rotation":0,"texture":"#0","tintindex":0},"down":{"uv":[10.75,7.875,9.75,8.625],"rotation":0,"texture":"#0","tintindex":0}}},{"from":[4.3999996,4.027234,-8.622137],"to":[4.9714284,4.5986624,-7.3686237],"rotation":{"angle":-22.5,"axis":"x","origin":[3.2571425,7.8129487,-6.5257664]},"faces":{"east":{"uv":[3.25,8.125,3.5,8.25],"rotation":0,"texture":"#0","tintindex":0},"south":{"uv":[4.875,6.625,5.0,6.75],"rotation":0,"texture":"#0","tintindex":0},"north":{"uv":[4.875,6.5,5.0,6.625],"rotation":0,"texture":"#0","tintindex":0},"west":{"uv":[3.5,8.125,3.75,8.25],"rotation":0,"texture":"#0","tintindex":0},"up":{"uv":[5.0,6.0,4.875,5.75],"rotation":0,"texture":"#0","tintindex":0},"down":{"uv":[5.0,6.0,4.875,6.25],"rotation":0,"texture":"#0","tintindex":0}}},{"from":[2.6857138,8.719789,-0.19000053],"to":[3.8285713,9.862646,2.0957136],"rotation":{"angle":0.0,"axis":"y","origin":[3.2571425,10.719789,1.2385707]},"faces":{"east":{"uv":[3.125,11.875,3.625,12.125],"rotation":0,"texture":"#0","tintindex":0},"south":{"uv":[7.625,12.125,7.875,12.375],"rotation":0,"texture":"#0","tintindex":0},"north":{"uv":[12.125,6.5,12.375,6.75],"rotation":0,"texture":"#0","tintindex":0},"west":{"uv":[11.875,3.125,12.375,3.375],"rotation":0,"texture":"#0","tintindex":0},"up":{"uv":[3.875,12.375,3.625,11.875],"rotation":0,"texture":"#0","tintindex":0},"down":{"uv":[4.125,11.875,3.875,12.375],"rotation":0,"texture":"#0","tintindex":0}}},{"from":[0.98571396,4.15692,-0.9419775],"to":[5.528571,8.728349,2.4865937],"rotation":{"angle":0.0,"axis":"y","origin":[3.2571425,6.875166,-0.3705492]},"faces":{"east":{"uv":[1.0,9.875,1.75,10.875],"rotation":0,"texture":"#0","tintindex":0},"south":{"uv":[8.625,7.375,9.625,8.375],"rotation":0,"texture":"#0","tintindex":0},"north":{"uv":[8.625,0.0,9.625,1.0],"rotation":0,"texture":"#0","tintindex":0},"west":{"uv":[1.75,9.875,2.5,10.875],"rotation":0,"texture":"#0","tintindex":0},"up":{"uv":[10.75,9.375,9.75,8.625],"rotation":0,"texture":"#0","tintindex":0},"down":{"uv":[10.875,3.375,9.875,4.125],"rotation":0,"texture":"#0","tintindex":0}}},{"from":[2.6857138,8.291217,3.3814282],"to":[3.8285713,9.434074,5.667143],"rotation":{"angle":22.5,"axis":"x","origin":[3.2571425,9.291217,3.81]},"faces":{"east":{"uv":[11.875,3.375,12.375,3.625],"rotation":0,"texture":"#0","tintindex":0},"south":{"uv":[12.125,7.875,12.375,8.125],"rotation":0,"texture":"#0","tintindex":0},"north":{"uv":[7.875,12.125,8.125,12.375],"rotation":0,"texture":"#0","tintindex":0},"west":{"uv":[11.875,5.0,12.375,5.25],"rotation":0,"texture":"#0","tintindex":0},"up":{"uv":[12.125,11.875,11.875,11.375],"rotation":0,"texture":"#0","tintindex":0},"down":{"uv":[12.125,11.875,11.875,12.375],"rotation":0,"texture":"#0","tintindex":0}}},{"from":[0.9714279,4.571971,2.1142855],"to":[5.542857,9.1434,5.542857],"rotation":{"angle":22.5,"axis":"x","origin":[3.2571425,8.0,1.2571425]},"faces":{"east":{"uv":[9.875,4.125,10.625,5.125],"rotation":0,"texture":"#0","tintindex":0},"south":{"uv":[2.0,8.875,3.0,9.875],"rotation":0,"texture":"#0","tintindex":0},"north":{"uv":[1.0,8.875,2.0,9.875],"rotation":0,"texture":"#0","tintindex":0},"west":{"uv":[5.75,10.125,6.5,11.125],"rotation":0,"texture":"#0","tintindex":0},"up":{"uv":[10.875,5.875,9.875,5.125],"rotation":0,"texture":"#0","tintindex":0},"down":{"uv":[10.375,10.125,9.375,10.875],"rotation":0,"texture":"#0","tintindex":0}}}],"display":{"head":{"translation":[0.0,-6.4,0.0],"scale":[4.0,4.0,4.0]}}}