{"textures":{"0":"modelengine:entity/shipwreck"},"elements":[{"name":"cube","from":[-8.204468,3.6050367,-1.9854102],"to":[9.864103,15.296465,18.47459],"rotation":{"angle":0.0,"axis":"x","origin":[9.849271,8.531163,8.300373]},"faces":{"down":{"uv":[4.25,5.375,2.125,7.84375],"rotation":0,"texture":"#0","tintindex":0},"east":{"uv":[4.25,6.75,6.71875,8.125],"rotation":0,"texture":"#0","tintindex":0},"north":{"uv":[1.71875,7.84375,3.84375,9.21875],"rotation":0,"texture":"#0","tintindex":0},"south":{"uv":[7.90625,1.375,10.03125,2.75],"rotation":0,"texture":"#0","tintindex":0},"up":{"uv":[2.125,7.40625,0.0,4.9375],"rotation":0,"texture":"#0","tintindex":0},"west":{"uv":[6.71875,6.75,9.1875,8.125],"rotation":0,"texture":"#0","tintindex":0}}},{"name":"cube","from":[9.864103,6.2621794,19.537449],"to":[17.835533,19.016464,19.537449],"rotation":{"angle":0.0,"axis":"x","origin":[9.849271,8.531163,8.300373]},"faces":{"down":{"uv":[4.25,5.375,2.125,7.84375],"rotation":0,"texture":"#0","tintindex":0},"east":{"uv":[0.0,14.6875,2.46875,16.0625],"rotation":0,"texture":"#0","tintindex":0},"north":{"uv":[2.125,14.6875,0.0,16.0625],"rotation":0,"texture":"#0","tintindex":0},"south":{"uv":[0.0,14.6875,2.125,16.0625],"rotation":0,"texture":"#0","tintindex":0},"up":{"uv":[2.125,7.40625,0.0,4.9375],"rotation":0,"texture":"#0","tintindex":0},"west":{"uv":[2.46875,14.6875,0.0,16.0625],"rotation":0,"texture":"#0","tintindex":0}}},{"name":"cube","from":[9.864103,6.2621794,-2.9265623],"to":[17.835533,19.016464,-2.9265623],"rotation":{"angle":0.0,"axis":"x","origin":[9.849271,8.531163,8.300373]},"faces":{"down":{"uv":[4.25,7.84375,2.125,5.375],"rotation":0,"texture":"#0","tintindex":0},"east":{"uv":[2.46875,14.6875,0.0,16.0625],"rotation":0,"texture":"#0","tintindex":0},"north":{"uv":[2.125,14.6875,0.0,16.0625],"rotation":0,"texture":"#0","tintindex":0},"south":{"uv":[0.0,14.6875,2.125,16.0625],"rotation":0,"texture":"#0","tintindex":0},"up":{"uv":[2.125,4.9375,0.0,7.40625],"rotation":0,"texture":"#0","tintindex":0},"west":{"uv":[0.0,14.6875,2.46875,16.0625],"rotation":0,"texture":"#0","tintindex":0}}},{"name":"cube","from":[-8.204468,7.9775867,-3.0621777],"to":[9.850818,13.026158,-0.9364629],"rotation":{"angle":-22.5,"axis":"x","origin":[9.849271,8.531163,8.300373]},"faces":{"down":{"uv":[12.96875,2.125,10.84375,2.375],"rotation":0,"texture":"#0","tintindex":0},"east":{"uv":[4.8125,11.4375,5.0625,12.03125],"rotation":0,"texture":"#0","tintindex":0},"north":{"uv":[10.1875,9.3125,12.3125,9.90625],"rotation":0,"texture":"#0","tintindex":0},"south":{"uv":[10.21875,7.875,12.34375,8.46875],"rotation":0,"texture":"#0","tintindex":0},"up":{"uv":[12.96875,2.125,10.84375,1.875],"rotation":0,"texture":"#0","tintindex":0},"west":{"uv":[5.0625,11.4375,5.3125,12.03125],"rotation":0,"texture":"#0","tintindex":0}}},{"name":"cube","from":[-8.204468,8.335737,-3.9174147],"to":[9.864103,18.432878,-2.3231287],"rotation":{"angle":0.0,"axis":"x","origin":[9.849271,8.531163,8.300373]},"faces":{"down":{"uv":[13.03125,6.40625,10.90625,6.59375],"rotation":0,"texture":"#0","tintindex":0},"east":{"uv":[7.03125,4.125,7.21875,5.3125],"rotation":0,"texture":"#0","tintindex":0},"north":{"uv":[5.96875,8.125,8.09375,9.3125],"rotation":0,"texture":"#0","tintindex":0},"south":{"uv":[8.09375,8.125,10.21875,9.3125],"rotation":0,"texture":"#0","tintindex":0},"up":{"uv":[12.96875,3.59375,10.84375,3.40625],"rotation":0,"texture":"#0","tintindex":0},"west":{"uv":[8.875,11.34375,9.0625,12.53125],"rotation":0,"texture":"#0","tintindex":0}}},{"name":"cube","from":[-8.204468,18.432878,-4.448843],"to":[9.864103,19.495737,-1.7917004],"rotation":{"angle":0.0,"axis":"x","origin":[9.849271,8.531163,8.300373]},"faces":{"down":{"uv":[12.78125,6.09375,10.65625,6.40625],"rotation":0,"texture":"#0","tintindex":0},"east":{"uv":[8.4375,6.4375,8.75,6.5625],"rotation":0,"texture":"#0","tintindex":0},"north":{"uv":[11.4375,8.6875,13.5625,8.8125],"rotation":0,"texture":"#0","tintindex":0},"south":{"uv":[11.4375,8.8125,13.5625,8.9375],"rotation":0,"texture":"#0","tintindex":0},"up":{"uv":[12.78125,6.09375,10.65625,5.78125],"rotation":0,"texture":"#0","tintindex":0},"west":{"uv":[8.4375,6.5625,8.75,6.6875],"rotation":0,"texture":"#0","tintindex":0}}},{"name":"cube","from":[-11.970163,18.432878,-13.480604],"to":[6.0984073,19.495737,-10.823463],"rotation":{"angle":45.0,"axis":"y","origin":[9.849271,8.531163,8.300373]},"faces":{"down":{"uv":[10.4375,10.71875,8.3125,11.03125],"rotation":0,"texture":"#0","tintindex":0},"east":{"uv":[8.53125,3.9375,8.84375,4.0625],"rotation":0,"texture":"#0","tintindex":0},"north":{"uv":[11.4375,8.9375,13.5625,9.0625],"rotation":0,"texture":"#0","tintindex":0},"south":{"uv":[11.4375,9.0625,13.5625,9.1875],"rotation":0,"texture":"#0","tintindex":0},"up":{"uv":[8.3125,11.03125,6.1875,10.71875],"rotation":0,"texture":"#0","tintindex":0},"west":{"uv":[8.75,6.5,9.0625,6.625],"rotation":0,"texture":"#0","tintindex":0}}},{"name":"cube","from":[-11.548798,8.335737,-13.104828],"to":[5.7226305,18.432878,-11.510544],"rotation":{"angle":45.0,"axis":"y","origin":[9.849271,8.531163,8.300373]},"faces":{"down":{"uv":[12.9375,6.78125,10.90625,6.96875],"rotation":0,"texture":"#0","tintindex":0},"east":{"uv":[9.0625,11.34375,9.25,12.53125],"rotation":0,"texture":"#0","tintindex":0},"north":{"uv":[8.40625,0.0,10.4375,1.1875],"rotation":0,"texture":"#0","tintindex":0},"south":{"uv":[8.9375,3.9375,10.96875,5.125],"rotation":0,"texture":"#0","tintindex":0},"up":{"uv":[12.9375,6.78125,10.90625,6.59375],"rotation":0,"texture":"#0","tintindex":0},"west":{"uv":[4.625,11.4375,4.8125,12.625],"rotation":0,"texture":"#0","tintindex":0}}},{"name":"cube","from":[-8.204468,18.432878,18.402584],"to":[9.864103,19.495737,21.059729],"rotation":{"angle":0.0,"axis":"x","origin":[9.849271,8.531163,8.300373]},"faces":{"down":{"uv":[12.78125,6.40625,10.65625,6.09375],"rotation":0,"texture":"#0","tintindex":0},"east":{"uv":[8.75,6.4375,8.4375,6.5625],"rotation":0,"texture":"#0","tintindex":0},"north":{"uv":[13.5625,8.8125,11.4375,8.9375],"rotation":0,"texture":"#0","tintindex":0},"south":{"uv":[13.5625,8.6875,11.4375,8.8125],"rotation":0,"texture":"#0","tintindex":0},"up":{"uv":[12.78125,5.78125,10.65625,6.09375],"rotation":0,"texture":"#0","tintindex":0},"west":{"uv":[8.75,6.5625,8.4375,6.6875],"rotation":0,"texture":"#0","tintindex":0}}},{"name":"cube","from":[-8.204468,8.335737,18.934013],"to":[9.864103,18.432878,20.528301],"rotation":{"angle":0.0,"axis":"x","origin":[9.849271,8.531163,8.300373]},"faces":{"down":{"uv":[13.03125,6.59375,10.90625,6.40625],"rotation":0,"texture":"#0","tintindex":0},"east":{"uv":[7.21875,4.125,7.03125,5.3125],"rotation":0,"texture":"#0","tintindex":0},"north":{"uv":[10.21875,8.125,8.09375,9.3125],"rotation":0,"texture":"#0","tintindex":0},"south":{"uv":[8.09375,8.125,5.96875,9.3125],"rotation":0,"texture":"#0","tintindex":0},"up":{"uv":[12.96875,3.40625,10.84375,3.59375],"rotation":0,"texture":"#0","tintindex":0},"west":{"uv":[9.0625,11.34375,8.875,12.53125],"rotation":0,"texture":"#0","tintindex":0}}},{"name":"cube","from":[-8.204468,7.9814663,17.546577],"to":[9.850818,13.030038,19.67229],"rotation":{"angle":22.5,"axis":"x","origin":[9.849271,8.531163,8.300373]},"faces":{"down":{"uv":[12.96875,2.375,10.84375,2.125],"rotation":0,"texture":"#0","tintindex":0},"east":{"uv":[5.0625,11.4375,4.8125,12.03125],"rotation":0,"texture":"#0","tintindex":0},"north":{"uv":[12.34375,7.875,10.21875,8.46875],"rotation":0,"texture":"#0","tintindex":0},"south":{"uv":[12.3125,9.3125,10.1875,9.90625],"rotation":0,"texture":"#0","tintindex":0},"up":{"uv":[12.96875,1.875,10.84375,2.125],"rotation":0,"texture":"#0","tintindex":0},"west":{"uv":[5.3125,11.4375,5.0625,12.03125],"rotation":0,"texture":"#0","tintindex":0}}},{"name":"cube","from":[-11.962996,18.432878,27.431377],"to":[6.1055756,19.495737,30.088522],"rotation":{"angle":-45.0,"axis":"y","origin":[9.849271,8.531163,8.300373]},"faces":{"down":{"uv":[10.4375,11.03125,8.3125,10.71875],