{"textures":{"0":"modelengine:entity/shipwreck"},"elements":[{"from":[-7.1241703,3.8980346,-1.3197165],"to":[9.73983,14.810036,17.776283],"rotation":{"angle":0.0,"axis":"y","origin":[9.7259865,8.495752,8.280349]},"faces":{"east":{"uv":[4.25,6.75,6.71875,8.125],"rotation":0,"texture":"#0","tintindex":0},"south":{"uv":[7.90625,1.375,10.03125,2.75],"rotation":0,"texture":"#0","tintindex":0},"north":{"uv":[1.71875,7.84375,3.84375,9.21875],"rotation":0,"texture":"#0","tintindex":0},"west":{"uv":[6.71875,6.75,9.1875,8.125],"rotation":0,"texture":"#0","tintindex":0},"up":{"uv":[2.125,7.40625,0.0,4.9375],"rotation":0,"texture":"#0","tintindex":0},"down":{"uv":[4.25,5.375,2.125,7.84375],"rotation":0,"texture":"#0","tintindex":0}}},{"from":[9.73983,6.3780346,18.768284],"to":[17.17983,18.282036,18.768284],"rotation":{"angle":0.0,"axis":"y","origin":[9.7259865,8.495752,8.280349]},"faces":{"east":{"uv":[0.0,14.6875,2.46875,16.0625],"rotation":0,"texture":"#0","tintindex":0},"south":{"uv":[0.0,14.6875,2.125,16.0625],"rotation":0,"texture":"#0","tintindex":0},"north":{"uv":[2.125,14.6875,0.0,16.0625],"rotation":0,"texture":"#0","tintindex":0},"west":{"uv":[2.46875,14.6875,0.0,16.0625],"rotation":0,"texture":"#0","tintindex":0},"up":{"uv":[2.125,7.40625,0.0,4.9375],"rotation":0,"texture":"#0","tintindex":0},"down":{"uv":[4.25,5.375,2.125,7.84375],"rotation":0,"texture":"#0","tintindex":0}}},{"from":[9.73983,6.3780346,-2.198125],"to":[17.17983,18.282036,-2.198125],"rotation":{"angle":0.0,"axis":"y","origin":[9.7259865,8.495752,8.280349]},"faces":{"east":{"uv":[2.46875,14.6875,0.0,16.0625],"rotation":0,"texture":"#0","tintindex":0},"south":{"uv":[0.0,14.6875,2.125,16.0625],"rotation":0,"texture":"#0","tintindex":0},"north":{"uv":[2.125,14.6875,0.0,16.0625],"rotation":0,"texture":"#0","tintindex":0},"west":{"uv":[0.0,14.6875,2.46875,16.0625],"rotation":0,"texture":"#0","tintindex":0},"up":{"uv":[2.125,4.9375,0.0,7.40625],"rotation":0,"texture":"#0","tintindex":0},"down":{"uv":[4.25,7.84375,2.125,5.375],"rotation":0,"texture":"#0","tintindex":0}}},{"from":[-7.1241703,7.979081,-2.3246984],"to":[9.72743,12.691082,-0.34069824],"rotation":{"angle":-22.5,"axis":"x","origin":[9.7259865,8.495752,8.280349]},"faces":{"east":{"uv":[4.8125,11.4375,5.0625,12.03125],"rotation":0,"texture":"#0","tintindex":0},"south":{"uv":[10.21875,7.875,12.34375,8.46875],"rotation":0,"texture":"#0","tintindex":0},"north":{"uv":[10.1875,9.3125,12.3125,9.90625],"rotation":0,"texture":"#0","tintindex":0},"west":{"uv":[5.0625,11.4375,5.3125,12.03125],"rotation":0,"texture":"#0","tintindex":0},"up":{"uv":[12.96875,2.125,10.84375,1.875],"rotation":0,"texture":"#0","tintindex":0},"down":{"uv":[12.96875,2.125,10.84375,2.375],"rotation":0,"texture":"#0","tintindex":0}}},{"from":[-7.1241703,8.3133545,-3.12292],"to":[9.73983,17.737354,-1.6349201],"rotation":{"angle":0.0,"axis":"y","origin":[9.7259865,8.495752,8.280349]},"faces":{"east":{"uv":[7.03125,4.125,7.21875,5.3125],"rotation":0,"texture":"#0","tintindex":0},"south":{"uv":[8.09375,8.125,10.21875,9.3125],"rotation":0,"texture":"#0","tintindex":0},"north":{"uv":[5.96875,8.125,8.09375,9.3125],"rotation":0,"texture":"#0","tintindex":0},"west":{"uv":[8.875,11.34375,9.0625,12.53125],"rotation":0,"texture":"#0","tintindex":0},"up":{"uv":[12.96875,3.59375,10.84375,3.40625],"rotation":0,"texture":"#0","tintindex":0},"down":{"uv":[13.03125,6.40625,10.90625,6.59375],"rotation":0,"texture":"#0","tintindex":0}}},{"from":[-7.1241703,17.737354,-3.6189203],"to":[9.73983,18.729355,-1.1389198],"rotation":{"angle":0.0,"axis":"y","origin":[9.7259865,8.495752,8.280349]},"faces":{"east":{"uv":[8.4375,6.4375,8.75,6.5625],"rotation":0,"texture":"#0","tintindex":0},"south":{"uv":[11.4375,8.8125,13.5625,8.9375],"rotation":0,"texture":"#0","tintindex":0},"north":{"uv":[11.4375,8.6875,13.5625,8.8125],"rotation":0,"texture":"#0","tintindex":0},"west":{"uv":[8.4375,6.5625,8.75,6.6875],"rotation":0,"texture":"#0","tintindex":0},"up":{"uv":[12.78125,6.09375,10.65625,5.78125],"rotation":0,"texture":"#0","tintindex":0},"down":{"uv":[12.78125,6.09375,10.65625,6.40625],"rotation":0,"texture":"#0","tintindex":0}}},{"from":[-10.638821,17.737354,-12.048565],"to":[6.2251806,18.729355,-9.568565],"rotation":{"angle":45.0,"axis":"y","origin":[9.7259865,8.495752,8.280349]},"faces":{"east":{"uv":[8.53125,3.9375,8.84375,4.0625],"rotation":0,"texture":"#0","tintindex":0},"south":{"uv":[11.4375,9.0625,13.5625,9.1875],"rotation":0,"texture":"#0","tintindex":0},"north":{"uv":[11.4375,8.9375,13.5625,9.0625],"rotation":0,"texture":"#0","tintindex":0},"west":{"uv":[8.75,6.5,9.0625,6.625],"rotation":0,"texture":"#0","tintindex":0},"up":{"uv":[8.3125,11.03125,6.1875,10.71875],"rotation":0,"texture":"#0","tintindex":0},"down":{"uv":[10.4375,10.71875,8.3125,11.03125],"rotation":0,"texture":"#0","tintindex":0}}},{"from":[-10.245544,8.3133545,-11.69784],"to":[5.8744555,17.737354,-10.209841],"rotation":{"angle":45.0,"axis":"y","origin":[9.7259865,8.495752,8.280349]},"faces":{"east":{"uv":[9.0625,11.34375,9.25,12.53125],"rotation":0,"texture":"#0","tintindex":0},"south":{"uv":[8.9375,3.9375,10.96875,5.125],"rotation":0,"texture":"#0","tintindex":0},"north":{"uv":[8.40625,0.0,10.4375,1.1875],"rotation":0,"texture":"#0","tintindex":0},"west":{"uv":[4.625,11.4375,4.8125,12.625],"rotation":0,"texture":"#0","tintindex":0},"up":{"uv":[12.9375,6.78125,10.90625,6.59375],"rotation":0,"texture":"#0","tintindex":0},"down":{"uv":[12.9375,6.78125,10.90625,6.96875],"rotation":0,"texture":"#0","tintindex":0}}},{"from":[-7.1241703,17.737354,17.70908],"to":[9.73983,18.729355,20.18908],"rotation":{"angle":0.0,"axis":"y","origin":[9.7259865,8.495752,8.280349]},"faces":{"east":{"uv":[8.75,6.4375,8.4375,6.5625],"rotation":0,"texture":"#0","tintindex":0},"south":{"uv":[13.5625,8.6875,11.4375,8.8125],"rotation":0,"texture":"#0","tintindex":0},"north":{"uv":[13.5625,8.8125,11.4375,8.9375],"rotation":0,"texture":"#0","tintindex":0},"west":{"uv":[8.75,6.5625,8.4375,6.6875],"rotation":0,"texture":"#0","tintindex":0},"up":{"uv":[12.78125,5.78125,10.65625,6.09375],"rotation":0,"texture":"#0","tintindex":0},"down":{"uv":[12.78125,6.40625,10.65625,6.09375],"rotation":0,"texture":"#0","tintindex":0}}},{"from":[-7.1241703,8.3133545,18.20508],"to":[9.73983,17.737354,19.69308],"rotation":{"angle":0.0,"axis":"y","origin":[9.7259865,8.495752,8.280349]},"faces":{"east":{"uv":[7.21875,4.125,7.03125,5.3125],"rotation":0,"texture":"#0","tintindex":0},"south":{"uv":[8.09375,8.125,5.96875,9.3125],"rotation":0,"texture":"#0","tintindex":0},"north":{"uv":[10.21875,8.125,8.09375,9.3125],"rotation":0,"texture":"#0","tintindex":0},"west":{"uv":[9.0625,11.34375,8.875,12.53125],"rotation":0,"texture":"#0","tintindex":0},"up":{"uv":[12.96875,3.40625,10.84375,3.59375],"rotation":0,"texture":"#0","tintindex":0},"down":{"uv":[13.03125,6.59375,10.90625,6.40625],"rotation":0,"texture":"#0","tintindex":0}}},{"from":[-7.1241703,7.9827023,16.910137],"to":[9.72743,12.694702,18.894138],"rotation":{"angle":22.5,"axis":"x","origin":[9.7259865,8.495752,8.280349]},"faces":{"east":{"uv":[5.0625,11.4375,4.8125,12.03125],"rotation":0,"texture":"#0","tintindex":0},"south":{"uv":[12.3125,9.3125,10.1875,9.90625],"rotation":0,"texture":"#0","tintindex":0},"north":{"uv":[12.34375,7.875,10.21875,8.46875],"rotation":0,"texture":"#0","tintindex":0},"west":{"uv":[5.3125,11.4375,5.0625,12.03125],"rotation":0,"texture":"#0","tintindex":0},"up":{"uv":[12.96875,1.875,10.84375,2.125],"rotation":0,"texture":"#0","tintindex":0},"down":{"uv":[12.96875,2.375,10.84375,2.125],"rotation":0,"texture":"#0","tintindex":0}}},{"from":[-10.63213,17.737354,26.135954],"to":[6.231871,18.729355,28.615953],"rotation":{"angle":-45.0,"axis":"y","origin":[9.7259865,8.495752,8.280349]},"faces":{"east":{"uv":[8.84375,3.9375,8.53125,4.0625],"rotation":0,"texture":"#0","tintindex":0},"south":{"uv":[13.5625,8.9375,11.4375,9.0625],"rotation":0,"texture":"#0","tintindex":0},