{"textures":{"0":"modelengine:entity/kobold_assassin","1":"modelengine:entity/kobold_xbow","2":"modelengine:entity/kobold_dagger"},"elements":[{"name":"cube","from":[6.5,4.705193,5.733656],"to":[9.5,7.7051935,9.933656],"rotation":{"angle":-22.5,"axis":"x","origin":[8.0,5.9051933,7.833656]},"faces":{"down":{"uv":[1.3625,9.3875,0.7625,10.2375],"rotation":0,"texture":"#0","tintindex":0},"east":{"uv":[9.2625,7.5125,10.1125,8.1125],"rotation":0,"texture":"#0","tintindex":0},"north":{"uv":[10.1375,7.3875,10.7375,7.9875],"rotation":0,"texture":"#0","tintindex":0},"south":{"uv":[10.1375,8.0125,10.7375,8.6125],"rotation":0,"texture":"#0","tintindex":0},"up":{"uv":[9.9875,0.8625,9.3875,0.0125],"rotation":0,"texture":"#0","tintindex":0},"west":{"uv":[9.2625,8.1375,10.1125,8.7375],"rotation":0,"texture":"#0","tintindex":0}}},{"name":"cube","from":[5.8999996,5.5955276,6.881706],"to":[10.1,9.195528,11.081707],"rotation":{"angle":22.5,"axis":"x","origin":[7.1,10.395528,8.981707]},"faces":{"down":{"uv":[2.6125,7.6375,1.7625,8.4875],"rotation":0,"texture":"#0","tintindex":0},"east":{"uv":[8.3875,4.0125,9.2375,4.7375],"rotation":0,"texture":"#0","tintindex":0},"north":{"uv":[6.2625,8.1375,7.1125,8.8625],"rotation":0,"texture":"#0","tintindex":0},"south":{"uv":[8.3875,4.7625,9.2375,5.4875],"rotation":0,"texture":"#0","tintindex":0},"up":{"uv":[1.7375,8.4875,0.8875,7.6375],"rotation":0,"texture":"#0","tintindex":0},"west":{"uv":[8.3875,6.8875,9.2375,7.6125],"rotation":0,"texture":"#0","tintindex":0}}},{"name":"cube","from":[4.7,7.883237,5.0626326],"to":[11.3,12.083238,10.462633],"rotation":{"angle":0.0,"axis":"x","origin":[7.1,13.283238,8.362633]},"faces":{"down":{"uv":[1.3625,3.8875,0.0125,4.9875],"rotation":0,"texture":"#0","tintindex":0},"east":{"uv":[0.0125,5.8875,1.1125,6.7375],"rotation":0,"texture":"#0","tintindex":0},"north":{"uv":[4.7625,2.6375,6.1125,3.4875],"rotation":0,"texture":"#0","tintindex":0},"south":{"uv":[4.5125,4.7625,5.8625,5.6125],"rotation":0,"texture":"#0","tintindex":0},"up":{"uv":[4.7375,3.8625,3.3875,2.7625],"rotation":0,"texture":"#0","tintindex":0},"west":{"uv":[5.8875,0.8875,6.9875,1.7375],"rotation":0,"texture":"#0","tintindex":0}}},{"name":"cube","from":[2.8999999,7.883237,10.462633],"to":[12.5,10.883238,12.262633],"rotation":{"angle":22.5,"axis":"z","origin":[7.7,9.383238,11.962634]},"faces":{"down":{"uv":[10.1125,2.7625,8.1375,3.1125],"rotation":0,"texture":"#0","tintindex":0},"east":{"uv":[11.3875,10.1375,11.7375,10.7375],"rotation":0,"texture":"#0","tintindex":0},"north":{"uv":[4.2625,2.0125,6.2375,2.6125],"rotation":0,"texture":"#0","tintindex":0},"south":{"uv":[2.5125,4.7625,4.4875,5.3625],"rotation":0,"texture":"#0","tintindex":0},"up":{"uv":[9.8625,6.8625,7.8875,6.5125],"rotation":0,"texture":"#0","tintindex":0},"west":{"uv":[11.5125,0.3875,11.8625,0.9875],"rotation":0,"texture":"#0","tintindex":0}}},{"name":"cube","from":[12.5,7.883237,11.662634],"to":[14.900001,9.683237,11.662634],"rotation":{"angle":22.5,"axis":"z","origin":[7.7,9.383238,11.962634]},"faces":{"down":{"uv":[0.4875,0.0125,0.0125,-0.025],"rotation":0,"texture":"#0","tintindex":0},"east":{"uv":[0.0125,0.0125,-0.025,0.3625],"rotation":0,"texture":"#0","tintindex":0},"north":{"uv":[7.2625,3.1375,7.7375,3.4875],"rotation":0,"texture":"#0","tintindex":0},"south":{"uv":[2.5125,11.5125,2.9875,11.8625],"rotation":0,"texture":"#0","tintindex":0},"up":{"uv":[0.4875,0.0125,0.0125,-0.025],"rotation":0,"texture":"#0","tintindex":0},"west":{"uv":[0.0125,0.0125,-0.025,0.3625],"rotation":0,"texture":"#0","tintindex":0}}},{"name":"cube","from":[10.360598,11.840437,10.177284],"to":[11.560597,15.440438,10.177284],"rotation":{"angle":-45.0,"axis":"x","origin":[11.260597,14.090438,10.777285]},"faces":{"down":{"uv":[0.2375,0.0125,0.0125,-0.025],"rotation":0,"texture":"#0","tintindex":0},"east":{"uv":[0.0125,0.0125,-0.025,0.7375],"rotation":0,"texture":"#0","tintindex":0},"north":{"uv":[4.1375,11.6375,4.3625,12.3625],"rotation":0,"texture":"#0","tintindex":0},"south":{"uv":[11.6375,4.1375,11.8625,4.8625],"rotation":0,"texture":"#0","tintindex":0},"up":{"uv":[0.2375,0.0125,0.0125,-0.025],"rotation":0,"texture":"#0","tintindex":0},"west":{"uv":[0.0125,0.0125,-0.025,0.7375],"rotation":0,"texture":"#0","tintindex":0}}},{"name":"cube","from":[6.5,9.083237,4.462633],"to":[10.1,11.483237,5.0626326],"rotation":{"angle":45.0,"axis":"z","origin":[8.3,10.283237,4.7626333]},"faces":{"down":{"uv":[11.8875,8.1375,12.6125,8.2375],"rotation":0,"texture":"#0","tintindex":0},"east":{"uv":[2.2375,10.0125,2.1375,10.4875],"rotation":0,"texture":"#0","tintindex":0},"north":{"uv":[1.9875,10.6375,1.2625,11.1125],"rotation":0,"texture":"#0","tintindex":0},"south":{"uv":[11.3625,5.7625,10.6375,6.2375],"rotation":0,"texture":"#0","tintindex":0},"up":{"uv":[11.8875,6.2375,12.6125,6.1375],"rotation":0,"texture":"#0","tintindex":0},"west":{"uv":[0.7375,9.5125,0.6375,9.9875],"rotation":0,"texture":"#0","tintindex":0}}},{"name":"cube","from":[4.1,10.868552,3.155995],"to":[11.900001,15.068551,8.555996],"rotation":{"angle":-22.5,"axis":"x","origin":[7.1,16.26855,6.4559956]},"faces":{"down":{"uv":[4.3625,0.0125,2.7625,1.1125],"rotation":0,"texture":"#0","tintindex":0},"east":{"uv":[5.5125,0.0125,6.6125,0.8625],"rotation":0,"texture":"#0","tintindex":0},"north":{"uv":[3.3875,3.8875,4.9875,4.7375],"rotation":0,"texture":"#0","tintindex":0},"south":{"uv":[4.2625,1.1375,5.8625,1.9875],"rotation":0,"texture":"#0","tintindex":0},"up":{"uv":[1.6125,3.8625,0.0125,2.7625],"rotation":0,"texture":"#0","tintindex":0},"west":{"uv":[1.3875,5.7625,2.4875,6.6125],"rotation":0,"texture":"#0","tintindex":0}}},{"name":"cube","from":[3.4999998,9.668552,4.355995],"to":[5.3,14.468551,7.3559957],"rotation":{"angle":-22.5,"axis":"x","origin":[7.1,16.26855,6.4559956]},"faces":{"down":{"uv":[7.9875,11.3875,7.6375,11.9875],"rotation":0,"texture":"#0","tintindex":0},"east":{"uv":[4.8875,8.5125,5.4875,9.4875],"rotation":0,"texture":"#0","tintindex":0},"north":{"uv":[5.6375,10.3875,5.9875,11.3625],"rotation":0,"texture":"#0","tintindex":0},"south":{"uv":[8.1375,10.5125,8.4875,11.4875],"rotation":0,"texture":"#0","tintindex":0},"up":{"uv":[3.9875,10.1125,3.6375,9.5125],"rotation":0,"texture":"#0","tintindex":0},"west":{"uv":[7.1375,8.6375,7.7375,9.6125],"rotation":0,"texture":"#0","tintindex":0}}},{"name":"cube","from":[10.700001,9.668552,4.355995],"to":[12.5,14.468551,7.3559957],"rotation":{"angle":-22.5,"axis":"x","origin":[8.9,16.26855,6.4559956]},"faces":{"down":{"uv":[9.6125,11.3875,9.2625,11.9875],"rotation":0,"texture":"#0","tintindex":0},"east":{"uv":[7.7625,8.6375,8.3625,9.6125],"rotation":0,"texture":"#0","tintindex":0},"north":{"uv":[8.5125,10.5125,8.8625,11.4875],"rotation":0,"texture":"#0","tintindex":0},"south":{"uv":[8.8875,10.5125,9.2375,11.4875],"rotation":0,"texture":"#0","tintindex":0},"up":{"uv":[11.7375,9.3625,11.3875,8.7625],"rotation":0,"texture":"#0","tintindex":0},"west":{"uv":[6.2625,8.8875,6.8625,9.8625],"rotation":0,"texture":"#0","tintindex":0}}},{"name":"cube","from":[5.3,15.068551,3.155995],"to":[10.700001,17.468552,8.555996],"rotation":{"angle":-22.5,"axis":"x","origin":[7.1,16.26855,6.4559956]},"faces":{"down":{"uv":[2.4875,4.6375,1.3875,5.7375],"rotation":0,"texture":"#0","tintindex":0},"east":{"uv":[9.2625,1.6375,10.3625,2.1125],"rotation":0,"texture":"#0","tintindex":0},"north":{"uv":[9.1375,9.1375,10.2375,9.6125],"rotation":0,"texture":"#0","tintindex":0},"south":{"uv":[2.3875,9.2625,3.4875,9.7375],"rotation":0,"texture":"#0","tintindex":0},"up":{"uv":[5.4875,1.1125,4.3875,0.0125],"rotation":0,"texture":"#0","tintindex":0},"west":{"uv":[9.2625,3.8875,10.3625,4.3625],"rotation":0,"texture":"#0","tintindex":0}}}],"display":{"head":{"translation":[0.0,-6.4,0.0],"rotation":[0.0,0.0,0.0],"scale":[3.8095,3.8095,3.8095]}}}