{"textures":{"0":"modelengine:entity/kobold_assassin","1":"modelengine:entity/kobold_xbow","2":"modelengine:entity/kobold_dagger"},"elements":[{"name":"cube","from":[7.1,9.110541,9.229273],"to":[8.9,11.510542,11.6292715],"rotation":{"angle":-22.5,"axis":"x","origin":[8.0,10.310541,12.229272]},"faces":{"down":{"uv":[11.5125,8.1375,11.8625,8.6125],"rotation":0,"texture":"#0","tintindex":0},"east":{"uv":[0.9875,11.3875,0.5125,11.8625],"rotation":0,"texture":"#0","tintindex":0},"north":{"uv":[7.4875,8.1375,7.1375,8.6125],"rotation":0,"texture":"#0","tintindex":0},"south":{"uv":[3.3625,11.5125,3.0125,11.9875],"rotation":0,"texture":"#0","tintindex":0},"up":{"uv":[6.0125,11.9875,6.3625,11.5125],"rotation":0,"texture":"#0","tintindex":0},"west":{"uv":[11.6125,11.2625,11.1375,11.7375],"rotation":0,"texture":"#0","tintindex":0}}},{"name":"cube","from":[6.8,8.053835,6.3168535],"to":[9.2,10.4538355,9.916853],"rotation":{"angle":0.0,"axis":"x","origin":[4.1,6.853835,6.6168537]},"faces":{"down":{"uv":[10.5125,5.0125,10.9875,5.7375],"rotation":0,"texture":"#0","tintindex":0},"east":{"uv":[11.1125,3.7625,10.3875,4.2375],"rotation":0,"texture":"#0","tintindex":0},"north":{"uv":[10.6125,11.2625,10.1375,11.7375],"rotation":0,"texture":"#0","tintindex":0},"south":{"uv":[11.1125,11.2625,10.6375,11.7375],"rotation":0,"texture":"#0","tintindex":0},"up":{"uv":[2.1375,11.2375,2.6125,10.5125],"rotation":0,"texture":"#0","tintindex":0},"west":{"uv":[11.1125,2.5125,10.3875,2.9875],"rotation":0,"texture":"#0","tintindex":0}}}],"display":{"head":{"translation":[0.0,-6.4,0.0],"rotation":[0.0,0.0,0.0],"scale":[3.8095,3.8095,3.8095]}}}