{"textures":{"0":"modelengine:entity/troll_voodoo","1":"modelengine:entity/voodoo_staff"},"elements":[{"from":[5.5792475,5.472106,6.5714283],"to":[6.7221045,7.1863914,9.428572],"rotation":{"angle":-22.5,"axis":"z","origin":[5.6684756,8.110897,2.619707]},"faces":{"east":{"uv":[8.7625,6.5125,9.3625,6.8625],"rotation":0,"texture":"#0","tintindex":0},"south":{"uv":[2.3875,9.2625,2.6125,9.6125],"rotation":0,"texture":"#0","tintindex":0},"north":{"uv":[2.1375,9.2625,2.3625,9.6125],"rotation":0,"texture":"#0","tintindex":0},"west":{"uv":[8.7625,6.8875,9.3625,7.2375],"rotation":0,"texture":"#0","tintindex":0},"up":{"uv":[9.2375,1.8625,9.0125,1.2625],"rotation":0,"texture":"#0","tintindex":0},"down":{"uv":[9.2375,2.7625,9.0125,3.3625],"rotation":0,"texture":"#0","tintindex":0}}},{"from":[4.712186,6.1306314,-0.86510277],"to":[6.9979005,7.8449173,1.9920406],"rotation":{"angle":0.0,"axis":"y","origin":[5.6684756,8.110897,2.619707]},"faces":{"east":{"uv":[5.6375,3.6375,6.2375,3.9875],"rotation":0,"texture":"#1","tintindex":0},"south":{"uv":[1.2625,5.8875,1.7375,6.2375],"rotation":0,"texture":"#1","tintindex":0},"north":{"uv":[0.6375,4.8875,1.1125,5.2375],"rotation":0,"texture":"#1","tintindex":0},"west":{"uv":[0.6375,5.8875,1.2375,6.2375],"rotation":0,"texture":"#1","tintindex":0},"up":{"uv":[5.1125,6.1125,4.6375,5.5125],"rotation":0,"texture":"#1","tintindex":0},"down":{"uv":[2.3625,5.7625,1.8875,6.3625],"rotation":0,"texture":"#1","tintindex":0}}},{"from":[5.2836146,6.1306314,-3.7222462],"to":[6.426472,7.2734885,24.849184],"rotation":{"angle":0.0,"axis":"y","origin":[5.6684756,8.110897,2.619707]},"faces":{"east":{"uv":[2.7625,0.0125,8.9875,0.2375],"rotation":0,"texture":"#1","tintindex":0},"south":{"uv":[2.5125,3.5125,2.7375,3.7375],"rotation":0,"texture":"#1","tintindex":0},"north":{"uv":[2.5125,3.2625,2.7375,3.4875],"rotation":0,"texture":"#1","tintindex":0},"west":{"uv":[2.7625,0.2625,8.9875,0.4875],"rotation":0,"texture":"#1","tintindex":0},"up":{"uv":[2.9875,6.7375,2.7625,0.5125],"rotation":0,"texture":"#1","tintindex":0},"down":{"uv":[3.2375,0.5125,3.0125,6.7375],"rotation":0,"texture":"#1","tintindex":0}}},{"from":[5.632923,6.549288,3.1362348],"to":[11.347209,6.549288,7.707663],"rotation":{"angle":22.5,"axis":"z","origin":[5.9351377,7.3755198,5.121857]},"faces":{"east":{"uv":[8.2625,0.7625,9.25,0.7625],"rotation":0,"texture":"#1","tintindex":0},"south":{"uv":[8.0125,4.2625,9.2375,4.2625],"rotation":0,"texture":"#1","tintindex":0},"north":{"uv":[8.0125,4.0125,9.2375,4.0125],"rotation":0,"texture":"#1","tintindex":0},"west":{"uv":[8.2625,1.0125,9.25,1.0125],"rotation":0,"texture":"#1","tintindex":0},"up":{"uv":[7.4875,1.5,6.2625,0.5125],"rotation":0,"texture":"#1","tintindex":0},"down":{"uv":[7.4875,0.5125,6.2625,1.5],"rotation":0,"texture":"#1","tintindex":0}}},{"from":[-0.7163849,4.7020597,-5.722246],"to":[2.7121863,6.987774,-3.436532],"rotation":{"angle":0.0,"axis":"y","origin":[5.6684756,8.110897,2.619707]},"faces":{"east":{"uv":[5.7625,5.1375,6.2375,5.6125],"rotation":0,"texture":"#1","tintindex":0},"south":{"uv":[5.5125,1.5125,6.2375,1.9875],"rotation":0,"texture":"#1","tintindex":0},"north":{"uv":[5.5125,1.0125,6.2375,1.4875],"rotation":0,"texture":"#1","tintindex":0},"west":{"uv":[5.6375,5.7625,6.1125,6.2375],"rotation":0,"texture":"#1","tintindex":0},"up":{"uv":[6.2375,3.1125,5.5125,2.6375],"rotation":0,"texture":"#1","tintindex":0},"down":{"uv":[4.6125,5.5125,3.8875,5.9875],"rotation":0,"texture":"#1","tintindex":0}}},{"from":[-0.7163849,6.4163456,-3.436532],"to":[5.5693293,6.4163456,3.9920406],"rotation":{"angle":0.0,"axis":"y","origin":[5.6684756,8.110897,2.619707]},"faces":{"east":{"uv":[0.0125,0.0125,1.6125,0.0125],"rotation":0,"texture":"#1","tintindex":0},"south":{"uv":[0.0125,0.0125,1.3625,0.0125],"rotation":0,"texture":"#1","tintindex":0},"north":{"uv":[0.0125,0.0125,1.3625,0.0125],"rotation":0,"texture":"#1","tintindex":0},"west":{"uv":[0.0125,0.0125,1.6125,0.0125],"rotation":0,"texture":"#1","tintindex":0},"up":{"uv":[0.0125,3.2375,1.3625,1.6375],"rotation":0,"texture":"#1","tintindex":0},"down":{"uv":[0.0125,1.6375,1.3625,3.2375],"rotation":0,"texture":"#1","tintindex":0}}},{"from":[6.1407576,6.4163456,-3.436532],"to":[12.426472,6.4163456,3.9920406],"rotation":{"angle":0.0,"axis":"y","origin":[5.6684756,8.110897,2.619707]},"faces":{"east":{"uv":[0.0125,0.0125,1.6125,0.0125],"rotation":0,"texture":"#1","tintindex":0},"south":{"uv":[0.0125,0.0125,1.3625,0.0125],"rotation":0,"texture":"#1","tintindex":0},"north":{"uv":[0.0125,0.0125,1.3625,0.0125],"rotation":0,"texture":"#1","tintindex":0},"west":{"uv":[0.0125,0.0125,1.6125,0.0125],"rotation":0,"texture":"#1","tintindex":0},"up":{"uv":[2.7375,1.6125,1.3875,0.0125],"rotation":0,"texture":"#1","tintindex":0},"down":{"uv":[2.7375,0.0125,1.3875,1.6125],"rotation":0,"texture":"#1","tintindex":0}}},{"from":[8.997901,4.7020597,-5.722246],"to":[12.426472,6.987774,-3.436532],"rotation":{"angle":0.0,"axis":"y","origin":[5.6684756,8.110897,2.619707]},"faces":{"east":{"uv":[3.2625,5.7625,3.7375,6.2375],"rotation":0,"texture":"#1","tintindex":0},"south":{"uv":[5.2625,2.1375,5.9875,2.6125],"rotation":0,"texture":"#1","tintindex":0},"north":{"uv":[1.8875,5.2625,2.6125,5.7375],"rotation":0,"texture":"#1","tintindex":0},"west":{"uv":[5.1375,5.7625,5.6125,6.2375],"rotation":0,"texture":"#1","tintindex":0},"up":{"uv":[6.1125,4.4875,5.3875,4.0125],"rotation":0,"texture":"#1","tintindex":0},"down":{"uv":[6.2375,0.5125,5.5125,0.9875],"rotation":0,"texture":"#1","tintindex":0}}},{"from":[2.7121863,4.4163456,-6.0079603],"to":[8.997901,7.2734885,-3.150817],"rotation":{"angle":0.0,"axis":"y","origin":[5.6684756,8.110897,2.619707]},"faces":{"east":{"uv":[0.6375,5.2625,1.2375,5.8625],"rotation":0,"texture":"#1","tintindex":0},"south":{"uv":[3.2625,1.6375,4.6125,2.2375],"rotation":0,"texture":"#1","tintindex":0},"north":{"uv":[1.1375,3.2625,2.4875,3.8625],"rotation":0,"texture":"#1","tintindex":0},"west":{"uv":[1.2625,5.2625,1.8625,5.8625],"rotation":0,"texture":"#1","tintindex":0},"up":{"uv":[4.6125,2.8625,3.2625,2.2625],"rotation":0,"texture":"#1","tintindex":0},"down":{"uv":[4.6125,2.8875,3.2625,3.4875],"rotation":0,"texture":"#1","tintindex":0}}},{"from":[3.283615,3.2734885,-5.436532],"to":[8.426472,5.5592027,-0.29367352],"rotation":{"angle":0.0,"axis":"y","origin":[5.6684756,8.110897,2.619707]},"faces":{"east":{"uv":[4.3875,0.5125,5.4875,0.9875],"rotation":0,"texture":"#1","tintindex":0},"south":{"uv":[4.3875,1.0125,5.4875,1.4875],"rotation":0,"texture":"#1","tintindex":0},"north":{"uv":[0.0125,4.3875,1.1125,4.8625],"rotation":0,"texture":"#1","tintindex":0},"west":{"uv":[4.5125,3.5125,5.6125,3.9875],"rotation":0,"texture":"#1","tintindex":0},"up":{"uv":[1.1125,4.3625,0.0125,3.2625],"rotation":0,"texture":"#1","tintindex":0},"down":{"uv":[4.3625,0.5125,3.2625,1.6125],"rotation":0,"texture":"#1","tintindex":0}}},{"from":[4.4264717,4.7566166,-1.9231024],"to":[7.283615,7.042331,2.076898],"rotation":{"angle":-22.5,"axis":"x","origin":[5.6684756,8.110897,2.619707]},"faces":{"east":{"uv":[4.6375,3.0125,5.4875,3.4875],"rotation":0,"texture":"#1","tintindex":0},"south":{"uv":[0.0125,5.7625,0.6125,6.2375],"rotation":0,"texture":"#1","tintindex":0},"north":{"uv":[5.6375,3.1375,6.2375,3.6125],"rotation":0,"texture":"#1","tintindex":0},"west":{"uv":[5.1375,4.6375,5.9875,5.1125],"rotation":0,"texture":"#1","tintindex":0},"up":{"uv":[0.6125,5.7375,0.0125,4.8875],"rotation":0,"texture":"#1","tintindex":0},"down":{"uv":[3.8625,4.8875,3.2625,5.7375],"rotation":0,"texture":"#1","tintindex":0}}},{"from":[6.4398212,4.4926953,-0.5934057],"to":[6.4398212,10.77841,2.2637372],"rotation":{"angle":45.0,"axis":"x","origin":[5.6684756,8.110897,2.619707]},"faces":{"east":{"uv":[4.4875,3.5125,3.8875,4.8625],"rotation":0,"texture":"#1","tintindex":0},"south":{"uv":[0.0125,0.0125,0.0125,1.3625],"rotation":0,"texture":"#1","tintindex":0},"north":{"uv":[0.0125,0.0125,0.0125,1.3625],"rotation":0,"texture":"#1","tintindex":0},