{"textures":{"0":"modelengine:entity/3dtext_spawn"},"elements":[{"from":[22.404232,7.542857,7.028571],"to":[24.461376,11.428572,8.971429],"rotation":{"angle":0.0,"axis":"y","origin":[9.089947,8.285714,7.714286]},"faces":{"east":{"uv":[1.0,8.25,1.875,10.0],"rotation":0,"texture":"#0","tintindex":0},"south":{"uv":[2.0,8.25,2.875,10.0],"rotation":0,"texture":"#0","tintindex":0},"north":{"uv":[0.0,8.25,0.875,10.0],"rotation":0,"texture":"#0","tintindex":0},"west":{"uv":[3.0,8.25,3.875,10.0],"rotation":0,"texture":"#0","tintindex":0},"up":{"uv":[5.625,11.875,4.75,11.0],"rotation":0,"texture":"#0","tintindex":0},"down":{"uv":[6.625,11.0,5.75,11.875],"rotation":0,"texture":"#0","tintindex":0}}},{"from":[19.432804,9.828571,7.028571],"to":[22.404232,11.428572,8.971429],"rotation":{"angle":0.0,"axis":"y","origin":[9.089947,8.285714,7.714286]},"faces":{"east":{"uv":[11.5,9.0,12.375,9.75],"rotation":0,"texture":"#0","tintindex":0},"south":{"uv":[10.75,3.75,12.0,4.5],"rotation":0,"texture":"#0","tintindex":0},"north":{"uv":[10.25,3.0,11.5,3.75],"rotation":0,"texture":"#0","tintindex":0},"west":{"uv":[11.75,0.75,12.625,1.5],"rotation":0,"texture":"#0","tintindex":0},"up":{"uv":[10.75,4.875,9.5,4.0],"rotation":0,"texture":"#0","tintindex":0},"down":{"uv":[10.75,5.0,9.5,5.875],"rotation":0,"texture":"#0","tintindex":0}}},{"from":[16.461376,5.028571,7.028571],"to":[18.51852,11.428572,8.971429],"rotation":{"angle":0.0,"axis":"y","origin":[9.089947,8.285714,7.714286]},"faces":{"east":{"uv":[1.0,0.0,1.875,2.75],"rotation":0,"texture":"#0","tintindex":0},"south":{"uv":[2.0,0.0,2.875,2.75],"rotation":0,"texture":"#0","tintindex":0},"north":{"uv":[0.0,0.0,0.875,2.75],"rotation":0,"texture":"#0","tintindex":0},"west":{"uv":[0.0,2.75,0.875,5.5],"rotation":0,"texture":"#0","tintindex":0},"up":{"uv":[11.875,10.625,11.0,9.75],"rotation":0,"texture":"#0","tintindex":0},"down":{"uv":[10.875,11.0,10.0,11.875],"rotation":0,"texture":"#0","tintindex":0}}},{"from":[13.489947,10.057143,7.028571],"to":[16.461376,11.428572,8.971429],"rotation":{"angle":0.0,"axis":"y","origin":[9.089947,8.285714,7.714286]},"faces":{"east":{"uv":[12.0,9.75,12.875,10.375],"rotation":0,"texture":"#0","tintindex":0},"south":{"uv":[11.0,0.0,12.25,0.625],"rotation":0,"texture":"#0","tintindex":0},"north":{"uv":[0.0,11.0,1.25,11.625],"rotation":0,"texture":"#0","tintindex":0},"west":{"uv":[12.0,10.5,12.875,11.125],"rotation":0,"texture":"#0","tintindex":0},"up":{"uv":[10.75,6.875,9.5,6.0],"rotation":0,"texture":"#0","tintindex":0},"down":{"uv":[10.75,7.0,9.5,7.875],"rotation":0,"texture":"#0","tintindex":0}}},{"from":[10.74709,5.028571,7.028571],"to":[12.804234,11.428572,8.971429],"rotation":{"angle":0.0,"axis":"y","origin":[9.089947,8.285714,7.714286]},"faces":{"east":{"uv":[2.0,2.75,2.875,5.5],"rotation":0,"texture":"#0","tintindex":0},"south":{"uv":[3.0,0.0,3.875,2.75],"rotation":0,"texture":"#0","tintindex":0},"north":{"uv":[1.0,2.75,1.875,5.5],"rotation":0,"texture":"#0","tintindex":0},"west":{"uv":[3.0,2.75,3.875,5.5],"rotation":0,"texture":"#0","tintindex":0},"up":{"uv":[11.875,11.625,11.0,10.75],"rotation":0,"texture":"#0","tintindex":0},"down":{"uv":[3.375,11.25,2.5,12.125],"rotation":0,"texture":"#0","tintindex":0}}},{"from":[7.7756615,10.057143,7.028571],"to":[10.74709,11.428572,8.971429],"rotation":{"angle":0.0,"axis":"y","origin":[9.089947,8.285714,7.714286]},"faces":{"east":{"uv":[12.0,11.25,12.875,11.875],"rotation":0,"texture":"#0","tintindex":0},"south":{"uv":[3.5,11.0,4.75,11.625],"rotation":0,"texture":"#0","tintindex":0},"north":{"uv":[1.25,11.0,2.5,11.625],"rotation":0,"texture":"#0","tintindex":0},"west":{"uv":[12.0,12.0,12.875,12.625],"rotation":0,"texture":"#0","tintindex":0},"up":{"uv":[10.75,8.875,9.5,8.0],"rotation":0,"texture":"#0","tintindex":0},"down":{"uv":[11.0,0.0,9.75,0.875],"rotation":0,"texture":"#0","tintindex":0}}},{"from":[5.032804,5.028571,7.028571],"to":[6.861376,11.428572,8.971429],"rotation":{"angle":0.0,"axis":"y","origin":[9.089947,8.285714,7.714286]},"faces":{"east":{"uv":[4.0,0.0,4.875,2.75],"rotation":0,"texture":"#0","tintindex":0},"south":{"uv":[6.75,5.5,7.5,8.25],"rotation":0,"texture":"#0","tintindex":0},"north":{"uv":[6.0,5.5,6.75,8.25],"rotation":0,"texture":"#0","tintindex":0},"west":{"uv":[4.0,2.75,4.875,5.5],"rotation":0,"texture":"#0","tintindex":0},"up":{"uv":[8.5,5.375,7.75,4.5],"rotation":0,"texture":"#0","tintindex":0},"down":{"uv":[1.75,11.75,1.0,12.625],"rotation":0,"texture":"#0","tintindex":0}}},{"from":[0.68994665,5.028571,7.028571],"to":[2.7470899,11.428572,8.971429],"rotation":{"angle":0.0,"axis":"y","origin":[9.089947,8.285714,7.714286]},"faces":{"east":{"uv":[5.0,2.75,5.875,5.5],"rotation":0,"texture":"#0","tintindex":0},"south":{"uv":[0.0,5.5,0.875,8.25],"rotation":0,"texture":"#0","tintindex":0},"north":{"uv":[5.0,0.0,5.875,2.75],"rotation":0,"texture":"#0","tintindex":0},"west":{"uv":[1.0,5.5,1.875,8.25],"rotation":0,"texture":"#0","tintindex":0},"up":{"uv":[7.625,12.125,6.75,11.25],"rotation":0,"texture":"#0","tintindex":0},"down":{"uv":[8.625,11.25,7.75,12.125],"rotation":0,"texture":"#0","tintindex":0}}},{"from":[-2.0529099,5.028571,7.028571],"to":[0.0042324066,11.428572,8.971429],"rotation":{"angle":0.0,"axis":"y","origin":[9.089947,8.285714,7.714286]},"faces":{"east":{"uv":[3.0,5.5,3.875,8.25],"rotation":0,"texture":"#0","tintindex":0},"south":{"uv":[4.0,5.5,4.875,8.25],"rotation":0,"texture":"#0","tintindex":0},"north":{"uv":[2.0,5.5,2.875,8.25],"rotation":0,"texture":"#0","tintindex":0},"west":{"uv":[5.0,5.5,5.875,8.25],"rotation":0,"texture":"#0","tintindex":0},"up":{"uv":[9.625,12.125,8.75,11.25],"rotation":0,"texture":"#0","tintindex":0},"down":{"uv":[12.375,2.25,11.5,3.125],"rotation":0,"texture":"#0","tintindex":0}}},{"from":[-6.1671963,5.028571,7.028571],"to":[-4.338625,11.428572,8.971429],"rotation":{"angle":0.0,"axis":"y","origin":[9.089947,8.285714,7.714286]},"faces":{"east":{"uv":[6.0,0.0,6.875,2.75],"rotation":0,"texture":"#0","tintindex":0},"south":{"uv":[7.0,2.75,7.75,5.5],"rotation":0,"texture":"#0","tintindex":0},"north":{"uv":[7.0,0.0,7.75,2.75],"rotation":0,"texture":"#0","tintindex":0},"west":{"uv":[6.0,2.75,6.875,5.5],"rotation":0,"texture":"#0","tintindex":0},"up":{"uv":[2.5,12.625,1.75,11.75],"rotation":0,"texture":"#0","tintindex":0},"down":{"uv":[4.25,11.75,3.5,12.625],"rotation":0,"texture":"#0","tintindex":0}}},{"from":[-2.9671965,7.542857,7.028571],"to":[-2.0529099,10.514286,8.971429],"rotation":{"angle":0.0,"axis":"y","origin":[9.089947,8.285714,7.714286]},"faces":{"east":{"uv":[9.75,1.0,10.625,2.25],"rotation":0,"texture":"#0","tintindex":0},"south":{"uv":[7.0,12.25,7.375,13.5],"rotation":0,"texture":"#0","tintindex":0},"north":{"uv":[6.5,12.25,6.875,13.5],"rotation":0,"texture":"#0","tintindex":0},"west":{"uv":[4.0,9.75,4.875,11.0],"rotation":0,"texture":"#0","tintindex":0},"up":{"uv":[9.125,13.125,8.75,12.25],"rotation":0,"texture":"#0","tintindex":0},"down":{"uv":[9.625,12.25,9.25,13.125],"rotation":0,"texture":"#0","tintindex":0}}},{"from":[13.489947,6.857143,7.028571],"to":[15.547091,10.057143,8.971429],"rotation":{"angle":0.0,"axis":"y","origin":[9.089947,8.285714,7.714286]},"faces":{"east":{"uv":[5.0,8.25,5.875,9.625],"rotation":0,"texture":"#0","tintindex":0},"south":{"uv":[6.0,8.25,6.875,9.625],"rotation":0,"texture":"#0","tintindex":0},"north":{"uv":[4.0,8.25,4.875,9.625],"rotation":0,"texture":"#0","tintindex":0},"west":{"uv":[8.5,4.5,9.375,5.875],"rotation":0,"texture":"#0","tintindex":0},"up":{"uv":[12.375,6.875,11.5,6.0],"rotation":0,"texture":"#0","tintindex":0},"down":{"uv":[12.375,7.0,11.5,7.875],"rotation":0,"texture":"#0","tintindex":0}}},{"from":[7.7756615,5.028571,7.028571],"to":[9.832805,10.057143,8.971429],"rotation":{"angle":0.0,"axis":"y","origin":[9.089947,8.285714,7.714286]},"faces":{"east":{"uv":[7.75,0.0,8.625,2.25],"rotation":0,"texture":"#0","tintindex":0},"south":{"uv":[7.75,2.25,8.625,4.5],"rotation":0,"texture":"#0","tintindex":0},"north":{"uv":[7.5,5.5,8.375,7.75],