{"textures":{"0":"modelengine:entity/phoenix_ash"},"elements":[{"from":[-10.57115,-16.0,8.1714735],"to":[28.857422,9.1428585,8.1714735],"rotation":{"angle":0.0,"axis":"y","origin":[-34.28544,7.142859,-0.6856699]},"faces":{"east":{"uv":[0.00625,0.00625,0.00625,2.74375],"rotation":0,"texture":"#0","tintindex":0},"south":{"uv":[0.00625,0.00625,4.30625,2.74375],"rotation":0,"texture":"#0","tintindex":0},"north":{"uv":[4.30625,0.00625,0.00625,2.74375],"rotation":0,"texture":"#0","tintindex":0},"west":{"uv":[0.00625,0.00625,0.00625,2.74375],"rotation":0,"texture":"#0","tintindex":0},"up":{"uv":[0.00625,0.00625,4.30625,0.00625],"rotation":0,"texture":"#0","tintindex":0},"down":{"uv":[0.00625,0.00625,4.30625,0.00625],"rotation":0,"texture":"#0","tintindex":0}}},{"from":[5.428849,9.1428585,5.8857584],"to":[28.857422,13.1428585,8.1714735],"rotation":{"angle":0.0,"axis":"y","origin":[-12.57115,7.142859,-0.6856699]},"faces":{"east":{"uv":[5.30625,11.44375,5.06875,11.86875],"rotation":0,"texture":"#0","tintindex":0},"south":{"uv":[13.49375,8.25625,10.94375,8.68125],"rotation":0,"texture":"#0","tintindex":0},"north":{"uv":[13.49375,7.81875,10.94375,8.24375],"rotation":0,"texture":"#0","tintindex":0},"west":{"uv":[4.11875,7.38125,3.88125,7.80625],"rotation":0,"texture":"#0","tintindex":0},"up":{"uv":[11.75625,7.80625,14.30625,7.56875],"rotation":0,"texture":"#0","tintindex":0},"down":{"uv":[12.56875,11.94375,15.11875,12.18125],"rotation":0,"texture":"#0","tintindex":0}}}],"display":{"head":{"translation":[0.0,-23.12329,0.0],"scale":[4.0,4.0,4.0]}}}