{"textures":{"0":"modelengine:entity/capra3"},"elements":[{"from":[6.777803,4.5531244,4.5833807],"to":[9.634946,7.981696,8.011952],"rotation":{"angle":0.0,"axis":"y","origin":[8.814803,18.176504,3.6724648]},"faces":{"east":{"uv":[8.75,11.25,8.0,12.0],"rotation":0,"texture":"#0","tintindex":0},"south":{"uv":[10.625,11.625,10.0,12.375],"rotation":0,"texture":"#0","tintindex":0},"north":{"uv":[10.0,11.625,9.375,12.375],"rotation":0,"texture":"#0","tintindex":0},"west":{"uv":[12.0,6.0,11.25,6.75],"rotation":0,"texture":"#0","tintindex":0},"up":{"uv":[3.625,12.5,4.25,11.75],"rotation":0,"texture":"#0","tintindex":0},"down":{"uv":[11.75,11.125,12.375,11.875],"rotation":0,"texture":"#0","tintindex":0}}},{"from":[5.634946,-0.5897331,3.4405236],"to":[9.634946,3.4102674,8.011952],"rotation":{"angle":0.0,"axis":"y","origin":[8.814803,18.176504,3.6724648]},"faces":{"east":{"uv":[3.0,15.125,2.0,16.0],"rotation":0,"texture":"#0","tintindex":0},"south":{"uv":[1.75,15.125,0.875,16.0],"rotation":0,"texture":"#0","tintindex":0},"north":{"uv":[0.875,15.125,0.0,16.0],"rotation":0,"texture":"#0","tintindex":0},"west":{"uv":[4.25,15.125,3.25,16.0],"rotation":0,"texture":"#0","tintindex":0},"up":{"uv":[4.5,16.0,5.375,15.0],"rotation":0,"texture":"#0","tintindex":0},"down":{"uv":[5.375,15.0,6.25,16.0],"rotation":0,"texture":"#0","tintindex":0}}},{"from":[6.777803,-0.018304825,4.5833807],"to":[8.492088,4.5531244,6.869095],"rotation":{"angle":0.0,"axis":"y","origin":[8.814803,18.176504,3.6724648]},"faces":{"east":{"uv":[1.875,11.625,1.375,12.625],"rotation":0,"texture":"#0","tintindex":0},"south":{"uv":[7.125,12.0,6.75,13.0],"rotation":0,"texture":"#0","tintindex":0},"north":{"uv":[5.5,1.0,5.125,2.0],"rotation":0,"texture":"#0","tintindex":0},"west":{"uv":[8.25,0.0,7.75,1.0],"rotation":0,"texture":"#0","tintindex":0},"up":{"uv":[9.375,8.5,9.75,8.0],"rotation":0,"texture":"#0","tintindex":0},"down":{"uv":[5.375,12.25,5.75,12.75],"rotation":0,"texture":"#0","tintindex":0}}}],"display":{"head":{"translation":[0.0,-6.4,0.0],"scale":[4.0,4.0,4.0]}}}