{"textures":{"0":"modelengine:entity/capra3"},"elements":[{"from":[6.8214283,2.976143,8.896226],"to":[9.107143,8.1189995,12.324799],"rotation":{"angle":-45.0,"axis":"x","origin":[6.0445933,4.977816,9.818563]},"faces":{"east":{"uv":[7.0,10.375,6.25,11.5],"rotation":0,"texture":"#0","tintindex":0},"south":{"uv":[6.75,11.5,6.25,12.625],"rotation":0,"texture":"#0","tintindex":0},"north":{"uv":[6.25,11.5,5.75,12.625],"rotation":0,"texture":"#0","tintindex":0},"west":{"uv":[6.25,10.375,5.5,11.5],"rotation":0,"texture":"#0","tintindex":0},"up":{"uv":[7.125,12.75,7.625,12.0],"rotation":0,"texture":"#0","tintindex":0},"down":{"uv":[7.625,12.0,8.125,12.75],"rotation":0,"texture":"#0","tintindex":0}}},{"from":[6.8214283,-0.21573544,5.2309613],"to":[9.107143,2.6414075,11.516676],"rotation":{"angle":-45.0,"axis":"x","origin":[7.3303075,5.7859383,9.010441]},"faces":{"east":{"uv":[3.25,10.0,1.875,10.625],"rotation":0,"texture":"#0","tintindex":0},"south":{"uv":[12.5,10.375,12.0,11.0],"rotation":0,"texture":"#0","tintindex":0},"north":{"uv":[1.625,5.875,1.125,6.5],"rotation":0,"texture":"#0","tintindex":0},"west":{"uv":[11.25,3.25,9.875,3.875],"rotation":0,"texture":"#0","tintindex":0},"up":{"uv":[1.875,12.0,2.375,10.625],"rotation":0,"texture":"#0","tintindex":0},"down":{"uv":[2.375,10.625,2.875,12.0],"rotation":0,"texture":"#0","tintindex":0}}},{"from":[8.25,-3.0728788,5.2309613],"to":[8.25,-0.21573544,11.516676],"rotation":{"angle":-45.0,"axis":"x","origin":[7.3303075,5.7859383,9.010441]},"faces":{"east":{"uv":[10.25,3.875,11.625,4.5],"rotation":0,"texture":"#0","tintindex":0},"south":{"uv":[0.0,0.0,0.0,0.625],"rotation":0,"texture":"#0","tintindex":0},"north":{"uv":[0.0,0.0,0.0,0.625],"rotation":0,"texture":"#0","tintindex":0},"west":{"uv":[11.625,3.875,10.25,4.5],"rotation":0,"texture":"#0","tintindex":0},"up":{"uv":[0.0,1.375,0.0,0.0],"rotation":0,"texture":"#0","tintindex":0},"down":{"uv":[0.0,0.0,0.0,1.375],"rotation":0,"texture":"#0","tintindex":0}}},{"from":[5.964286,-2.0203085,7.030583],"to":[9.964286,0.83683395,11.030582],"rotation":{"angle":0.0,"axis":"y","origin":[8.107142,-0.30602264,9.030582]},"faces":{"east":{"uv":[12.5,4.5,11.625,5.125],"rotation":0,"texture":"#0","tintindex":0},"south":{"uv":[12.5,3.875,11.625,4.5],"rotation":0,"texture":"#0","tintindex":0},"north":{"uv":[12.375,1.5,11.5,2.125],"rotation":0,"texture":"#0","tintindex":0},"west":{"uv":[12.375,7.375,11.5,8.0],"rotation":0,"texture":"#0","tintindex":0},"up":{"uv":[10.375,7.375,11.25,6.5],"rotation":0,"texture":"#0","tintindex":0},"down":{"uv":[10.5,5.125,11.375,6.0],"rotation":0,"texture":"#0","tintindex":0}}}],"display":{"head":{"translation":[0.0,-6.4,0.0],"scale":[4.0,4.0,4.0]}}}