{"textures":{"0":"modelengine:entity/capra3"},"elements":[{"from":[6.8961883,4.008796,6.9508514],"to":[8.610474,8.008797,9.807995],"rotation":{"angle":0.0,"axis":"y","origin":[6.5881686,28.633356,5.994856]},"faces":{"east":{"uv":[11.5,9.5,12.125,10.375],"rotation":0,"texture":"#0","tintindex":0},"south":{"uv":[4.25,12.125,4.625,13.0],"rotation":0,"texture":"#0","tintindex":0},"north":{"uv":[0.375,12.125,0.75,13.0],"rotation":0,"texture":"#0","tintindex":0},"west":{"uv":[0.75,11.625,1.375,12.5],"rotation":0,"texture":"#0","tintindex":0},"up":{"uv":[3.625,10.625,3.25,10.0],"rotation":0,"texture":"#0","tintindex":0},"down":{"uv":[3.0,12.25,2.625,12.875],"rotation":0,"texture":"#0","tintindex":0}}},{"from":[5.1819024,1.1516528,6.9508514],"to":[8.610474,4.008796,9.807995],"rotation":{"angle":0.0,"axis":"y","origin":[6.5881686,28.633356,5.994856]},"faces":{"east":{"uv":[12.0,2.875,12.625,3.5],"rotation":0,"texture":"#0","tintindex":0},"south":{"uv":[10.625,11.875,11.375,12.5],"rotation":0,"texture":"#0","tintindex":0},"north":{"uv":[11.75,8.0,12.5,8.625],"rotation":0,"texture":"#0","tintindex":0},"west":{"uv":[12.0,5.875,12.625,6.5],"rotation":0,"texture":"#0","tintindex":0},"up":{"uv":[12.125,12.5,11.375,11.875],"rotation":0,"texture":"#0","tintindex":0},"down":{"uv":[2.625,12.0,1.875,12.625],"rotation":0,"texture":"#0","tintindex":0}}},{"from":[5.1819024,5.0841885,6.985408],"to":[6.8961883,6.7984743,9.84255],"rotation":{"angle":22.5,"axis":"x","origin":[6.8738832,6.0619264,8.566285]},"faces":{"east":{"uv":[10.5,6.0,11.125,6.375],"rotation":0,"texture":"#0","tintindex":0},"south":{"uv":[9.0,7.0,9.375,7.375],"rotation":0,"texture":"#0","tintindex":0},"north":{"uv":[7.75,6.0,8.125,6.375],"rotation":0,"texture":"#0","tintindex":0},"west":{"uv":[10.75,8.625,11.375,9.0],"rotation":0,"texture":"#0","tintindex":0},"up":{"uv":[3.375,12.875,3.0,12.25],"rotation":0,"texture":"#0","tintindex":0},"down":{"uv":[5.375,12.25,5.0,12.875],"rotation":0,"texture":"#0","tintindex":0}}}],"display":{"head":{"translation":[0.0,-6.4,0.0],"scale":[4.0,4.0,4.0]}}}