{"textures":{"0":"modelengine:entity/capra3"},"elements":[{"from":[6.892857,2.976143,8.896226],"to":[9.178572,8.1189995,12.324799],"rotation":{"angle":-45.0,"axis":"x","origin":[9.955407,4.977816,9.818563]},"faces":{"east":{"uv":[5.5,10.375,6.25,11.5],"rotation":0,"texture":"#0","tintindex":0},"south":{"uv":[6.25,11.5,6.75,12.625],"rotation":0,"texture":"#0","tintindex":0},"north":{"uv":[5.75,11.5,6.25,12.625],"rotation":0,"texture":"#0","tintindex":0},"west":{"uv":[6.25,10.375,7.0,11.5],"rotation":0,"texture":"#0","tintindex":0},"up":{"uv":[7.625,12.75,7.125,12.0],"rotation":0,"texture":"#0","tintindex":0},"down":{"uv":[8.125,12.0,7.625,12.75],"rotation":0,"texture":"#0","tintindex":0}}},{"from":[6.892857,-0.21573544,5.2309613],"to":[9.178572,2.6414075,11.516676],"rotation":{"angle":-45.0,"axis":"x","origin":[8.669692,5.7859383,9.010441]},"faces":{"east":{"uv":[9.875,3.25,11.25,3.875],"rotation":0,"texture":"#0","tintindex":0},"south":{"uv":[12.0,10.375,12.5,11.0],"rotation":0,"texture":"#0","tintindex":0},"north":{"uv":[1.125,5.875,1.625,6.5],"rotation":0,"texture":"#0","tintindex":0},"west":{"uv":[1.875,10.0,3.25,10.625],"rotation":0,"texture":"#0","tintindex":0},"up":{"uv":[2.375,12.0,1.875,10.625],"rotation":0,"texture":"#0","tintindex":0},"down":{"uv":[2.875,10.625,2.375,12.0],"rotation":0,"texture":"#0","tintindex":0}}},{"from":[7.75,-3.0728788,5.2309613],"to":[7.75,-0.21573544,11.516676],"rotation":{"angle":-45.0,"axis":"x","origin":[8.669692,5.7859383,9.010441]},"faces":{"east":{"uv":[10.25,3.875,11.625,4.5],"rotation":0,"texture":"#0","tintindex":0},"south":{"uv":[0.0,0.0,0.0,0.625],"rotation":0,"texture":"#0","tintindex":0},"north":{"uv":[0.0,0.0,0.0,0.625],"rotation":0,"texture":"#0","tintindex":0},"west":{"uv":[11.625,3.875,10.25,4.5],"rotation":0,"texture":"#0","tintindex":0},"up":{"uv":[0.0,1.375,0.0,0.0],"rotation":0,"texture":"#0","tintindex":0},"down":{"uv":[0.0,0.0,0.0,1.375],"rotation":0,"texture":"#0","tintindex":0}}},{"from":[6.035714,-2.0203085,7.030583],"to":[10.035714,0.83683395,11.030582],"rotation":{"angle":0.0,"axis":"y","origin":[7.892857,-0.30602264,9.030582]},"faces":{"east":{"uv":[11.5,7.375,12.375,8.0],"rotation":0,"texture":"#0","tintindex":0},"south":{"uv":[11.625,3.875,12.5,4.5],"rotation":0,"texture":"#0","tintindex":0},"north":{"uv":[11.5,1.5,12.375,2.125],"rotation":0,"texture":"#0","tintindex":0},"west":{"uv":[11.625,4.5,12.5,5.125],"rotation":0,"texture":"#0","tintindex":0},"up":{"uv":[11.25,7.375,10.375,6.5],"rotation":0,"texture":"#0","tintindex":0},"down":{"uv":[11.375,5.125,10.5,6.0],"rotation":0,"texture":"#0","tintindex":0}}}],"display":{"head":{"translation":[0.0,-6.4,0.0],"scale":[4.0,4.0,4.0]}}}