{"textures":{"0":"modelengine:entity/capra3"},"elements":[{"from":[8.500588,0.7766628,5.733024],"to":[11.92916,4.2052345,10.875881],"rotation":{"angle":22.5,"axis":"x","origin":[5.563138,6.638038,9.684069]},"faces":{"east":{"uv":[10.375,0.0,11.5,0.75],"rotation":0,"texture":"#0","tintindex":0},"south":{"uv":[11.375,2.125,12.125,2.875],"rotation":0,"texture":"#0","tintindex":0},"north":{"uv":[0.0,11.375,0.75,12.125],"rotation":0,"texture":"#0","tintindex":0},"west":{"uv":[10.375,0.75,11.5,1.5],"rotation":0,"texture":"#0","tintindex":0},"up":{"uv":[8.75,11.25,8.0,10.125],"rotation":0,"texture":"#0","tintindex":0},"down":{"uv":[0.75,10.25,0.0,11.375],"rotation":0,"texture":"#0","tintindex":0}}},{"from":[11.92916,0.12063408,10.745389],"to":[11.92916,8.692063,14.74539],"rotation":{"angle":22.5,"axis":"x","origin":[6.7059946,5.9820094,11.267862]},"faces":{"east":{"uv":[5.75,6.375,6.625,8.25],"rotation":0,"texture":"#0","tintindex":0},"south":{"uv":[0.0,0.0,0.0,1.875],"rotation":0,"texture":"#0","tintindex":0},"north":{"uv":[0.0,0.0,0.0,1.875],"rotation":0,"texture":"#0","tintindex":0},"west":{"uv":[6.625,6.375,5.75,8.25],"rotation":0,"texture":"#0","tintindex":0},"up":{"uv":[0.0,0.875,0.0,0.0],"rotation":0,"texture":"#0","tintindex":0},"down":{"uv":[0.0,0.0,0.0,0.875],"rotation":0,"texture":"#0","tintindex":0}}},{"from":[7.9291596,4.2052345,5.1615953],"to":[11.92916,9.348092,11.4473095],"rotation":{"angle":22.5,"axis":"x","origin":[5.563138,6.638038,9.684069]},"faces":{"east":{"uv":[3.375,7.5,4.75,8.625],"rotation":0,"texture":"#0","tintindex":0},"south":{"uv":[9.625,5.375,10.5,6.5],"rotation":0,"texture":"#0","tintindex":0},"north":{"uv":[3.625,9.625,4.5,10.75],"rotation":0,"texture":"#0","tintindex":0},"west":{"uv":[8.0,7.375,9.375,8.5],"rotation":0,"texture":"#0","tintindex":0},"up":{"uv":[2.75,10.0,1.875,8.625],"rotation":0,"texture":"#0","tintindex":0},"down":{"uv":[3.625,8.625,2.75,10.0],"rotation":0,"texture":"#0","tintindex":0}}},{"from":[8.500588,-2.782401,6.389053],"to":[11.92916,0.6461706,9.817624],"rotation":{"angle":22.5,"axis":"x","origin":[5.563138,8.221831,10.340097]},"faces":{"east":{"uv":[11.375,5.125,12.125,5.875],"rotation":0,"texture":"#0","tintindex":0},"south":{"uv":[11.5,0.0,12.25,0.75],"rotation":0,"texture":"#0","tintindex":0},"north":{"uv":[4.25,11.375,5.0,12.125],"rotation":0,"texture":"#0","tintindex":0},"west":{"uv":[11.5,0.75,12.25,1.5],"rotation":0,"texture":"#0","tintindex":0},"up":{"uv":[3.625,12.25,2.875,11.5],"rotation":0,"texture":"#0","tintindex":0},"down":{"uv":[5.75,11.5,5.0,12.25],"rotation":0,"texture":"#0","tintindex":0}}}],"display":{"head":{"translation":[0.0,-6.4,0.0],"scale":[4.0,4.0,4.0]}}}