{"textures":{"0":"modelengine:entity/fortress_turtle"},"elements":[{"from":[5.0196257,8.146375,1.4285712],"to":[14.7339115,8.146375,14.571428],"rotation":{"angle":0.0,"axis":"y","origin":[18.733913,-30.71077,2.5714283]},"faces":{"east":{"uv":[0.715625,0.003125,0.003125,0.003125],"rotation":0,"texture":"#0","tintindex":0},"south":{"uv":[0.528125,0.003125,0.003125,0.003125],"rotation":0,"texture":"#0","tintindex":0},"north":{"uv":[0.528125,0.003125,0.003125,0.003125],"rotation":0,"texture":"#0","tintindex":0},"west":{"uv":[0.715625,0.003125,0.003125,0.003125],"rotation":0,"texture":"#0","tintindex":0},"up":{"uv":[4.153125,8.403125,3.628125,7.690625],"rotation":0,"texture":"#0","tintindex":0},"down":{"uv":[4.153125,7.690625,3.628125,8.403125],"rotation":0,"texture":"#0","tintindex":0}}},{"from":[14.363966,6.2876697,1.4285712],"to":[24.078253,6.2876697,14.571428],"rotation":{"angle":-22.5,"axis":"z","origin":[19.22111,6.2876697,8.0]},"faces":{"east":{"uv":[0.715625,0.003125,0.003125,0.003125],"rotation":0,"texture":"#0","tintindex":0},"south":{"uv":[0.528125,0.003125,0.003125,0.003125],"rotation":0,"texture":"#0","tintindex":0},"north":{"uv":[0.528125,0.003125,0.003125,0.003125],"rotation":0,"texture":"#0","tintindex":0},"west":{"uv":[0.715625,0.003125,0.003125,0.003125],"rotation":0,"texture":"#0","tintindex":0},"up":{"uv":[4.159375,8.403125,4.684375,7.690625],"rotation":0,"texture":"#0","tintindex":0},"down":{"uv":[4.159375,7.690625,4.684375,8.403125],"rotation":0,"texture":"#0","tintindex":0}}},{"from":[22.285713,0.99452686,1.4285712],"to":[32.0,0.99452686,14.571428],"rotation":{"angle":-45.0,"axis":"z","origin":[27.142859,0.99452686,8.0]},"faces":{"east":{"uv":[0.715625,0.003125,0.003125,0.003125],"rotation":0,"texture":"#0","tintindex":0},"south":{"uv":[0.528125,0.003125,0.003125,0.003125],"rotation":0,"texture":"#0","tintindex":0},"north":{"uv":[0.528125,0.003125,0.003125,0.003125],"rotation":0,"texture":"#0","tintindex":0},"west":{"uv":[0.715625,0.003125,0.003125,0.003125],"rotation":0,"texture":"#0","tintindex":0},"up":{"uv":[5.628125,8.496875,6.153125,7.784375],"rotation":0,"texture":"#0","tintindex":0},"down":{"uv":[5.628125,7.784375,6.153125,8.496875],"rotation":0,"texture":"#0","tintindex":0}}}],"display":{"head":{"translation":[11.869499,-6.4,0.0],"scale":[4.0,4.0,4.0]}}}