{"textures":{"0":"modelengine:entity/zahar"},"elements":[{"name":"cube","from":[7.1,7.1,4.3],"to":[8.9,8.9,4.9],"rotation":{"angle":0.0,"axis":"x","origin":[11.6,-3.4000006,-20.0]},"faces":{"down":{"uv":[5.8875,6.6125,6.2375,6.5125],"rotation":0,"texture":"#0","tintindex":0},"east":{"uv":[3.6375,1.7375,3.9875,1.6375],"rotation":270,"texture":"#0","tintindex":0},"north":{"uv":[0.0125,12.8625,0.3625,12.5125],"rotation":0,"texture":"#0","tintindex":0},"south":{"uv":[12.5125,0.0125,12.8625,0.3625],"rotation":180,"texture":"#0","tintindex":0},"up":{"uv":[3.2625,1.7375,3.6125,1.6375],"rotation":180,"texture":"#0","tintindex":0},"west":{"uv":[7.0125,1.2375,7.3625,1.1375],"rotation":90,"texture":"#0","tintindex":0}}},{"name":"cube","from":[7.4,7.4,4.9],"to":[8.6,8.6,6.7],"rotation":{"angle":0.0,"axis":"x","origin":[11.6,-3.4000006,-20.0]},"faces":{"down":{"uv":[12.7625,4.7375,12.9875,4.3875],"rotation":0,"texture":"#0","tintindex":0},"east":{"uv":[12.7625,4.3625,12.9875,4.0125],"rotation":270,"texture":"#0","tintindex":0},"north":{"uv":[12.7625,12.7375,12.9875,12.5125],"rotation":0,"texture":"#0","tintindex":0},"south":{"uv":[12.7625,12.7625,12.9875,12.9875],"rotation":180,"texture":"#0","tintindex":0},"up":{"uv":[12.7625,3.9875,12.9875,3.6375],"rotation":180,"texture":"#0","tintindex":0},"west":{"uv":[12.7625,5.1125,12.9875,4.7625],"rotation":90,"texture":"#0","tintindex":0}}},{"name":"cube","from":[6.5,6.5,6.7],"to":[9.5,9.5,9.7],"rotation":{"angle":0.0,"axis":"x","origin":[11.6,-3.4000006,-20.0]},"faces":{"down":{"uv":[11.5125,8.6125,12.1125,8.0125],"rotation":0,"texture":"#0","tintindex":0},"east":{"uv":[7.0125,12.1125,7.6125,11.5125],"rotation":270,"texture":"#0","tintindex":0},"north":{"uv":[9.2625,12.1125,9.8625,11.5125],"rotation":0,"texture":"#0","tintindex":0},"south":{"uv":[11.5125,10.3875,12.1125,10.9875],"rotation":180,"texture":"#0","tintindex":0},"up":{"uv":[11.5125,3.4875,12.1125,2.8875],"rotation":180,"texture":"#0","tintindex":0},"west":{"uv":[8.6375,12.1125,9.2375,11.5125],"rotation":90,"texture":"#0","tintindex":0}}}],"display":{"head":{"translation":[0.0,-6.4,0.0],"rotation":[0.0,0.0,0.0],"scale":[3.8095,3.8095,3.8095]}}}