{"textures":{"0":"modelengine:entity/zahar"},"elements":[{"from":[7.142857,7.142857,4.4761906],"to":[8.857143,8.857143,5.047619],"rotation":{"angle":0.0,"axis":"y","origin":[11.428572,-2.8571434,-18.666668]},"faces":{"east":{"uv":[3.6375,1.7375,3.9875,1.6375],"rotation":270,"texture":"#0","tintindex":0},"south":{"uv":[12.5125,0.0125,12.8625,0.3625],"rotation":180,"texture":"#0","tintindex":0},"north":{"uv":[0.0125,12.8625,0.3625,12.5125],"rotation":0,"texture":"#0","tintindex":0},"west":{"uv":[7.0125,1.2375,7.3625,1.1375],"rotation":90,"texture":"#0","tintindex":0},"up":{"uv":[3.2625,1.7375,3.6125,1.6375],"rotation":180,"texture":"#0","tintindex":0},"down":{"uv":[5.8875,6.6125,6.2375,6.5125],"rotation":0,"texture":"#0","tintindex":0}}},{"from":[7.428571,7.428571,5.047619],"to":[8.571428,8.571428,6.7619047],"rotation":{"angle":0.0,"axis":"y","origin":[11.428572,-2.8571434,-18.666668]},"faces":{"east":{"uv":[12.7625,4.3625,12.9875,4.0125],"rotation":270,"texture":"#0","tintindex":0},"south":{"uv":[12.7625,12.7625,12.9875,12.9875],"rotation":180,"texture":"#0","tintindex":0},"north":{"uv":[12.7625,12.7375,12.9875,12.5125],"rotation":0,"texture":"#0","tintindex":0},"west":{"uv":[12.7625,5.1125,12.9875,4.7625],"rotation":90,"texture":"#0","tintindex":0},"up":{"uv":[12.7625,3.9875,12.9875,3.6375],"rotation":180,"texture":"#0","tintindex":0},"down":{"uv":[12.7625,4.7375,12.9875,4.3875],"rotation":0,"texture":"#0","tintindex":0}}},{"from":[6.5714283,6.5714283,6.7619047],"to":[9.428572,9.428572,9.619047],"rotation":{"angle":0.0,"axis":"y","origin":[11.428572,-2.8571434,-18.666668]},"faces":{"east":{"uv":[7.0125,12.1125,7.6125,11.5125],"rotation":270,"texture":"#0","tintindex":0},"south":{"uv":[11.5125,10.3875,12.1125,10.9875],"rotation":180,"texture":"#0","tintindex":0},"north":{"uv":[9.2625,12.1125,9.8625,11.5125],"rotation":0,"texture":"#0","tintindex":0},"west":{"uv":[8.6375,12.1125,9.2375,11.5125],"rotation":90,"texture":"#0","tintindex":0},"up":{"uv":[11.5125,3.4875,12.1125,2.8875],"rotation":180,"texture":"#0","tintindex":0},"down":{"uv":[11.5125,8.6125,12.1125,8.0125],"rotation":0,"texture":"#0","tintindex":0}}}],"display":{"head":{"translation":[0.0,-6.4,0.0],"scale":[4.0,4.0,4.0]}}}