{"textures":{"5":"modelengine:entity/azriel_parts"},"elements":[{"from":[4.5714283,7.734591,2.5630174],"to":[11.428572,16.877449,8.848732],"rotation":{"angle":0.0,"axis":"y","origin":[8.0,14.020306,3.1344461]},"faces":{"east":{"uv":[3.25,7.5,3.9375,8.5],"rotation":0,"texture":"#5","tintindex":0},"south":{"uv":[0.75,7.25,1.5,8.25],"rotation":0,"texture":"#5","tintindex":0},"north":{"uv":[0.0,7.25,0.75,8.25],"rotation":0,"texture":"#5","tintindex":0},"west":{"uv":[3.9375,7.5,3.25,8.5],"rotation":0,"texture":"#5","tintindex":0},"up":{"uv":[6.125,8.75,5.375,8.0625],"rotation":0,"texture":"#5","tintindex":0},"down":{"uv":[6.875,8.0625,6.125,8.75],"rotation":0,"texture":"#5","tintindex":0}}},{"from":[5.142857,13.159571,7.996965],"to":[10.857143,16.588142,13.139822],"rotation":{"angle":-22.5,"axis":"x","origin":[8.0,14.873857,10.568394]},"faces":{"east":{"uv":[9.1875,9.0625,9.75,9.4375],"rotation":0,"texture":"#5","tintindex":0},"south":{"uv":[9.1875,1.9375,9.8125,2.3125],"rotation":0,"texture":"#5","tintindex":0},"north":{"uv":[9.0,6.75,9.625,7.125],"rotation":0,"texture":"#5","tintindex":0},"west":{"uv":[9.75,9.0625,9.1875,9.4375],"rotation":0,"texture":"#5","tintindex":0},"up":{"uv":[2.6875,9.3125,2.0625,8.75],"rotation":0,"texture":"#5","tintindex":0},"down":{"uv":[6.0,8.75,5.375,9.3125],"rotation":0,"texture":"#5","tintindex":0}}},{"from":[3.1568108,7.734591,-0.85079193],"to":[3.1568108,16.877449,3.1492085],"rotation":{"angle":45.0,"axis":"y","origin":[3.1568108,13.163162,1.1492085]},"faces":{"east":{"uv":[3.5625,8.5,3.125,9.5],"rotation":0,"texture":"#5","tintindex":0},"south":{"uv":[0.0,0.0,0.0,1.0],"rotation":0,"texture":"#5","tintindex":0},"north":{"uv":[0.0,0.0,0.0,1.0],"rotation":0,"texture":"#5","tintindex":0},"west":{"uv":[3.125,8.5,3.5625,9.5],"rotation":0,"texture":"#5","tintindex":0},"up":{"uv":[0.0,0.4375,0.0,0.0],"rotation":0,"texture":"#5","tintindex":0},"down":{"uv":[0.0,0.0,0.0,0.4375],"rotation":0,"texture":"#5","tintindex":0}}},{"from":[12.843189,7.734591,-0.85079193],"to":[12.843189,16.877449,3.1492085],"rotation":{"angle":-45.0,"axis":"y","origin":[12.843189,13.163162,1.1492085]},"faces":{"east":{"uv":[3.5625,8.5,3.125,9.5],"rotation":0,"texture":"#5","tintindex":0},"south":{"uv":[0.0,0.0,0.0,1.0],"rotation":0,"texture":"#5","tintindex":0},"north":{"uv":[0.0,0.0,0.0,1.0],"rotation":0,"texture":"#5","tintindex":0},"west":{"uv":[3.125,8.5,3.5625,9.5],"rotation":0,"texture":"#5","tintindex":0},"up":{"uv":[0.0,0.4375,0.0,0.0],"rotation":0,"texture":"#5","tintindex":0},"down":{"uv":[0.0,0.0,0.0,0.4375],"rotation":0,"texture":"#5","tintindex":0}}},{"from":[4.5714283,16.220892,-0.73484325],"to":[11.428572,16.220892,2.6937284],"rotation":{"angle":-22.5,"axis":"x","origin":[8.0,16.220892,0.9794426]},"faces":{"east":{"uv":[0.0,0.0,0.375,0.0],"rotation":0,"texture":"#5","tintindex":0},"south":{"uv":[0.0,0.0,0.75,0.0],"rotation":0,"texture":"#5","tintindex":0},"north":{"uv":[0.0,0.0,0.75,0.0],"rotation":0,"texture":"#5","tintindex":0},"west":{"uv":[0.0,0.0,0.375,0.0],"rotation":0,"texture":"#5","tintindex":0},"up":{"uv":[9.75,0.375,9.0,0.0],"rotation":0,"texture":"#5","tintindex":0},"down":{"uv":[9.0,0.0,9.75,0.375],"rotation":0,"texture":"#5","tintindex":0}}},{"from":[3.4285712,7.163162,1.9915891],"to":[12.571428,11.734591,11.705875],"rotation":{"angle":-45.0,"axis":"x","origin":[8.0,9.734591,6.848732]},"faces":{"east":{"uv":[3.1875,7.75,2.125,8.25],"rotation":0,"texture":"#5","tintindex":0},"south":{"uv":[2.125,8.25,3.125,8.75],"rotation":0,"texture":"#5","tintindex":0},"north":{"uv":[0.0,8.25,1.0,8.75],"rotation":0,"texture":"#5","tintindex":0},"west":{"uv":[2.125,7.75,3.1875,8.25],"rotation":0,"texture":"#5","tintindex":0},"up":{"uv":[3.25,7.75,2.25,6.6875],"rotation":0,"texture":"#5","tintindex":0},"down":{"uv":[7.75,0.0,6.75,1.0625],"rotation":0,"texture":"#5","tintindex":0}}},{"from":[3.4285712,2.5714283,1.9999995],"to":[12.571428,7.714286,1.9999995],"rotation":{"angle":0.0,"axis":"y","origin":[8.0,5.714286,6.285714]},"faces":{"east":{"uv":[0.0,0.0,0.0,0.5625],"rotation":0,"texture":"#5","tintindex":0},"south":{"uv":[7.6875,2.375,8.6875,2.9375],"rotation":0,"texture":"#5","tintindex":0},"north":{"uv":[7.6875,1.8125,8.6875,2.375],"rotation":0,"texture":"#5","tintindex":0},"west":{"uv":[0.0,0.0,0.0,0.5625],"rotation":0,"texture":"#5","tintindex":0},"up":{"uv":[1.0,0.0,0.0,0.0],"rotation":0,"texture":"#5","tintindex":0},"down":{"uv":[1.0,0.0,0.0,0.0],"rotation":0,"texture":"#5","tintindex":0}}}],"display":{"head":{"translation":[0.0,-6.4,0.0],"scale":[4.0,4.0,4.0]}}}