{"textures":{"5":"modelengine:entity/azriel_parts"},"elements":[{"from":[6.857143,2.8571424,7.142857],"to":[8.0,8.0,8.857143],"rotation":{"angle":0.0,"axis":"y","origin":[7.428571,6.857143,7.714286]},"faces":{"east":{"uv":[9.5,8.25,9.3125,8.8125],"rotation":0,"texture":"#5","tintindex":0},"south":{"uv":[4.5,8.4375,4.375,9.0],"rotation":0,"texture":"#5","tintindex":0},"north":{"uv":[3.375,6.6875,3.25,7.25],"rotation":0,"texture":"#5","tintindex":0},"west":{"uv":[9.5,5.8125,9.3125,6.375],"rotation":0,"texture":"#5","tintindex":0},"up":{"uv":[3.25,7.4375,3.375,7.25],"rotation":0,"texture":"#5","tintindex":0},"down":{"uv":[2.125,7.5625,2.25,7.75],"rotation":0,"texture":"#5","tintindex":0}}},{"from":[3.671391,2.2234569,7.142857],"to":[8.24282,3.9377427,8.857143],"rotation":{"angle":22.5,"axis":"z","origin":[6.814248,3.3663144,7.714286]},"faces":{"east":{"uv":[9.6875,5.8125,9.5,6.0],"rotation":0,"texture":"#5","tintindex":0},"south":{"uv":[9.9375,1.1875,9.4375,1.375],"rotation":0,"texture":"#5","tintindex":0},"north":{"uv":[9.8125,8.8125,9.3125,9.0],"rotation":0,"texture":"#5","tintindex":0},"west":{"uv":[7.1875,5.25,7.0,5.4375],"rotation":0,"texture":"#5","tintindex":0},"up":{"uv":[9.1875,9.625,9.6875,9.4375],"rotation":0,"texture":"#5","tintindex":0},"down":{"uv":[0.0,9.5,0.5,9.6875],"rotation":0,"texture":"#5","tintindex":0}}},{"from":[1.4215102,-0.104450226,7.142857],"to":[4.8500814,-0.104450226,8.857143],"rotation":{"angle":45.0,"axis":"z","origin":[3.135796,-0.104450226,8.0]},"faces":{"east":{"uv":[0.1875,0.0,0.0,0.0],"rotation":0,"texture":"#5","tintindex":0},"south":{"uv":[0.375,0.0,0.0,0.0],"rotation":0,"texture":"#5","tintindex":0},"north":{"uv":[0.375,0.0,0.0,0.0],"rotation":0,"texture":"#5","tintindex":0},"west":{"uv":[0.1875,0.0,0.0,0.0],"rotation":0,"texture":"#5","tintindex":0},"up":{"uv":[9.5,3.0,9.875,2.8125],"rotation":0,"texture":"#5","tintindex":0},"down":{"uv":[9.5,2.8125,9.875,3.0],"rotation":0,"texture":"#5","tintindex":0}}}],"display":{"head":{"translation":[0.0,-6.4,0.0],"scale":[4.0,4.0,4.0]}}}