{"textures":{"0":"modelengine:entity/flying_dutchman"},"elements":[{"from":[7.142857,-6.839287,8.428572],"to":[8.857143,10.303572,10.142858],"rotation":{"angle":0.0,"axis":"y","origin":[2.4285712,-19.69643,-13.428572]},"faces":{"east":{"uv":[6.1875,6.3125,6.3125,7.5625],"rotation":0,"texture":"#0","tintindex":0},"south":{"uv":[6.3125,6.3125,6.4375,7.5625],"rotation":0,"texture":"#0","tintindex":0},"north":{"uv":[3.1875,6.3125,3.3125,7.5625],"rotation":0,"texture":"#0","tintindex":0},"west":{"uv":[6.4375,5.1875,6.5625,6.4375],"rotation":0,"texture":"#0","tintindex":0},"up":{"uv":[5.6875,7.75,5.5625,7.625],"rotation":0,"texture":"#0","tintindex":0},"down":{"uv":[5.8125,7.625,5.6875,7.75],"rotation":0,"texture":"#0","tintindex":0}}},{"from":[7.5714283,10.303572,8.857143],"to":[8.428572,19.732143,9.714286],"rotation":{"angle":0.0,"axis":"y","origin":[2.4285712,-19.69643,-13.428572]},"faces":{"east":{"uv":[2.5625,7.375,2.625,8.0625],"rotation":0,"texture":"#0","tintindex":0},"south":{"uv":[2.625,7.375,2.6875,8.0625],"rotation":0,"texture":"#0","tintindex":0},"north":{"uv":[0.9375,7.375,1.0,8.0625],"rotation":0,"texture":"#0","tintindex":0},"west":{"uv":[2.8125,7.375,2.875,8.0625],"rotation":0,"texture":"#0","tintindex":0},"up":{"uv":[7.25,1.9375,7.1875,1.875],"rotation":0,"texture":"#0","tintindex":0},"down":{"uv":[7.0,7.1875,6.9375,7.25],"rotation":0,"texture":"#0","tintindex":0}}},{"from":[-4.8571434,13.946428,6.0714283],"to":[20.857143,15.232143,7.357143],"rotation":{"angle":0.0,"axis":"y","origin":[2.4285712,-19.69643,-13.428572]},"faces":{"east":{"uv":[7.5625,7.625,7.6875,7.75],"rotation":0,"texture":"#0","tintindex":0},"south":{"uv":[5.5625,3.75,7.4375,3.875],"rotation":0,"texture":"#0","tintindex":0},"north":{"uv":[5.5625,3.625,7.4375,3.75],"rotation":0,"texture":"#0","tintindex":0},"west":{"uv":[7.6875,0.375,7.8125,0.5],"rotation":0,"texture":"#0","tintindex":0},"up":{"uv":[7.5625,2.625,5.6875,2.5],"rotation":0,"texture":"#0","tintindex":0},"down":{"uv":[7.5625,2.625,5.6875,2.75],"rotation":0,"texture":"#0","tintindex":0}}},{"from":[-4.8571434,0.017856598,6.0714283],"to":[20.857143,1.3035712,7.357143],"rotation":{"angle":0.0,"axis":"y","origin":[2.4285712,-19.69643,-13.428572]},"faces":{"east":{"uv":[7.5625,7.625,7.6875,7.75],"rotation":0,"texture":"#0","tintindex":0},"south":{"uv":[5.5625,3.75,7.4375,3.875],"rotation":0,"texture":"#0","tintindex":0},"north":{"uv":[5.5625,3.625,7.4375,3.75],"rotation":0,"texture":"#0","tintindex":0},"west":{"uv":[7.6875,0.375,7.8125,0.5],"rotation":0,"texture":"#0","tintindex":0},"up":{"uv":[7.5625,2.625,5.6875,2.5],"rotation":0,"texture":"#0","tintindex":0},"down":{"uv":[7.5625,2.625,5.6875,2.75],"rotation":0,"texture":"#0","tintindex":0}}}],"display":{"head":{"translation":[0.0,-6.4,0.0],"scale":[4.0,4.0,4.0]}}}