{"textures":{"0":"modelengine:entity/flying_dutchman"},"elements":[{"from":[8.0,2.4285712,8.0],"to":[11.428572,13.571428,16.485714],"rotation":{"angle":0.0,"axis":"y","origin":[20.0,0.7142854,-16.642859]},"faces":{"east":{"uv":[0.8125,4.8125,1.4375,5.625],"rotation":0,"texture":"#0","tintindex":0},"south":{"uv":[4.875,5.8125,5.125,6.625],"rotation":0,"texture":"#0","tintindex":0},"north":{"uv":[4.625,5.8125,4.875,6.625],"rotation":0,"texture":"#0","tintindex":0},"west":{"uv":[1.4375,4.8125,2.0625,5.625],"rotation":0,"texture":"#0","tintindex":0},"up":{"uv":[1.1875,6.9375,0.9375,6.3125],"rotation":0,"texture":"#0","tintindex":0},"down":{"uv":[1.4375,6.3125,1.1875,6.9375],"rotation":0,"texture":"#0","tintindex":0}}},{"from":[7.0556993,13.571428,8.19576],"to":[8.769985,15.285715,16.681475],"rotation":{"angle":0.0,"axis":"y","origin":[20.0,0.7142854,-16.642859]},"faces":{"east":{"uv":[6.9375,6.0,7.5625,6.125],"rotation":0,"texture":"#0","tintindex":0},"south":{"uv":[4.5,7.625,4.625,7.75],"rotation":0,"texture":"#0","tintindex":0},"north":{"uv":[4.125,7.625,4.25,7.75],"rotation":0,"texture":"#0","tintindex":0},"west":{"uv":[7.0,0.25,7.625,0.375],"rotation":0,"texture":"#0","tintindex":0},"up":{"uv":[1.6875,7.625,1.5625,7.0],"rotation":0,"texture":"#0","tintindex":0},"down":{"uv":[1.8125,7.0,1.6875,7.625],"rotation":0,"texture":"#0","tintindex":0}}},{"from":[7.5343766,15.285715,9.888602],"to":[8.39152,17.857143,10.745745],"rotation":{"angle":0.0,"axis":"y","origin":[19.964392,0.7142854,-15.378588]},"faces":{"east":{"uv":[7.0,7.6875,7.0625,7.875],"rotation":0,"texture":"#0","tintindex":0},"south":{"uv":[7.0625,7.6875,7.125,7.875],"rotation":0,"texture":"#0","tintindex":0},"north":{"uv":[7.6875,6.9375,7.75,7.125],"rotation":0,"texture":"#0","tintindex":0},"west":{"uv":[7.125,7.6875,7.1875,7.875],"rotation":0,"texture":"#0","tintindex":0},"up":{"uv":[6.5625,1.625,6.5,1.5625],"rotation":0,"texture":"#0","tintindex":0},"down":{"uv":[6.5625,3.0,6.5,3.0625],"rotation":0,"texture":"#0","tintindex":0}}},{"from":[7.5343766,15.285715,12.460031],"to":[8.39152,17.857143,13.317173],"rotation":{"angle":0.0,"axis":"y","origin":[19.964392,0.7142854,-15.378588]},"faces":{"east":{"uv":[7.0,7.6875,7.0625,7.875],"rotation":0,"texture":"#0","tintindex":0},"south":{"uv":[7.0625,7.6875,7.125,7.875],"rotation":0,"texture":"#0","tintindex":0},"north":{"uv":[7.6875,6.9375,7.75,7.125],"rotation":0,"texture":"#0","tintindex":0},"west":{"uv":[7.125,7.6875,7.1875,7.875],"rotation":0,"texture":"#0","tintindex":0},"up":{"uv":[6.5625,1.625,6.5,1.5625],"rotation":0,"texture":"#0","tintindex":0},"down":{"uv":[6.5625,3.0,6.5,3.0625],"rotation":0,"texture":"#0","tintindex":0}}},{"from":[7.534377,17.857143,8.174316],"to":[8.39152,18.714287,15.031459],"rotation":{"angle":0.0,"axis":"y","origin":[20.050106,0.7142854,-16.23573]},"faces":{"east":{"uv":[6.0,1.5625,6.5,1.625],"rotation":0,"texture":"#0","tintindex":0},"south":{"uv":[2.0,6.6875,2.0625,6.75],"rotation":0,"texture":"#0","tintindex":0},"north":{"uv":[1.9375,6.6875,2.0,6.75],"rotation":0,"texture":"#0","tintindex":0},"west":{"uv":[7.25,4.3125,7.75,4.375],"rotation":0,"texture":"#0","tintindex":0},"up":{"uv":[3.0,6.3125,2.9375,5.8125],"rotation":0,"texture":"#0","tintindex":0},"down":{"uv":[7.375,7.5,7.3125,8.0],"rotation":0,"texture":"#0","tintindex":0}}}],"display":{"head":{"translation":[0.0,-6.4,0.0],"scale":[4.0,4.0,4.0]}}}