{"textures":{"0":"modelengine:entity/tavern"},"elements":[{"from":[7.142857,6.285714,8.0],"to":[8.857143,8.0,9.714286],"rotation":{"angle":0.0,"axis":"y","origin":[7.714286,5.714286,9.428572]},"faces":{"east":{"uv":[6.025,7.775,6.725,8.475],"rotation":0,"texture":"#0","tintindex":0},"south":{"uv":[3.275,12.025,3.975,12.725],"rotation":0,"texture":"#0","tintindex":0},"north":{"uv":[3.525,7.025,4.225,7.725],"rotation":0,"texture":"#0","tintindex":0},"west":{"uv":[4.025,12.025,4.725,12.725],"rotation":0,"texture":"#0","tintindex":0},"up":{"uv":[12.725,6.475,12.025,5.775],"rotation":0,"texture":"#0","tintindex":0},"down":{"uv":[10.225,12.025,9.525,12.725],"rotation":0,"texture":"#0","tintindex":0}}},{"from":[6.857143,3.4285712,7.714286],"to":[9.142858,6.285714,10.0],"rotation":{"angle":0.0,"axis":"y","origin":[8.0,4.0,9.142858]},"faces":{"east":{"uv":[9.525,9.525,10.475,10.725],"rotation":0,"texture":"#0","tintindex":0},"south":{"uv":[9.775,2.525,10.725,3.725],"rotation":0,"texture":"#0","tintindex":0},"north":{"uv":[8.525,9.525,9.475,10.725],"rotation":0,"texture":"#0","tintindex":0},"west":{"uv":[1.275,10.025,2.225,11.225],"rotation":0,"texture":"#0","tintindex":0},"up":{"uv":[11.225,9.225,10.275,8.275],"rotation":0,"texture":"#0","tintindex":0},"down":{"uv":[7.725,10.525,6.775,11.475],"rotation":0,"texture":"#0","tintindex":0}}},{"from":[6.857143,3.4285712,7.142857],"to":[9.142858,4.5714283,7.714286],"rotation":{"angle":0.0,"axis":"y","origin":[8.0,4.0,6.285714]},"faces":{"east":{"uv":[2.275,12.525,2.475,12.975],"rotation":0,"texture":"#0","tintindex":0},"south":{"uv":[12.275,3.525,13.225,3.975],"rotation":0,"texture":"#0","tintindex":0},"north":{"uv":[9.275,6.775,10.225,7.225],"rotation":0,"texture":"#0","tintindex":0},"west":{"uv":[2.525,12.525,2.725,12.975],"rotation":0,"texture":"#0","tintindex":0},"up":{"uv":[13.225,4.475,12.275,4.275],"rotation":0,"texture":"#0","tintindex":0},"down":{"uv":[13.225,8.775,12.275,8.975],"rotation":0,"texture":"#0","tintindex":0}}}],"display":{"head":{"translation":[0.0,-6.4,0.0],"scale":[4.0,4.0,4.0]}}}