{"textures":{"0":"modelengine:entity/colossalaxolotl"},"elements":[{"from":[6.4711504,7.2339745,6.3837004],"to":[9.328293,8.376832,8.097986],"rotation":{"angle":0.0,"axis":"y","origin":[3.8997216,10.662546,14.3837]},"faces":{"east":{"uv":[10.625,0.0,11.0,0.25],"rotation":0,"texture":"#0","tintindex":0},"south":{"uv":[10.5,2.125,11.125,2.375],"rotation":0,"texture":"#0","tintindex":0},"north":{"uv":[10.5,1.875,11.125,2.125],"rotation":0,"texture":"#0","tintindex":0},"west":{"uv":[10.625,0.25,11.0,0.5],"rotation":0,"texture":"#0","tintindex":0},"up":{"uv":[10.875,8.75,10.25,8.375],"rotation":0,"texture":"#0","tintindex":0},"down":{"uv":[11.0,0.625,10.375,1.0],"rotation":0,"texture":"#0","tintindex":0}}},{"from":[9.328293,7.2339745,6.6694145],"to":[11.042579,7.8054028,7.8122716],"rotation":{"angle":0.0,"axis":"y","origin":[3.8997216,10.662546,14.3837]},"faces":{"east":{"uv":[2.875,10.625,3.125,10.75],"rotation":0,"texture":"#0","tintindex":0},"south":{"uv":[10.5,2.375,10.875,2.5],"rotation":0,"texture":"#0","tintindex":0},"north":{"uv":[9.875,8.625,10.25,8.75],"rotation":0,"texture":"#0","tintindex":0},"west":{"uv":[5.625,10.625,5.875,10.75],"rotation":0,"texture":"#0","tintindex":0},"up":{"uv":[5.25,10.875,4.875,10.625],"rotation":0,"texture":"#0","tintindex":0},"down":{"uv":[5.625,10.625,5.25,10.875],"rotation":0,"texture":"#0","tintindex":0}}},{"from":[4.7568645,7.2339745,6.6694145],"to":[6.4711504,7.8054028,7.8122716],"rotation":{"angle":0.0,"axis":"y","origin":[3.8997216,10.662546,14.3837]},"faces":{"east":{"uv":[9.375,10.625,9.625,10.75],"rotation":0,"texture":"#0","tintindex":0},"south":{"uv":[10.625,4.75,11.0,4.875],"rotation":0,"texture":"#0","tintindex":0},"north":{"uv":[10.625,0.5,11.0,0.625],"rotation":0,"texture":"#0","tintindex":0},"west":{"uv":[10.625,9.375,10.875,9.5],"rotation":0,"texture":"#0","tintindex":0},"up":{"uv":[9.375,10.875,9.0,10.625],"rotation":0,"texture":"#0","tintindex":0},"down":{"uv":[11.0,9.125,10.625,9.375],"rotation":0,"texture":"#0","tintindex":0}}},{"from":[7.328293,7.2339745,4.6694145],"to":[8.47115,7.8054028,6.3837004],"rotation":{"angle":0.0,"axis":"y","origin":[3.8997216,10.662546,14.3837]},"faces":{"east":{"uv":[9.5,8.625,9.875,8.75],"rotation":0,"texture":"#0","tintindex":0},"south":{"uv":[3.125,10.125,3.375,10.25],"rotation":0,"texture":"#0","tintindex":0},"north":{"uv":[9.0,10.0,9.25,10.125],"rotation":0,"texture":"#0","tintindex":0},"west":{"uv":[9.75,8.125,10.125,8.25],"rotation":0,"texture":"#0","tintindex":0},"up":{"uv":[1.5,10.5,1.25,10.125],"rotation":0,"texture":"#0","tintindex":0},"down":{"uv":[6.875,10.375,6.625,10.75],"rotation":0,"texture":"#0","tintindex":0}}}],"display":{"head":{"translation":[0.0,-6.4,0.0],"scale":[4.0,4.0,4.0]}}}