{"textures":{"0":"modelengine:entity/pohaku3"},"elements":[{"from":[1.0476184,0.85714245,-1.0723705],"to":[14.761905,9.428572,16.641916],"rotation":{"angle":0.0,"axis":"y","origin":[38.761906,-10.57143,-19.929514]},"faces":{"east":{"uv":[7.4375,5.15625,6.46875,5.625],"rotation":0,"texture":"#0","tintindex":0},"south":{"uv":[8.6875,4.5625,7.9375,5.03125],"rotation":0,"texture":"#0","tintindex":0},"north":{"uv":[8.6875,4.09375,7.9375,4.5625],"rotation":0,"texture":"#0","tintindex":0},"west":{"uv":[7.4375,4.6875,6.46875,5.15625],"rotation":0,"texture":"#0","tintindex":0},"up":{"uv":[0.75,5.875,1.5,4.90625],"rotation":0,"texture":"#0","tintindex":0},"down":{"uv":[4.1875,2.125,4.9375,3.09375],"rotation":0,"texture":"#0","tintindex":0}}},{"from":[-0.666667,4.8571424,3.319796],"to":[8.476191,14.0,12.462654],"rotation":{"angle":45.0,"axis":"x","origin":[3.9047618,9.428572,7.8912253]},"faces":{"east":{"uv":[7.3125,8.71875,6.8125,9.21875],"rotation":0,"texture":"#0","tintindex":0},"south":{"uv":[6.0625,8.71875,5.5625,9.21875],"rotation":0,"texture":"#0","tintindex":0},"north":{"uv":[9.21875,1.8125,8.71875,2.3125],"rotation":0,"texture":"#0","tintindex":0},"west":{"uv":[9.21875,2.3125,8.71875,2.8125],"rotation":0,"texture":"#0","tintindex":0},"up":{"uv":[8.78125,5.125,9.28125,4.625],"rotation":0,"texture":"#0","tintindex":0},"down":{"uv":[8.78125,5.125,9.28125,5.625],"rotation":0,"texture":"#0","tintindex":0}}},{"from":[8.476191,4.8571424,6.1769395],"to":[15.904762,10.571428,11.891226],"rotation":{"angle":45.0,"axis":"x","origin":[3.9047618,9.428572,10.748368]},"faces":{"east":{"uv":[10.03125,7.40625,9.71875,7.71875],"rotation":0,"texture":"#0","tintindex":0},"south":{"uv":[10.03125,2.25,9.625,2.5625],"rotation":0,"texture":"#0","tintindex":0},"north":{"uv":[10.03125,1.9375,9.625,2.25],"rotation":0,"texture":"#0","tintindex":0},"west":{"uv":[10.03125,7.09375,9.71875,7.40625],"rotation":0,"texture":"#0","tintindex":0},"up":{"uv":[3.21875,9.9375,3.625,9.625],"rotation":0,"texture":"#0","tintindex":0},"down":{"uv":[8.53125,9.625,8.9375,9.9375],"rotation":0,"texture":"#0","tintindex":0}}}],"display":{"head":{"translation":[0.0,-6.4,0.0],"scale":[4.0,4.0,4.0]}}}