{"textures":{"0":"modelengine:entity/lr_minotaur"},"elements":[{"from":[6.0,4.6203012,8.063446],"to":[10.0,9.1917305,12.634874],"rotation":{"angle":0.0,"axis":"y","origin":[8.857143,6.906016,7.4920177]},"faces":{"east":{"uv":[3.75,6.1875,3.25,6.6875],"rotation":0,"texture":"#0","tintindex":0},"south":{"uv":[2.25,6.3125,1.8125,6.8125],"rotation":0,"texture":"#0","tintindex":0},"north":{"uv":[6.75,1.75,6.3125,2.25],"rotation":0,"texture":"#0","tintindex":0},"west":{"uv":[3.25,6.1875,2.75,6.6875],"rotation":0,"texture":"#0","tintindex":0},"up":{"uv":[6.375,1.375,6.8125,0.875],"rotation":0,"texture":"#0","tintindex":0},"down":{"uv":[0.9375,6.4375,1.375,6.9375],"rotation":0,"texture":"#0","tintindex":0}}},{"from":[6.285714,1.19173,8.063446],"to":[9.714286,4.6203012,11.492018],"rotation":{"angle":0.0,"axis":"y","origin":[8.857143,2.9060159,7.4920177]},"faces":{"east":{"uv":[4.0625,7.125,3.6875,7.5],"rotation":0,"texture":"#0","tintindex":0},"south":{"uv":[3.6875,7.0625,3.3125,7.4375],"rotation":0,"texture":"#0","tintindex":0},"north":{"uv":[2.9375,7.0625,2.5625,7.4375],"rotation":0,"texture":"#0","tintindex":0},"west":{"uv":[3.3125,7.0625,2.9375,7.4375],"rotation":0,"texture":"#0","tintindex":0},"up":{"uv":[4.0625,7.5,4.4375,7.125],"rotation":0,"texture":"#0","tintindex":0},"down":{"uv":[4.4375,7.125,4.8125,7.5],"rotation":0,"texture":"#0","tintindex":0}}}],"display":{"head":{"translation":[0.0,-6.4,0.0],"scale":[4.0,4.0,4.0]}}}