{"textures":{"0":"modelengine:entity/lr_minotaur"},"elements":[{"from":[2.458498,5.4556956,4.0],"to":[4.7442126,7.7414103,8.0],"rotation":{"angle":0.0,"axis":"y","origin":[-0.9700737,24.884268,4.5714283]},"faces":{"east":{"uv":[7.75,6.8125,7.3125,7.0625],"rotation":0,"texture":"#0","tintindex":0},"south":{"uv":[0.5,7.5,0.25,7.75],"rotation":0,"texture":"#0","tintindex":0},"north":{"uv":[7.6875,6.125,7.4375,6.375],"rotation":0,"texture":"#0","tintindex":0},"west":{"uv":[7.75,3.6875,7.3125,3.9375],"rotation":0,"texture":"#0","tintindex":0},"up":{"uv":[7.3125,7.5,7.5625,7.0625],"rotation":0,"texture":"#0","tintindex":0},"down":{"uv":[7.375,0.25,7.625,0.6875],"rotation":0,"texture":"#0","tintindex":0}}},{"from":[3.4285712,3.4285712,5.142857],"to":[7.428571,8.571428,10.857143],"rotation":{"angle":-22.5,"axis":"z","origin":[6.285714,6.285714,6.857143]},"faces":{"east":{"uv":[2.5625,5.1875,1.9375,5.75],"rotation":0,"texture":"#0","tintindex":0},"south":{"uv":[0.4375,6.3125,0.0,6.875],"rotation":0,"texture":"#0","tintindex":0},"north":{"uv":[6.6875,3.125,6.25,3.6875],"rotation":0,"texture":"#0","tintindex":0},"west":{"uv":[5.8125,1.5625,5.1875,2.125],"rotation":0,"texture":"#0","tintindex":0},"up":{"uv":[4.5,6.75,4.9375,6.125],"rotation":0,"texture":"#0","tintindex":0},"down":{"uv":[4.9375,6.125,5.375,6.75],"rotation":0,"texture":"#0","tintindex":0}}}],"display":{"head":{"translation":[0.0,-6.4,0.0],"scale":[4.0,4.0,4.0]}}}