{"textures":{"2":"modelengine:entity/undeadcrew5"},"elements":[{"from":[7.1092525,5.151375,6.8552547],"to":[8.25211,8.008517,7.9981117],"rotation":{"angle":0.0,"axis":"y","origin":[7.6806808,4.9608984,7.426683]},"faces":{"east":{"uv":[10.9995,4.0005,10.5005,5.2495],"rotation":0,"texture":"#2","tintindex":0},"south":{"uv":[10.9995,10.5005,10.5005,11.7495],"rotation":0,"texture":"#2","tintindex":0},"north":{"uv":[10.7495,5.7505,10.2505,6.9995],"rotation":0,"texture":"#2","tintindex":0},"west":{"uv":[10.7495,7.0005,10.2505,8.2495],"rotation":0,"texture":"#2","tintindex":0},"up":{"uv":[3.0005,11.4995,3.4995,11.0005],"rotation":0,"texture":"#2","tintindex":0},"down":{"uv":[3.5005,11.0005,3.9995,11.4995],"rotation":0,"texture":"#2","tintindex":0}}},{"from":[7.6806808,3.437089,6.8552547],"to":[8.25211,4.579946,7.9981117],"rotation":{"angle":0.0,"axis":"y","origin":[7.6806808,4.9608984,7.426683]},"faces":{"east":{"uv":[8.7495,11.0005,8.2505,11.4995],"rotation":0,"texture":"#2","tintindex":0},"south":{"uv":[10.4995,4.5005,10.2505,4.9995],"rotation":0,"texture":"#2","tintindex":0},"north":{"uv":[10.4995,4.0005,10.2505,4.4995],"rotation":0,"texture":"#2","tintindex":0},"west":{"uv":[4.4995,11.0005,4.0005,11.4995],"rotation":0,"texture":"#2","tintindex":0},"up":{"uv":[3.0005,10.9995,3.2495,10.5005],"rotation":0,"texture":"#2","tintindex":0},"down":{"uv":[4.5005,11.0005,4.7495,11.4995],"rotation":0,"texture":"#2","tintindex":0}}},{"from":[7.1092525,3.437089,6.8552547],"to":[7.6806808,5.151375,7.9981117],"rotation":{"angle":0.0,"axis":"y","origin":[7.6806808,4.9608984,7.426683]},"faces":{"east":{"uv":[0.9995,11.0005,0.5005,11.7495],"rotation":0,"texture":"#2","tintindex":0},"south":{"uv":[7.7495,8.0005,7.5005,8.7495],"rotation":0,"texture":"#2","tintindex":0},"north":{"uv":[5.9995,7.2505,5.7505,7.9995],"rotation":0,"texture":"#2","tintindex":0},"west":{"uv":[0.4995,11.0005,5.0E-4,11.7495],"rotation":0,"texture":"#2","tintindex":0},"up":{"uv":[7.5005,9.2495,7.7495,8.7505],"rotation":0,"texture":"#2","tintindex":0},"down":{"uv":[3.0005,10.0005,3.2495,10.4995],"rotation":0,"texture":"#2","tintindex":0}}}],"display":{"head":{"translation":[0.0,-6.4,0.0],"scale":[4.0,4.0,4.0]}}}