{"textures":{"0":"modelengine:entity/farming_robot"},"elements":[{"from":[8.014286,8.711913,8.37977],"to":[10.842857,9.283342,9.608341],"rotation":{"angle":0.0,"axis":"y","origin":[8.571428,6.426199,8.951199]},"faces":{"east":{"uv":[3.75,6.375,4.0,6.5],"rotation":0,"texture":"#0","tintindex":0},"south":{"uv":[8.0,7.25,8.625,7.375],"rotation":0,"texture":"#0","tintindex":0},"north":{"uv":[8.0,6.625,8.625,6.75],"rotation":0,"texture":"#0","tintindex":0},"west":{"uv":[6.5,6.0,6.75,6.125],"rotation":0,"texture":"#0","tintindex":0},"up":{"uv":[5.625,1.875,5.0,1.625],"rotation":0,"texture":"#0","tintindex":0},"down":{"uv":[7.25,1.5,6.625,1.75],"rotation":0,"texture":"#0","tintindex":0}}},{"from":[8.014286,6.8284273,5.212183],"to":[10.842857,7.9712844,5.7836113],"rotation":{"angle":0.0,"axis":"y","origin":[8.571428,3.971284,5.7836113]},"faces":{"east":{"uv":[8.375,9.375,8.5,9.625],"rotation":0,"texture":"#0","tintindex":0},"south":{"uv":[6.625,2.25,7.25,2.5],"rotation":0,"texture":"#0","tintindex":0},"north":{"uv":[6.625,1.875,7.25,2.125],"rotation":0,"texture":"#0","tintindex":0},"west":{"uv":[8.625,9.375,8.75,9.625],"rotation":0,"texture":"#0","tintindex":0},"up":{"uv":[5.125,8.375,4.5,8.25],"rotation":0,"texture":"#0","tintindex":0},"down":{"uv":[6.5,8.25,5.875,8.375],"rotation":0,"texture":"#0","tintindex":0}}},{"from":[8.014286,6.8284273,10.355041],"to":[10.842857,7.9712844,10.926469],"rotation":{"angle":0.0,"axis":"y","origin":[8.571428,3.971284,10.926469]},"faces":{"east":{"uv":[8.875,9.375,9.0,9.625],"rotation":0,"texture":"#0","tintindex":0},"south":{"uv":[3.75,6.625,4.375,6.875],"rotation":0,"texture":"#0","tintindex":0},"north":{"uv":[6.625,2.625,7.25,2.875],"rotation":0,"texture":"#0","tintindex":0},"west":{"uv":[9.125,9.375,9.25,9.625],"rotation":0,"texture":"#0","tintindex":0},"up":{"uv":[9.0,0.625,8.375,0.5],"rotation":0,"texture":"#0","tintindex":0},"down":{"uv":[9.0,0.75,8.375,0.875],"rotation":0,"texture":"#0","tintindex":0}}},{"from":[8.0,7.497897,7.636549],"to":[10.857143,8.312183,8.207977],"rotation":{"angle":-45.0,"axis":"x","origin":[8.571428,4.640754,8.207977]},"faces":{"east":{"uv":[9.5,0.625,9.625,0.75],"rotation":0,"texture":"#0","tintindex":0},"south":{"uv":[8.25,8.25,8.875,8.375],"rotation":0,"texture":"#0","tintindex":0},"north":{"uv":[8.25,8.0,8.875,8.125],"rotation":0,"texture":"#0","tintindex":0},"west":{"uv":[0.75,9.5,0.875,9.625],"rotation":0,"texture":"#0","tintindex":0},"up":{"uv":[9.0,0.375,8.375,0.25],"rotation":0,"texture":"#0","tintindex":0},"down":{"uv":[1.125,8.375,0.5,8.5],"rotation":0,"texture":"#0","tintindex":0}}},{"from":[8.0,7.493539,7.926316],"to":[10.857143,8.307825,8.497745],"rotation":{"angle":45.0,"axis":"x","origin":[8.571428,4.636396,7.926316]},"faces":{"east":{"uv":[1.0,9.5,1.125,9.625],"rotation":0,"texture":"#0","tintindex":0},"south":{"uv":[8.375,4.125,9.0,4.25],"rotation":0,"texture":"#0","tintindex":0},"north":{"uv":[8.375,1.0,9.0,1.125],"rotation":0,"texture":"#0","tintindex":0},"west":{"uv":[1.25,9.5,1.375,9.625],"rotation":0,"texture":"#0","tintindex":0},"up":{"uv":[9.0,4.5,8.375,4.375],"rotation":0,"texture":"#0","tintindex":0},"down":{"uv":[9.0,4.625,8.375,4.75],"rotation":0,"texture":"#0","tintindex":0}}},{"from":[8.014286,6.2569985,5.7836113],"to":[10.842857,6.8284273,10.355041],"rotation":{"angle":0.0,"axis":"y","origin":[8.571428,3.971284,6.35504]},"faces":{"east":{"uv":[6.625,3.0,7.625,3.125],"rotation":0,"texture":"#0","tintindex":0},"south":{"uv":[8.25,7.75,8.875,7.875],"rotation":0,"texture":"#0","tintindex":0},"north":{"uv":[8.25,7.5,8.875,7.625],"rotation":0,"texture":"#0","tintindex":0},"west":{"uv":[6.875,6.375,7.875,6.5],"rotation":0,"texture":"#0","tintindex":0},"up":{"uv":[3.875,3.0,3.25,2.0],"rotation":0,"texture":"#0","tintindex":0},"down":{"uv":[3.875,3.125,3.25,4.125],"rotation":0,"texture":"#0","tintindex":0}}},{"from":[8.285714,6.971284,8.640755],"to":[10.571428,8.68557,10.355041],"rotation":{"angle":-45.0,"axis":"x","origin":[9.428572,7.5427127,9.783611]},"faces":{"east":{"uv":[7.0,5.0,7.375,5.375],"rotation":0,"texture":"#0","tintindex":0},"south":{"uv":[6.5,0.0,7.0,0.375],"rotation":0,"texture":"#0","tintindex":0},"north":{"uv":[6.375,5.0,6.875,5.375],"rotation":0,"texture":"#0","tintindex":0},"west":{"uv":[5.5,7.0,5.875,7.375],"rotation":0,"texture":"#0","tintindex":0},"up":{"uv":[1.0,6.875,0.5,6.5],"rotation":0,"texture":"#0","tintindex":0},"down":{"uv":[7.0,3.25,6.5,3.625],"rotation":0,"texture":"#0","tintindex":0}}},{"from":[8.285714,7.1141415,5.7836113],"to":[10.571428,8.256999,6.926469],"rotation":{"angle":-45.0,"axis":"x","origin":[9.428572,7.68557,6.926469]},"faces":{"east":{"uv":[1.5,9.0,1.75,9.25],"rotation":0,"texture":"#0","tintindex":0},"south":{"uv":[7.125,0.0,7.625,0.25],"rotation":0,"texture":"#0","tintindex":0},"north":{"uv":[7.0,7.0,7.5,7.25],"rotation":0,"texture":"#0","tintindex":0},"west":{"uv":[9.0,1.625,9.25,1.875],"rotation":0,"texture":"#0","tintindex":0},"up":{"uv":[2.5,7.375,2.0,7.125],"rotation":0,"texture":"#0","tintindex":0},"down":{"uv":[3.125,7.125,2.625,7.375],"rotation":0,"texture":"#0","tintindex":0}}},{"from":[8.285714,7.2569985,7.069326],"to":[10.571428,8.399856,8.212183],"rotation":{"angle":22.5,"axis":"x","origin":[9.428572,7.8284273,8.212183]},"faces":{"east":{"uv":[9.0,2.0,9.25,2.25],"rotation":0,"texture":"#0","tintindex":0},"south":{"uv":[7.125,3.625,7.625,3.875],"rotation":0,"texture":"#0","tintindex":0},"north":{"uv":[7.125,3.25,7.625,3.5],"rotation":0,"texture":"#0","tintindex":0},"west":{"uv":[2.875,9.0,3.125,9.25],"rotation":0,"texture":"#0","tintindex":0},"up":{"uv":[7.625,5.75,7.125,5.5],"rotation":0,"texture":"#0","tintindex":0},"down":{"uv":[7.75,0.375,7.25,0.625],"rotation":0,"texture":"#0","tintindex":0}}},{"from":[8.285714,6.68557,7.35504],"to":[10.571428,7.2569985,7.926469],"rotation":{"angle":-22.5,"axis":"x","origin":[9.428572,6.971284,7.6407547]},"faces":{"east":{"uv":[1.75,9.5,1.875,9.625],"rotation":0,"texture":"#0","tintindex":0},"south":{"uv":[9.0,2.375,9.5,2.5],"rotation":0,"texture":"#0","tintindex":0},"north":{"uv":[8.75,6.625,9.25,6.75],"rotation":0,"texture":"#0","tintindex":0},"west":{"uv":[2.0,9.5,2.125,9.625],"rotation":0,"texture":"#0","tintindex":0},"up":{"uv":[4.25,9.125,3.75,9.0],"rotation":0,"texture":"#0","tintindex":0},"down":{"uv":[9.5,3.875,9.0,4.0],"rotation":0,"texture":"#0","tintindex":0}}},{"from":[8.0,8.077633,5.1910286],"to":[10.857143,8.649061,8.6196],"rotation":{"angle":-22.5,"axis":"x","origin":[9.142858,8.363347,6.9053144]},"faces":{"east":{"uv":[7.75,5.5,8.5,5.625],"rotation":0,"texture":"#0","tintindex":0},"south":{"uv":[8.25,2.125,8.875,2.25],"rotation":0,"texture":"#0","tintindex":0},"north":{"uv":[8.25,1.875,8.875,2.0],"rotation":0,"texture":"#0","tintindex":0},"west":{"uv":[5.875,7.75,6.625,7.875],"rotation":0,"texture":"#0","tintindex":0},"up":{"uv":[5.5,5.25,4.875,4.5],"rotation":0,"texture":"#0","tintindex":0},"down":{"uv":[5.625,0.75,5.0,1.5],"rotation":0,"texture":"#0","tintindex":0}}},{"from":[8.0,7.428571,6.714286],"to":[10.857143,8.0,8.571428],"rotation":{"angle":45.0,"axis":"x","origin":[8.571428,5.142857,9.714286]},"faces":{"east":{"uv":[9.25,6.875,9.625,7.0],"rotation":0,"texture":"#0","tintindex":0},"south":{"uv":[8.25,3.875,8.875,4.0],"rotation":0,"texture":"#0","tintindex":0},"north":{"uv":[8.25,2.375,8.875,2.5],"rotation":0,"texture":"#0","tintindex":0},"west":{"uv":[9.25,8.625,9.625,8.75],"rotation":0,"texture":"#0","tintindex":0},"up":{"uv":[6.375,3.625,5.75,3.25],"rotation":0,"texture":"#0","tintindex":0},"down":{"uv":[6.375,3.75,5.75,4.125],"rotation":0,"texture":"#0","tintindex":0}}}],"display":{"head":{"translation":[0.0,-6.4,0.0],"scale":[4.0,4.0,4.0]}}}