{"textures":{"0":"modelengine:entity/jupiter"},"elements":[{"from":[-3.4164238,12.755888,5.930934],"to":[-0.5364227,15.635889,9.633791],"rotation":{"angle":45.0,"axis":"z","origin":[12.526435,22.038334,19.71379]},"faces":{"east":{"uv":[2.75,11.375,3.15625,11.6875],"rotation":0,"texture":"#0","tintindex":0},"south":{"uv":[9.375,11.6875,9.6875,12.0],"rotation":0,"texture":"#0","tintindex":0},"north":{"uv":[9.0625,11.6875,9.375,12.0],"rotation":0,"texture":"#0","tintindex":0},"west":{"uv":[3.375,11.375,3.78125,11.6875],"rotation":0,"texture":"#0","tintindex":0},"up":{"uv":[4.6875,11.78125,4.375,11.375],"rotation":0,"texture":"#0","tintindex":0},"down":{"uv":[7.6875,11.375,7.375,11.78125],"rotation":0,"texture":"#0","tintindex":0}}},{"from":[5.472925,-2.3085728,5.8911886],"to":[9.244354,6.03497,9.61411],"rotation":{"angle":0.0,"axis":"y","origin":[7.838803,2.3999996,14.962682]},"faces":{"east":{"uv":[0.0,7.8125,0.40625,8.71875],"rotation":0,"texture":"#0","tintindex":0},"south":{"uv":[0.4375,7.8125,0.84375,8.71875],"rotation":0,"texture":"#0","tintindex":0},"north":{"uv":[4.375,7.6875,4.78125,8.59375],"rotation":0,"texture":"#0","tintindex":0},"west":{"uv":[7.875,1.4375,8.28125,2.34375],"rotation":0,"texture":"#0","tintindex":0},"up":{"uv":[10.90625,1.71875,10.5,1.3125],"rotation":0,"texture":"#0","tintindex":0},"down":{"uv":[8.53125,10.5,8.125,10.90625],"rotation":0,"texture":"#0","tintindex":0}}},{"from":[5.810068,-1.9151154,8.525162],"to":[8.792925,4.0459027,10.901383],"rotation":{"angle":22.5,"axis":"x","origin":[0.58521175,2.1991706,13.419825]},"faces":{"east":{"uv":[5.75,9.125,6.0,9.78125],"rotation":0,"texture":"#0","tintindex":0},"south":{"uv":[0.0,9.875,0.3125,10.53125],"rotation":0,"texture":"#0","tintindex":0},"north":{"uv":[1.125,9.8125,1.4375,10.46875],"rotation":0,"texture":"#0","tintindex":0},"west":{"uv":[1.125,10.5,1.375,11.15625],"rotation":0,"texture":"#0","tintindex":0},"up":{"uv":[9.6875,2.625,9.375,2.375],"rotation":0,"texture":"#0","tintindex":0},"down":{"uv":[10.125,8.5,9.8125,8.75],"rotation":0,"texture":"#0","tintindex":0}}},{"from":[5.0672107,-4.134734,7.809946],"to":[9.47864,-1.7551479,10.426391],"rotation":{"angle":45.0,"axis":"x","origin":[7.838803,-0.9759455,9.342618]},"faces":{"east":{"uv":[12.0,5.0,12.28125,5.25],"rotation":0,"texture":"#0","tintindex":0},"south":{"uv":[5.3125,11.4375,5.78125,11.6875],"rotation":0,"texture":"#0","tintindex":0},"north":{"uv":[11.4375,3.875,11.90625,4.125],"rotation":0,"texture":"#0","tintindex":0},"west":{"uv":[5.5625,12.0,5.84375,12.25],"rotation":0,"texture":"#0","tintindex":0},"up":{"uv":[11.53125,7.65625,11.0625,7.375],"rotation":0,"texture":"#0","tintindex":0},"down":{"uv":[11.53125,7.6875,11.0625,7.96875],"rotation":0,"texture":"#0","tintindex":0}}},{"from":[5.2443533,10.23304,-1.9716682],"to":[9.35864,13.035483,-0.13236618],"rotation":{"angle":-22.5,"axis":"x","origin":[6.9130883,26.098341,12.531189]},"faces":{"east":{"uv":[10.625,11.8125,10.8125,12.125],"rotation":0,"texture":"#0","tintindex":0},"south":{"uv":[3.375,11.0625,3.8125,11.375],"rotation":0,"texture":"#0","tintindex":0},"north":{"uv":[2.75,11.0625,3.1875,11.375],"rotation":0,"texture":"#0","tintindex":0},"west":{"uv":[0.3125,11.9375,0.5,12.25],"rotation":0,"texture":"#0","tintindex":0},"up":{"uv":[6.6875,3.9375,6.25,3.75],"rotation":0,"texture":"#0","tintindex":0},"down":{"uv":[12.0625,5.3125,11.625,5.5],"rotation":0,"texture":"#0","tintindex":0}}}],"display":{"head":{"translation":[0.0,-6.4,0.0],"scale":[4.0,4.0,4.0]}}}