{"textures":{"0":"modelengine:entity/jupiter"},"elements":[{"from":[1.9005065,10.771842,2.0688558],"to":[6.129078,16.828985,12.697428],"rotation":{"angle":-22.5,"axis":"x","origin":[8.571428,12.491145,8.727246]},"faces":{"east":{"uv":[5.625,3.9375,6.78125,4.59375],"rotation":0,"texture":"#0","tintindex":0},"south":{"uv":[4.8125,8.5625,5.28125,9.21875],"rotation":0,"texture":"#0","tintindex":0},"north":{"uv":[8.375,8.3125,8.84375,8.96875],"rotation":0,"texture":"#0","tintindex":0},"west":{"uv":[5.75,0.0,6.90625,0.65625],"rotation":0,"texture":"#0","tintindex":0},"up":{"uv":[5.59375,3.78125,5.125,2.625],"rotation":0,"texture":"#0","tintindex":0},"down":{"uv":[1.59375,6.8125,1.125,7.96875],"rotation":0,"texture":"#0","tintindex":0}}},{"from":[3.061442,8.7970295,2.4511895],"to":[9.004299,14.737746,5.0505667],"rotation":{"angle":22.5,"axis":"y","origin":[8.318585,12.511316,5.8226185]},"faces":{"east":{"uv":[9.0,10.0625,9.28125,10.71875],"rotation":0,"texture":"#0","tintindex":0},"south":{"uv":[7.1875,1.4375,7.84375,2.09375],"rotation":0,"texture":"#0","tintindex":0},"north":{"uv":[3.25,7.0,3.90625,7.65625],"rotation":0,"texture":"#0","tintindex":0},"west":{"uv":[0.8125,10.125,1.09375,10.78125],"rotation":0,"texture":"#0","tintindex":0},"up":{"uv":[10.34375,10.46875,9.6875,10.1875],"rotation":0,"texture":"#0","tintindex":0},"down":{"uv":[6.34375,10.25,5.6875,10.53125],"rotation":0,"texture":"#0","tintindex":0}}},{"from":[6.9957004,8.7970295,2.4511895],"to":[12.938559,14.737746,5.0505667],"rotation":{"angle":-22.5,"axis":"y","origin":[7.6814146,12.511316,5.8226185]},"faces":{"east":{"uv":[4.3125,10.25,4.59375,10.90625],"rotation":0,"texture":"#0","tintindex":0},"south":{"uv":[7.25,4.25,7.90625,4.90625],"rotation":0,"texture":"#0","tintindex":0},"north":{"uv":[7.1875,2.125,7.84375,2.78125],"rotation":0,"texture":"#0","tintindex":0},"west":{"uv":[1.8125,10.3125,2.09375,10.96875],"rotation":0,"texture":"#0","tintindex":0},"up":{"uv":[5.28125,10.59375,4.625,10.3125],"rotation":0,"texture":"#0","tintindex":0},"down":{"uv":[7.03125,10.3125,6.375,10.59375],"rotation":0,"texture":"#0","tintindex":0}}},{"from":[3.0285711,13.153165,4.241065],"to":[12.971429,15.731418,10.696394],"rotation":{"angle":-22.5,"axis":"x","origin":[8.857142,15.657556,6.6528964]},"faces":{"east":{"uv":[9.9375,1.875,10.65625,2.15625],"rotation":0,"texture":"#0","tintindex":0},"south":{"uv":[8.5625,7.375,9.65625,7.65625],"rotation":0,"texture":"#0","tintindex":0},"north":{"uv":[8.5625,7.0625,9.65625,7.34375],"rotation":0,"texture":"#0","tintindex":0},"west":{"uv":[10.0,6.3125,10.71875,6.59375],"rotation":0,"texture":"#0","tintindex":0},"up":{"uv":[3.15625,5.78125,2.0625,5.0625],"rotation":0,"texture":"#0","tintindex":0},"down":{"uv":[4.28125,5.0625,3.1875,5.78125],"rotation":0,"texture":"#0","tintindex":0}}},{"from":[2.742857,8.852032,6.0910745],"to":[13.257143,14.794889,11.519646],"rotation":{"angle":0.0,"axis":"y","origin":[8.571428,11.894249,8.443827]},"faces":{"east":{"uv":[7.3125,7.0,7.90625,7.65625],"rotation":0,"texture":"#0","tintindex":0},"south":{"uv":[5.75,1.375,6.90625,2.03125],"rotation":0,"texture":"#0","tintindex":0},"north":{"uv":[5.75,0.6875,6.90625,1.34375],"rotation":0,"texture":"#0","tintindex":0},"west":{"uv":[5.625,7.375,6.21875,8.03125],"rotation":0,"texture":"#0","tintindex":0},"up":{"uv":[3.21875,6.40625,2.0625,5.8125],"rotation":0,"texture":"#0","tintindex":0},"down":{"uv":[4.40625,5.8125,3.25,6.40625],"rotation":0,"texture":"#0","tintindex":0}}},{"from":[3.3142858,2.5549154,-1.3193684],"to":[12.685715,7.2652006,3.7909174],"rotation":{"angle":45.0,"axis":"x","origin":[9.257143,-0.8736563,9.366347]},"faces":{"east":{"uv":[7.125,8.75,7.6875,9.25],"rotation":0,"texture":"#0","tintindex":0},"south":{"uv":[6.9375,0.0,7.96875,0.5],"rotation":0,"texture":"#0","tintindex":0},"north":{"uv":[6.8125,3.75,7.84375,4.25],"rotation":0,"texture":"#0","tintindex":0},"west":{"uv":[0.5625,8.8125,1.125,9.3125],"rotation":0,"texture":"#0","tintindex":0},"up":{"uv":[3.28125,7.0,2.25,6.4375],"rotation":0,"texture":"#0","tintindex":0},"down":{"uv":[4.34375,6.4375,3.3125,7.0],"rotation":0,"texture":"#0","tintindex":0}}},{"from":[6.7142854,6.0427713,6.76697],"to":[9.285714,8.957057,9.052685],"rotation":{"angle":-22.5,"axis":"x","origin":[7.6857142,0.8999133,4.4812555]},"faces":{"east":{"uv":[7.6875,8.75,7.9375,9.0625],"rotation":0,"texture":"#0","tintindex":0},"south":{"uv":[11.8125,8.9375,12.09375,9.25],"rotation":0,"texture":"#0","tintindex":0},"north":{"uv":[11.8125,8.625,12.09375,8.9375],"rotation":0,"texture":"#0","tintindex":0},"west":{"uv":[5.4375,10.8125,5.6875,11.125],"rotation":0,"texture":"#0","tintindex":0},"up":{"uv":[12.28125,3.375,12.0,3.125],"rotation":0,"texture":"#0","tintindex":0},"down":{"uv":[4.09375,12.0,3.8125,12.25],"rotation":0,"texture":"#0","tintindex":0}}},{"from":[1.9576497,9.480697,4.141609],"to":[6.071935,16.996231,11.657145],"rotation":{"angle":22.5,"axis":"x","origin":[8.457143,11.2,0.85714245]},"faces":{"east":{"uv":[0.0,6.0,0.8125,6.8125],"rotation":0,"texture":"#0","tintindex":0},"south":{"uv":[7.9375,5.5,8.375,6.3125],"rotation":0,"texture":"#0","tintindex":0},"north":{"uv":[7.9375,4.6875,8.375,5.5],"rotation":0,"texture":"#0","tintindex":0},"west":{"uv":[0.8125,6.0,1.625,6.8125],"rotation":0,"texture":"#0","tintindex":0},"up":{"uv":[8.375,7.125,7.9375,6.3125],"rotation":0,"texture":"#0","tintindex":0},"down":{"uv":[1.3125,8.0,0.875,8.8125],"rotation":0,"texture":"#0","tintindex":0}}}],"display":{"head":{"translation":[0.0,-6.4,0.0],"scale":[4.0,4.0,4.0]}}}