{"textures":{"0":"modelengine:entity/jupiter"},"elements":[{"from":[6.192112,-6.371133,11.05089],"to":[9.769255,-3.0085182,14.413506],"rotation":{"angle":45.0,"axis":"x","origin":[9.458178,3.36623,16.04889]},"faces":{"east":{"uv":[10.9375,2.875,11.3125,3.25],"rotation":0,"texture":"#0","tintindex":0},"south":{"uv":[7.5,10.625,7.90625,11.0],"rotation":0,"texture":"#0","tintindex":0},"north":{"uv":[10.625,6.625,11.03125,7.0],"rotation":0,"texture":"#0","tintindex":0},"west":{"uv":[4.125,10.9375,4.5,11.3125],"rotation":0,"texture":"#0","tintindex":0},"up":{"uv":[11.03125,8.0,10.625,7.625],"rotation":0,"texture":"#0","tintindex":0},"down":{"uv":[1.78125,10.6875,1.375,11.0625],"rotation":0,"texture":"#0","tintindex":0}}},{"from":[6.18648,-0.6934185,11.05089],"to":[9.826398,2.6691961,14.413506],"rotation":{"angle":45.0,"axis":"x","origin":[9.458178,9.043944,16.04889]},"faces":{"east":{"uv":[10.9375,5.1875,11.3125,5.5625],"rotation":0,"texture":"#0","tintindex":0},"south":{"uv":[2.75,10.6875,3.15625,11.0625],"rotation":0,"texture":"#0","tintindex":0},"north":{"uv":[10.6875,1.75,11.09375,2.125],"rotation":0,"texture":"#0","tintindex":0},"west":{"uv":[8.125,10.9375,8.5,11.3125],"rotation":0,"texture":"#0","tintindex":0},"up":{"uv":[10.90625,11.0625,10.5,10.6875],"rotation":0,"texture":"#0","tintindex":0},"down":{"uv":[11.15625,6.125,10.75,6.5],"rotation":0,"texture":"#0","tintindex":0}}},{"from":[6.18595,0.028159618,5.6294146],"to":[9.826928,5.692708,10.384871],"rotation":{"angle":0.0,"axis":"y","origin":[13.87396,10.186605,5.7426395]},"faces":{"east":{"uv":[8.0,7.6875,8.53125,8.3125],"rotation":0,"texture":"#0","tintindex":0},"south":{"uv":[1.125,9.1875,1.53125,9.8125],"rotation":0,"texture":"#0","tintindex":0},"north":{"uv":[8.875,9.125,9.28125,9.75],"rotation":0,"texture":"#0","tintindex":0},"west":{"uv":[1.3125,8.0625,1.84375,8.6875],"rotation":0,"texture":"#0","tintindex":0},"up":{"uv":[5.21875,10.28125,4.8125,9.75],"rotation":0,"texture":"#0","tintindex":0},"down":{"uv":[5.65625,9.75,5.25,10.28125],"rotation":0,"texture":"#0","tintindex":0}}},{"from":[6.014521,0.82815933,5.4008436],"to":[9.998357,4.892709,10.556299],"rotation":{"angle":0.0,"axis":"y","origin":[13.87396,10.186605,5.7426395]},"faces":{"east":{"uv":[9.375,0.0,9.9375,0.4375],"rotation":0,"texture":"#0","tintindex":0},"south":{"uv":[10.0625,1.4375,10.5,1.875],"rotation":0,"texture":"#0","tintindex":0},"north":{"uv":[10.0625,1.0,10.5,1.4375],"rotation":0,"texture":"#0","tintindex":0},"west":{"uv":[9.375,1.9375,9.9375,2.375],"rotation":0,"texture":"#0","tintindex":0},"up":{"uv":[3.9375,10.0,3.5,9.4375],"rotation":0,"texture":"#0","tintindex":0},"down":{"uv":[9.875,5.75,9.4375,6.3125],"rotation":0,"texture":"#0","tintindex":0}}}],"display":{"head":{"translation":[0.0,-6.4,0.0],"scale":[4.0,4.0,4.0]}}}