{"textures":{"0":"modelengine:entity/jupiter"},"elements":[{"from":[8.984218,-4.022887,4.1554136],"to":[14.412789,7.6342554,10.326843],"rotation":{"angle":22.5,"axis":"z","origin":[4.1270742,1.1199694,6.955414]},"faces":{"east":{"uv":[1.375,4.6875,2.0625,5.96875],"rotation":0,"texture":"#0","tintindex":0},"south":{"uv":[5.625,2.625,6.21875,3.90625],"rotation":0,"texture":"#0","tintindex":0},"north":{"uv":[5.1875,4.6875,5.78125,5.96875],"rotation":0,"texture":"#0","tintindex":0},"west":{"uv":[4.5,4.6875,5.1875,5.96875],"rotation":0,"texture":"#0","tintindex":0},"up":{"uv":[7.90625,6.3125,7.3125,5.625],"rotation":0,"texture":"#0","tintindex":0},"down":{"uv":[7.90625,6.3125,7.3125,7.0],"rotation":0,"texture":"#0","tintindex":0}}},{"from":[7.109932,0.5303936,4.6710067],"to":[11.544218,8.7589655,10.293863],"rotation":{"angle":0.0,"axis":"y","origin":[8.995482,1.2503943,14.24815]},"faces":{"east":{"uv":[6.6875,6.5,7.3125,7.40625],"rotation":0,"texture":"#0","tintindex":0},"south":{"uv":[2.75,7.0,3.25,7.90625],"rotation":0,"texture":"#0","tintindex":0},"north":{"uv":[2.25,7.0,2.75,7.90625],"rotation":0,"texture":"#0","tintindex":0},"west":{"uv":[4.375,6.75,5.0,7.65625],"rotation":0,"texture":"#0","tintindex":0},"up":{"uv":[8.875,5.9375,8.375,5.3125],"rotation":0,"texture":"#0","tintindex":0},"down":{"uv":[8.875,5.9375,8.375,6.5625],"rotation":0,"texture":"#0","tintindex":0}}},{"from":[7.1670747,10.575867,-0.3871889],"to":[11.487075,14.57831,3.4406848],"rotation":{"angle":-45.0,"axis":"x","origin":[8.686912,13.721168,18.949955]},"faces":{"east":{"uv":[10.375,5.6875,10.78125,6.125],"rotation":0,"texture":"#0","tintindex":0},"south":{"uv":[9.875,4.75,10.34375,5.1875],"rotation":0,"texture":"#0","tintindex":0},"north":{"uv":[9.875,4.3125,10.34375,4.75],"rotation":0,"texture":"#0","tintindex":0},"west":{"uv":[10.375,10.0,10.78125,10.4375],"rotation":0,"texture":"#0","tintindex":0},"up":{"uv":[4.28125,10.53125,3.8125,10.125],"rotation":0,"texture":"#0","tintindex":0},"down":{"uv":[10.59375,6.625,10.125,7.03125],"rotation":0,"texture":"#0","tintindex":0}}}],"display":{"head":{"translation":[0.0,-6.4,0.0],"scale":[4.0,4.0,4.0]}}}