{"textures":{"0":"modelengine:entity/jupiter"},"elements":[{"from":[2.742857,0.6285715,7.9428573],"to":[12.742857,8.285714,8.171429],"rotation":{"angle":0.0,"axis":"y","origin":[8.228572,3.1999998,7.6571426]},"faces":{"east":{"uv":[7.0,10.625,7.03125,11.46875],"rotation":0,"texture":"#0","tintindex":0},"south":{"uv":[4.0,2.0625,5.09375,2.90625],"rotation":0,"texture":"#0","tintindex":0},"north":{"uv":[4.0,1.1875,5.09375,2.03125],"rotation":0,"texture":"#0","tintindex":0},"west":{"uv":[3.1875,10.6875,3.21875,11.53125],"rotation":0,"texture":"#0","tintindex":0},"up":{"uv":[12.90625,0.78125,11.8125,0.75],"rotation":0,"texture":"#0","tintindex":0},"down":{"uv":[12.96875,7.3125,11.875,7.34375],"rotation":0,"texture":"#0","tintindex":0}}}],"display":{"head":{"translation":[0.0,-6.4,0.0],"scale":[4.0,4.0,4.0]}}}