{"textures":{"0":"modelengine:entity/wizard"},"elements":[{"from":[6.9012346,7.7783346,6.857143],"to":[9.186949,8.921192,9.142858],"rotation":{"angle":22.5,"axis":"z","origin":[8.901235,8.064049,8.0]},"faces":{"east":{"uv":[8.125,0.0,8.375,0.125],"rotation":0,"texture":"#0","tintindex":0},"south":{"uv":[8.125,0.0,8.375,0.125],"rotation":0,"texture":"#0","tintindex":0},"north":{"uv":[8.125,0.0,8.375,0.125],"rotation":0,"texture":"#0","tintindex":0},"west":{"uv":[8.125,0.0,8.375,0.125],"rotation":0,"texture":"#0","tintindex":0},"up":{"uv":[2.875,8.125,2.625,7.875],"rotation":0,"texture":"#0","tintindex":0},"down":{"uv":[8.125,3.25,7.875,3.5],"rotation":0,"texture":"#0","tintindex":0}}},{"from":[7.4726634,8.921192,7.428571],"to":[8.6155205,9.49262,8.571428],"rotation":{"angle":22.5,"axis":"z","origin":[8.901235,8.064049,8.0]},"faces":{"east":{"uv":[7.4375,8.1875,7.5625,8.25],"rotation":0,"texture":"#0","tintindex":0},"south":{"uv":[8.1875,7.4375,8.3125,7.5],"rotation":0,"texture":"#0","tintindex":0},"north":{"uv":[8.1875,7.375,8.3125,7.4375],"rotation":0,"texture":"#0","tintindex":0},"west":{"uv":[8.1875,7.5,8.3125,7.5625],"rotation":0,"texture":"#0","tintindex":0},"up":{"uv":[4.625,8.3125,4.5,8.1875],"rotation":0,"texture":"#0","tintindex":0},"down":{"uv":[8.3125,5.625,8.1875,5.75],"rotation":0,"texture":"#0","tintindex":0}}},{"from":[7.4726634,7.206906,7.428571],"to":[8.6155205,7.7783346,8.571428],"rotation":{"angle":22.5,"axis":"z","origin":[8.901235,8.064049,8.0]},"faces":{"east":{"uv":[8.1875,7.5625,8.3125,7.625],"rotation":0,"texture":"#0","tintindex":0},"south":{"uv":[7.6875,8.1875,7.8125,8.25],"rotation":0,"texture":"#0","tintindex":0},"north":{"uv":[7.5625,8.1875,7.6875,8.25],"rotation":0,"texture":"#0","tintindex":0},"west":{"uv":[8.1875,7.75,8.3125,7.8125],"rotation":0,"texture":"#0","tintindex":0},"up":{"uv":[5.9375,8.3125,5.8125,8.1875],"rotation":0,"texture":"#0","tintindex":0},"down":{"uv":[8.3125,6.625,8.1875,6.75],"rotation":0,"texture":"#0","tintindex":0}}}],"display":{"head":{"translation":[0.0,-6.4,0.0],"scale":[4.0,4.0,4.0]}}}