{"textures":{"0":"modelengine:entity/wizard"},"elements":[{"from":[8.385532,6.534075,6.136049],"to":[11.242675,8.819789,9.278906],"rotation":{"angle":-22.5,"axis":"z","origin":[9.432351,8.949682,7.849746]},"faces":{"east":{"uv":[3.625,6.5,4.0,6.75],"rotation":0,"texture":"#0","tintindex":0},"south":{"uv":[7.0625,7.5625,6.75,7.8125],"rotation":0,"texture":"#0","tintindex":0},"north":{"uv":[6.75,7.5625,7.0625,7.8125],"rotation":0,"texture":"#0","tintindex":0},"west":{"uv":[7.4375,6.5,7.8125,6.75],"rotation":0,"texture":"#0","tintindex":0},"up":{"uv":[4.0625,7.5625,3.75,7.1875],"rotation":0,"texture":"#0","tintindex":0},"down":{"uv":[4.375,7.1875,4.0625,7.5625],"rotation":0,"texture":"#0","tintindex":0}}},{"from":[7.802973,4.1547594,6.278906],"to":[10.088688,8.154759,9.136049],"rotation":{"angle":0.0,"axis":"y","origin":[5.0037794,-5.0503187,7.849746]},"faces":{"east":{"uv":[6.8125,7.125,7.125,7.5625],"rotation":0,"texture":"#0","tintindex":0},"south":{"uv":[2.3125,7.3125,2.0625,7.75],"rotation":0,"texture":"#0","tintindex":0},"north":{"uv":[2.0625,7.3125,2.3125,7.75],"rotation":0,"texture":"#0","tintindex":0},"west":{"uv":[7.125,7.125,7.4375,7.5625],"rotation":0,"texture":"#0","tintindex":0},"up":{"uv":[4.5,7.9375,4.25,7.625],"rotation":0,"texture":"#0","tintindex":0},"down":{"uv":[5.5625,7.625,5.3125,7.9375],"rotation":0,"texture":"#0","tintindex":0}}}],"display":{"head":{"translation":[0.0,-6.4,0.0],"scale":[4.0,4.0,4.0]}}}