{"textures":{"1":"modelengine:entity/enchant_pot"},"elements":[{"from":[-16.0,16.57143,-5.1428576],"to":[-7.999998,18.285715,2.8571424],"rotation":{"angle":0.0,"axis":"y","origin":[-1.714284,8.571428,13.714286]},"faces":{"up":{"uv":[7.0,7.0,0.0,0.0],"rotation":0,"texture":"#1","tintindex":0}}}],"display":{"head":{"translation":[-7.6293945E-6,-6.4,0.0],"scale":[4.0,4.0,4.0]}}}