{"textures":{"0":"modelengine:entity/skog_birch"},"elements":[{"name":"cube","from":[5.379926,4.4375,6.1731815],"to":[10.779926,11.0375,16.973183],"rotation":{"angle":0.0,"axis":"x","origin":[11.679927,11.637503,1.3731817]},"faces":{"down":{"uv":[1.373,9.627,0.8145,10.748],"rotation":0,"texture":"#0","tintindex":0},"east":{"uv":[4.252,7.4395,5.373,8.123],"rotation":0,"texture":"#0","tintindex":0},"north":{"uv":[6.5645,10.5645,7.123,11.248],"rotation":0,"texture":"#0","tintindex":0},"south":{"uv":[9.0645,10.5645,9.623,11.248],"rotation":0,"texture":"#0","tintindex":0},"up":{"uv":[10.0605,4.1855,9.502,3.0645],"rotation":0,"texture":"#0","tintindex":0},"west":{"uv":[6.127,9.0645,7.248,9.748],"rotation":0,"texture":"#0","tintindex":0}}},{"name":"cube","from":[6.5799265,6.2375,14.573182],"to":[9.579927,15.237503,17.573181],"rotation":{"angle":0.0,"axis":"x","origin":[11.679927,11.637503,1.3731817]},"faces":{"down":{"uv":[11.8105,12.002,11.502,12.3105],"rotation":0,"texture":"#0","tintindex":0},"east":{"uv":[6.0645,11.0645,6.373,11.998],"rotation":0,"texture":"#0","tintindex":0},"north":{"uv":[5.752,11.0645,6.0605,11.998],"rotation":0,"texture":"#0","tintindex":0},"south":{"uv":[8.627,11.0645,8.9355,11.998],"rotation":0,"texture":"#0","tintindex":0},"up":{"uv":[11.498,12.3105,11.1895,12.002],"rotation":0,"texture":"#0","tintindex":0},"west":{"uv":[9.627,11.0645,9.9355,11.998],"rotation":0,"texture":"#0","tintindex":0}}},{"name":"cube","from":[9.579927,13.437503,15.473183],"to":[13.779927,15.237503,16.673183],"rotation":{"angle":-22.5,"axis":"y","origin":[8.229927,15.387503,16.073181]},"faces":{"down":{"uv":[11.3105,5.252,10.877,5.373],"rotation":0,"texture":"#0","tintindex":0},"east":{"uv":[4.9395,10.0645,5.0605,10.248],"rotation":0,"texture":"#0","tintindex":0},"north":{"uv":[5.6895,5.377,6.123,5.5605],"rotation":0,"texture":"#0","tintindex":0},"south":{"uv":[6.5645,1.6895,6.998,1.873],"rotation":0,"texture":"#0","tintindex":0},"up":{"uv":[10.748,3.0605,10.3145,2.9395],"rotation":0,"texture":"#0","tintindex":0},"west":{"uv":[10.752,5.877,10.873,6.0605],"rotation":0,"texture":"#0","tintindex":0}}},{"name":"cube","from":[12.5799265,15.237503,15.473183],"to":[13.779927,17.637503,16.673183],"rotation":{"angle":-22.5,"axis":"y","origin":[8.229927,15.387503,16.073181]},"faces":{"down":{"uv":[6.498,11.0645,6.377,11.1855],"rotation":0,"texture":"#0","tintindex":0},"east":{"uv":[4.9395,9.8145,5.0605,10.0605],"rotation":0,"texture":"#0","tintindex":0},"north":{"uv":[7.127,9.752,7.248,9.998],"rotation":0,"texture":"#0","tintindex":0},"south":{"uv":[7.127,10.002,7.248,10.248],"rotation":0,"texture":"#0","tintindex":0},"up":{"uv":[1.373,11.123,1.252,11.002],"rotation":0,"texture":"#0","tintindex":0},"west":{"uv":[7.127,10.252,7.248,10.498],"rotation":0,"texture":"#0","tintindex":0}}},{"name":"cube","from":[2.3799264,15.237503,15.473183],"to":[3.5799263,17.637503,16.673183],"rotation":{"angle":0.0,"axis":"x","origin":[7.9299264,15.387503,16.073181]},"faces":{"down":{"uv":[10.623,11.0645,10.502,11.1855],"rotation":0,"texture":"#0","tintindex":0},"east":{"uv":[1.252,10.752,1.373,10.998],"rotation":0,"texture":"#0","tintindex":0},"north":{"uv":[10.627,1.752,10.748,1.998],"rotation":0,"texture":"#0","tintindex":0},"south":{"uv":[10.502,10.8145,10.623,11.0605],"rotation":0,"texture":"#0","tintindex":0},"up":{"uv":[9.0605,11.1855,8.9395,11.0645],"rotation":0,"texture":"#0","tintindex":0},"west":{"uv":[2.3145,10.9395,2.4355,11.1855],"rotation":0,"texture":"#0","tintindex":0}}},{"name":"cube","from":[2.3799264,13.437503,15.473183],"to":[6.5799265,15.237503,16.673183],"rotation":{"angle":0.0,"axis":"x","origin":[7.9299264,15.387503,16.073181]},"faces":{"down":{"uv":[12.5605,1.502,12.127,1.623],"rotation":0,"texture":"#0","tintindex":0},"east":{"uv":[10.8145,4.002,10.9355,4.1855],"rotation":0,"texture":"#0","tintindex":0},"north":{"uv":[8.0645,1.502,8.498,1.6855],"rotation":0,"texture":"#0","tintindex":0},"south":{"uv":[9.502,4.1895,9.9355,4.373],"rotation":0,"texture":"#0","tintindex":0},"up":{"uv":[12.498,9.498,12.0645,9.377],"rotation":0,"texture":"#0","tintindex":0},"west":{"uv":[10.9395,4.002,11.0605,4.1855],"rotation":0,"texture":"#0","tintindex":0}}},{"name":"cube","from":[-6.6200743,16.437504,8.273182],"to":[6.5799265,23.637505,20.873184],"rotation":{"angle":22.5,"axis":"y","origin":[-0.020073652,20.037502,14.573182]},"faces":{"down":{"uv":[4.248,3.6895,2.877,4.998],"rotation":0,"texture":"#0","tintindex":0},"east":{"uv":[8.0645,0.752,9.373,1.498],"rotation":0,"texture":"#0","tintindex":0},"north":{"uv":[7.8145,5.502,9.1855,6.248],"rotation":0,"texture":"#0","tintindex":0},"south":{"uv":[7.8145,6.252,9.1855,6.998],"rotation":0,"texture":"#0","tintindex":0},"up":{"uv":[2.873,4.998,1.502,3.6895],"rotation":0,"texture":"#0","tintindex":0},"west":{"uv":[4.252,8.127,5.5605,8.873],"rotation":0,"texture":"#0","tintindex":0}}},{"name":"cube","from":[-7.2200737,16.437504,7.673182],"to":[7.1799264,24.237503,21.473183],"rotation":{"angle":22.5,"axis":"y","origin":[-0.020073652,20.037502,14.573182]},"faces":{"down":{"uv":[4.873,0.9395,3.377,2.373],"rotation":0,"texture":"#0","tintindex":0},"east":{"uv":[1.1895,7.377,2.623,8.1855],"rotation":0,"texture":"#0","tintindex":0},"north":{"uv":[6.5645,0.877,8.0605,1.6855],"rotation":0,"texture":"#0","tintindex":0},"south":{"uv":[7.1895,3.9395,8.6855,4.748],"rotation":0,"texture":"#0","tintindex":0},"up":{"uv":[1.498,4.4355,0.002,3.002],"rotation":0,"texture":"#0","tintindex":0},"west":{"uv":[7.377,1.6895,8.8105,2.498],"rotation":0,"texture":"#0","tintindex":0}}},{"name":"cube","from":[-12.020075,17.637503,13.6731825],"to":[1.1799264,26.037502,13.6731825],"rotation":{"angle":45.0,"axis":"y","origin":[-0.020073652,20.037502,14.573182]},"faces":{"down":{"uv":[1.373,0.002,0.002,0.002],"rotation":0,"texture":"#0","tintindex":0},"east":{"uv":[0.002,0.002,0.002,0.873],"rotation":0,"texture":"#0","tintindex":0},"north":{"uv":[5.4395,7.252,6.8105,8.123],"rotation":0,"texture":"#0","tintindex":0},"south":{"uv":[6.8105,7.252,5.4395,8.123],"rotation":0,"texture":"#0","tintindex":0},"up":{"uv":[1.373,0.002,0.002,0.002],"rotation":0,"texture":"#0","tintindex":0},"west":{"uv":[0.002,0.002,0.002,0.873],"rotation":0,"texture":"#0","tintindex":0}}},{"name":"cube","from":[-6.6200743,11.0375,8.873182],"to":[6.5799265,16.437504,8.873182],"rotation":{"angle":22.5,"axis":"y","origin":[-0.020073652,20.037502,14.573182]},"faces":{"down":{"uv":[1.373,0.002,0.002,0.002],"rotation":0,"texture":"#0","tintindex":0},"east":{"uv":[0.002,0.002,0.002,0.5605],"rotation":0,"texture":"#0","tintindex":0},"north":{"uv":[8.623,9.0645,7.252,9.623],"rotation":0,"texture":"#0","tintindex":0},"south":{"uv":[7.252,9.0645,8.623,9.623],"rotation":0,"texture":"#0","tintindex":0},"up":{"uv":[1.373,0.002,0.002,0.002],"rotation":0,"texture":"#0","tintindex":0},"west":{"uv":[0.002,0.002,0.002,0.5605],"rotation":0,"texture":"#0","tintindex":0}}},{"name":"cube","from":[3.5799263,17.037502,10.073183],"to":[19.179928,26.037502,23.273182],"rotation":{"angle":0.0,"axis":"x","origin":[20.529926,15.387503,16.073181]},"faces":{"down":{"uv":[3.373,1.377,1.752,2.748],"rotation":0,"texture":"#0","tintindex":0},"east":{"uv":[2.6895,6.502,4.0605,7.4355],"rotation":0,"texture":"#0","tintindex":0},"north":{"uv":[3.127,5.5645,4.748,6.498],"rotation":0,"texture":"#0","tintindex":0},"south":{"uv":[4.752,5.5645,6.373,6.498],"rotation":0,"texture":"#0","tintindex":0},"up":{"uv":[3.373,1.373,1.752,0.002],"rotation":0,"texture":"#0","tintindex":0},"west":{"uv":[4.0645,6.502,5.4355,7.4355],"rotation":0,"texture":"#0","tintindex":0}}},{"name":"cube","from":[2.9799266,17.037502,9.473183],"to":[19.779926,26.637505,23.873184],"rotation":{"angle":0.0,"axis":"x","origin":[20.529926,15.387503,16.073181]},"faces":{"down":{"uv":[1.748,1.502,0.002,2.998],"rotation":0,"texture":"#0","tintindex":0},"east":{"uv":[5.6895,4.377,7.1855,5.373],"rotation":0,"texture":"#0","tintindex":0},"north":{"uv":[4.127,2.377,5.873,3.373],