{"textures":{"0":"modelengine:entity/skog_birch"},"elements":[{"from":[4.1198297,-0.5523329,2.4749227],"to":[9.262687,8.019096,10.474923],"rotation":{"angle":0.0,"axis":"y","origin":[5.0,13.285715,4.0]},"faces":{"east":{"uv":[8.8145,1.502,9.6855,2.4355],"rotation":0,"texture":"#0","tintindex":0},"south":{"uv":[9.627,9.3145,10.1855,10.248],"rotation":0,"texture":"#0","tintindex":0},"north":{"uv":[9.627,8.377,10.1855,9.3105],"rotation":0,"texture":"#0","tintindex":0},"west":{"uv":[2.4395,8.8145,3.3105,9.748],"rotation":0,"texture":"#0","tintindex":0},"up":{"uv":[9.623,10.5605,9.0645,9.6895],"rotation":0,"texture":"#0","tintindex":0},"down":{"uv":[0.5605,9.752,0.002,10.623],"rotation":0,"texture":"#0","tintindex":0}}},{"from":[3.5484009,-5.123761,1.9034939],"to":[9.262687,8.019096,11.046351],"rotation":{"angle":0.0,"axis":"y","origin":[5.0,13.285715,4.0]},"faces":{"east":{"uv":[1.6895,5.9395,2.6855,7.373],"rotation":0,"texture":"#0","tintindex":0},"south":{"uv":[1.8145,8.1895,2.4355,9.623],"rotation":0,"texture":"#0","tintindex":0},"north":{"uv":[1.1895,8.1895,1.8105,9.623],"rotation":0,"texture":"#0","tintindex":0},"west":{"uv":[6.002,2.877,6.998,4.3105],"rotation":0,"texture":"#0","tintindex":0},"up":{"uv":[1.998,10.623,1.377,9.627],"rotation":0,"texture":"#0","tintindex":0},"down":{"uv":[7.873,9.627,7.252,10.623],"rotation":0,"texture":"#0","tintindex":0}}},{"from":[5.2626867,5.7333817,10.474923],"to":[6.9769726,8.019096,13.332066],"rotation":{"angle":0.0,"axis":"y","origin":[5.0,13.285715,4.0]},"faces":{"east":{"uv":[12.0645,3.377,12.373,3.623],"rotation":0,"texture":"#0","tintindex":0},"south":{"uv":[9.4395,12.1895,9.623,12.4355],"rotation":0,"texture":"#0","tintindex":0},"north":{"uv":[9.252,12.1895,9.4355,12.4355],"rotation":0,"texture":"#0","tintindex":0},"west":{"uv":[12.0645,3.627,12.373,3.873],"rotation":0,"texture":"#0","tintindex":0},"up":{"uv":[4.6855,12.4355,4.502,12.127],"rotation":0,"texture":"#0","tintindex":0},"down":{"uv":[12.3105,5.1895,12.127,5.498],"rotation":0,"texture":"#0","tintindex":0}}},{"from":[10.045262,-1.4288073,4.189208],"to":[14.045263,5.4283357,8.760637],"rotation":{"angle":-22.5,"axis":"z","origin":[13.857143,9.571428,9.714286]},"faces":{"east":{"uv":[0.002,10.627,0.498,11.373],"rotation":0,"texture":"#0","tintindex":0},"south":{"uv":[4.9395,10.752,5.373,11.498],"rotation":0,"texture":"#0","tintindex":0},"north":{"uv":[2.4395,10.752,2.873,11.498],"rotation":0,"texture":"#0","tintindex":0},"west":{"uv":[10.627,1.002,11.123,1.748],"rotation":0,"texture":"#0","tintindex":0},"up":{"uv":[11.373,11.998,10.9395,11.502],"rotation":0,"texture":"#0","tintindex":0},"down":{"uv":[11.8105,11.502,11.377,11.998],"rotation":0,"texture":"#0","tintindex":0}}},{"from":[4.1198297,-5.123761,2.4749227],"to":[5.834115,-0.5523329,10.474923],"rotation":{"angle":0.0,"axis":"y","origin":[5.0,13.285715,4.0]},"faces":{"east":{"uv":[4.877,1.877,5.748,2.373],"rotation":0,"texture":"#0","tintindex":0},"south":{"uv":[9.9395,11.0645,10.123,11.5605],"rotation":0,"texture":"#0","tintindex":0},"north":{"uv":[2.4395,8.1895,2.623,8.6855],"rotation":0,"texture":"#0","tintindex":0},"west":{"uv":[9.9395,0.002,10.8105,0.498],"rotation":0,"texture":"#0","tintindex":0},"up":{"uv":[7.623,12.6855,7.4395,11.8145],"rotation":0,"texture":"#0","tintindex":0},"down":{"uv":[11.998,11.752,11.8145,12.623],"rotation":0,"texture":"#0","tintindex":0}}},{"from":[4.1198297,-9.123762,7.046351],"to":[5.834115,-5.123761,10.474923],"rotation":{"angle":0.0,"axis":"y","origin":[5.0,13.285715,4.0]},"faces":{"east":{"uv":[11.877,0.002,12.248,0.4355],"rotation":0,"texture":"#0","tintindex":0},"south":{"uv":[11.4395,7.877,11.623,8.3105],"rotation":0,"texture":"#0","tintindex":0},"north":{"uv":[7.002,3.9395,7.1855,4.373],"rotation":0,"texture":"#0","tintindex":0},"west":{"uv":[11.877,5.5645,12.248,5.998],"rotation":0,"texture":"#0","tintindex":0},"up":{"uv":[12.248,4.8105,12.0645,4.4395],"rotation":0,"texture":"#0","tintindex":0},"down":{"uv":[12.248,4.8145,12.0645,5.1855],"rotation":0,"texture":"#0","tintindex":0}}},{"from":[3.862729,-2.21564,3.046351],"to":[7.862729,2.9272175,9.903494],"rotation":{"angle":22.5,"axis":"z","origin":[11.285714,3.8571424,9.714286]},"faces":{"east":{"uv":[10.1895,6.627,10.9355,7.1855],"rotation":0,"texture":"#0","tintindex":0},"south":{"uv":[6.377,11.252,6.8105,11.8105],"rotation":0,"texture":"#0","tintindex":0},"north":{"uv":[2.6895,5.9395,3.123,6.498],"rotation":0,"texture":"#0","tintindex":0},"west":{"uv":[10.1895,8.377,10.9355,8.9355],"rotation":0,"texture":"#0","tintindex":0},"up":{"uv":[11.0605,11.498,10.627,10.752],"rotation":0,"texture":"#0","tintindex":0},"down":{"uv":[11.248,2.9395,10.8145,3.6855],"rotation":0,"texture":"#0","tintindex":0}}},{"from":[6.2626867,6.3048105,11.61778],"to":[6.2626867,11.447668,15.046351],"rotation":{"angle":0.0,"axis":"y","origin":[5.0,13.285715,4.0]},"faces":{"east":{"uv":[11.6895,7.877,12.0605,8.4355],"rotation":0,"texture":"#0","tintindex":0},"south":{"uv":[0.002,0.002,0.002,0.5605],"rotation":0,"texture":"#0","tintindex":0},"north":{"uv":[0.002,0.002,0.002,0.5605],"rotation":0,"texture":"#0","tintindex":0},"west":{"uv":[11.6895,7.877,12.0605,8.4355],"rotation":0,"texture":"#0","tintindex":0},"up":{"uv":[0.002,0.373,0.002,0.002],"rotation":0,"texture":"#0","tintindex":0},"down":{"uv":[0.002,0.002,0.002,0.373],"rotation":0,"texture":"#0","tintindex":0}}},{"from":[5.2857733,9.733382,13.185232],"to":[5.2857733,13.161954,18.899517],"rotation":{"angle":-22.5,"axis":"y","origin":[9.714286,16.142857,17.714287]},"faces":{"east":{"uv":[11.4395,4.4395,12.0605,4.8105],"rotation":0,"texture":"#0","tintindex":0},"south":{"uv":[0.002,0.002,0.002,0.373],"rotation":0,"texture":"#0","tintindex":0},"north":{"uv":[0.002,0.002,0.002,0.373],"rotation":0,"texture":"#0","tintindex":0},"west":{"uv":[12.0605,4.4395,11.4395,4.8105],"rotation":0,"texture":"#0","tintindex":0},"up":{"uv":[0.002,0.623,0.002,0.002],"rotation":0,"texture":"#0","tintindex":0},"down":{"uv":[0.002,0.002,0.002,0.623],"rotation":0,"texture":"#0","tintindex":0}}}],"display":{"head":{"translation":[0.0,-6.4,0.0],"scale":[4.0,4.0,4.0]}}}