{"textures":{"0":"modelengine:entity/skog_birch"},"elements":[{"from":[3.8571424,2.5714283,2.8571424],"to":[6.142857,11.142858,12.0],"rotation":{"angle":0.0,"axis":"y","origin":[8.0,10.285714,5.714286]},"faces":{"east":{"uv":[6.752,8.127,7.748,9.0605],"rotation":0,"texture":"#0","tintindex":0},"south":{"uv":[9.377,11.252,9.623,12.1855],"rotation":0,"texture":"#0","tintindex":0},"north":{"uv":[1.752,11.1895,1.998,12.123],"rotation":0,"texture":"#0","tintindex":0},"west":{"uv":[7.752,8.127,8.748,9.0605],"rotation":0,"texture":"#0","tintindex":0},"up":{"uv":[0.8105,10.748,0.5645,9.752],"rotation":0,"texture":"#0","tintindex":0},"down":{"uv":[4.8105,11.127,4.5645,12.123],"rotation":0,"texture":"#0","tintindex":0}}},{"from":[6.142857,2.5714283,2.8571424],"to":[9.571428,11.142858,5.142857],"rotation":{"angle":0.0,"axis":"y","origin":[8.0,10.285714,5.714286]},"faces":{"east":{"uv":[11.4395,8.6895,11.6855,9.623],"rotation":0,"texture":"#0","tintindex":0},"south":{"uv":[10.627,9.8145,10.998,10.748],"rotation":0,"texture":"#0","tintindex":0},"north":{"uv":[0.8145,8.6895,1.1855,9.623],"rotation":0,"texture":"#0","tintindex":0},"west":{"uv":[11.4395,10.5645,11.6855,11.498],"rotation":0,"texture":"#0","tintindex":0},"up":{"uv":[12.373,12.248,12.002,12.002],"rotation":0,"texture":"#0","tintindex":0},"down":{"uv":[12.4355,0.6895,12.0645,0.9355],"rotation":0,"texture":"#0","tintindex":0}}},{"from":[6.142857,2.5714283,9.714286],"to":[9.571428,11.142858,12.0],"rotation":{"angle":0.0,"axis":"y","origin":[8.0,10.285714,5.714286]},"faces":{"east":{"uv":[2.3145,11.502,2.5605,12.4355],"rotation":0,"texture":"#0","tintindex":0},"south":{"uv":[0.877,10.752,1.248,11.6855],"rotation":0,"texture":"#0","tintindex":0},"north":{"uv":[0.502,10.752,0.873,11.6855],"rotation":0,"texture":"#0","tintindex":0},"west":{"uv":[2.5645,11.502,2.8105,12.4355],"rotation":0,"texture":"#0","tintindex":0},"up":{"uv":[12.4355,1.1855,12.0645,0.9395],"rotation":0,"texture":"#0","tintindex":0},"down":{"uv":[12.4355,2.877,12.0645,3.123],"rotation":0,"texture":"#0","tintindex":0}}},{"from":[6.142857,3.142857,5.142857],"to":[11.285714,10.571428,9.714286],"rotation":{"angle":0.0,"axis":"y","origin":[8.0,10.285714,5.714286]},"faces":{"east":{"uv":[9.627,10.252,10.123,11.0605],"rotation":0,"texture":"#0","tintindex":0},"south":{"uv":[4.0645,9.8145,4.623,10.623],"rotation":0,"texture":"#0","tintindex":0},"north":{"uv":[6.5645,9.752,7.123,10.5605],"rotation":0,"texture":"#0","tintindex":0},"west":{"uv":[3.502,10.5645,3.998,11.373],"rotation":0,"texture":"#0","tintindex":0},"up":{"uv":[11.6855,1.1855,11.127,0.6895],"rotation":0,"texture":"#0","tintindex":0},"down":{"uv":[11.6855,1.1895,11.127,1.6855],"rotation":0,"texture":"#0","tintindex":0}}},{"from":[9.571428,4.8571424,2.8571424],"to":[12.428572,11.142858,5.142857],"rotation":{"angle":0.0,"axis":"y","origin":[8.0,10.285714,5.714286]},"faces":{"east":{"uv":[1.502,3.002,1.748,3.6855],"rotation":0,"texture":"#0","tintindex":0},"south":{"uv":[5.252,11.5645,5.5605,12.248],"rotation":0,"texture":"#0","tintindex":0},"north":{"uv":[3.1895,11.502,3.498,12.1855],"rotation":0,"texture":"#0","tintindex":0},"west":{"uv":[6.8145,11.8145,7.0605,12.498],"rotation":0,"texture":"#0","tintindex":0},"up":{"uv":[11.4355,4.6855,11.127,4.4395],"rotation":0,"texture":"#0","tintindex":0},"down":{"uv":[12.373,3.127,12.0645,3.373],"rotation":0,"texture":"#0","tintindex":0}}},{"from":[3.8571424,11.142858,2.8571424],"to":[6.142857,16.285715,7.428571],"rotation":{"angle":0.0,"axis":"y","origin":[8.0,10.285714,5.714286]},"faces":{"east":{"uv":[1.1895,6.8145,1.6855,7.373],"rotation":0,"texture":"#0","tintindex":0},"south":{"uv":[5.752,12.002,5.998,12.5605],"rotation":0,"texture":"#0","tintindex":0},"north":{"uv":[4.8145,12.002,5.0605,12.5605],"rotation":0,"texture":"#0","tintindex":0},"west":{"uv":[8.1895,3.3145,8.6855,3.873],"rotation":0,"texture":"#0","tintindex":0},"up":{"uv":[12.248,6.998,12.002,6.502],"rotation":0,"texture":"#0","tintindex":0},"down":{"uv":[8.6855,12.002,8.4395,12.498],"rotation":0,"texture":"#0","tintindex":0}}}],"display":{"head":{"translation":[0.0,-6.4,0.0],"scale":[4.0,4.0,4.0]}}}