{"textures":{"0":"modelengine:entity/skog_birch"},"elements":[{"name":"cube","from":[8.027146,-3.7461133,6.0193415],"to":[11.027147,8.853888,10.219341],"rotation":{"angle":22.5,"axis":"z","origin":[8.488395,4.0724034,11.99022]},"faces":{"down":{"uv":[6.002,12.002,6.3105,12.4355],"rotation":0,"texture":"#0","tintindex":0},"east":{"uv":[8.3105,9.627,7.877,10.9355],"rotation":0,"texture":"#0","tintindex":0},"north":{"uv":[4.9355,9.8145,4.627,11.123],"rotation":0,"texture":"#0","tintindex":0},"south":{"uv":[3.498,10.1895,3.1895,11.498],"rotation":0,"texture":"#0","tintindex":0},"up":{"uv":[10.3145,1.4355,10.623,1.002],"rotation":0,"texture":"#0","tintindex":0},"west":{"uv":[2.4355,9.627,2.002,10.9355],"rotation":0,"texture":"#0","tintindex":0}}}],"display":{"head":{"translation":[0.0,-6.4,0.0],"rotation":[0.0,0.0,0.0],"scale":[3.8095,3.8095,3.8095]}}}