{"textures":{"0":"modelengine:entity/skog_birch"},"elements":[{"from":[1.3230753,-1.1651258,6.8947153],"to":[6.465933,1.1205893,8.037572],"rotation":{"angle":22.5,"axis":"z","origin":[2.203412,4.779468,12.9954605]},"faces":{"east":{"uv":[5.998,3.127,5.877,3.373],"rotation":0,"texture":"#0","tintindex":0},"south":{"uv":[12.4355,9.9395,11.877,10.1855],"rotation":0,"texture":"#0","tintindex":0},"north":{"uv":[12.4355,0.4395,11.877,0.6855],"rotation":0,"texture":"#0","tintindex":0},"west":{"uv":[5.998,2.877,5.877,3.123],"rotation":0,"texture":"#0","tintindex":0},"up":{"uv":[9.252,5.498,9.8105,5.377],"rotation":0,"texture":"#0","tintindex":0},"down":{"uv":[9.8145,5.377,10.373,5.498],"rotation":0,"texture":"#0","tintindex":0}}},{"from":[7.0318937,0.99039555,6.3232865],"to":[9.317608,8.418967,8.609001],"rotation":{"angle":0.0,"axis":"y","origin":[3.917698,9.065183,15.281175]},"faces":{"east":{"uv":[11.9355,10.5645,11.6895,11.373],"rotation":0,"texture":"#0","tintindex":0},"south":{"uv":[4.498,11.6895,4.252,12.498],"rotation":0,"texture":"#0","tintindex":0},"north":{"uv":[10.498,11.627,10.252,12.4355],"rotation":0,"texture":"#0","tintindex":0},"west":{"uv":[1.6855,11.6895,1.4395,12.498],"rotation":0,"texture":"#0","tintindex":0},"up":{"uv":[12.0645,8.623,12.3105,8.377],"rotation":0,"texture":"#0","tintindex":0},"down":{"uv":[12.0645,8.627,12.3105,8.873],"rotation":0,"texture":"#0","tintindex":0}}}],"display":{"head":{"translation":[0.0,-6.4,0.0],"scale":[4.0,4.0,4.0]}}}