{"textures":{"0":"modelengine:entity/skog_birch"},"elements":[{"name":"cube","from":[5.3,2.6800547,3.3483229],"to":[10.700001,6.8800545,11.148323],"rotation":{"angle":0.0,"axis":"x","origin":[8.0,3.2800546,6.9483232]},"faces":{"down":{"uv":[6.5605,9.752,6.002,10.5605],"rotation":0,"texture":"#0","tintindex":0},"east":{"uv":[10.627,8.9395,11.4355,9.373],"rotation":0,"texture":"#0","tintindex":0},"north":{"uv":[11.252,3.127,11.8105,3.5605],"rotation":0,"texture":"#0","tintindex":0},"south":{"uv":[4.002,11.252,4.5605,11.6855],"rotation":0,"texture":"#0","tintindex":0},"up":{"uv":[4.0605,10.5605,3.502,9.752],"rotation":0,"texture":"#0","tintindex":0},"west":{"uv":[10.627,9.377,11.4355,9.8105],"rotation":0,"texture":"#0","tintindex":0}}},{"name":"cube","from":[2.8999999,15.210039,4.1171746],"to":[13.1,21.210041,8.317175],"rotation":{"angle":0.0,"axis":"x","origin":[8.0,20.01004,2.3171744]},"faces":{"down":{"uv":[9.6895,2.002,10.748,2.4355],"rotation":180,"texture":"#0","tintindex":0},"east":{"uv":[11.127,2.1895,11.748,2.623],"rotation":90,"texture":"#0","tintindex":0},"north":{"uv":[10.3105,3.0605,9.252,2.4395],"rotation":180,"texture":"#0","tintindex":0},"south":{"uv":[10.3105,4.377,9.252,4.998],"rotation":0,"texture":"#0","tintindex":0},"up":{"uv":[2.4395,9.752,3.498,10.1855],"rotation":0,"texture":"#0","tintindex":0},"west":{"uv":[11.127,4.002,11.748,4.4355],"rotation":270,"texture":"#0","tintindex":0}}},{"name":"cube","from":[1.0999997,14.518695,3.6579542],"to":[14.900001,21.718697,12.657954],"rotation":{"angle":-45.0,"axis":"x","origin":[8.0,21.718697,4.2579546]},"faces":{"down":{"uv":[7.8105,6.3145,6.377,7.248],"rotation":0,"texture":"#0","tintindex":0},"east":{"uv":[5.4395,6.502,6.373,7.248],"rotation":0,"texture":"#0","tintindex":0},"north":{"uv":[7.4395,0.002,8.873,0.748],"rotation":0,"texture":"#0","tintindex":0},"south":{"uv":[7.8145,4.752,9.248,5.498],"rotation":0,"texture":"#0","tintindex":0},"up":{"uv":[7.8105,6.3105,6.377,5.377],"rotation":0,"texture":"#0","tintindex":0},"west":{"uv":[9.1895,6.0645,10.123,6.8105],"rotation":0,"texture":"#0","tintindex":0}}},{"name":"cube","from":[1.0999997,11.167223,15.28822],"to":[14.900001,22.567223,15.28822],"rotation":{"angle":0.0,"axis":"x","origin":[8.0,16.867224,15.28822]},"faces":{"down":{"uv":[1.4355,0.002,0.002,0.002],"rotation":0,"texture":"#0","tintindex":0},"east":{"uv":[0.002,0.002,0.002,1.1855],"rotation":0,"texture":"#0","tintindex":0},"north":{"uv":[1.4355,4.4395,0.002,5.623],"rotation":0,"texture":"#0","tintindex":0},"south":{"uv":[0.002,4.4395,1.4355,5.623],"rotation":0,"texture":"#0","tintindex":0},"up":{"uv":[1.4355,0.002,0.002,0.002],"rotation":0,"texture":"#0","tintindex":0},"west":{"uv":[0.002,0.002,0.002,1.1855],"rotation":0,"texture":"#0","tintindex":0}}},{"name":"cube","from":[10.1,18.718695,12.057955],"to":[13.7,22.318695,19.257954],"rotation":{"angle":0.0,"axis":"x","origin":[8.0,21.718697,4.2579546]},"faces":{"down":{"uv":[11.4355,10.752,11.0645,11.498],"rotation":0,"texture":"#0","tintindex":0},"east":{"uv":[3.377,2.377,4.123,2.748],"rotation":0,"texture":"#0","tintindex":0},"north":{"uv":[0.002,12.002,0.373,12.373],"rotation":0,"texture":"#0","tintindex":0},"south":{"uv":[12.002,2.127,12.373,2.498],"rotation":0,"texture":"#0","tintindex":0},"up":{"uv":[11.3105,7.1855,10.9395,6.4395],"rotation":0,"texture":"#0","tintindex":0},"west":{"uv":[7.377,2.502,8.123,2.873],"rotation":0,"texture":"#0","tintindex":0}}},{"name":"cube","from":[11.3,22.318695,17.457954],"to":[12.5,23.518696,19.257954],"rotation":{"angle":0.0,"axis":"x","origin":[8.0,21.718697,4.2579546]},"faces":{"down":{"uv":[8.8105,1.502,8.6895,1.6855],"rotation":0,"texture":"#0","tintindex":0},"east":{"uv":[2.4395,8.6895,2.623,8.8105],"rotation":0,"texture":"#0","tintindex":0},"north":{"uv":[7.127,10.502,7.248,10.623],"rotation":0,"texture":"#0","tintindex":0},"south":{"uv":[11.002,0.3145,11.123,0.4355],"rotation":0,"texture":"#0","tintindex":0},"up":{"uv":[5.873,2.373,5.752,2.1895],"rotation":0,"texture":"#0","tintindex":0},"west":{"uv":[10.377,5.377,10.5605,5.498],"rotation":0,"texture":"#0","tintindex":0}}},{"name":"cube","from":[7.1,23.518696,15.057955],"to":[17.3,28.318699,22.857956],"rotation":{"angle":0.0,"axis":"x","origin":[8.0,21.718697,4.2579546]},"faces":{"down":{"uv":[9.248,7.002,8.1895,7.8105],"rotation":0,"texture":"#0","tintindex":0},"east":{"uv":[4.9395,10.252,5.748,10.748],"rotation":0,"texture":"#0","tintindex":0},"north":{"uv":[3.127,5.002,4.1855,5.498],"rotation":0,"texture":"#0","tintindex":0},"south":{"uv":[9.627,7.877,10.6855,8.373],"rotation":0,"texture":"#0","tintindex":0},"up":{"uv":[9.248,3.3105,8.1895,2.502],"rotation":0,"texture":"#0","tintindex":0},"west":{"uv":[10.3145,0.502,11.123,0.998],"rotation":0,"texture":"#0","tintindex":0}}},{"name":"cube","from":[-1.9000006,21.718697,3.6579542],"to":[1.0999997,21.718697,12.657954],"rotation":{"angle":-45.0,"axis":"x","origin":[8.0,21.718697,4.2579546]},"faces":{"down":{"uv":[2.3105,10.9395,2.002,11.873],"rotation":0,"texture":"#0","tintindex":0},"east":{"uv":[0.002,0.002,0.9355,0.002],"rotation":0,"texture":"#0","tintindex":0},"north":{"uv":[0.002,0.002,0.3105,0.002],"rotation":0,"texture":"#0","tintindex":0},"south":{"uv":[0.002,0.002,0.3105,0.002],"rotation":0,"texture":"#0","tintindex":0},"up":{"uv":[2.3105,11.873,2.002,10.9395],"rotation":0,"texture":"#0","tintindex":0},"west":{"uv":[0.002,0.002,0.9355,0.002],"rotation":0,"texture":"#0","tintindex":0}}},{"name":"cube","from":[14.900001,21.718697,3.6579542],"to":[17.900002,21.718697,12.657954],"rotation":{"angle":-45.0,"axis":"x","origin":[7.4,21.718697,4.2579546]},"faces":{"down":{"uv":[7.998,10.9395,7.6895,11.873],"rotation":0,"texture":"#0","tintindex":0},"east":{"uv":[0.002,0.002,0.9355,0.002],"rotation":0,"texture":"#0","tintindex":0},"north":{"uv":[0.002,0.002,0.3105,0.002],"rotation":0,"texture":"#0","tintindex":0},"south":{"uv":[0.002,0.002,0.3105,0.002],"rotation":0,"texture":"#0","tintindex":0},"up":{"uv":[7.998,11.873,7.6895,10.9395],"rotation":0,"texture":"#0","tintindex":0},"west":{"uv":[0.002,0.002,0.9355,0.002],"rotation":0,"texture":"#0","tintindex":0}}},{"name":"cube","from":[1.0999997,26.889713,10.553408],"to":[14.900001,29.289715,10.553408],"rotation":{"angle":22.5,"axis":"x","origin":[8.0,26.889713,11.453407]},"faces":{"down":{"uv":[1.4355,0.002,0.002,0.002],"rotation":0,"texture":"#0","tintindex":0},"east":{"uv":[0.002,0.002,0.002,0.248],"rotation":0,"texture":"#0","tintindex":0},"north":{"uv":[0.002,5.627,1.4355,5.873],"rotation":0,"texture":"#0","tintindex":0},"south":{"uv":[1.4355,5.627,0.002,5.873],"rotation":0,"texture":"#0","tintindex":0},"up":{"uv":[1.4355,0.002,0.002,0.002],"rotation":0,"texture":"#0","tintindex":0},"west":{"uv":[0.002,0.002,0.002,0.248],"rotation":0,"texture":"#0","tintindex":0}}},{"name":"cube","from":[-0.10000038,13.318694,6.0579543],"to":[16.1,22.318695,14.457953],"rotation":{"angle":0.0,"axis":"x","origin":[8.0,21.718697,4.2579546]},"faces":{"down":{"uv":[1.6855,5.9395,0.002,6.8105],"rotation":0,"texture":"#0","tintindex":0},"east":{"uv":[8.752,7.8145,9.623,8.748],"rotation":0,"texture":"#0","tintindex":0},"north":{"uv":[4.877,0.9395,6.5605,1.873],"rotation":0,"texture":"#0","tintindex":0},"south":{"uv":[1.4395,5.002,3.123,5.9355],"rotation":0,"texture":"#0","tintindex":0},"up":{"uv":[7.4355,0.873,5.752,0.002],"rotation":0,"texture":"#0","tintindex":0},"west":{"uv":[8.752,8.752,9.623,9.6855],"rotation":0,"texture":"#0","tintindex":0}}},{"name":"cube","from":[2.2999997,4.9999986,5.6],"to":[13.7,15.2,13.400001],"rotation":{"angle":22.5,"axis":"x","origin":[8.0,11.6,9.2]},"faces":{"down":{"uv":[6.748,8.127,5.5645,8.9355],"rotation":0,"texture":"#0","tintindex":0},"east":{"uv":[0.002,8.6895,0.8105,9.748],"rotation":0,"texture":"#0","tintindex":0},"north":{"uv":[0.002,6.8145,1.1855,7.873],"rotation":0,"texture":"#0","tintindex":0},"south":{"uv":[7.002,2.877,8.1855,3.9355],"rotation":0,"texture":"#0","tintindex":0},