{"textures":{"0":"modelengine:entity/skog_birch"},"elements":[{"from":[5.428571,2.9333858,3.5698314],"to":[10.571428,6.933386,10.998404],"rotation":{"angle":0.0,"axis":"y","origin":[8.0,3.5048146,6.9984026]},"faces":{"east":{"uv":[10.627,8.9395,11.4355,9.373],"rotation":0,"texture":"#0","tintindex":0},"south":{"uv":[4.002,11.252,4.5605,11.6855],"rotation":0,"texture":"#0","tintindex":0},"north":{"uv":[11.252,3.127,11.8105,3.5605],"rotation":0,"texture":"#0","tintindex":0},"west":{"uv":[10.627,9.377,11.4355,9.8105],"rotation":0,"texture":"#0","tintindex":0},"up":{"uv":[4.0605,10.5605,3.502,9.752],"rotation":0,"texture":"#0","tintindex":0},"down":{"uv":[6.5605,9.752,6.002,10.5605],"rotation":0,"texture":"#0","tintindex":0}}},{"from":[3.142857,14.866705,4.3020706],"to":[12.857143,20.58099,8.302071],"rotation":{"angle":0.0,"axis":"y","origin":[8.0,19.438133,2.5877852]},"faces":{"east":{"uv":[11.127,2.1895,11.748,2.623],"rotation":90,"texture":"#0","tintindex":0},"south":{"uv":[10.3105,4.377,9.252,4.998],"rotation":0,"texture":"#0","tintindex":0},"north":{"uv":[10.3105,3.0605,9.252,2.4395],"rotation":180,"texture":"#0","tintindex":0},"west":{"uv":[11.127,4.002,11.748,4.4355],"rotation":270,"texture":"#0","tintindex":0},"up":{"uv":[2.4395,9.752,3.498,10.1855],"rotation":0,"texture":"#0","tintindex":0},"down":{"uv":[9.6895,2.002,10.748,2.4355],"rotation":180,"texture":"#0","tintindex":0}}},{"from":[1.4285712,14.208282,3.8647184],"to":[14.571428,21.065426,12.436148],"rotation":{"angle":-45.0,"axis":"x","origin":[8.0,21.065426,4.4361467]},"faces":{"east":{"uv":[5.4395,6.502,6.373,7.248],"rotation":0,"texture":"#0","tintindex":0},"south":{"uv":[7.8145,4.752,9.248,5.498],"rotation":0,"texture":"#0","tintindex":0},"north":{"uv":[7.4395,0.002,8.873,0.748],"rotation":0,"texture":"#0","tintindex":0},"west":{"uv":[9.1895,6.0645,10.123,6.8105],"rotation":0,"texture":"#0","tintindex":0},"up":{"uv":[7.8105,6.3105,6.377,5.377],"rotation":0,"texture":"#0","tintindex":0},"down":{"uv":[7.8105,6.3145,6.377,7.248],"rotation":0,"texture":"#0","tintindex":0}}},{"from":[1.4285712,11.016404,14.941162],"to":[14.571428,21.873547,14.941162],"rotation":{"angle":0.0,"axis":"y","origin":[8.0,16.444977,14.941162]},"faces":{"east":{"uv":[0.002,0.002,0.002,1.1855],"rotation":0,"texture":"#0","tintindex":0},"south":{"uv":[0.002,4.4395,1.4355,5.623],"rotation":0,"texture":"#0","tintindex":0},"north":{"uv":[1.4355,4.4395,0.002,5.623],"rotation":0,"texture":"#0","tintindex":0},"west":{"uv":[0.002,0.002,0.002,1.1855],"rotation":0,"texture":"#0","tintindex":0},"up":{"uv":[1.4355,0.002,0.002,0.002],"rotation":0,"texture":"#0","tintindex":0},"down":{"uv":[1.4355,0.002,0.002,0.002],"rotation":0,"texture":"#0","tintindex":0}}},{"from":[10.0,18.208282,11.864718],"to":[13.428572,21.636852,18.721863],"rotation":{"angle":0.0,"axis":"y","origin":[8.0,21.065426,4.4361467]},"faces":{"east":{"uv":[3.377,2.377,4.123,2.748],"rotation":0,"texture":"#0","tintindex":0},"south":{"uv":[12.002,2.127,12.373,2.498],"rotation":0,"texture":"#0","tintindex":0},"north":{"uv":[0.002,12.002,0.373,12.373],"rotation":0,"texture":"#0","tintindex":0},"west":{"uv":[7.377,2.502,8.123,2.873],"rotation":0,"texture":"#0","tintindex":0},"up":{"uv":[11.3105,7.1855,10.9395,6.4395],"rotation":0,"texture":"#0","tintindex":0},"down":{"uv":[11.4355,10.752,11.0645,11.498],"rotation":0,"texture":"#0","tintindex":0}}},{"from":[11.142858,21.636852,17.007576],"to":[12.285715,22.77971,18.721863],"rotation":{"angle":0.0,"axis":"y","origin":[8.0,21.065426,4.4361467]},"faces":{"east":{"uv":[2.4395,8.6895,2.623,8.8105],"rotation":0,"texture":"#0","tintindex":0},"south":{"uv":[11.002,0.3145,11.123,0.4355],"rotation":0,"texture":"#0","tintindex":0},"north":{"uv":[7.127,10.502,7.248,10.623],"rotation":0,"texture":"#0","tintindex":0},"west":{"uv":[10.377,5.377,10.5605,5.498],"rotation":0,"texture":"#0","tintindex":0},"up":{"uv":[5.873,2.373,5.752,2.1895],"rotation":0,"texture":"#0","tintindex":0},"down":{"uv":[8.8105,1.502,8.6895,1.6855],"rotation":0,"texture":"#0","tintindex":0}}},{"from":[7.142857,22.77971,14.721861],"to":[16.857143,27.351141,22.150433],"rotation":{"angle":0.0,"axis":"y","origin":[8.0,21.065426,4.4361467]},"faces":{"east":{"uv":[4.9395,10.252,5.748,10.748],"rotation":0,"texture":"#0","tintindex":0},"south":{"uv":[9.627,7.877,10.6855,8.373],"rotation":0,"texture":"#0","tintindex":0},"north":{"uv":[3.127,5.002,4.1855,5.498],"rotation":0,"texture":"#0","tintindex":0},"west":{"uv":[10.3145,0.502,11.123,0.998],"rotation":0,"texture":"#0","tintindex":0},"up":{"uv":[9.248,3.3105,8.1895,2.502],"rotation":0,"texture":"#0","tintindex":0},"down":{"uv":[9.248,7.002,8.1895,7.8105],"rotation":0,"texture":"#0","tintindex":0}}},{"from":[-1.4285717,21.065426,3.8647184],"to":[1.4285712,21.065426,12.436148],"rotation":{"angle":-45.0,"axis":"x","origin":[8.0,21.065426,4.4361467]},"faces":{"east":{"uv":[0.002,0.002,0.9355,0.002],"rotation":0,"texture":"#0","tintindex":0},"south":{"uv":[0.002,0.002,0.3105,0.002],"rotation":0,"texture":"#0","tintindex":0},"north":{"uv":[0.002,0.002,0.3105,0.002],"rotation":0,"texture":"#0","tintindex":0},"west":{"uv":[0.002,0.002,0.9355,0.002],"rotation":0,"texture":"#0","tintindex":0},"up":{"uv":[2.3105,11.873,2.002,10.9395],"rotation":0,"texture":"#0","tintindex":0},"down":{"uv":[2.3105,10.9395,2.002,11.873],"rotation":0,"texture":"#0","tintindex":0}}},{"from":[14.571428,21.065426,3.8647184],"to":[17.428572,21.065426,12.436148],"rotation":{"angle":-45.0,"axis":"x","origin":[7.428571,21.065426,4.4361467]},"faces":{"east":{"uv":[0.002,0.002,0.9355,0.002],"rotation":0,"texture":"#0","tintindex":0},"south":{"uv":[0.002,0.002,0.3105,0.002],"rotation":0,"texture":"#0","tintindex":0},"north":{"uv":[0.002,0.002,0.3105,0.002],"rotation":0,"texture":"#0","tintindex":0},"west":{"uv":[0.002,0.002,0.9355,0.002],"rotation":0,"texture":"#0","tintindex":0},"up":{"uv":[7.998,11.873,7.6895,10.9395],"rotation":0,"texture":"#0","tintindex":0},"down":{"uv":[7.998,10.9395,7.6895,11.873],"rotation":0,"texture":"#0","tintindex":0}}},{"from":[1.4285712,25.990204,10.431816],"to":[14.571428,28.275919,10.431816],"rotation":{"angle":22.5,"axis":"x","origin":[8.0,25.990204,11.2889595]},"faces":{"east":{"uv":[0.002,0.002,0.002,0.248],"rotation":0,"texture":"#0","tintindex":0},"south":{"uv":[1.4355,5.627,0.002,5.873],"rotation":0,"texture":"#0","tintindex":0},"north":{"uv":[0.002,5.627,1.4355,5.873],"rotation":0,"texture":"#0","tintindex":0},"west":{"uv":[0.002,0.002,0.002,0.248],"rotation":0,"texture":"#0","tintindex":0},"up":{"uv":[1.4355,0.002,0.002,0.002],"rotation":0,"texture":"#0","tintindex":0},"down":{"uv":[1.4355,0.002,0.002,0.002],"rotation":0,"texture":"#0","tintindex":0}}},{"from":[0.28571415,13.065425,6.1504326],"to":[15.714286,21.636852,14.150433],"rotation":{"angle":0.0,"axis":"y","origin":[8.0,21.065426,4.4361467]},"faces":{"east":{"uv":[8.752,7.8145,9.623,8.748],"rotation":0,"texture":"#0","tintindex":0},"south":{"uv":[1.4395,5.002,3.123,5.9355],"rotation":0,"texture":"#0","tintindex":0},"north":{"uv":[4.877,0.9395,6.5605,1.873],"rotation":0,"texture":"#0","tintindex":0},"west":{"uv":[8.752,8.752,9.623,9.6855],"rotation":0,"texture":"#0","tintindex":0},"up":{"uv":[7.4355,0.873,5.752,0.002],"rotation":0,"texture":"#0","tintindex":0},"down":{"uv":[1.6855,5.9395,0.002,6.8105],"rotation":0,"texture":"#0","tintindex":0}}},{"from":[2.5714283,5.142857,5.714286],"to":[13.428572,14.857143,13.142858],"rotation":{"angle":22.5,"axis":"x","origin":[8.0,11.428572,9.142858]},"faces":{"east":{"uv":[0.002,8.6895,0.8105,9.748],"rotation":0,"texture":"#0","tintindex":0},"south":{"uv":[7.002,2.877,8.1855,3.9355],"rotation":0,"texture":"#0","tintindex":0},"north":{"uv":[0.002,6.8145,1.1855,7.873],"rotation":0,"texture":"#0","tintindex":0},"west":{"uv":[8.6895,3.3145,9.498,4.373],"rotation":0,"texture":"#0","tintindex":0},"up":{"uv":[1.1855,8.6855,0.002,7.877],"rotation":0,"texture":"#0","tintindex":0},"down":{"uv":[6.748,8.127,5.5645,8.9355],