{"textures":{"0":"modelengine:entity/deadbeard3"},"elements":[{"from":[8.179128,-1.31534,1.7678471],"to":[9.893414,0.3989463,4.053561],"rotation":{"angle":22.5,"axis":"x","origin":[15.797672,-6.363017,4.6677103]},"faces":{"east":{"uv":[13.375,2.875,13.875,3.25],"rotation":0,"texture":"#0","tintindex":0},"south":{"uv":[5.875,13.75,6.25,14.125],"rotation":0,"texture":"#0","tintindex":0},"north":{"uv":[5.5,13.75,5.875,14.125],"rotation":0,"texture":"#0","tintindex":0},"west":{"uv":[13.375,3.25,13.875,3.625],"rotation":0,"texture":"#0","tintindex":0},"up":{"uv":[11.0,8.25,10.625,7.75],"rotation":0,"texture":"#0","tintindex":0},"down":{"uv":[13.75,12.5,13.375,13.0],"rotation":0,"texture":"#0","tintindex":0}}},{"from":[6.4648423,-3.029626,1.7678471],"to":[8.750557,0.3989463,5.767847],"rotation":{"angle":22.5,"axis":"x","origin":[15.797672,-6.363017,4.6677103]},"faces":{"east":{"uv":[3.5,11.0,4.375,11.75],"rotation":0,"texture":"#0","tintindex":0},"south":{"uv":[10.0,12.875,10.5,13.625],"rotation":0,"texture":"#0","tintindex":0},"north":{"uv":[9.5,12.875,10.0,13.625],"rotation":0,"texture":"#0","tintindex":0},"west":{"uv":[8.125,11.0,9.0,11.75],"rotation":0,"texture":"#0","tintindex":0},"up":{"uv":[4.25,10.75,3.75,9.875],"rotation":0,"texture":"#0","tintindex":0},"down":{"uv":[0.5,12.375,0.0,13.25],"rotation":0,"texture":"#0","tintindex":0}}},{"from":[5.8934135,0.3989463,1.7678471],"to":[9.893414,2.6846604,6.339276],"rotation":{"angle":22.5,"axis":"x","origin":[15.797672,-6.363017,4.6677103]},"faces":{"east":{"uv":[11.875,11.125,12.875,11.625],"rotation":0,"texture":"#0","tintindex":0},"south":{"uv":[11.625,12.5,12.5,13.0],"rotation":0,"texture":"#0","tintindex":0},"north":{"uv":[4.75,12.5,5.625,13.0],"rotation":0,"texture":"#0","tintindex":0},"west":{"uv":[4.0,12.0,5.0,12.5],"rotation":0,"texture":"#0","tintindex":0},"up":{"uv":[3.75,10.875,2.875,9.875],"rotation":0,"texture":"#0","tintindex":0},"down":{"uv":[5.875,9.875,5.0,10.875],"rotation":0,"texture":"#0","tintindex":0}}},{"from":[5.8934135,2.6846604,1.7678471],"to":[9.893414,8.398947,5.196419],"rotation":{"angle":22.5,"axis":"x","origin":[15.797672,-6.363017,4.6677103]},"faces":{"east":{"uv":[6.5,9.625,7.25,10.875],"rotation":0,"texture":"#0","tintindex":0},"south":{"uv":[5.625,8.625,6.5,9.875],"rotation":0,"texture":"#0","tintindex":0},"north":{"uv":[1.75,8.625,2.625,9.875],"rotation":0,"texture":"#0","tintindex":0},"west":{"uv":[4.25,9.75,5.0,11.0],"rotation":0,"texture":"#0","tintindex":0},"up":{"uv":[3.5,11.625,2.625,10.875],"rotation":0,"texture":"#0","tintindex":0},"down":{"uv":[5.875,10.875,5.0,11.625],"rotation":0,"texture":"#0","tintindex":0}}}],"display":{"head":{"translation":[0.0,-6.4,0.0],"scale":[4.0,4.0,4.0]}}}