{"textures":{"0":"modelengine:entity/deadbeard3"},"elements":[{"from":[5.992189,4.7034316,7.177063],"to":[9.992189,6.9891458,11.177063],"rotation":{"angle":0.0,"axis":"y","origin":[7.6945066,3.948453,11.394305]},"faces":{"east":{"uv":[3.0,12.375,3.875,12.875],"rotation":0,"texture":"#0","tintindex":0},"south":{"uv":[10.75,12.375,11.625,12.875],"rotation":0,"texture":"#0","tintindex":0},"north":{"uv":[2.125,12.375,3.0,12.875],"rotation":0,"texture":"#0","tintindex":0},"west":{"uv":[3.875,12.5,4.75,13.0],"rotation":0,"texture":"#0","tintindex":0},"up":{"uv":[11.0,2.5,10.125,1.625],"rotation":0,"texture":"#0","tintindex":0},"down":{"uv":[11.0,2.5,10.125,3.375],"rotation":0,"texture":"#0","tintindex":0}}},{"from":[6.5636177,6.9891458,7.748492],"to":[9.42076,8.132003,10.605635],"rotation":{"angle":0.0,"axis":"y","origin":[7.6945066,3.3770242,11.394305]},"faces":{"east":{"uv":[9.375,13.625,10.0,13.875],"rotation":0,"texture":"#0","tintindex":0},"south":{"uv":[11.375,13.625,12.0,13.875],"rotation":0,"texture":"#0","tintindex":0},"north":{"uv":[12.0,8.75,12.625,9.0],"rotation":0,"texture":"#0","tintindex":0},"west":{"uv":[12.0,13.625,12.625,13.875],"rotation":0,"texture":"#0","tintindex":0},"up":{"uv":[7.5,13.375,6.875,12.75],"rotation":0,"texture":"#0","tintindex":0},"down":{"uv":[8.125,12.75,7.5,13.375],"rotation":0,"texture":"#0","tintindex":0}}},{"from":[7.135046,1.8462887,7.177063],"to":[8.849332,2.9891458,8.319921],"rotation":{"angle":0.0,"axis":"y","origin":[7.6945066,1.6627383,11.394305]},"faces":{"east":{"uv":[9.5,7.25,9.75,7.5],"rotation":0,"texture":"#0","tintindex":0},"south":{"uv":[3.75,10.75,4.125,11.0],"rotation":0,"texture":"#0","tintindex":0},"north":{"uv":[10.25,7.0,10.625,7.25],"rotation":0,"texture":"#0","tintindex":0},"west":{"uv":[10.75,12.125,11.0,12.375],"rotation":0,"texture":"#0","tintindex":0},"up":{"uv":[7.125,11.125,6.75,10.875],"rotation":0,"texture":"#0","tintindex":0},"down":{"uv":[11.875,0.5,11.5,0.75],"rotation":0,"texture":"#0","tintindex":0}}},{"from":[7.135046,1.8462887,8.319921],"to":[8.849332,4.7034316,10.034206],"rotation":{"angle":0.0,"axis":"y","origin":[7.6945066,1.6627383,11.394305]},"faces":{"east":{"uv":[9.0,13.375,9.375,14.0],"rotation":0,"texture":"#0","tintindex":0},"south":{"uv":[13.375,13.375,13.75,14.0],"rotation":0,"texture":"#0","tintindex":0},"north":{"uv":[8.625,13.375,9.0,14.0],"rotation":0,"texture":"#0","tintindex":0},"west":{"uv":[13.375,0.5,13.75,1.125],"rotation":0,"texture":"#0","tintindex":0},"up":{"uv":[10.375,14.0,10.0,13.625],"rotation":0,"texture":"#0","tintindex":0},"down":{"uv":[13.0,13.625,12.625,14.0],"rotation":0,"texture":"#0","tintindex":0}}}],"display":{"head":{"translation":[0.0,-6.4,0.0],"scale":[4.0,4.0,4.0]}}}