{"textures":{"0":"modelengine:entity/phoenix_ash"},"elements":[{"from":[7.234633,7.142857,1.8477588],"to":[14.091776,13.428572,10.990616],"rotation":{"angle":0.0,"axis":"y","origin":[10.663204,7.142857,5.8477592]},"faces":{"east":{"uv":[13.68125,4.94375,12.69375,5.61875],"rotation":0,"texture":"#0","tintindex":0},"south":{"uv":[9.56875,13.19375,10.30625,13.86875],"rotation":0,"texture":"#0","tintindex":0},"north":{"uv":[8.81875,13.19375,9.55625,13.86875],"rotation":0,"texture":"#0","tintindex":0},"west":{"uv":[12.69375,4.94375,13.68125,5.61875],"rotation":0,"texture":"#0","tintindex":0},"up":{"uv":[13.30625,11.93125,12.56875,10.94375],"rotation":0,"texture":"#0","tintindex":0},"down":{"uv":[8.80625,12.69375,8.06875,13.68125],"rotation":0,"texture":"#0","tintindex":0}}},{"from":[8.37749,10.0,-3.8665276],"to":[12.948919,10.0,1.8477588],"rotation":{"angle":0.0,"axis":"y","origin":[10.663204,7.142857,5.8477592]},"faces":{"east":{"uv":[0.00625,0.00625,0.61875,0.00625],"rotation":0,"texture":"#0","tintindex":0},"south":{"uv":[0.00625,0.00625,0.49375,0.00625],"rotation":0,"texture":"#0","tintindex":0},"north":{"uv":[0.00625,0.00625,0.49375,0.00625],"rotation":0,"texture":"#0","tintindex":0},"west":{"uv":[0.00625,0.00625,0.61875,0.00625],"rotation":0,"texture":"#0","tintindex":0},"up":{"uv":[12.11875,13.93125,11.63125,13.31875],"rotation":0,"texture":"#0","tintindex":0},"down":{"uv":[5.55625,13.38125,5.06875,13.99375],"rotation":0,"texture":"#0","tintindex":0}}},{"from":[8.37749,7.142857,-3.8665276],"to":[12.948919,12.285715,1.8477588],"rotation":{"angle":0.0,"axis":"y","origin":[10.663204,7.142857,5.8477592]},"faces":{"east":{"uv":[13.86875,13.00625,13.25625,13.55625],"rotation":0,"texture":"#0","tintindex":0},"south":{"uv":[13.44375,10.38125,13.93125,10.93125],"rotation":0,"texture":"#0","tintindex":0},"north":{"uv":[13.44375,9.81875,13.93125,10.36875],"rotation":0,"texture":"#0","tintindex":0},"west":{"uv":[13.25625,13.00625,13.86875,13.55625],"rotation":0,"texture":"#0","tintindex":0},"up":{"uv":[1.43125,11.18125,0.94375,10.56875],"rotation":0,"texture":"#0","tintindex":0},"down":{"uv":[11.99375,2.69375,11.50625,3.30625],"rotation":0,"texture":"#0","tintindex":0}}},{"from":[6.6632047,12.0,1.8477588],"to":[9.520348,14.285715,7.5620446],"rotation":{"angle":-22.5,"axis":"x","origin":[8.091776,12.285715,4.1334734]},"faces":{"east":{"uv":[10.94375,8.69375,11.55625,8.93125],"rotation":0,"texture":"#0","tintindex":0},"south":{"uv":[12.19375,2.44375,12.49375,2.68125],"rotation":0,"texture":"#0","tintindex":0},"north":{"uv":[0.63125,12.19375,0.93125,12.43125],"rotation":0,"texture":"#0","tintindex":0},"west":{"uv":[11.56875,8.69375,12.18125,8.93125],"rotation":0,"texture":"#0","tintindex":0},"up":{"uv":[1.68125,14.18125,1.38125,13.56875],"rotation":0,"texture":"#0","tintindex":0},"down":{"uv":[1.99375,13.56875,1.69375,14.18125],"rotation":0,"texture":"#0","tintindex":0}}},{"from":[8.0,3.7142854,7.142857],"to":[8.0,13.428572,14.0],"rotation":{"angle":-22.5,"axis":"y","origin":[8.0,10.285714,5.142857]},"faces":{"east":{"uv":[2.11875,12.50625,1.38125,13.55625],"rotation":0,"texture":"#0","tintindex":0},"south":{"uv":[0.00625,0.00625,0.00625,1.05625],"rotation":0,"texture":"#0","tintindex":0},"north":{"uv":[0.00625,0.00625,0.00625,1.05625],"rotation":0,"texture":"#0","tintindex":0},"west":{"uv":[1.38125,12.50625,2.11875,13.55625],"rotation":0,"texture":"#0","tintindex":0},"up":{"uv":[0.00625,0.74375,0.00625,0.00625],"rotation":0,"texture":"#0","tintindex":0},"down":{"uv":[0.00625,0.00625,0.00625,0.74375],"rotation":0,"texture":"#0","tintindex":0}}},{"from":[13.326409,3.7142854,7.142857],"to":[13.326409,13.428572,14.0],"rotation":{"angle":22.5,"axis":"y","origin":[13.326409,10.285714,5.142857]},"faces":{"east":{"uv":[2.11875,12.50625,1.38125,13.55625],"rotation":0,"texture":"#0","tintindex":0},"south":{"uv":[0.00625,0.00625,0.00625,1.05625],"rotation":0,"texture":"#0","tintindex":0},"north":{"uv":[0.00625,0.00625,0.00625,1.05625],"rotation":0,"texture":"#0","tintindex":0},"west":{"uv":[1.38125,12.50625,2.11875,13.55625],"rotation":0,"texture":"#0","tintindex":0},"up":{"uv":[0.00625,0.74375,0.00625,0.00625],"rotation":0,"texture":"#0","tintindex":0},"down":{"uv":[0.00625,0.00625,0.00625,0.74375],"rotation":0,"texture":"#0","tintindex":0}}},{"from":[11.806062,12.0,1.8477588],"to":[14.663205,14.285715,7.5620446],"rotation":{"angle":-22.5,"axis":"x","origin":[13.234633,12.285715,4.1334734]},"faces":{"east":{"uv":[12.18125,8.69375,11.56875,8.93125],"rotation":0,"texture":"#0","tintindex":0},"south":{"uv":[12.49375,2.44375,12.19375,2.68125],"rotation":0,"texture":"#0","tintindex":0},"north":{"uv":[0.93125,12.19375,0.63125,12.43125],"rotation":0,"texture":"#0","tintindex":0},"west":{"uv":[11.55625,8.69375,10.94375,8.93125],"rotation":0,"texture":"#0","tintindex":0},"up":{"uv":[1.38125,14.18125,1.68125,13.56875],"rotation":0,"texture":"#0","tintindex":0},"down":{"uv":[1.69375,13.56875,1.99375,14.18125],"rotation":0,"texture":"#0","tintindex":0}}}],"display":{"head":{"translation":[0.0,-6.4,0.0],"scale":[4.0,4.0,4.0]}}}