{"textures":{"0":"modelengine:entity/phoenix_ash"},"elements":[{"name":"cube","from":[6.2,6.2,3.7999997],"to":[9.8,8.6,9.8],"rotation":{"angle":0.0,"axis":"x","origin":[8.0,7.4,6.8]},"faces":{"down":{"uv":[1.36875,13.56875,1.00625,14.18125],"rotation":0,"texture":"#0","tintindex":0},"east":{"uv":[8.31875,10.00625,8.93125,10.24375],"rotation":0,"texture":"#0","tintindex":0},"north":{"uv":[6.88125,9.00625,7.24375,9.24375],"rotation":0,"texture":"#0","tintindex":0},"south":{"uv":[10.81875,1.38125,11.18125,1.61875],"rotation":0,"texture":"#0","tintindex":0},"up":{"uv":[0.99375,14.18125,0.63125,13.56875],"rotation":0,"texture":"#0","tintindex":0},"west":{"uv":[6.19375,10.31875,6.80625,10.55625],"rotation":0,"texture":"#0","tintindex":0}}}],"display":{"head":{"translation":[0.0,-6.4,0.0],"rotation":[0.0,0.0,0.0],"scale":[3.8095,3.8095,3.8095]}}}