{"textures":{"0":"modelengine:entity/phoenix_ash"},"elements":[{"name":"cube","from":[3.6623106,4.1,6.5],"to":[10.262311,9.5,8.3],"rotation":{"angle":-22.5,"axis":"z","origin":[6.962311,5.8999996,7.4]},"faces":{"down":{"uv":[12.55625,6.94375,11.88125,7.11875],"rotation":0,"texture":"#0","tintindex":0},"east":{"uv":[4.13125,5.50625,4.30625,6.24375],"rotation":0,"texture":"#0","tintindex":0},"north":{"uv":[1.94375,6.63125,2.61875,7.36875],"rotation":0,"texture":"#0","tintindex":0},"south":{"uv":[8.31875,9.25625,8.99375,9.99375],"rotation":0,"texture":"#0","tintindex":0},"up":{"uv":[8.68125,3.99375,8.00625,3.81875],"rotation":0,"texture":"#0","tintindex":0},"west":{"uv":[6.69375,4.00625,6.86875,4.74375],"rotation":0,"texture":"#0","tintindex":0}}},{"name":"cube","from":[-3.7088318,-0.9111805,8.3],"to":[5.2911687,10.48882,8.3],"rotation":{"angle":0.0,"axis":"x","origin":[19.39117,18.588821,5.6]},"faces":{"down":{"uv":[0.93125,0.00625,0.00625,0.00625],"rotation":0,"texture":"#0","tintindex":0},"east":{"uv":[0.00625,0.00625,0.00625,1.18125],"rotation":0,"texture":"#0","tintindex":0},"north":{"uv":[11.63125,11.06875,12.55625,12.24375],"rotation":0,"texture":"#0","tintindex":0},"south":{"uv":[12.55625,11.06875,11.63125,12.24375],"rotation":0,"texture":"#0","tintindex":0},"up":{"uv":[0.93125,0.00625,0.00625,0.00625],"rotation":0,"texture":"#0","tintindex":0},"west":{"uv":[0.00625,0.00625,0.00625,1.18125],"rotation":0,"texture":"#0","tintindex":0}}},{"name":"cube","from":[-16.0,-0.9111805,3.2088308],"to":[-1.5999999,10.48882,3.2088308],"rotation":{"angle":-45.0,"axis":"y","origin":[-8.800001,4.78882,3.2088308]},"faces":{"down":{"uv":[1.49375,0.00625,0.00625,0.00625],"rotation":0,"texture":"#0","tintindex":0},"east":{"uv":[0.00625,0.00625,0.00625,1.18125],"rotation":0,"texture":"#0","tintindex":0},"north":{"uv":[2.93125,10.00625,1.44375,11.18125],"rotation":0,"texture":"#0","tintindex":0},"south":{"uv":[1.44375,10.00625,2.93125,11.18125],"rotation":0,"texture":"#0","tintindex":0},"up":{"uv":[1.49375,0.00625,0.00625,0.00625],"rotation":0,"texture":"#0","tintindex":0},"west":{"uv":[0.00625,0.00625,0.00625,1.18125],"rotation":0,"texture":"#0","tintindex":0}}}],"display":{"head":{"translation":[-7.32596,-6.4,0.0],"rotation":[0.0,0.0,0.0],"scale":[3.8095,3.8095,3.8095]}}}
