{"textures":{"0":"modelengine:entity/phoenix_ash"},"elements":[{"from":[-9.142857,7.4285727,5.714286],"to":[12.57143,13.1428585,9.714286],"rotation":{"angle":0.0,"axis":"y","origin":[30.57143,7.142858,0.85714245]},"faces":{"east":{"uv":[13.50625,7.81875,13.93125,8.43125],"rotation":0,"texture":"#0","tintindex":0},"south":{"uv":[10.81875,0.00625,13.18125,0.61875],"rotation":0,"texture":"#0","tintindex":0},"north":{"uv":[9.38125,7.19375,11.74375,7.80625],"rotation":0,"texture":"#0","tintindex":0},"west":{"uv":[13.56875,0.56875,13.99375,1.18125],"rotation":0,"texture":"#0","tintindex":0},"up":{"uv":[14.11875,7.55625,11.75625,7.13125],"rotation":0,"texture":"#0","tintindex":0},"down":{"uv":[14.55625,1.38125,12.19375,1.80625],"rotation":0,"texture":"#0","tintindex":0}}},{"from":[-9.142857,-2.3569221,8.229063],"to":[14.857144,7.928793,8.229063],"rotation":{"angle":-22.5,"axis":"x","origin":[0.57142925,1.3573637,8.229063]},"faces":{"east":{"uv":[0.00625,0.00625,0.00625,1.11875],"rotation":0,"texture":"#0","tintindex":0},"south":{"uv":[6.93125,5.13125,4.31875,6.24375],"rotation":0,"texture":"#0","tintindex":0},"north":{"uv":[4.31875,5.13125,6.93125,6.24375],"rotation":0,"texture":"#0","tintindex":0},"west":{"uv":[0.00625,0.00625,0.00625,1.11875],"rotation":0,"texture":"#0","tintindex":0},"up":{"uv":[2.61875,0.00625,0.00625,0.00625],"rotation":0,"texture":"#0","tintindex":0},"down":{"uv":[2.61875,0.00625,0.00625,0.00625],"rotation":0,"texture":"#0","tintindex":0}}},{"from":[-9.142857,-16.0,9.714286],"to":[12.57143,7.4285727,9.714286],"rotation":{"angle":0.0,"axis":"y","origin":[30.57143,7.142858,0.85714245]},"faces":{"east":{"uv":[0.00625,0.00625,0.00625,2.55625],"rotation":0,"texture":"#0","tintindex":0},"south":{"uv":[6.68125,0.00625,4.31875,2.55625],"rotation":0,"texture":"#0","tintindex":0},"north":{"uv":[4.31875,0.00625,6.68125,2.55625],"rotation":0,"texture":"#0","tintindex":0},"west":{"uv":[0.00625,0.00625,0.00625,2.55625],"rotation":0,"texture":"#0","tintindex":0},"up":{"uv":[2.36875,0.00625,0.00625,0.00625],"rotation":0,"texture":"#0","tintindex":0},"down":{"uv":[2.36875,0.00625,0.00625,0.00625],"rotation":0,"texture":"#0","tintindex":0}}},{"from":[-16.0,13.1428585,10.285714],"to":[9.536743E-7,20.000002,10.285714],"rotation":{"angle":22.5,"axis":"y","origin":[-9.142857,16.57143,10.285714]},"faces":{"east":{"uv":[0.00625,0.00625,0.00625,0.74375],"rotation":0,"texture":"#0","tintindex":0},"south":{"uv":[12.55625,0.63125,10.81875,1.36875],"rotation":0,"texture":"#0","tintindex":0},"north":{"uv":[10.81875,0.63125,12.55625,1.36875],"rotation":0,"texture":"#0","tintindex":0},"west":{"uv":[0.00625,0.00625,0.00625,0.74375],"rotation":0,"texture":"#0","tintindex":0},"up":{"uv":[1.74375,0.00625,0.00625,0.00625],"rotation":0,"texture":"#0","tintindex":0},"down":{"uv":[1.74375,0.00625,0.00625,0.00625],"rotation":0,"texture":"#0","tintindex":0}}}],"display":{"head":{"translation":[-18.28572,-26.971434,0.0],"scale":[4.0,4.0,4.0]}}}