{"textures":{"0":"modelengine:entity/phoenix_ash"},"elements":[{"name":"cube","from":[-4.0000005,0.19999981,6.2],"to":[11.0,11.6,10.4],"rotation":{"angle":0.0,"axis":"x","origin":[14.900001,5.3,1.0999997]},"faces":{"down":{"uv":[14.36875,6.06875,12.81875,6.49375],"rotation":0,"texture":"#0","tintindex":0},"east":{"uv":[7.56875,13.00625,7.99375,14.18125],"rotation":0,"texture":"#0","tintindex":0},"north":{"uv":[9.38125,4.81875,10.93125,5.99375],"rotation":0,"texture":"#0","tintindex":0},"south":{"uv":[9.38125,6.00625,10.93125,7.18125],"rotation":0,"texture":"#0","tintindex":0},"up":{"uv":[14.36875,6.05625,12.81875,5.63125],"rotation":0,"texture":"#0","tintindex":0},"west":{"uv":[11.19375,13.06875,11.61875,14.24375],"rotation":0,"texture":"#0","tintindex":0}}},{"name":"cube","from":[-4.0000005,-5.571641,9.251949],"to":[11.0,0.42835975,9.251949],"rotation":{"angle":22.5,"axis":"x","origin":[3.4999998,-2.5716405,9.251949]},"faces":{"down":{"uv":[1.55625,0.00625,0.00625,0.00625],"rotation":0,"texture":"#0","tintindex":0},"east":{"uv":[0.00625,0.00625,0.00625,0.61875],"rotation":0,"texture":"#0","tintindex":0},"north":{"uv":[12.19375,1.81875,13.74375,2.43125],"rotation":0,"texture":"#0","tintindex":0},"south":{"uv":[13.74375,1.81875,12.19375,2.43125],"rotation":0,"texture":"#0","tintindex":0},"up":{"uv":[1.55625,0.00625,0.00625,0.00625],"rotation":0,"texture":"#0","tintindex":0},"west":{"uv":[0.00625,0.00625,0.00625,0.61875],"rotation":0,"texture":"#0","tintindex":0}}}],"display":{"head":{"translation":[0.0,-6.4,0.0],"rotation":[0.0,0.0,0.0],"scale":[3.8095,3.8095,3.8095]}}}