{"textures":{"0":"modelengine:entity/phoenix_ash"},"elements":[{"name":"cube","from":[1.3058594,4.676878,0.4224317],"to":[13.90586,17.276878,11.222432],"rotation":{"angle":0.0,"axis":"x","origin":[7.60586,10.976879,7.322432]},"faces":{"down":{"uv":[11.18125,10.25625,9.88125,11.36875],"rotation":0,"texture":"#0","tintindex":0},"east":{"uv":[7.13125,10.56875,8.24375,11.86875],"rotation":0,"texture":"#0","tintindex":0},"north":{"uv":[3.88125,8.13125,5.18125,9.44375],"rotation":0,"texture":"#0","tintindex":0},"south":{"uv":[1.75625,8.69375,3.06875,10.00625],"rotation":0,"texture":"#0","tintindex":0},"up":{"uv":[9.61875,11.36875,8.31875,10.25625],"rotation":0,"texture":"#0","tintindex":0},"west":{"uv":[8.24375,10.56875,7.13125,11.88125],"rotation":0,"texture":"#0","tintindex":0}}},{"name":"cube","from":[3.1058595,2.396954,2.3081062],"to":[12.10586,7.796954,13.108108],"rotation":{"angle":-22.5,"axis":"x","origin":[7.60586,1.4969541,9.208107]},"faces":{"down":{"uv":[8.05625,11.88125,7.13125,12.99375],"rotation":0,"texture":"#0","tintindex":0},"east":{"uv":[12.81875,6.50625,13.93125,7.05625],"rotation":0,"texture":"#0","tintindex":0},"north":{"uv":[2.88125,13.13125,3.80625,13.68125],"rotation":0,"texture":"#0","tintindex":0},"south":{"uv":[13.19375,0.00625,14.11875,0.55625],"rotation":0,"texture":"#0","tintindex":0},"up":{"uv":[12.80625,6.93125,11.88125,5.81875],"rotation":0,"texture":"#0","tintindex":0},"west":{"uv":[13.00625,3.94375,14.11875,4.49375],"rotation":0,"texture":"#0","tintindex":0}}},{"name":"cube","from":[3.1058595,-8.096994,3.9738467],"to":[12.10586,0.3030057,3.9738467],"rotation":{"angle":-45.0,"axis":"x","origin":[7.60586,-1.7969942,3.9738467]},"faces":{"down":{"uv":[0.93125,0.00625,0.00625,0.00625],"rotation":0,"texture":"#0","tintindex":0},"east":{"uv":[0.00625,0.00625,0.00625,0.86875],"rotation":0,"texture":"#0","tintindex":0},"north":{"uv":[3.94375,12.38125,4.86875,13.24375],"rotation":0,"texture":"#0","tintindex":0},"south":{"uv":[4.86875,12.38125,3.94375,13.24375],"rotation":0,"texture":"#0","tintindex":0},"up":{"uv":[0.93125,0.00625,0.00625,0.00625],"rotation":0,"texture":"#0","tintindex":0},"west":{"uv":[0.00625,0.00625,0.00625,0.86875],"rotation":0,"texture":"#0","tintindex":0}}},{"name":"cube","from":[-2.4397254,6.331296,0.4224317],"to":[-2.4397254,13.531296,11.222432],"rotation":{"angle":-45.0,"axis":"z","origin":[-2.4397254,8.131296,5.8224325]},"faces":{"down":{"uv":[0.00625,0.00625,0.00625,1.11875],"rotation":0,"texture":"#0","tintindex":0},"east":{"uv":[3.93125,12.38125,2.81875,13.11875],"rotation":0,"texture":"#0","tintindex":0},"north":{"uv":[0.00625,0.00625,0.00625,0.74375],"rotation":0,"texture":"#0","tintindex":0},"south":{"uv":[0.00625,0.00625,0.00625,0.74375],"rotation":0,"texture":"#0","tintindex":0},"up":{"uv":[0.00625,1.11875,0.00625,0.00625],"rotation":0,"texture":"#0","tintindex":0},"west":{"uv":[2.81875,12.38125,3.93125,13.11875],"rotation":0,"texture":"#0","tintindex":0}}},{"name":"cube","from":[17.82718,6.75556,0.4224317],"to":[17.82718,13.955561,11.222432],"rotation":{"angle":45.0,"axis":"z","origin":[18.251446,8.131296,5.8224325]},"faces":{"down":{"uv":[0.00625,0.00625,0.00625,1.11875],"rotation":0,"texture":"#0","tintindex":0},"east":{"uv":[3.93125,12.38125,2.81875,13.11875],"rotation":0,"texture":"#0","tintindex":0},"north":{"uv":[0.00625,0.00625,0.00625,0.74375],"rotation":0,"texture":"#0","tintindex":0},"south":{"uv":[0.00625,0.00625,0.00625,0.74375],"rotation":0,"texture":"#0","tintindex":0},"up":{"uv":[0.00625,1.11875,0.00625,0.00625],"rotation":0,"texture":"#0","tintindex":0},"west":{"uv":[2.81875,12.38125,3.93125,13.11875],"rotation":0,"texture":"#0","tintindex":0}}},{"name":"cube","from":[7.90586,3.4768782,11.222432],"to":[7.90586,20.87688,17.222431],"rotation":{"angle":0.0,"axis":"x","origin":[7.60586,10.976879,7.322432]},"faces":{"down":{"uv":[0.00625,0.00625,0.00625,0.61875],"rotation":0,"texture":"#0","tintindex":0},"east":{"uv":[10.43125,11.38125,9.81875,13.18125],"rotation":0,"texture":"#0","tintindex":0},"north":{"uv":[0.00625,0.00625,0.00625,1.80625],"rotation":0,"texture":"#0","tintindex":0},"south":{"uv":[0.00625,0.00625,0.00625,1.80625],"rotation":0,"texture":"#0","tintindex":0},"up":{"uv":[0.00625,0.61875,0.00625,0.00625],"rotation":0,"texture":"#0","tintindex":0},"west":{"uv":[9.81875,11.38125,10.43125,13.18125],"rotation":0,"texture":"#0","tintindex":0}}}],"display":{"head":{"translation":[0.0,-6.4,0.0],"rotation":[0.0,0.0,0.0],"scale":[3.8095,3.8095,3.8095]}}}
