{"textures":{"0":"modelengine:entity/phoenix_ash"},"elements":[{"from":[8.0,-1.7142859,8.0],"to":[21.714287,15.428572,8.0],"rotation":{"angle":0.0,"axis":"y","origin":[9.714286,12.0,8.0]},"faces":{"east":{"uv":[0.00625,0.00625,0.00625,1.86875],"rotation":0,"texture":"#0","tintindex":0},"south":{"uv":[5.61875,6.25625,4.13125,8.11875],"rotation":0,"texture":"#0","tintindex":0},"north":{"uv":[4.13125,6.25625,5.61875,8.11875],"rotation":0,"texture":"#0","tintindex":0},"west":{"uv":[0.00625,0.00625,0.00625,1.86875],"rotation":0,"texture":"#0","tintindex":0},"up":{"uv":[0.00625,0.00625,1.49375,0.00625],"rotation":0,"texture":"#0","tintindex":0},"down":{"uv":[0.00625,0.00625,1.49375,0.00625],"rotation":0,"texture":"#0","tintindex":0}}}],"display":{"head":{"translation":[0.0,-6.4,0.0],"scale":[4.0,4.0,4.0]}}}