{"textures":{"0":"modelengine:entity/phoenix_ash"},"elements":[{"from":[5.142857,0.5714283,6.285714],"to":[19.428572,11.428572,10.285714],"rotation":{"angle":0.0,"axis":"y","origin":[1.4285712,5.428571,1.4285712]},"faces":{"east":{"uv":[11.61875,13.06875,11.19375,14.24375],"rotation":0,"texture":"#0","tintindex":0},"south":{"uv":[10.93125,6.00625,9.38125,7.18125],"rotation":0,"texture":"#0","tintindex":0},"north":{"uv":[10.93125,4.81875,9.38125,5.99375],"rotation":0,"texture":"#0","tintindex":0},"west":{"uv":[7.99375,13.00625,7.56875,14.18125],"rotation":0,"texture":"#0","tintindex":0},"up":{"uv":[12.81875,6.05625,14.36875,5.63125],"rotation":0,"texture":"#0","tintindex":0},"down":{"uv":[12.81875,6.06875,14.36875,6.49375],"rotation":0,"texture":"#0","tintindex":0}}},{"from":[5.142857,-4.925371,9.192333],"to":[19.428572,0.78891516,9.192333],"rotation":{"angle":22.5,"axis":"x","origin":[12.285715,-2.0682278,9.192333]},"faces":{"east":{"uv":[0.00625,0.00625,0.00625,0.61875],"rotation":0,"texture":"#0","tintindex":0},"south":{"uv":[12.19375,1.81875,13.74375,2.43125],"rotation":0,"texture":"#0","tintindex":0},"north":{"uv":[13.74375,1.81875,12.19375,2.43125],"rotation":0,"texture":"#0","tintindex":0},"west":{"uv":[0.00625,0.00625,0.00625,0.61875],"rotation":0,"texture":"#0","tintindex":0},"up":{"uv":[0.00625,0.00625,1.55625,0.00625],"rotation":0,"texture":"#0","tintindex":0},"down":{"uv":[0.00625,0.00625,1.55625,0.00625],"rotation":0,"texture":"#0","tintindex":0}}}],"display":{"head":{"translation":[0.0,-6.4,0.0],"scale":[4.0,4.0,4.0]}}}