{"textures":{"0":"modelengine:entity/phoenix_ash"},"elements":[{"name":"cube","from":[3.4999998,8.0,8.0],"to":[12.5,8.0,20.599998],"rotation":{"angle":0.0,"axis":"x","origin":[8.0,13.7,4.1]},"faces":{"down":{"uv":[0.94375,11.19375,1.86875,12.49375],"rotation":0,"texture":"#0","tintindex":0},"east":{"uv":[0.00625,0.00625,1.30625,0.00625],"rotation":0,"texture":"#0","tintindex":0},"north":{"uv":[0.00625,0.00625,0.93125,0.00625],"rotation":0,"texture":"#0","tintindex":0},"south":{"uv":[0.00625,0.00625,0.93125,0.00625],"rotation":0,"texture":"#0","tintindex":0},"up":{"uv":[1.86875,12.49375,0.94375,11.19375],"rotation":0,"texture":"#0","tintindex":0},"west":{"uv":[0.00625,0.00625,1.30625,0.00625],"rotation":0,"texture":"#0","tintindex":0}}}],"display":{"head":{"translation":[0.0,-6.4,0.0],"rotation":[0.0,0.0,0.0],"scale":[3.8095,3.8095,3.8095]}}}
