{"textures":{"0":"modelengine:entity/phoenix_ash"},"elements":[{"name":"cube","from":[0.092461824,12.086804,12.783778],"to":[16.892464,21.086803,24.183777],"rotation":{"angle":0.0,"axis":"x","origin":[8.492462,26.486805,17.583778]},"faces":{"down":{"uv":[1.74375,8.06875,0.00625,9.24375],"rotation":0,"texture":"#0","tintindex":0},"east":{"uv":[10.44375,11.38125,11.61875,12.30625],"rotation":0,"texture":"#0","tintindex":0},"north":{"uv":[9.75625,2.81875,11.49375,3.74375],"rotation":0,"texture":"#0","tintindex":0},"south":{"uv":[10.44375,8.94375,12.18125,9.86875],"rotation":0,"texture":"#0","tintindex":0},"up":{"uv":[9.74375,3.80625,8.00625,2.63125],"rotation":0,"texture":"#0","tintindex":0},"west":{"uv":[3.88125,11.44375,5.05625,12.36875],"rotation":0,"texture":"#0","tintindex":0}}},{"name":"cube","from":[-1.1075382,4.886804,9.783778],"to":[17.492462,17.486805,23.583778],"rotation":{"angle":22.5,"axis":"x","origin":[8.192462,11.186804,16.683779]},"faces":{"down":{"uv":[1.93125,6.63125,0.00625,8.05625],"rotation":0,"texture":"#0","tintindex":0},"east":{"uv":[8.30625,9.25625,6.88125,10.55625],"rotation":0,"texture":"#0","tintindex":0},"north":{"uv":[6.94375,4.00625,8.86875,5.30625],"rotation":0,"texture":"#0","tintindex":0},"south":{"uv":[1.94375,7.38125,3.86875,8.68125],"rotation":0,"texture":"#0","tintindex":0},"up":{"uv":[7.55625,7.68125,5.63125,6.25625],"rotation":0,"texture":"#0","tintindex":0},"west":{"uv":[6.88125,9.25625,8.30625,10.55625],"rotation":0,"texture":"#0","tintindex":0}}},{"name":"cube","from":[8.492462,0.08680391,4.3837776],"to":[8.492462,19.286804,12.783778],"rotation":{"angle":22.5,"axis":"x","origin":[8.192462,11.186804,16.683779]},"faces":{"down":{"uv":[0.00625,0.00625,0.00625,0.86875],"rotation":0,"texture":"#0","tintindex":0},"east":{"uv":[6.18125,10.31875,5.31875,12.30625],"rotation":0,"texture":"#0","tintindex":0},"north":{"uv":[0.00625,0.00625,0.00625,1.99375],"rotation":0,"texture":"#0","tintindex":0},"south":{"uv":[0.00625,0.00625,0.00625,1.99375],"rotation":0,"texture":"#0","tintindex":0},"up":{"uv":[0.00625,0.86875,0.00625,0.00625],"rotation":0,"texture":"#0","tintindex":0},"west":{"uv":[5.31875,10.31875,6.18125,12.30625],"rotation":0,"texture":"#0","tintindex":0}}},{"name":"cube","from":[-1.1075382,4.766728,25.468853],"to":[17.492462,14.366729,25.468853],"rotation":{"angle":0.0,"axis":"x","origin":[8.192462,8.066729,18.568851]},"faces":{"down":{"uv":[1.93125,0.00625,0.00625,0.00625],"rotation":0,"texture":"#0","tintindex":0},"east":{"uv":[0.00625,0.00625,0.00625,0.99375],"rotation":0,"texture":"#0","tintindex":0},"north":{"uv":[8.88125,3.81875,10.80625,4.80625],"rotation":0,"texture":"#0","tintindex":0},"south":{"uv":[10.80625,3.81875,8.88125,4.80625],"rotation":0,"texture":"#0","tintindex":0},"up":{"uv":[1.93125,0.00625,0.00625,0.00625],"rotation":0,"texture":"#0","tintindex":0},"west":{"uv":[0.00625,0.00625,0.00625,0.99375],"rotation":0,"texture":"#0","tintindex":0}}},{"name":"cube","from":[0.092461824,5.0926876,11.377891],"to":[16.892464,17.692688,11.377891],"rotation":{"angle":45.0,"axis":"x","origin":[9.092463,17.692688,16.17789]},"faces":{"down":{"uv":[1.80625,0.00625,0.00625,0.00625],"rotation":0,"texture":"#0","tintindex":0},"east":{"uv":[0.00625,0.00625,0.00625,1.30625],"rotation":0,"texture":"#0","tintindex":0},"north":{"uv":[9.36875,5.31875,7.56875,6.61875],"rotation":0,"texture":"#0","tintindex":0},"south":{"uv":[7.56875,5.31875,9.36875,6.61875],"rotation":0,"texture":"#0","tintindex":0},"up":{"uv":[1.80625,0.00625,0.00625,0.00625],"rotation":0,"texture":"#0","tintindex":0},"west":{"uv":[0.00625,0.00625,0.00625,1.30625],"rotation":0,"texture":"#0","tintindex":0}}},{"name":"cube","from":[-0.27291656,6.6499224,12.783778],"to":[-0.27291656,19.249924,26.583778],"rotation":{"angle":-22.5,"axis":"z","origin":[4.5270834,19.249924,20.583778]},"faces":{"down":{"uv":[0.00625,0.00625,0.00625,1.43125],"rotation":0,"texture":"#0","tintindex":0},"east":{"uv":[10.43125,8.94375,9.00625,10.24375],"rotation":0,"texture":"#0","tintindex":0},"north":{"uv":[0.00625,0.00625,0.00625,1.30625],"rotation":0,"texture":"#0","tintindex":0},"south":{"uv":[0.00625,0.00625,0.00625,1.30625],"rotation":0,"texture":"#0","tintindex":0},"up":{"uv":[0.00625,1.43125,0.00625,0.00625],"rotation":0,"texture":"#0","tintindex":0},"west":{"uv":[9.00625,8.94375,10.43125,10.24375],"rotation":0,"texture":"#0","tintindex":0}}},{"name":"cube","from":[17.25784,6.6499224,12.783778],"to":[17.25784,19.249924,26.583778],"rotation":{"angle":22.5,"axis":"z","origin":[12.457841,19.249924,20.583778]},"faces":{"down":{"uv":[0.00625,0.00625,0.00625,1.43125],"rotation":0,"texture":"#0","tintindex":0},"east":{"uv":[10.43125,8.94375,9.00625,10.24375],"rotation":0,"texture":"#0","tintindex":0},"north":{"uv":[0.00625,0.00625,0.00625,1.30625],"rotation":0,"texture":"#0","tintindex":0},"south":{"uv":[0.00625,0.00625,0.00625,1.30625],"rotation":0,"texture":"#0","tintindex":0},"up":{"uv":[0.00625,1.43125,0.00625,0.00625],"rotation":0,"texture":"#0","tintindex":0},"west":{"uv":[9.00625,8.94375,10.43125,10.24375],"rotation":0,"texture":"#0","tintindex":0}}}],"display":{"head":{"translation":[0.0,-6.4,0.0],"rotation":[0.0,0.0,0.0],"scale":[3.8095,3.8095,3.8095]}}}