{"textures":{"0":"modelengine:entity/redstonegolem"},"elements":[{"from":[5.428571,2.8093038,7.990775],"to":[9.428572,8.523589,9.705061],"rotation":{"angle":0.0,"axis":"y","origin":[7.428571,-0.8584595,20.991398]},"faces":{"east":{"uv":[7.0,2.6875,7.1875,3.3125],"rotation":0,"texture":"#0","tintindex":0},"south":{"uv":[11.8125,12.8125,12.25,13.4375],"rotation":0,"texture":"#0","tintindex":0},"north":{"uv":[12.8125,8.875,13.25,9.5],"rotation":0,"texture":"#0","tintindex":0},"west":{"uv":[9.5625,2.375,9.75,3.0],"rotation":0,"texture":"#0","tintindex":0},"up":{"uv":[4.8125,7.5625,4.375,7.375],"rotation":0,"texture":"#0","tintindex":0},"down":{"uv":[11.9375,8.0625,11.5,8.25],"rotation":0,"texture":"#0","tintindex":0}}},{"from":[5.428571,2.8093038,2.847918],"to":[9.428572,5.095018,7.990775],"rotation":{"angle":0.0,"axis":"y","origin":[7.428571,-0.8584595,20.991398]},"faces":{"east":{"uv":[9.375,4.75,9.9375,5.0],"rotation":0,"texture":"#0","tintindex":0},"south":{"uv":[10.375,2.8125,10.8125,3.0625],"rotation":0,"texture":"#0","tintindex":0},"north":{"uv":[1.125,7.25,1.5625,7.5],"rotation":0,"texture":"#0","tintindex":0},"west":{"uv":[10.9375,2.5625,11.5,2.8125],"rotation":0,"texture":"#0","tintindex":0},"up":{"uv":[4.3125,13.4375,3.875,12.875],"rotation":0,"texture":"#0","tintindex":0},"down":{"uv":[13.375,0.0,12.9375,0.5625],"rotation":0,"texture":"#0","tintindex":0}}},{"from":[5.428571,2.8093038,1.1336322],"to":[9.428572,6.8093038,2.847918],"rotation":{"angle":0.0,"axis":"y","origin":[7.428571,-0.8584595,20.991398]},"faces":{"east":{"uv":[10.0,10.625,10.1875,11.0625],"rotation":0,"texture":"#0","tintindex":0},"south":{"uv":[0.8125,13.1875,1.25,13.625],"rotation":0,"texture":"#0","tintindex":0},"north":{"uv":[0.375,13.1875,0.8125,13.625],"rotation":0,"texture":"#0","tintindex":0},"west":{"uv":[7.0,11.9375,7.1875,12.375],"rotation":0,"texture":"#0","tintindex":0},"up":{"uv":[13.8125,1.375,13.375,1.1875],"rotation":0,"texture":"#0","tintindex":0},"down":{"uv":[13.8125,1.375,13.375,1.5625],"rotation":0,"texture":"#0","tintindex":0}}}],"display":{"head":{"translation":[0.0,-6.4,0.0],"scale":[4.0,4.0,4.0]}}}