{"textures":{"0":"modelengine:entity/redstonegolem"},"elements":[{"from":[5.574451,-1.7220154,2.261424],"to":[10.717308,7.420841,13.118567],"rotation":{"angle":0.0,"axis":"y","origin":[17.184261,28.759348,-16.67554]},"faces":{"east":{"uv":[8.375,2.6875,9.5625,3.6875],"rotation":0,"texture":"#0","tintindex":0},"south":{"uv":[2.1875,11.5,2.75,12.5],"rotation":0,"texture":"#0","tintindex":0},"north":{"uv":[0.0,11.25,0.5625,12.25],"rotation":0,"texture":"#0","tintindex":0},"west":{"uv":[8.5625,1.375,9.75,2.375],"rotation":0,"texture":"#0","tintindex":0},"up":{"uv":[10.0,11.8125,9.4375,10.625],"rotation":0,"texture":"#0","tintindex":0},"down":{"uv":[11.5,1.375,10.9375,2.5625],"rotation":0,"texture":"#0","tintindex":0}}},{"from":[10.717308,1.7065554,1.118567],"to":[14.717308,5.7065554,7.97571],"rotation":{"angle":0.0,"axis":"y","origin":[17.184261,28.759348,-16.67554]},"faces":{"east":{"uv":[7.1875,4.0625,7.9375,4.5],"rotation":0,"texture":"#0","tintindex":0},"south":{"uv":[13.1875,6.6875,13.625,7.125],"rotation":0,"texture":"#0","tintindex":0},"north":{"uv":[4.8125,13.1875,5.25,13.625],"rotation":0,"texture":"#0","tintindex":0},"west":{"uv":[12.5625,11.6875,13.3125,12.125],"rotation":0,"texture":"#0","tintindex":0},"up":{"uv":[7.25,9.25,6.8125,8.5],"rotation":0,"texture":"#0","tintindex":0},"down":{"uv":[9.4375,12.25,9.0,13.0],"rotation":0,"texture":"#0","tintindex":0}}},{"from":[10.717308,-1.7220154,2.261424],"to":[13.003023,2.8494124,13.118567],"rotation":{"angle":0.0,"axis":"y","origin":[17.184261,28.759348,-16.67554]},"faces":{"east":{"uv":[10.9375,6.875,12.125,7.375],"rotation":0,"texture":"#0","tintindex":0},"south":{"uv":[13.3125,3.8125,13.5625,4.3125],"rotation":0,"texture":"#0","tintindex":0},"north":{"uv":[1.25,13.1875,1.5,13.6875],"rotation":0,"texture":"#0","tintindex":0},"west":{"uv":[11.5,0.6875,12.6875,1.1875],"rotation":0,"texture":"#0","tintindex":0},"up":{"uv":[2.125,13.8125,1.875,12.625],"rotation":0,"texture":"#0","tintindex":0},"down":{"uv":[7.25,12.625,7.0,13.8125],"rotation":0,"texture":"#0","tintindex":0}}}],"display":{"head":{"translation":[0.0,-6.4,0.0],"scale":[4.0,4.0,4.0]}}}