{"textures":{"0":"modelengine:entity/yukio_full"},"elements":[{"from":[-3.4285717,-0.19047642,-8.57143],"to":[8.0,12.952381,12.571428],"rotation":{"angle":0.0,"axis":"y","origin":[17.714287,-11.047619,-54.285717]},"faces":{"east":{"uv":[6.4375,3.75,7.59375,4.46875],"rotation":0,"texture":"#0","tintindex":0},"south":{"uv":[3.875,8.875,4.5,9.59375],"rotation":0,"texture":"#0","tintindex":0},"north":{"uv":[3.25,8.875,3.875,9.59375],"rotation":0,"texture":"#0","tintindex":0},"west":{"uv":[6.625,4.46875,7.78125,5.1875],"rotation":0,"texture":"#0","tintindex":0},"up":{"uv":[7.75,2.21875,7.125,1.0625],"rotation":0,"texture":"#0","tintindex":0},"down":{"uv":[7.75,2.21875,7.125,3.375],"rotation":0,"texture":"#0","tintindex":0}}},{"from":[-0.57142925,8.952381,5.142857],"to":[4.5714283,15.809525,18.285715],"rotation":{"angle":-22.5,"axis":"x","origin":[-0.8571434,13.523809,12.857143]},"faces":{"east":{"uv":[9.96875,5.46875,10.6875,5.84375],"rotation":0,"texture":"#0","tintindex":0},"south":{"uv":[10.84375,11.65625,11.125,12.03125],"rotation":0,"texture":"#0","tintindex":0},"north":{"uv":[0.34375,11.65625,0.625,12.03125],"rotation":0,"texture":"#0","tintindex":0},"west":{"uv":[9.96875,9.25,10.6875,9.625],"rotation":0,"texture":"#0","tintindex":0},"up":{"uv":[11.28125,6.46875,11.0,5.75],"rotation":0,"texture":"#0","tintindex":0},"down":{"uv":[11.28125,7.59375,11.0,8.3125],"rotation":0,"texture":"#0","tintindex":0}}},{"from":[0.5714283,17.173452,1.0957756],"to":[7.428571,24.030596,10.810061],"rotation":{"angle":-45.0,"axis":"x","origin":[1.9999995,12.030595,12.238633]},"faces":{"east":{"uv":[11.0,10.0625,11.53125,10.4375],"rotation":0,"texture":"#0","tintindex":0},"south":{"uv":[3.03125,11.40625,3.40625,11.78125],"rotation":0,"texture":"#0","tintindex":0},"north":{"uv":[11.40625,1.59375,11.78125,1.96875],"rotation":0,"texture":"#0","tintindex":0},"west":{"uv":[11.03125,0.84375,11.5625,1.21875],"rotation":0,"texture":"#0","tintindex":0},"up":{"uv":[11.40625,1.75,11.03125,1.21875],"rotation":0,"texture":"#0","tintindex":0},"down":{"uv":[11.40625,1.75,11.03125,2.28125],"rotation":0,"texture":"#0","tintindex":0}}},{"from":[-1.1428576,3.2380953,12.571428],"to":[2.2857141,7.2380953,17.714287],"rotation":{"angle":0.0,"axis":"y","origin":[-3.7142859,10.666667,20.285715]},"faces":{"east":{"uv":[11.03125,2.28125,11.3125,2.5],"rotation":0,"texture":"#0","tintindex":0},"south":{"uv":[12.1875,10.0,12.375,10.21875],"rotation":0,"texture":"#0","tintindex":0},"north":{"uv":[8.03125,11.34375,8.21875,11.5625],"rotation":0,"texture":"#0","tintindex":0},"west":{"uv":[12.09375,7.28125,12.375,7.5],"rotation":0,"texture":"#0","tintindex":0},"up":{"uv":[10.75,12.40625,10.5625,12.125],"rotation":0,"texture":"#0","tintindex":0},"down":{"uv":[12.3125,12.03125,12.125,12.3125],"rotation":0,"texture":"#0","tintindex":0}}},{"from":[-7.7206373,-4.990263,14.0464735],"to":[1.993648,17.86688,14.0464735],"rotation":{"angle":45.0,"axis":"y","origin":[-4.0063515,1.8668799,15.189331]},"faces":{"east":{"uv":[0.0,0.0,0.0,1.25],"rotation":0,"texture":"#0","tintindex":0},"south":{"uv":[4.09375,7.625,3.5625,8.875],"rotation":0,"texture":"#0","tintindex":0},"north":{"uv":[3.5625,7.625,4.09375,8.875],"rotation":0,"texture":"#0","tintindex":0},"west":{"uv":[0.0,0.0,0.0,1.25],"rotation":0,"texture":"#0","tintindex":0},"up":{"uv":[0.53125,0.0,0.0,0.0],"rotation":0,"texture":"#0","tintindex":0},"down":{"uv":[0.53125,0.0,0.0,0.0],"rotation":0,"texture":"#0","tintindex":0}}},{"from":[6.8507915,13.009737,-8.239241],"to":[6.8507915,22.724024,14.617903],"rotation":{"angle":-22.5,"axis":"z","origin":[5.136506,17.86688,3.18933]},"faces":{"east":{"uv":[7.53125,5.1875,8.78125,5.71875],"rotation":0,"texture":"#0","tintindex":0},"south":{"uv":[0.0,0.0,0.0,0.53125],"rotation":0,"texture":"#0","tintindex":0},"north":{"uv":[0.0,0.0,0.0,0.53125],"rotation":0,"texture":"#0","tintindex":0},"west":{"uv":[7.59375,3.5625,8.84375,4.09375],"rotation":0,"texture":"#0","tintindex":0},"up":{"uv":[0.0,1.25,0.0,0.0],"rotation":0,"texture":"#0","tintindex":0},"down":{"uv":[0.0,0.0,0.0,1.25],"rotation":0,"texture":"#0","tintindex":0}}},{"from":[-7.733053,2.2643185,3.87494],"to":[-7.733053,13.121462,11.874941],"rotation":{"angle":-45.0,"axis":"y","origin":[-6.0187683,9.407176,9.589226]},"faces":{"east":{"uv":[0.875,10.1875,1.3125,10.78125],"rotation":0,"texture":"#0","tintindex":0},"south":{"uv":[0.0,0.0,0.0,0.59375],"rotation":0,"texture":"#0","tintindex":0},"north":{"uv":[0.0,0.0,0.0,0.59375],"rotation":0,"texture":"#0","tintindex":0},"west":{"uv":[1.3125,10.1875,0.875,10.78125],"rotation":0,"texture":"#0","tintindex":0},"up":{"uv":[0.0,0.4375,0.0,0.0],"rotation":0,"texture":"#0","tintindex":0},"down":{"uv":[0.0,0.0,0.0,0.4375],"rotation":0,"texture":"#0","tintindex":0}}},{"from":[-1.7142859,11.581165,-0.24478436],"to":[-1.7142859,19.581165,10.612359],"rotation":{"angle":22.5,"axis":"z","origin":[-1.7142859,16.152596,5.1837873]},"faces":{"east":{"uv":[9.3125,10.21875,9.90625,10.65625],"rotation":0,"texture":"#0","tintindex":0},"south":{"uv":[0.0,0.0,0.0,0.4375],"rotation":0,"texture":"#0","tintindex":0},"north":{"uv":[0.0,0.0,0.0,0.4375],"rotation":0,"texture":"#0","tintindex":0},"west":{"uv":[10.25,2.53125,10.84375,2.96875],"rotation":0,"texture":"#0","tintindex":0},"up":{"uv":[0.0,0.59375,0.0,0.0],"rotation":0,"texture":"#0","tintindex":0},"down":{"uv":[0.0,0.0,0.0,0.59375],"rotation":0,"texture":"#0","tintindex":0}}}],"display":{"head":{"translation":[0.0,-6.4,0.0],"scale":[4.0,4.0,4.0]}}}