{"textures":{"0":"modelengine:entity/yukio_full"},"elements":[{"from":[6.285714,3.3747458,0.24298477],"to":[9.714286,10.803317,8.814414],"rotation":{"angle":0.0,"axis":"y","origin":[5.142857,7.374746,7.100128]},"faces":{"east":{"uv":[2.5625,11.15625,3.03125,11.5625],"rotation":0,"texture":"#0","tintindex":0},"south":{"uv":[11.9375,11.90625,12.125,12.3125],"rotation":0,"texture":"#0","tintindex":0},"north":{"uv":[8.8125,11.9375,9.0,12.34375],"rotation":0,"texture":"#0","tintindex":0},"west":{"uv":[8.21875,11.15625,8.6875,11.5625],"rotation":0,"texture":"#0","tintindex":0},"up":{"uv":[12.0625,0.875,11.875,0.40625],"rotation":0,"texture":"#0","tintindex":0},"down":{"uv":[1.03125,11.875,0.84375,12.34375],"rotation":0,"texture":"#0","tintindex":0}}},{"from":[6.857143,1.66046,0.716372],"to":[9.142858,4.517603,3.0020866],"rotation":{"angle":-45.0,"axis":"x","origin":[8.0,3.3747458,1.8592291]},"faces":{"east":{"uv":[0.625,11.65625,0.75,11.8125],"rotation":0,"texture":"#0","tintindex":0},"south":{"uv":[3.28125,11.78125,3.40625,11.9375],"rotation":0,"texture":"#0","tintindex":0},"north":{"uv":[11.0,8.84375,11.125,9.0],"rotation":0,"texture":"#0","tintindex":0},"west":{"uv":[0.21875,11.8125,0.34375,11.96875],"rotation":0,"texture":"#0","tintindex":0},"up":{"uv":[12.15625,5.96875,12.03125,5.84375],"rotation":0,"texture":"#0","tintindex":0},"down":{"uv":[11.125,12.03125,11.0,12.15625],"rotation":0,"texture":"#0","tintindex":0}}}],"display":{"head":{"translation":[0.0,-6.4,0.0],"scale":[4.0,4.0,4.0]}}}