{"textures":{"0":"modelengine:entity/yukio_full"},"elements":[{"from":[2.8571424,1.1428566,-2.8571434],"to":[12.571428,11.428572,8.0],"rotation":{"angle":0.0,"axis":"y","origin":[8.0,9.714286,7.428571]},"faces":{"east":{"uv":[2.0,5.09375,2.59375,5.65625],"rotation":0,"texture":"#0","tintindex":0},"south":{"uv":[5.46875,9.65625,6.0,10.21875],"rotation":0,"texture":"#0","tintindex":0},"north":{"uv":[4.9375,9.65625,5.46875,10.21875],"rotation":0,"texture":"#0","tintindex":0},"west":{"uv":[9.3125,1.59375,9.90625,2.15625],"rotation":0,"texture":"#0","tintindex":0},"up":{"uv":[10.03125,6.4375,9.5,5.84375],"rotation":0,"texture":"#0","tintindex":0},"down":{"uv":[10.0625,0.6875,9.53125,1.28125],"rotation":0,"texture":"#0","tintindex":0}}},{"from":[2.0490208,11.093837,-2.8571434],"to":[2.0490208,13.379551,8.0],"rotation":{"angle":45.0,"axis":"z","origin":[2.0490208,12.236694,2.5714283]},"faces":{"east":{"uv":[11.96875,6.1875,12.5625,6.3125],"rotation":0,"texture":"#0","tintindex":0},"south":{"uv":[0.0,0.0,0.0,0.125],"rotation":0,"texture":"#0","tintindex":0},"north":{"uv":[0.0,0.0,0.0,0.125],"rotation":0,"texture":"#0","tintindex":0},"west":{"uv":[11.96875,6.3125,12.5625,6.4375],"rotation":0,"texture":"#0","tintindex":0},"up":{"uv":[0.0,0.59375,0.0,0.0],"rotation":0,"texture":"#0","tintindex":0},"down":{"uv":[0.0,0.0,0.0,0.59375],"rotation":0,"texture":"#0","tintindex":0}}},{"from":[13.379551,11.093837,-2.8571434],"to":[13.379551,13.379551,8.0],"rotation":{"angle":-45.0,"axis":"z","origin":[13.379551,12.236694,2.5714283]},"faces":{"east":{"uv":[9.0,11.96875,9.59375,12.09375],"rotation":0,"texture":"#0","tintindex":0},"south":{"uv":[0.0,0.0,0.0,0.125],"rotation":0,"texture":"#0","tintindex":0},"north":{"uv":[0.0,0.0,0.0,0.125],"rotation":0,"texture":"#0","tintindex":0},"west":{"uv":[11.96875,10.28125,12.5625,10.40625],"rotation":0,"texture":"#0","tintindex":0},"up":{"uv":[0.0,0.59375,0.0,0.0],"rotation":0,"texture":"#0","tintindex":0},"down":{"uv":[0.0,0.0,0.0,0.59375],"rotation":0,"texture":"#0","tintindex":0}}},{"from":[5.1868825,11.647467,-2.8571434],"to":[5.1868825,19.647467,8.0],"rotation":{"angle":22.5,"axis":"z","origin":[5.714813,11.42879,2.5714283]},"faces":{"east":{"uv":[10.03125,6.28125,10.625,6.71875],"rotation":0,"texture":"#0","tintindex":0},"south":{"uv":[0.0,0.0,0.0,0.4375],"rotation":0,"texture":"#0","tintindex":0},"north":{"uv":[0.0,0.0,0.0,0.4375],"rotation":0,"texture":"#0","tintindex":0},"west":{"uv":[10.03125,6.71875,10.625,7.15625],"rotation":0,"texture":"#0","tintindex":0},"up":{"uv":[0.0,0.59375,0.0,0.0],"rotation":0,"texture":"#0","tintindex":0},"down":{"uv":[0.0,0.0,0.0,0.59375],"rotation":0,"texture":"#0","tintindex":0}}},{"from":[10.285187,11.42879,-2.8571434],"to":[10.285187,19.428791,8.0],"rotation":{"angle":-22.5,"axis":"z","origin":[10.285187,11.42879,2.5714283]},"faces":{"east":{"uv":[6.0,10.0,6.59375,10.4375],"rotation":0,"texture":"#0","tintindex":0},"south":{"uv":[0.0,0.0,0.0,0.4375],"rotation":0,"texture":"#0","tintindex":0},"north":{"uv":[0.0,0.0,0.0,0.4375],"rotation":0,"texture":"#0","tintindex":0},"west":{"uv":[10.03125,5.84375,10.625,6.28125],"rotation":0,"texture":"#0","tintindex":0},"up":{"uv":[0.0,0.59375,0.0,0.0],"rotation":0,"texture":"#0","tintindex":0},"down":{"uv":[0.0,0.0,0.0,0.59375],"rotation":0,"texture":"#0","tintindex":0}}},{"from":[6.285714,8.0,3.4285712],"to":[9.142858,12.571428,11.428572],"rotation":{"angle":-45.0,"axis":"x","origin":[7.142857,6.285714,2.5714283]},"faces":{"east":{"uv":[11.59375,10.8125,12.03125,11.0625],"rotation":0,"texture":"#0","tintindex":0},"south":{"uv":[12.21875,0.15625,12.375,0.40625],"rotation":0,"texture":"#0","tintindex":0},"north":{"uv":[11.15625,12.1875,11.3125,12.4375],"rotation":0,"texture":"#0","tintindex":0},"west":{"uv":[11.59375,11.0625,12.03125,11.3125],"rotation":0,"texture":"#0","tintindex":0},"up":{"uv":[12.1875,11.25,12.03125,10.8125],"rotation":0,"texture":"#0","tintindex":0},"down":{"uv":[11.0,12.03125,10.84375,12.46875],"rotation":0,"texture":"#0","tintindex":0}}},{"from":[10.285714,10.834374,0.89180565],"to":[13.142858,16.54866,3.7489486],"rotation":{"angle":-22.5,"axis":"z","origin":[7.714286,12.54866,3.1775198]},"faces":{"east":{"uv":[12.15625,4.15625,12.3125,4.46875],"rotation":0,"texture":"#0","tintindex":0},"south":{"uv":[12.15625,5.84375,12.3125,6.15625],"rotation":0,"texture":"#0","tintindex":0},"north":{"uv":[9.4375,12.09375,9.59375,12.40625],"rotation":0,"texture":"#0","tintindex":0},"west":{"uv":[12.15625,6.59375,12.3125,6.90625],"rotation":0,"texture":"#0","tintindex":0},"up":{"uv":[8.15625,12.375,8.0,12.21875],"rotation":0,"texture":"#0","tintindex":0},"down":{"uv":[9.75,12.21875,9.59375,12.375],"rotation":0,"texture":"#0","tintindex":0}}},{"from":[1.7142854,12.54866,-1.3939095],"to":[4.5714283,18.262947,1.4632344],"rotation":{"angle":45.0,"axis":"z","origin":[7.714286,12.54866,3.1775198]},"faces":{"east":{"uv":[12.15625,7.8125,12.3125,8.125],"rotation":0,"texture":"#0","tintindex":0},"south":{"uv":[12.15625,11.25,12.3125,11.5625],"rotation":0,"texture":"#0","tintindex":0},"north":{"uv":[12.15625,7.5,12.3125,7.8125],"rotation":0,"texture":"#0","tintindex":0},"west":{"uv":[2.6875,12.1875,2.84375,12.5],"rotation":0,"texture":"#0","tintindex":0},"up":{"uv":[0.15625,12.40625,0.0,12.25],"rotation":0,"texture":"#0","tintindex":0},"down":{"uv":[1.34375,12.25,1.1875,12.40625],"rotation":0,"texture":"#0","tintindex":0}}},{"from":[7.428571,-1.1428576,-2.8571434],"to":[7.428571,1.1428566,8.0],"rotation":{"angle":0.0,"axis":"y","origin":[8.0,9.714286,7.428571]},"faces":{"east":{"uv":[11.96875,10.40625,12.5625,10.53125],"rotation":0,"texture":"#0","tintindex":0},"south":{"uv":[0.0,0.0,0.0,0.125],"rotation":0,"texture":"#0","tintindex":0},"north":{"uv":[0.0,0.0,0.0,0.125],"rotation":0,"texture":"#0","tintindex":0},"west":{"uv":[11.96875,10.53125,12.5625,10.65625],"rotation":0,"texture":"#0","tintindex":0},"up":{"uv":[0.0,0.59375,0.0,0.0],"rotation":0,"texture":"#0","tintindex":0},"down":{"uv":[0.0,0.0,0.0,0.59375],"rotation":0,"texture":"#0","tintindex":0}}}],"display":{"head":{"translation":[0.0,-6.4,0.0],"scale":[4.0,4.0,4.0]}}}