{"textures":{"0":"modelengine:entity/yukio_full"},"elements":[{"from":[5.714286,1.1309142,4.5714283],"to":[11.428572,22.273773,10.285714],"rotation":{"angle":0.0,"axis":"y","origin":[6.285714,10.845201,5.142857]},"faces":{"east":{"uv":[7.96875,9.1875,7.65625,10.34375],"rotation":0,"texture":"#0","tintindex":0},"south":{"uv":[7.65625,9.1875,7.34375,10.34375],"rotation":0,"texture":"#0","tintindex":0},"north":{"uv":[7.03125,9.1875,6.71875,10.34375],"rotation":0,"texture":"#0","tintindex":0},"west":{"uv":[7.34375,9.1875,7.03125,10.34375],"rotation":0,"texture":"#0","tintindex":0},"up":{"uv":[3.25,8.875,3.5625,8.5625],"rotation":0,"texture":"#0","tintindex":0},"down":{"uv":[10.96875,4.21875,11.28125,4.53125],"rotation":0,"texture":"#0","tintindex":0}}},{"from":[-2.5773764,2.8452,13.720233],"to":[7.13691,25.702345,13.720233],"rotation":{"angle":45.0,"axis":"y","origin":[2.279767,10.845201,13.720233]},"faces":{"east":{"uv":[0.0,0.0,0.0,1.25],"rotation":0,"texture":"#0","tintindex":0},"south":{"uv":[4.09375,7.625,3.5625,8.875],"rotation":0,"texture":"#0","tintindex":0},"north":{"uv":[1.78125,7.25,1.25,8.5],"rotation":0,"texture":"#0","tintindex":0},"west":{"uv":[0.0,0.0,0.0,1.25],"rotation":0,"texture":"#0","tintindex":0},"up":{"uv":[0.0,0.0,0.53125,0.0],"rotation":0,"texture":"#0","tintindex":0},"down":{"uv":[0.0,0.0,0.53125,0.0],"rotation":0,"texture":"#0","tintindex":0}}},{"from":[-1.9812336,11.416629,6.1021624],"to":[6.0187674,22.273773,6.1021624],"rotation":{"angle":22.5,"axis":"y","origin":[2.0187674,16.8452,6.1021624]},"faces":{"east":{"uv":[0.0,0.0,0.0,0.59375],"rotation":0,"texture":"#0","tintindex":0},"south":{"uv":[0.875,10.0,0.4375,10.59375],"rotation":0,"texture":"#0","tintindex":0},"north":{"uv":[0.4375,10.0,0.875,10.59375],"rotation":0,"texture":"#0","tintindex":0},"west":{"uv":[0.0,0.0,0.0,0.59375],"rotation":0,"texture":"#0","tintindex":0},"up":{"uv":[0.0,0.0,0.4375,0.0],"rotation":0,"texture":"#0","tintindex":0},"down":{"uv":[0.0,0.0,0.4375,0.0],"rotation":0,"texture":"#0","tintindex":0}}},{"from":[3.4417334,20.571428,5.714286],"to":[8.584591,32.0,9.142858],"rotation":{"angle":22.5,"axis":"z","origin":[5.727448,28.571428,6.857143]},"faces":{"east":{"uv":[10.75,11.5,10.5625,12.125],"rotation":0,"texture":"#0","tintindex":0},"south":{"uv":[4.375,11.3125,4.09375,11.9375],"rotation":0,"texture":"#0","tintindex":0},"north":{"uv":[2.875,5.09375,2.59375,5.71875],"rotation":0,"texture":"#0","tintindex":0},"west":{"uv":[7.6875,11.5,7.5,12.125],"rotation":0,"texture":"#0","tintindex":0},"up":{"uv":[12.125,9.03125,12.40625,8.84375],"rotation":0,"texture":"#0","tintindex":0},"down":{"uv":[12.125,11.84375,12.40625,12.03125],"rotation":0,"texture":"#0","tintindex":0}}}],"display":{"head":{"translation":[0.0,18.790628,0.0],"scale":[4.0,4.0,4.0]}}}