{"textures":{"0":"modelengine:entity/yukio_full"},"elements":[{"from":[5.068694,4.9341135,0.41381598],"to":[13.068695,9.505543,9.556674],"rotation":{"angle":0.0,"axis":"y","origin":[9.068694,8.362685,0.9852443]},"faces":{"east":{"uv":[12.0625,6.4375,11.5625,6.6875],"rotation":0,"texture":"#0","tintindex":0},"south":{"uv":[5.15625,11.65625,4.71875,11.90625],"rotation":0,"texture":"#0","tintindex":0},"north":{"uv":[12.09375,0.0,11.65625,0.25],"rotation":0,"texture":"#0","tintindex":0},"west":{"uv":[2.8125,7.78125,2.3125,8.03125],"rotation":0,"texture":"#0","tintindex":0},"up":{"uv":[5.3125,11.3125,5.75,10.8125],"rotation":0,"texture":"#0","tintindex":0},"down":{"uv":[10.84375,4.53125,11.28125,5.03125],"rotation":0,"texture":"#0","tintindex":0}}}],"display":{"head":{"translation":[0.0,-6.4,0.0],"scale":[4.0,4.0,4.0]}}}