{"textures":{"0":"modelengine:entity/yukio_full"},"elements":[{"from":[6.6735907,7.1240897,8.0],"to":[6.6735907,15.12409,18.857143],"rotation":{"angle":22.5,"axis":"z","origin":[6.6735907,11.12409,13.428572]},"faces":{"east":{"uv":[10.5,0.40625,11.09375,0.84375],"rotation":0,"texture":"#0","tintindex":0},"south":{"uv":[0.0,0.0,0.0,0.4375],"rotation":0,"texture":"#0","tintindex":0},"north":{"uv":[0.0,0.0,0.0,0.4375],"rotation":0,"texture":"#0","tintindex":0},"west":{"uv":[10.5,7.15625,11.09375,7.59375],"rotation":0,"texture":"#0","tintindex":0},"up":{"uv":[0.0,0.59375,0.0,0.0],"rotation":0,"texture":"#0","tintindex":0},"down":{"uv":[0.0,0.0,0.0,0.59375],"rotation":0,"texture":"#0","tintindex":0}}},{"from":[7.428571,-6.8197603,10.419245],"to":[7.428571,-4.534046,21.276388],"rotation":{"angle":0.0,"axis":"y","origin":[8.0,10.323097,-76.437904]},"faces":{"east":{"uv":[11.96875,10.40625,12.5625,10.53125],"rotation":0,"texture":"#0","tintindex":0},"south":{"uv":[0.0,0.0,0.0,0.125],"rotation":0,"texture":"#0","tintindex":0},"north":{"uv":[0.0,0.0,0.0,0.125],"rotation":0,"texture":"#0","tintindex":0},"west":{"uv":[11.96875,10.53125,12.5625,10.65625],"rotation":0,"texture":"#0","tintindex":0},"up":{"uv":[0.0,0.59375,0.0,0.0],"rotation":0,"texture":"#0","tintindex":0},"down":{"uv":[0.0,0.0,0.0,0.59375],"rotation":0,"texture":"#0","tintindex":0}}},{"from":[4.0,-4.5714293,8.0],"to":[12.0,8.0,25.142859],"rotation":{"angle":0.0,"axis":"y","origin":[8.0,-22.857143,-45.714287]},"faces":{"east":{"uv":[6.21875,8.5,7.15625,9.1875],"rotation":0,"texture":"#0","tintindex":0},"south":{"uv":[3.625,9.59375,4.0625,10.28125],"rotation":0,"texture":"#0","tintindex":0},"north":{"uv":[3.1875,9.59375,3.625,10.28125],"rotation":0,"texture":"#0","tintindex":0},"west":{"uv":[8.5,6.96875,9.4375,7.65625],"rotation":0,"texture":"#0","tintindex":0},"up":{"uv":[9.5,0.9375,9.0625,0.0],"rotation":0,"texture":"#0","tintindex":0},"down":{"uv":[9.53125,7.65625,9.09375,8.59375],"rotation":0,"texture":"#0","tintindex":0}}}],"display":{"head":{"translation":[0.0,-6.4,0.0],"scale":[4.0,4.0,4.0]}}}