{"textures":{"0":"modelengine:entity/cowtruck"},"elements":[{"from":[6.137566,6.1786346,-0.57142925],"to":[10.137567,9.588561,2.2857141],"rotation":{"angle":-45.0,"axis":"x","origin":[11.280423,7.883598,8.0]},"faces":{"east":{"uv":[12.75,10.75,12.125,11.5],"rotation":0,"texture":"#0","tintindex":0},"south":{"uv":[2.875,9.875,2.0,10.625],"rotation":0,"texture":"#0","tintindex":0},"north":{"uv":[11.25,4.75,10.375,4.0],"rotation":0,"texture":"#0","tintindex":0},"west":{"uv":[7.0,10.75,6.375,11.5],"rotation":0,"texture":"#0","tintindex":0},"up":{"uv":[10.375,11.875,11.25,11.25],"rotation":0,"texture":"#0","tintindex":0},"down":{"uv":[11.25,11.0,12.125,11.625],"rotation":0,"texture":"#0","tintindex":0}}},{"from":[6.137566,6.1786346,-0.57142925],"to":[10.137567,9.588561,2.2857141],"rotation":{"angle":-22.5,"axis":"x","origin":[11.280423,7.883598,8.0]},"faces":{"east":{"uv":[4.0,12.25,3.375,13.0],"rotation":0,"texture":"#0","tintindex":0},"south":{"uv":[5.875,10.0,5.0,10.75],"rotation":0,"texture":"#0","tintindex":0},"north":{"uv":[11.25,4.75,10.375,4.0],"rotation":0,"texture":"#0","tintindex":0},"west":{"uv":[12.75,11.5,12.125,12.25],"rotation":0,"texture":"#0","tintindex":0},"up":{"uv":[11.375,0.625,12.25,0.0],"rotation":0,"texture":"#0","tintindex":0},"down":{"uv":[1.75,11.375,2.625,12.0],"rotation":0,"texture":"#0","tintindex":0}}},{"from":[6.137566,6.1786346,-0.57142925],"to":[10.137567,9.588561,2.2857141],"rotation":{"angle":0.0,"axis":"y","origin":[11.280423,7.883598,8.0]},"faces":{"east":{"uv":[12.875,7.5,12.25,8.25],"rotation":0,"texture":"#0","tintindex":0},"south":{"uv":[9.5,10.0,8.625,10.75],"rotation":0,"texture":"#0","tintindex":0},"north":{"uv":[11.25,4.75,10.375,4.0],"rotation":0,"texture":"#0","tintindex":0},"west":{"uv":[6.75,12.25,6.125,13.0],"rotation":0,"texture":"#0","tintindex":0},"up":{"uv":[2.625,12.0,3.5,11.375],"rotation":0,"texture":"#0","tintindex":0},"down":{"uv":[11.375,7.625,12.25,8.25],"rotation":0,"texture":"#0","tintindex":0}}},{"from":[6.137566,6.1786346,-0.57142925],"to":[10.137567,9.588561,2.2857141],"rotation":{"angle":22.5,"axis":"x","origin":[11.280423,7.883598,8.0]},"faces":{"east":{"uv":[12.375,12.25,11.75,13.0],"rotation":0,"texture":"#0","tintindex":0},"south":{"uv":[4.625,10.125,3.75,10.875],"rotation":0,"texture":"#0","tintindex":0},"north":{"uv":[11.25,4.75,10.375,4.0],"rotation":0,"texture":"#0","tintindex":0},"west":{"uv":[11.75,12.25,11.125,13.0],"rotation":0,"texture":"#0","tintindex":0},"up":{"uv":[4.5,12.125,5.375,11.5],"rotation":0,"texture":"#0","tintindex":0},"down":{"uv":[5.375,11.5,6.25,12.125],"rotation":0,"texture":"#0","tintindex":0}}},{"from":[6.137566,6.1786346,-0.57142925],"to":[10.137567,9.588561,2.2857141],"rotation":{"angle":45.0,"axis":"x","origin":[11.280423,7.883598,8.0]},"faces":{"east":{"uv":[13.0,12.25,12.375,13.0],"rotation":0,"texture":"#0","tintindex":0},"south":{"uv":[1.875,10.25,1.0,11.0],"rotation":0,"texture":"#0","tintindex":0},"north":{"uv":[11.25,4.75,10.375,4.0],"rotation":0,"texture":"#0","tintindex":0},"west":{"uv":[1.125,12.375,0.5,13.125],"rotation":0,"texture":"#0","tintindex":0},"up":{"uv":[8.5,12.125,9.375,11.5],"rotation":0,"texture":"#0","tintindex":0},"down":{"uv":[9.375,11.5,10.25,12.125],"rotation":0,"texture":"#0","tintindex":0}}},{"from":[6.137566,6.1786346,13.714286],"to":[10.137567,9.588561,16.57143],"rotation":{"angle":-45.0,"axis":"x","origin":[11.280423,7.883598,8.0]},"faces":{"east":{"uv":[8.0,12.5,7.375,13.25],"rotation":0,"texture":"#0","tintindex":0},"south":{"uv":[11.25,4.0,10.375,4.75],"rotation":0,"texture":"#0","tintindex":0},"north":{"uv":[11.125,1.0,10.25,1.75],"rotation":0,"texture":"#0","tintindex":0},"west":{"uv":[7.375,12.5,6.75,13.25],"rotation":0,"texture":"#0","tintindex":0},"up":{"uv":[3.5,12.25,4.375,11.625],"rotation":0,"texture":"#0","tintindex":0},"down":{"uv":[6.25,11.625,7.125,12.25],"rotation":0,"texture":"#0","tintindex":0}}},{"from":[6.137566,6.1786346,13.714286],"to":[10.137567,9.588561,16.57143],"rotation":{"angle":-22.5,"axis":"x","origin":[11.280423,7.883598,8.0]},"faces":{"east":{"uv":[11.0,12.5,10.375,13.25],"rotation":0,"texture":"#0","tintindex":0},"south":{"uv":[11.25,4.0,10.375,4.75],"rotation":0,"texture":"#0","tintindex":0},"north":{"uv":[11.125,9.0,10.25,9.75],"rotation":0,"texture":"#0","tintindex":0},"west":{"uv":[10.375,12.5,9.75,13.25],"rotation":0,"texture":"#0","tintindex":0},"up":{"uv":[11.25,12.25,12.125,11.625],"rotation":0,"texture":"#0","tintindex":0},"down":{"uv":[0.75,11.75,1.625,12.375],"rotation":0,"texture":"#0","tintindex":0}}},{"from":[6.137566,6.1786346,13.714286],"to":[10.137567,9.588561,16.57143],"rotation":{"angle":0.0,"axis":"y","origin":[11.280423,7.883598,8.0]},"faces":{"east":{"uv":[2.375,12.625,1.75,13.375],"rotation":0,"texture":"#0","tintindex":0},"south":{"uv":[11.25,4.0,10.375,4.75],"rotation":0,"texture":"#0","tintindex":0},"north":{"uv":[8.625,10.375,7.75,11.125],"rotation":0,"texture":"#0","tintindex":0},"west":{"uv":[1.75,12.625,1.125,13.375],"rotation":0,"texture":"#0","tintindex":0},"up":{"uv":[11.875,7.5,12.75,6.875],"rotation":0,"texture":"#0","tintindex":0},"down":{"uv":[7.125,11.875,8.0,12.5],"rotation":0,"texture":"#0","tintindex":0}}},{"from":[6.137566,6.1786346,13.714286],"to":[10.137567,9.588561,16.57143],"rotation":{"angle":22.5,"axis":"x","origin":[11.280423,7.883598,8.0]},"faces":{"east":{"uv":[13.25,8.25,12.625,9.0],"rotation":0,"texture":"#0","tintindex":0},"south":{"uv":[11.25,4.0,10.375,4.75],"rotation":0,"texture":"#0","tintindex":0},"north":{"uv":[0.875,10.5,0.0,11.25],"rotation":0,"texture":"#0","tintindex":0},"west":{"uv":[3.0,12.625,2.375,13.375],"rotation":0,"texture":"#0","tintindex":0},"up":{"uv":[10.25,12.5,11.125,11.875],"rotation":0,"texture":"#0","tintindex":0},"down":{"uv":[12.0,0.625,12.875,1.25],"rotation":0,"texture":"#0","tintindex":0}}},{"from":[6.137566,6.1786346,13.714286],"to":[10.137567,9.588561,16.57143],"rotation":{"angle":45.0,"axis":"x","origin":[11.280423,7.883598,8.0]},"faces":{"east":{"uv":[4.625,12.75,4.0,13.5],"rotation":0,"texture":"#0","tintindex":0},"south":{"uv":[11.25,4.0,10.375,4.75],"rotation":0,"texture":"#0","tintindex":0},"north":{"uv":[11.375,7.625,10.5,8.375],"rotation":0,"texture":"#0","tintindex":0},"west":{"uv":[13.375,3.75,12.75,4.5],"rotation":0,"texture":"#0","tintindex":0},"up":{"uv":[12.0,1.875,12.875,1.25],"rotation":0,"texture":"#0","tintindex":0},"down":{"uv":[1.625,12.0,2.5,12.625],"rotation":0,"texture":"#0","tintindex":0}}},{"from":[6.137566,-0.6878309,6.295037],"to":[10.137567,2.169312,9.704964],"rotation":{"angle":-22.5,"axis":"x","origin":[11.280423,7.883598,8.0]},"faces":{"east":{"uv":[13.5,4.5,12.75,5.125],"rotation":0,"texture":"#0","tintindex":0},"south":{"uv":[3.375,12.0,2.5,12.625],"rotation":0,"texture":"#0","tintindex":0},"north":{"uv":[12.875,1.875,12.0,2.5],"rotation":0,"texture":"#0","tintindex":0},"west":{"uv":[13.0,0.0,12.25,0.625],"rotation":0,"texture":"#0","tintindex":0},"up":{"uv":[1.875,11.375,2.75,10.625],"rotation":0,"texture":"#0","tintindex":0},"down":{"uv":[11.25,4.0,10.375,4.75],"rotation":0,"texture":"#0","tintindex":0}}},{"from":[6.137566,-0.6878309,6.295037],"to":[10.137567,2.169312,9.704964],"rotation":{"angle":0.0,"axis":"y","origin":[11.280423,7.883598,8.0]},"faces":{"east":{"uv":[6.125,12.75,5.375,13.375],"rotation":0,"texture":"#0","tintindex":0},"south":{"uv":[12.875,3.125,12.0,3.75],"rotation":0,"texture":"#0","tintindex":0},"north":{"uv":[12.875,2.5,12.0,3.125],"rotation":0,"texture":"#0","tintindex":0},"west":{"uv":[5.375,12.75,4.625,13.375],"rotation":0,"texture":"#0","tintindex":0},"up":{"uv":[4.625,11.5,5.5,10.75],"rotation":0,"texture":"#0","tintindex":0},"down":{"uv":[11.25,4.0,10.375,4.75],"rotation":0,"texture":"#0","tintindex":0}}},{"from":[6.137566,-0.6878309,6.295037],"to":[10.137567,2.169312,9.704964],"rotation":{"angle":22.5,"axis":"x","origin":[11.280423,7.883598,8.0]},"faces":{"east":{"uv":[8.75,12.75,8.0,13.375],"rotation":0,"texture":"#0",