{"textures":{"0":"modelengine:entity/pohaku3_energized"},"elements":[{"from":[1.2380953,0.85714245,-1.0723705],"to":[14.952381,9.428572,16.641916],"rotation":{"angle":0.0,"axis":"y","origin":[-22.761906,-10.57143,-19.929514]},"faces":{"east":{"uv":[6.46875,4.6875,7.4375,5.15625],"rotation":0,"texture":"#0","tintindex":0},"south":{"uv":[7.9375,4.5625,8.6875,5.03125],"rotation":0,"texture":"#0","tintindex":0},"north":{"uv":[7.9375,4.09375,8.6875,4.5625],"rotation":0,"texture":"#0","tintindex":0},"west":{"uv":[6.46875,5.15625,7.4375,5.625],"rotation":0,"texture":"#0","tintindex":0},"up":{"uv":[1.5,5.875,0.75,4.90625],"rotation":0,"texture":"#0","tintindex":0},"down":{"uv":[4.9375,2.125,4.1875,3.09375],"rotation":0,"texture":"#0","tintindex":0}}},{"from":[7.5238094,4.8571424,3.319796],"to":[16.666668,14.0,12.462654],"rotation":{"angle":45.0,"axis":"x","origin":[12.095238,9.428572,7.8912253]},"faces":{"east":{"uv":[8.71875,2.3125,9.21875,2.8125],"rotation":0,"texture":"#0","tintindex":0},"south":{"uv":[5.5625,8.71875,6.0625,9.21875],"rotation":0,"texture":"#0","tintindex":0},"north":{"uv":[8.71875,1.8125,9.21875,2.3125],"rotation":0,"texture":"#0","tintindex":0},"west":{"uv":[6.8125,8.71875,7.3125,9.21875],"rotation":0,"texture":"#0","tintindex":0},"up":{"uv":[9.28125,5.125,8.78125,4.625],"rotation":0,"texture":"#0","tintindex":0},"down":{"uv":[9.28125,5.125,8.78125,5.625],"rotation":0,"texture":"#0","tintindex":0}}},{"from":[0.09523773,4.8571424,6.1769395],"to":[7.5238094,10.571428,11.891226],"rotation":{"angle":45.0,"axis":"x","origin":[12.095238,9.428572,10.748368]},"faces":{"east":{"uv":[9.71875,7.09375,10.03125,7.40625],"rotation":0,"texture":"#0","tintindex":0},"south":{"uv":[9.625,2.25,10.03125,2.5625],"rotation":0,"texture":"#0","tintindex":0},"north":{"uv":[9.625,1.9375,10.03125,2.25],"rotation":0,"texture":"#0","tintindex":0},"west":{"uv":[9.71875,7.40625,10.03125,7.71875],"rotation":0,"texture":"#0","tintindex":0},"up":{"uv":[3.625,9.9375,3.21875,9.625],"rotation":0,"texture":"#0","tintindex":0},"down":{"uv":[8.9375,9.625,8.53125,9.9375],"rotation":0,"texture":"#0","tintindex":0}}}],"display":{"head":{"translation":[0.0,-6.4,0.0],"scale":[4.0,4.0,4.0]}}}