{"textures":{"0":"modelengine:entity/pohaku3_energized"},"elements":[{"from":[1.2380953,0.85714245,-1.0723705],"to":[14.952381,9.428572,16.641916],"rotation":{"angle":0.0,"axis":"y","origin":[-22.761906,-10.57143,-19.929514]},"faces":{"east":{"uv":[6.46875,3.75,7.4375,4.21875],"rotation":0,"texture":"#0","tintindex":0},"south":{"uv":[7.9375,3.625,8.6875,4.09375],"rotation":0,"texture":"#0","tintindex":0},"north":{"uv":[7.90625,7.6875,8.65625,8.15625],"rotation":0,"texture":"#0","tintindex":0},"west":{"uv":[6.46875,4.21875,7.4375,4.6875],"rotation":0,"texture":"#0","tintindex":0},"up":{"uv":[4.9375,4.0625,4.1875,3.09375],"rotation":0,"texture":"#0","tintindex":0},"down":{"uv":[4.9375,2.125,4.1875,3.09375],"rotation":0,"texture":"#0","tintindex":0}}},{"from":[7.5238094,4.8571424,3.319796],"to":[16.666668,14.0,12.462654],"rotation":{"angle":45.0,"axis":"x","origin":[12.095238,9.428572,7.8912253]},"faces":{"east":{"uv":[8.65625,8.59375,9.15625,9.09375],"rotation":0,"texture":"#0","tintindex":0},"south":{"uv":[8.6875,3.625,9.1875,4.125],"rotation":0,"texture":"#0","tintindex":0},"north":{"uv":[8.65625,7.53125,9.15625,8.03125],"rotation":0,"texture":"#0","tintindex":0},"west":{"uv":[8.6875,4.125,9.1875,4.625],"rotation":0,"texture":"#0","tintindex":0},"up":{"uv":[1.375,9.21875,0.875,8.71875],"rotation":0,"texture":"#0","tintindex":0},"down":{"uv":[9.21875,1.3125,8.71875,1.8125],"rotation":0,"texture":"#0","tintindex":0}}},{"from":[6.4645004,3.4279747,-3.929514],"to":[11.607357,3.4279747,-1.0723705],"rotation":{"angle":-45.0,"axis":"z","origin":[12.4645,3.5120697,-2.4198103]},"faces":{"east":{"uv":[0.5,3.65625,0.5,3.78125],"rotation":90,"texture":"#0","tintindex":0},"south":{"uv":[0.5,3.65625,0.78125,3.65625],"rotation":180,"texture":"#0","tintindex":0},"north":{"uv":[0.5,3.65625,0.78125,3.65625],"rotation":0,"texture":"#0","tintindex":0},"west":{"uv":[0.5,3.65625,0.5,3.78125],"rotation":270,"texture":"#0","tintindex":0},"up":{"uv":[2.25,3.84375,1.96875,4.0],"rotation":0,"texture":"#0","tintindex":0},"down":{"uv":[1.96875,3.84375,2.25,4.0],"rotation":180,"texture":"#0","tintindex":0}}},{"from":[0.09523773,4.8571424,6.1769395],"to":[7.5238094,10.571428,11.891226],"rotation":{"angle":45.0,"axis":"x","origin":[12.095238,9.428572,10.748368]},"faces":{"east":{"uv":[9.71875,2.5625,10.03125,2.875],"rotation":0,"texture":"#0","tintindex":0},"south":{"uv":[9.625,1.0,10.03125,1.3125],"rotation":0,"texture":"#0","tintindex":0},"north":{"uv":[9.59375,5.9375,10.0,6.25],"rotation":0,"texture":"#0","tintindex":0},"west":{"uv":[9.71875,6.78125,10.03125,7.09375],"rotation":0,"texture":"#0","tintindex":0},"up":{"uv":[10.03125,1.625,9.625,1.3125],"rotation":0,"texture":"#0","tintindex":0},"down":{"uv":[10.03125,1.625,9.625,1.9375],"rotation":0,"texture":"#0","tintindex":0}}}],"display":{"head":{"translation":[0.0,-6.4,0.0],"scale":[4.0,4.0,4.0]}}}