{"textures":{"0":"modelengine:entity/npc_towmater"},"elements":[{"from":[7.6571426,6.40665,7.749998],"to":[8.228572,8.692365,8.321426],"rotation":{"angle":-22.5,"axis":"x","origin":[7.9428573,8.120935,9.17857]},"faces":{"east":{"uv":[11.375,12.25,11.5,12.75],"rotation":0,"texture":"#0","tintindex":0},"south":{"uv":[12.375,10.0,12.5,10.5],"rotation":0,"texture":"#0","tintindex":0},"north":{"uv":[6.5,2.875,6.625,3.375],"rotation":0,"texture":"#0","tintindex":0},"west":{"uv":[12.375,10.5,12.5,11.0],"rotation":0,"texture":"#0","tintindex":0},"up":{"uv":[9.375,11.25,9.25,11.125],"rotation":0,"texture":"#0","tintindex":0},"down":{"uv":[9.5,11.125,9.375,11.25],"rotation":0,"texture":"#0","tintindex":0}}},{"from":[7.5714283,5.043927,8.84466],"to":[8.314285,6.1867847,9.587517],"rotation":{"angle":-22.5,"axis":"x","origin":[7.9428573,5.043927,9.216088]},"faces":{"east":{"uv":[10.75,8.75,10.875,9.0],"rotation":0,"texture":"#0","tintindex":0},"south":{"uv":[12.5,3.125,12.625,3.375],"rotation":0,"texture":"#0","tintindex":0},"north":{"uv":[2.625,7.75,2.75,8.0],"rotation":0,"texture":"#0","tintindex":0},"west":{"uv":[12.5,3.375,12.625,3.625],"rotation":0,"texture":"#0","tintindex":0},"up":{"uv":[11.375,2.625,11.25,2.5],"rotation":0,"texture":"#0","tintindex":0},"down":{"uv":[10.5,11.25,10.375,11.375],"rotation":0,"texture":"#0","tintindex":0}}},{"from":[7.5142856,4.5,8.821428],"to":[8.3714285,5.3571424,9.964286],"rotation":{"angle":22.5,"axis":"x","origin":[8.0,4.5714283,9.857143]},"faces":{"east":{"uv":[11.75,12.375,12.0,12.625],"rotation":0,"texture":"#0","tintindex":0},"south":{"uv":[12.0,12.375,12.25,12.625],"rotation":0,"texture":"#0","tintindex":0},"north":{"uv":[11.5,12.375,11.75,12.625],"rotation":0,"texture":"#0","tintindex":0},"west":{"uv":[12.25,12.375,12.5,12.625],"rotation":0,"texture":"#0","tintindex":0},"up":{"uv":[0.25,12.75,0.0,12.5],"rotation":0,"texture":"#0","tintindex":0},"down":{"uv":[0.875,12.5,0.625,12.75],"rotation":0,"texture":"#0","tintindex":0}}},{"from":[7.5142856,3.7857141,9.964286],"to":[8.3714285,5.3571424,10.678572],"rotation":{"angle":22.5,"axis":"x","origin":[8.0,4.5714283,9.857143]},"faces":{"east":{"uv":[4.375,10.375,4.5,10.75],"rotation":0,"texture":"#0","tintindex":0},"south":{"uv":[12.25,7.625,12.5,8.0],"rotation":0,"texture":"#0","tintindex":0},"north":{"uv":[6.5,12.25,6.75,12.625],"rotation":0,"texture":"#0","tintindex":0},"west":{"uv":[1.5,12.5,1.625,12.875],"rotation":0,"texture":"#0","tintindex":0},"up":{"uv":[9.75,10.0,9.5,9.875],"rotation":0,"texture":"#0","tintindex":0},"down":{"uv":[7.75,10.25,7.5,10.375],"rotation":0,"texture":"#0","tintindex":0}}},{"from":[7.5714283,2.9285712,9.107143],"to":[8.314285,3.7857141,10.678572],"rotation":{"angle":22.5,"axis":"x","origin":[8.0,4.5714283,9.857143]},"faces":{"east":{"uv":[12.25,6.625,12.625,6.875],"rotation":0,"texture":"#0","tintindex":0},"south":{"uv":[3.875,12.5,4.0,12.75],"rotation":0,"texture":"#0","tintindex":0},"north":{"uv":[3.75,12.5,3.875,12.75],"rotation":0,"texture":"#0","tintindex":0},"west":{"uv":[8.125,12.25,8.5,12.5],"rotation":0,"texture":"#0","tintindex":0},"up":{"uv":[1.75,12.875,1.625,12.5],"rotation":0,"texture":"#0","tintindex":0},"down":{"uv":[1.875,12.5,1.75,12.875],"rotation":0,"texture":"#0","tintindex":0}}}],"display":{"head":{"translation":[0.0,-6.4,0.0],"scale":[4.0,4.0,4.0]}}}