{"textures":{"0":"modelengine:entity/npc_towmater"},"elements":[{"from":[6.4126983,7.053226,5.714286],"to":[9.84127,8.946774,6.857143],"rotation":{"angle":45.0,"axis":"x","origin":[7.5555553,8.0,8.0]},"faces":{"east":{"uv":[8.5,12.25,8.75,12.625],"rotation":0,"texture":"#0","tintindex":0},"south":{"uv":[11.375,0.375,12.125,0.75],"rotation":0,"texture":"#0","tintindex":0},"north":{"uv":[11.375,0.0,12.125,0.375],"rotation":0,"texture":"#0","tintindex":0},"west":{"uv":[9.25,12.25,9.5,12.625],"rotation":0,"texture":"#0","tintindex":0},"up":{"uv":[11.875,12.0,11.125,11.75],"rotation":0,"texture":"#0","tintindex":0},"down":{"uv":[12.625,3.625,11.875,3.875],"rotation":0,"texture":"#0","tintindex":0}}},{"from":[6.4126983,7.053226,5.714286],"to":[9.84127,8.946774,6.857143],"rotation":{"angle":0.0,"axis":"y","origin":[7.5555553,8.0,8.0]},"faces":{"east":{"uv":[9.5,12.25,9.75,12.625],"rotation":0,"texture":"#0","tintindex":0},"south":{"uv":[11.375,1.125,12.125,1.5],"rotation":0,"texture":"#0","tintindex":0},"north":{"uv":[11.375,0.75,12.125,1.125],"rotation":0,"texture":"#0","tintindex":0},"west":{"uv":[9.75,12.25,10.0,12.625],"rotation":0,"texture":"#0","tintindex":0},"up":{"uv":[12.625,9.0,11.875,8.75],"rotation":0,"texture":"#0","tintindex":0},"down":{"uv":[12.625,9.0,11.875,9.25],"rotation":0,"texture":"#0","tintindex":0}}},{"from":[6.4126983,7.053226,9.142858],"to":[9.84127,8.946774,10.285714],"rotation":{"angle":45.0,"axis":"x","origin":[7.5555553,8.0,8.0]},"faces":{"east":{"uv":[10.0,12.25,10.25,12.625],"rotation":0,"texture":"#0","tintindex":0},"south":{"uv":[11.375,2.875,12.125,3.25],"rotation":0,"texture":"#0","tintindex":0},"north":{"uv":[11.375,2.5,12.125,2.875],"rotation":0,"texture":"#0","tintindex":0},"west":{"uv":[10.25,12.25,10.5,12.625],"rotation":0,"texture":"#0","tintindex":0},"up":{"uv":[12.625,9.5,11.875,9.25],"rotation":0,"texture":"#0","tintindex":0},"down":{"uv":[12.625,11.375,11.875,11.625],"rotation":0,"texture":"#0","tintindex":0}}},{"from":[6.4126983,7.053226,9.142858],"to":[9.84127,8.946774,10.285714],"rotation":{"angle":0.0,"axis":"y","origin":[7.5555553,8.0,8.0]},"faces":{"east":{"uv":[10.5,12.25,10.75,12.625],"rotation":0,"texture":"#0","tintindex":0},"south":{"uv":[11.125,11.375,11.875,11.75],"rotation":0,"texture":"#0","tintindex":0},"north":{"uv":[11.375,3.25,12.125,3.625],"rotation":0,"texture":"#0","tintindex":0},"west":{"uv":[10.75,12.25,11.0,12.625],"rotation":0,"texture":"#0","tintindex":0},"up":{"uv":[12.625,11.875,11.875,11.625],"rotation":0,"texture":"#0","tintindex":0},"down":{"uv":[12.625,11.875,11.875,12.125],"rotation":0,"texture":"#0","tintindex":0}}},{"from":[6.926984,6.4817977,6.857143],"to":[6.926984,9.518203,9.142858],"rotation":{"angle":0.0,"axis":"y","origin":[7.5555553,8.0,8.0]},"faces":{"east":{"uv":[11.125,10.75,11.625,11.375],"rotation":0,"texture":"#0","tintindex":0},"south":{"uv":[0.0,0.0,0.0,0.625],"rotation":0,"texture":"#0","tintindex":0},"north":{"uv":[0.0,0.0,0.0,0.625],"rotation":0,"texture":"#0","tintindex":0},"west":{"uv":[11.25,1.625,11.75,2.25],"rotation":0,"texture":"#0","tintindex":0},"up":{"uv":[0.0,0.5,0.0,0.0],"rotation":0,"texture":"#0","tintindex":0},"down":{"uv":[0.0,0.0,0.0,0.5],"rotation":0,"texture":"#0","tintindex":0}}},{"from":[6.4126983,5.714286,7.053226],"to":[9.84127,6.857143,8.946774],"rotation":{"angle":45.0,"axis":"x","origin":[7.5555553,8.0,8.0]},"faces":{"east":{"uv":[11.0,12.25,11.375,12.5],"rotation":0,"texture":"#0","tintindex":0},"south":{"uv":[8.125,12.0,8.875,12.25],"rotation":0,"texture":"#0","tintindex":0},"north":{"uv":[12.0,6.875,12.75,7.125],"rotation":0,"texture":"#0","tintindex":0},"west":{"uv":[12.25,12.125,12.625,12.375],"rotation":0,"texture":"#0","tintindex":0},"up":{"uv":[12.25,8.0,11.5,7.625],"rotation":0,"texture":"#0","tintindex":0},"down":{"uv":[12.375,3.875,11.625,4.25],"rotation":0,"texture":"#0","tintindex":0}}},{"from":[6.4126983,5.714286,7.053226],"to":[9.84127,6.857143,8.946774],"rotation":{"angle":0.0,"axis":"y","origin":[7.5555553,8.0,8.0]},"faces":{"east":{"uv":[12.375,2.25,12.75,2.5],"rotation":0,"texture":"#0","tintindex":0},"south":{"uv":[10.0,12.0,10.75,12.25],"rotation":0,"texture":"#0","tintindex":0},"north":{"uv":[9.25,12.0,10.0,12.25],"rotation":0,"texture":"#0","tintindex":0},"west":{"uv":[3.375,12.375,3.75,12.625],"rotation":0,"texture":"#0","tintindex":0},"up":{"uv":[12.375,4.625,11.625,4.25],"rotation":0,"texture":"#0","tintindex":0},"down":{"uv":[10.0,11.625,9.25,12.0],"rotation":0,"texture":"#0","tintindex":0}}},{"from":[6.4126983,9.142858,7.053226],"to":[9.84127,10.285714,8.946774],"rotation":{"angle":45.0,"axis":"x","origin":[7.5555553,8.0,8.0]},"faces":{"east":{"uv":[12.375,3.875,12.75,4.125],"rotation":0,"texture":"#0","tintindex":0},"south":{"uv":[12.125,0.0,12.875,0.25],"rotation":0,"texture":"#0","tintindex":0},"north":{"uv":[10.75,12.0,11.5,12.25],"rotation":0,"texture":"#0","tintindex":0},"west":{"uv":[12.375,4.125,12.75,4.375],"rotation":0,"texture":"#0","tintindex":0},"up":{"uv":[12.375,9.875,11.625,9.5],"rotation":0,"texture":"#0","tintindex":0},"down":{"uv":[12.375,9.875,11.625,10.25],"rotation":0,"texture":"#0","tintindex":0}}},{"from":[6.4126983,9.142858,7.053226],"to":[9.84127,10.285714,8.946774],"rotation":{"angle":0.0,"axis":"y","origin":[7.5555553,8.0,8.0]},"faces":{"east":{"uv":[12.375,4.375,12.75,4.625],"rotation":0,"texture":"#0","tintindex":0},"south":{"uv":[12.125,0.5,12.875,0.75],"rotation":0,"texture":"#0","tintindex":0},"north":{"uv":[12.125,0.25,12.875,0.5],"rotation":0,"texture":"#0","tintindex":0},"west":{"uv":[12.375,4.875,12.75,5.125],"rotation":0,"texture":"#0","tintindex":0},"up":{"uv":[12.375,10.625,11.625,10.25],"rotation":0,"texture":"#0","tintindex":0},"down":{"uv":[12.375,10.625,11.625,11.0],"rotation":0,"texture":"#0","tintindex":0}}}],"display":{"head":{"translation":[0.0,-6.4,0.0],"scale":[4.0,4.0,4.0]}}}