{"textures":{"0":"modelengine:entity/kriger"},"elements":[{"from":[4.5714283,2.8571424,8.0],"to":[11.428572,8.0,8.0],"rotation":{"angle":0.0,"axis":"y","origin":[8.0,3.7142854,6.285714]},"faces":{"east":{"uv":[0.0125,0.0125,0.0125,1.1125],"rotation":0,"texture":"#0","tintindex":0},"south":{"uv":[6.5125,3.7625,7.9875,4.8625],"rotation":0,"texture":"#0","tintindex":0},"north":{"uv":[7.9875,3.7625,6.5125,4.8625],"rotation":0,"texture":"#0","tintindex":0},"west":{"uv":[0.0125,0.0125,0.0125,1.1125],"rotation":0,"texture":"#0","tintindex":0},"up":{"uv":[1.4875,0.0125,0.0125,0.0125],"rotation":0,"texture":"#0","tintindex":0},"down":{"uv":[1.4875,0.0125,0.0125,0.0125],"rotation":0,"texture":"#0","tintindex":0}}}],"display":{"head":{"translation":[0.0,-6.4,0.0],"scale":[4.0,4.0,4.0]}}}