{"textures":{"0":"modelengine:entity/kriger"},"elements":[{"from":[5.2904954,6.857143,3.429174],"to":[11.004782,10.857143,8.572031],"rotation":{"angle":0.0,"axis":"y","origin":[8.147638,-9.1428585,-0.57082653]},"faces":{"east":{"uv":[4.3625,9.1375,3.2625,9.9875],"rotation":0,"texture":"#0","tintindex":0},"south":{"uv":[9.0125,1.7625,10.2375,2.6125],"rotation":0,"texture":"#0","tintindex":0},"north":{"uv":[6.6375,0.0125,7.8625,0.8625],"rotation":0,"texture":"#0","tintindex":0},"west":{"uv":[3.2625,9.1375,4.3625,9.9875],"rotation":0,"texture":"#0","tintindex":0},"up":{"uv":[8.2375,3.7375,7.0125,2.6375],"rotation":0,"texture":"#0","tintindex":0},"down":{"uv":[3.2375,7.1375,2.0125,8.2375],"rotation":0,"texture":"#0","tintindex":0}}},{"from":[5.2904954,6.857143,3.429174],"to":[11.004782,10.857143,3.429174],"rotation":{"angle":0.0,"axis":"y","origin":[8.147638,-9.1428585,-0.57082653]},"faces":{"east":{"uv":[4.3625,9.1375,3.2625,9.9875],"rotation":0,"texture":"#0","tintindex":0},"south":{"uv":[9.0125,1.7625,10.2375,2.6125],"rotation":0,"texture":"#0","tintindex":0},"north":{"uv":[9.0125,0.8875,10.2375,1.7375],"rotation":0,"texture":"#0","tintindex":0},"west":{"uv":[3.2625,9.1375,4.3625,9.9875],"rotation":0,"texture":"#0","tintindex":0},"up":{"uv":[8.2375,3.7375,7.0125,2.6375],"rotation":0,"texture":"#0","tintindex":0},"down":{"uv":[3.2375,7.1375,2.0125,8.2375],"rotation":0,"texture":"#0","tintindex":0}}},{"from":[5.2904954,6.857143,4.0006027],"to":[11.004782,9.142858,4.0006027],"rotation":{"angle":0.0,"axis":"y","origin":[8.147638,-9.1428585,-0.57082653]},"faces":{"east":{"uv":[3.2625,9.1375,3.2625,9.6125],"rotation":0,"texture":"#0","tintindex":0},"south":{"uv":[6.2625,15.5125,7.4875,15.9875],"rotation":0,"texture":"#0","tintindex":0},"north":{"uv":[6.3875,15.6375,7.3625,15.9875],"rotation":0,"texture":"#0","tintindex":0},"west":{"uv":[3.2625,9.1375,3.2625,9.6125],"rotation":0,"texture":"#0","tintindex":0},"up":{"uv":[8.2375,2.6375,7.0125,2.6375],"rotation":0,"texture":"#0","tintindex":0},"down":{"uv":[3.2375,7.1375,2.0125,7.1375],"rotation":0,"texture":"#0","tintindex":0}}},{"from":[5.861924,6.857143,3.429174],"to":[5.861924,9.142858,4.0006027],"rotation":{"angle":0.0,"axis":"y","origin":[8.147638,-9.1428585,-0.57082653]},"faces":{"east":{"uv":[6.7625,15.5125,6.8625,15.9875],"rotation":0,"texture":"#0","tintindex":0},"south":{"uv":[6.2625,15.5125,6.2625,15.9875],"rotation":0,"texture":"#0","tintindex":0},"north":{"uv":[6.3875,15.6375,6.3875,16.1125],"rotation":0,"texture":"#0","tintindex":0},"west":{"uv":[5.7625,15.5125,5.8625,15.9875],"rotation":0,"texture":"#0","tintindex":0},"up":{"uv":[7.0125,2.6375,7.0125,2.7375],"rotation":0,"texture":"#0","tintindex":0},"down":{"uv":[2.0125,7.1375,2.0125,7.2375],"rotation":0,"texture":"#0","tintindex":0}}},{"from":[10.433352,6.857143,3.429174],"to":[10.433352,9.142858,4.0006027],"rotation":{"angle":0.0,"axis":"y","origin":[8.147638,-9.1428585,-0.57082653]},"faces":{"east":{"uv":[5.8625,15.5125,5.7625,15.9875],"rotation":0,"texture":"#0","tintindex":0},"south":{"uv":[6.2625,15.5125,6.2625,15.9875],"rotation":0,"texture":"#0","tintindex":0},"north":{"uv":[6.3875,15.6375,6.3875,16.1125],"rotation":0,"texture":"#0","tintindex":0},"west":{"uv":[6.8625,15.5125,6.7625,15.9875],"rotation":0,"texture":"#0","tintindex":0},"up":{"uv":[7.0125,2.6375,7.0125,2.7375],"rotation":0,"texture":"#0","tintindex":0},"down":{"uv":[2.0125,7.1375,2.0125,7.2375],"rotation":0,"texture":"#0","tintindex":0}}},{"from":[5.861924,9.142858,3.429174],"to":[10.433352,9.142858,4.0006027],"rotation":{"angle":0.0,"axis":"y","origin":[8.147638,-9.1428585,-0.57082653]},"faces":{"east":{"uv":[5.8625,15.5125,5.7625,15.5125],"rotation":0,"texture":"#0","tintindex":0},"south":{"uv":[6.2625,15.5125,7.4875,15.5125],"rotation":0,"texture":"#0","tintindex":0},"north":{"uv":[6.3875,15.6375,7.6125,15.6375],"rotation":0,"texture":"#0","tintindex":0},"west":{"uv":[6.8625,15.5125,6.7625,15.5125],"rotation":0,"texture":"#0","tintindex":0},"up":{"uv":[6.6375,0.0125,7.8625,0.1125],"rotation":0,"texture":"#0","tintindex":0},"down":{"uv":[6.2625,15.8875,7.4875,15.9875],"rotation":0,"texture":"#0","tintindex":0}}},{"from":[5.861924,6.857143,3.429174],"to":[10.433352,6.857143,4.0006027],"rotation":{"angle":0.0,"axis":"y","origin":[8.147638,-4.5714293,-0.57082653]},"faces":{"east":{"uv":[5.8625,15.5125,5.7625,15.5125],"rotation":0,"texture":"#0","tintindex":0},"south":{"uv":[6.2625,15.5125,7.4875,15.5125],"rotation":0,"texture":"#0","tintindex":0},"north":{"uv":[6.3875,15.6375,7.6125,15.6375],"rotation":0,"texture":"#0","tintindex":0},"west":{"uv":[6.8625,15.5125,6.7625,15.5125],"rotation":0,"texture":"#0","tintindex":0},"up":{"uv":[6.2625,15.9875,7.4875,15.8875],"rotation":0,"texture":"#0","tintindex":0},"down":{"uv":[6.6375,0.1125,7.8625,0.0125],"rotation":0,"texture":"#0","tintindex":0}}},{"from":[5.861924,5.9734697,4.176376],"to":[10.433352,7.6877556,7.033519],"rotation":{"angle":-22.5,"axis":"x","origin":[7.5762095,6.830613,6.1763763]},"faces":{"east":{"uv":[12.8875,0.6375,13.4875,0.9875],"rotation":0,"texture":"#0","tintindex":0},"south":{"uv":[11.8875,3.1375,12.8625,3.4875],"rotation":0,"texture":"#0","tintindex":0},"north":{"uv":[6.3875,8.6375,7.3625,8.9875],"rotation":0,"texture":"#0","tintindex":0},"west":{"uv":[12.8875,2.1375,13.4875,2.4875],"rotation":0,"texture":"#0","tintindex":0},"up":{"uv":[11.9875,0.6125,11.0125,0.0125],"rotation":0,"texture":"#0","tintindex":0},"down":{"uv":[12.1125,10.7625,11.1375,11.3625],"rotation":0,"texture":"#0","tintindex":0}}},{"from":[5.5762095,2.544898,5.319233],"to":[5.5762095,7.6877556,8.747805],"rotation":{"angle":-22.5,"axis":"x","origin":[7.5762095,6.830613,6.1763763]},"faces":{"east":{"uv":[7.0125,10.1375,7.7375,11.2375],"rotation":0,"texture":"#0","tintindex":0},"south":{"uv":[0.0125,0.0125,0.0125,1.1125],"rotation":0,"texture":"#0","tintindex":0},"north":{"uv":[0.0125,0.0125,0.0125,1.1125],"rotation":0,"texture":"#0","tintindex":0},"west":{"uv":[7.7375,10.1375,7.0125,11.2375],"rotation":0,"texture":"#0","tintindex":0},"up":{"uv":[0.0125,0.7375,0.0125,0.0125],"rotation":0,"texture":"#0","tintindex":0},"down":{"uv":[0.0125,0.0125,0.0125,0.7375],"rotation":0,"texture":"#0","tintindex":0}}},{"from":[10.719067,2.544898,5.319233],"to":[10.719067,7.6877556,8.747805],"rotation":{"angle":-22.5,"axis":"x","origin":[8.719067,6.830613,6.1763763]},"faces":{"east":{"uv":[7.0125,10.1375,7.7375,11.2375],"rotation":0,"texture":"#0","tintindex":0},"south":{"uv":[0.0125,0.0125,0.0125,1.1125],"rotation":0,"texture":"#0","tintindex":0},"north":{"uv":[0.0125,0.0125,0.0125,1.1125],"rotation":0,"texture":"#0","tintindex":0},"west":{"uv":[7.7375,10.1375,7.0125,11.2375],"rotation":0,"texture":"#0","tintindex":0},"up":{"uv":[0.0125,0.7375,0.0125,0.0125],"rotation":0,"texture":"#0","tintindex":0},"down":{"uv":[0.0125,0.0125,0.0125,0.7375],"rotation":0,"texture":"#0","tintindex":0}}},{"from":[7.5762095,6.857143,2.8577452],"to":[8.719067,14.857143,7.429174],"rotation":{"angle":0.0,"axis":"y","origin":[8.147638,-9.1428585,-0.57082653]},"faces":{"east":{"uv":[3.7625,5.5125,4.7375,7.2375],"rotation":0,"texture":"#0","tintindex":0},"south":{"uv":[0.7625,10.7625,0.9875,12.4875],"rotation":0,"texture":"#0","tintindex":0},"north":{"uv":[1.0125,6.1375,1.2375,7.8625],"rotation":0,"texture":"#0","tintindex":0},"west":{"uv":[5.5125,3.7625,6.4875,5.4875],"rotation":0,"texture":"#0","tintindex":0},"up":{"uv":[6.4875,7.4875,6.2625,6.5125],"rotation":0,"texture":"#0","tintindex":0},"down":{"uv":[5.9875,12.7625,5.7625,13.7375],"rotation":0,"texture":"#0","tintindex":0}}},{"from":[3.8571424,6.857143,3.7142854],"to":[6.142857,8.0,7.142857],"rotation":{"angle":22.5,"axis":"y","origin":[5.0,7.428571,5.714286]},"faces":{"east":{"uv":[8.0125,5.7625,8.7375,5.9875],"rotation":0,"texture":"#0","tintindex":0},"south":{"uv":[9.7625,9.3875,10.2375,9.6125],"rotation":0,"texture":"#0","tintindex":0},"north":{"uv":[0.7625,7.8875,1.2375,8.1125],"rotation":0,"texture":"#0",