{"textures":{"0":"modelengine:entity/kriger"},"elements":[{"from":[0.0,6.5714283,4.5714283],"to":[2.2857141,10.0,8.571428],"rotation":{"angle":0.0,"axis":"y","origin":[22.285715,-15.428572,-12.0]},"faces":{"east":{"uv":[8.5125,10.8875,9.3625,11.6125],"rotation":0,"texture":"#0","tintindex":0},"south":{"uv":[4.5125,12.5125,4.9875,13.2375],"rotation":0,"texture":"#0","tintindex":0},"north":{"uv":[0.5125,12.5125,0.9875,13.2375],"rotation":0,"texture":"#0","tintindex":0},"west":{"uv":[2.2625,11.1375,3.1125,11.8625],"rotation":0,"texture":"#0","tintindex":0},"up":{"uv":[10.2375,12.9875,9.7625,12.1375],"rotation":0,"texture":"#0","tintindex":0},"down":{"uv":[12.6125,10.0125,12.1375,10.8625],"rotation":0,"texture":"#0","tintindex":0}}},{"from":[2.2857141,7.142857,5.714286],"to":[8.0,8.857143,8.0],"rotation":{"angle":0.0,"axis":"y","origin":[22.285715,-15.428572,-12.0]},"faces":{"east":{"uv":[0.0125,9.5125,0.6125,9.9875],"rotation":0,"texture":"#0","tintindex":0},"south":{"uv":[4.7625,11.3875,5.9875,11.8625],"rotation":0,"texture":"#0","tintindex":0},"north":{"uv":[11.2625,7.0125,12.4875,7.3625],"rotation":0,"texture":"#0","tintindex":0},"west":{"uv":[12.5125,7.0125,13.1125,7.4875],"rotation":0,"texture":"#0","tintindex":0},"up":{"uv":[11.6125,6.9875,10.3875,6.3875],"rotation":0,"texture":"#0","tintindex":0},"down":{"uv":[11.6125,9.3875,10.3875,9.9875],"rotation":0,"texture":"#0","tintindex":0}}}],"display":{"head":{"translation":[0.0,-6.4,0.0],"scale":[4.0,4.0,4.0]}}}