{"textures":{"0":"modelengine:entity/kriger"},"elements":[{"from":[6.285714,6.2663603,5.8272076],"to":[9.714286,7.980646,8.684351],"rotation":{"angle":0.0,"axis":"x","origin":[8.142858,14.694932,8.255779]},"faces":{"east":{"uv":[12.8875,6.0125,13.4875,6.3625],"rotation":0,"texture":"#0","tintindex":0},"south":{"uv":[12.6375,11.7625,13.3625,12.1125],"rotation":0,"texture":"#0","tintindex":0},"north":{"uv":[12.6375,11.3875,13.3625,11.7375],"rotation":0,"texture":"#0","tintindex":0},"west":{"uv":[12.8875,7.8875,13.4875,8.2375],"rotation":0,"texture":"#0","tintindex":0},"up":{"uv":[12.6125,3.1125,11.8875,2.5125],"rotation":0,"texture":"#0","tintindex":0},"down":{"uv":[12.6125,3.6375,11.8875,4.2375],"rotation":0,"texture":"#0","tintindex":0}}},{"from":[6.2285714,7.1970344,3.8272076],"to":[9.771429,8.91132,5.5414934],"rotation":{"angle":-45.0,"axis":"x","origin":[7.714286,7.4827485,4.68435]},"faces":{"east":{"uv":[8.1375,13.0125,8.4875,13.3625],"rotation":0,"texture":"#0","tintindex":0},"south":{"uv":[12.6375,12.1375,13.3625,12.4875],"rotation":0,"texture":"#0","tintindex":0},"north":{"uv":[11.8875,12.6375,12.65,12.9875],"rotation":0,"texture":"#0","tintindex":0},"west":{"uv":[8.5125,13.0125,8.8625,13.3625],"rotation":0,"texture":"#0","tintindex":0},"up":{"uv":[13.3625,12.8625,12.6375,12.5125],"rotation":0,"texture":"#0","tintindex":0},"down":{"uv":[13.4875,0.0125,12.7625,0.3625],"rotation":0,"texture":"#0","tintindex":0}}},{"from":[6.285714,6.857143,4.5714283],"to":[9.714286,8.571428,6.285714],"rotation":{"angle":22.5,"axis":"x","origin":[7.714286,7.714286,4.5714283]},"faces":{"east":{"uv":[9.5125,13.0125,9.8625,13.3625],"rotation":0,"texture":"#0","tintindex":0},"south":{"uv":[12.7625,1.6375,13.4875,1.9875],"rotation":0,"texture":"#0","tintindex":0},"north":{"uv":[12.7625,1.2625,13.4875,1.6125],"rotation":0,"texture":"#0","tintindex":0},"west":{"uv":[9.8875,13.0125,10.2375,13.3625],"rotation":0,"texture":"#0","tintindex":0},"up":{"uv":[2.8625,13.1125,2.1375,12.7625],"rotation":0,"texture":"#0","tintindex":0},"down":{"uv":[5.7375,12.7625,5.0125,13.1125],"rotation":0,"texture":"#0","tintindex":0}}}],"display":{"head":{"translation":[0.0,-6.4,0.0],"scale":[4.0,4.0,4.0]}}}