{"textures":{"0":"modelengine:entity/kriger"},"elements":[{"from":[6.285714,6.5714283,6.8571444],"to":[9.714286,9.428572,10.285715],"rotation":{"angle":22.5,"axis":"z","origin":[8.0,8.0,9.1428585]},"faces":{"east":{"uv":[11.6375,9.3875,12.3625,9.9875],"rotation":0,"texture":"#0","tintindex":0},"south":{"uv":[3.8875,11.7625,4.6125,12.3625],"rotation":0,"texture":"#0","tintindex":0},"north":{"uv":[8.2625,11.6375,8.9875,12.2375],"rotation":0,"texture":"#0","tintindex":0},"west":{"uv":[6.7625,11.7625,7.4875,12.3625],"rotation":0,"texture":"#0","tintindex":0},"up":{"uv":[11.8625,12.1125,11.1375,11.3875],"rotation":0,"texture":"#0","tintindex":0},"down":{"uv":[12.2375,0.6375,11.5125,1.3625],"rotation":0,"texture":"#0","tintindex":0}}},{"from":[11.902324,6.7455316,-16.0],"to":[12.302324,7.1455317,-12.571428],"rotation":{"angle":45.0,"axis":"z","origin":[10.989126,8.054669,-5.4285707]},"faces":{"east":{"uv":[13.1375,2.6375,13.8625,2.7375],"rotation":0,"texture":"#0","tintindex":0},"south":{"uv":[9.7625,8.8875,9.8625,8.9875],"rotation":0,"texture":"#0","tintindex":0},"north":{"uv":[0.6375,9.7625,0.7125,9.8375],"rotation":0,"texture":"#0","tintindex":0},"west":{"uv":[13.1375,2.7625,13.8625,2.8625],"rotation":0,"texture":"#0","tintindex":0},"up":{"uv":[0.7375,12.3625,0.6375,11.6375],"rotation":0,"texture":"#0","tintindex":0},"down":{"uv":[11.3625,12.7625,11.2625,13.4875],"rotation":0,"texture":"#0","tintindex":0}}},{"from":[2.7594666,6.7455316,-16.0],"to":[3.1594667,7.1455317,-12.571428],"rotation":{"angle":45.0,"axis":"z","origin":[1.8462682,8.054669,-5.4285707]},"faces":{"east":{"uv":[2.1375,13.1375,2.8625,13.2375],"rotation":0,"texture":"#0","tintindex":0},"south":{"uv":[0.6375,9.6375,0.7375,9.7375],"rotation":0,"texture":"#0","tintindex":0},"north":{"uv":[0.6375,9.5125,0.7125,9.5875],"rotation":0,"texture":"#0","tintindex":0},"west":{"uv":[13.1375,2.5125,13.8625,2.6125],"rotation":0,"texture":"#0","tintindex":0},"up":{"uv":[1.1125,11.4875,1.0125,10.7625],"rotation":0,"texture":"#0","tintindex":0},"down":{"uv":[1.1125,11.5125,1.0125,12.2375],"rotation":0,"texture":"#0","tintindex":0}}},{"from":[5.6166096,6.7455316,-12.571428],"to":[6.0166097,7.1455317,0.57142925],"rotation":{"angle":45.0,"axis":"z","origin":[4.703411,8.054669,-1.999999]},"faces":{"east":{"uv":[12.3875,6.7625,15.2375,6.8625],"rotation":0,"texture":"#0","tintindex":0},"south":{"uv":[1.8875,9.1375,1.9875,9.2375],"rotation":0,"texture":"#0","tintindex":0},"north":{"uv":[7.3875,8.8875,7.4625,8.9625],"rotation":0,"texture":"#0","tintindex":0},"west":{"uv":[12.3875,6.8875,15.2375,6.9875],"rotation":0,"texture":"#0","tintindex":0},"up":{"uv":[11.8625,14.9875,11.7625,12.1375],"rotation":0,"texture":"#0","tintindex":0},"down":{"uv":[1.6125,12.2625,1.5125,15.1125],"rotation":0,"texture":"#0","tintindex":0}}},{"from":[9.045181,6.7455316,-12.571428],"to":[9.445181,7.1455317,0.57142925],"rotation":{"angle":45.0,"axis":"z","origin":[8.131983,8.054669,-1.999999]},"faces":{"east":{"uv":[12.3875,6.5125,15.2375,6.6125],"rotation":0,"texture":"#0","tintindex":0},"south":{"uv":[7.3875,8.7625,7.4875,8.8625],"rotation":0,"texture":"#0","tintindex":0},"north":{"uv":[7.3875,8.6375,7.4625,8.7125],"rotation":0,"texture":"#0","tintindex":0},"west":{"uv":[12.3875,6.6375,15.2375,6.7375],"rotation":0,"texture":"#0","tintindex":0},"up":{"uv":[11.6125,14.9875,11.5125,12.1375],"rotation":0,"texture":"#0","tintindex":0},"down":{"uv":[11.7375,12.1375,11.6375,14.9875],"rotation":0,"texture":"#0","tintindex":0}}},{"from":[5.131983,7.7689548,4.000001],"to":[6.27484,8.340384,5.1428585],"rotation":{"angle":0.0,"axis":"z","origin":[8.131983,8.054669,-1.999999]},"faces":{"east":{"uv":[3.5125,12.2625,3.7375,12.3625],"rotation":0,"texture":"#0","tintindex":0},"south":{"uv":[7.1375,12.3875,7.3625,12.4875],"rotation":0,"texture":"#0","tintindex":0},"north":{"uv":[9.0125,12.0125,9.2375,12.1125],"rotation":0,"texture":"#0","tintindex":0},"west":{"uv":[12.3875,9.8875,12.6125,9.9875],"rotation":0,"texture":"#0","tintindex":0},"up":{"uv":[5.2375,13.3625,5.0125,13.1375],"rotation":0,"texture":"#0","tintindex":0},"down":{"uv":[5.4875,13.1375,5.2625,13.3625],"rotation":0,"texture":"#0","tintindex":0}}},{"from":[9.703411,7.7689548,4.000001],"to":[10.846269,8.340384,5.1428585],"rotation":{"angle":0.0,"axis":"z","origin":[8.131983,8.054669,-1.999999]},"faces":{"east":{"uv":[10.2625,2.5125,10.4875,2.6125],"rotation":0,"texture":"#0","tintindex":0},"south":{"uv":[10.5125,5.0125,10.7375,5.1125],"rotation":0,"texture":"#0","tintindex":0},"north":{"uv":[9.0125,3.6375,9.2375,3.7375],"rotation":0,"texture":"#0","tintindex":0},"west":{"uv":[10.5125,7.8875,10.7375,7.9875],"rotation":0,"texture":"#0","tintindex":0},"up":{"uv":[4.2375,13.3625,4.0125,13.1375],"rotation":0,"texture":"#0","tintindex":0},"down":{"uv":[4.4875,13.1375,4.2625,13.3625],"rotation":0,"texture":"#0","tintindex":0}}},{"from":[6.8462687,7.7689548,0.57142925],"to":[9.131983,8.340384,3.4285727],"rotation":{"angle":0.0,"axis":"z","origin":[8.131983,8.054669,-1.999999]},"faces":{"east":{"uv":[5.3875,11.8875,5.9875,11.9875],"rotation":0,"texture":"#0","tintindex":0},"south":{"uv":[3.5125,13.1375,3.9875,13.2375],"rotation":0,"texture":"#0","tintindex":0},"north":{"uv":[11.5125,5.1375,11.9875,5.2375],"rotation":0,"texture":"#0","tintindex":0},"west":{"uv":[5.3875,12.0125,5.9875,12.1125],"rotation":0,"texture":"#0","tintindex":0},"up":{"uv":[7.6125,13.1125,7.1375,12.5125],"rotation":0,"texture":"#0","tintindex":0},"down":{"uv":[7.1375,12.5125,7.6125,13.1125],"rotation":0,"texture":"#0","tintindex":0}}},{"from":[3.4176965,7.7689548,-16.0],"to":[12.5605545,8.340384,-12.571428],"rotation":{"angle":0.0,"axis":"z","origin":[8.131983,8.054669,-1.999999]},"faces":{"east":{"uv":[12.8875,1.1375,13.6125,1.2375],"rotation":0,"texture":"#0","tintindex":0},"south":{"uv":[12.7625,0.5125,14.7375,0.6125],"rotation":0,"texture":"#0","tintindex":0},"north":{"uv":[12.7625,0.3875,14.7375,0.4875],"rotation":0,"texture":"#0","tintindex":0},"west":{"uv":[12.8875,6.3875,13.6125,6.4875],"rotation":0,"texture":"#0","tintindex":0},"up":{"uv":[8.9875,1.8625,7.0125,1.1375],"rotation":0,"texture":"#0","tintindex":0},"down":{"uv":[8.9875,1.1375,7.0125,1.8625],"rotation":0,"texture":"#0","tintindex":0}}},{"from":[7.131983,7.197526,5.1428585],"to":[8.846269,8.911812,15.428574],"rotation":{"angle":0.0,"axis":"z","origin":[8.131983,8.054669,-1.999999]},"faces":{"east":{"uv":[9.7625,9.0125,11.9875,9.3625],"rotation":0,"texture":"#0","tintindex":0},"south":{"uv":[6.0125,13.0125,6.3625,13.3625],"rotation":0,"texture":"#0","tintindex":0},"north":{"uv":[2.8875,13.0125,3.2375,13.3625],"rotation":0,"texture":"#0","tintindex":0},"west":{"uv":[4.7625,10.1375,6.9875,10.4875],"rotation":0,"texture":"#0","tintindex":0},"up":{"uv":[1.4875,12.2375,1.1375,10.0125],"rotation":0,"texture":"#0","tintindex":0},"down":{"uv":[1.8625,10.0125,1.5125,12.2375],"rotation":0,"texture":"#0","tintindex":0}}},{"from":[6.27484,7.197526,3.4285727],"to":[9.703411,8.911812,5.1428585],"rotation":{"angle":0.0,"axis":"z","origin":[8.131983,8.054669,-1.999999]},"faces":{"east":{"uv":[9.0125,11.6375,9.3625,11.9875],"rotation":0,"texture":"#0","tintindex":0},"south":{"uv":[12.6375,7.5125,13.3625,7.8625],"rotation":0,"texture":"#0","tintindex":0},"north":{"uv":[12.6375,3.6375,13.3625,4.0],"rotation":0,"texture":"#0","tintindex":0},"west":{"uv":[1.0125,13.0125,1.3625,13.3625],"rotation":0,"texture":"#0","tintindex":0},"up":{"uv":[13.3625,10.2375,12.6375,9.8875],"rotation":0,"texture":"#0","tintindex":0},"down":{"uv":[13.3625,9.8875,12.6375,10.2375],"rotation":0,"texture":"#0","tintindex":0}}},{"from":[10.846269,7.7689548,1.7142868],"to":[13.131983,8.340384,5.1428585],"rotation":{"angle":0.0,"axis":"z","origin":[8.131983,8.054669,-1.999999]},"faces":{"east":{"uv":[12.7625,9.2625,13.4875,9.3625],"rotation":0,"texture":"#0","tintindex":0},"south":{"uv":[3.2625,7.1375,3.7375,7.2375],"rotation":0,"texture":"#0","tintindex":0},"north":{"uv":[6.5125,1.1375,6.9875,1.2375],