{"textures":{"0":"modelengine:entity/kriger"},"elements":[{"from":[11.428572,8.0,6.857143],"to":[18.857143,10.285714,9.714286],"rotation":{"angle":0.0,"axis":"y","origin":[4.5714283,-14.285715,-10.285715]},"faces":{"east":{"uv":[12.7375,5.1375,12.0125,5.7375],"rotation":0,"texture":"#0","tintindex":0},"south":{"uv":[7.9875,9.0125,6.3875,9.6125],"rotation":0,"texture":"#0","tintindex":0},"north":{"uv":[10.3625,6.5125,8.7625,6.9875],"rotation":0,"texture":"#0","tintindex":0},"west":{"uv":[12.7375,0.0125,12.0125,0.6125],"rotation":0,"texture":"#0","tintindex":0},"up":{"uv":[8.2625,8.8625,9.8625,8.1375],"rotation":0,"texture":"#0","tintindex":0},"down":{"uv":[4.7625,8.6375,6.3625,9.3625],"rotation":0,"texture":"#0","tintindex":0}}},{"from":[7.428571,8.0,6.285714],"to":[11.428572,10.857143,10.285714],"rotation":{"angle":0.0,"axis":"y","origin":[4.5714283,-14.285715,-10.285715]},"faces":{"east":{"uv":[11.3625,10.0125,10.3875,10.7375],"rotation":0,"texture":"#0","tintindex":0},"south":{"uv":[11.1125,10.7625,10.2625,11.4875],"rotation":0,"texture":"#0","tintindex":0},"north":{"uv":[11.6125,7.8875,10.7625,8.4875],"rotation":0,"texture":"#0","tintindex":0},"west":{"uv":[9.4875,10.1375,8.5125,10.8625],"rotation":0,"texture":"#0","tintindex":0},"up":{"uv":[9.5125,10.6125,10.3625,9.6375],"rotation":0,"texture":"#0","tintindex":0},"down":{"uv":[9.8875,8.0125,10.7375,8.9875],"rotation":0,"texture":"#0","tintindex":0}}}],"display":{"head":{"translation":[0.0,-6.4,0.0],"scale":[4.0,4.0,4.0]}}}