{"textures":{"0":"modelengine:entity/kriger"},"elements":[{"from":[7.142857,1.3520746,6.9700646],"to":[9.428572,9.923503,10.398636],"rotation":{"angle":0.0,"axis":"x","origin":[8.714286,0.12350273,8.255779]},"faces":{"east":{"uv":[0.7375,7.6375,0.0125,9.4875],"rotation":0,"texture":"#0","tintindex":0},"south":{"uv":[3.2375,9.2625,2.7625,11.1125],"rotation":0,"texture":"#0","tintindex":0},"north":{"uv":[2.7375,9.2625,2.2625,11.1125],"rotation":0,"texture":"#0","tintindex":0},"west":{"uv":[8.2375,7.1375,7.5125,8.9875],"rotation":0,"texture":"#0","tintindex":0},"up":{"uv":[3.5125,13.1125,3.9875,12.3875],"rotation":0,"texture":"#0","tintindex":0},"down":{"uv":[4.0125,12.3875,4.4875,13.1125],"rotation":0,"texture":"#0","tintindex":0}}},{"from":[7.142857,-0.8534689,4.0677023],"to":[9.428572,1.4893885,4.0677023],"rotation":{"angle":45.0,"axis":"x","origin":[8.714286,-2.0820408,5.3534164]},"faces":{"east":{"uv":[0.0125,0.0125,0.0125,0.4875],"rotation":0,"texture":"#0","tintindex":0},"south":{"uv":[9.0125,12.7625,9.4875,13.2375],"rotation":0,"texture":"#0","tintindex":0},"north":{"uv":[9.4875,12.7625,9.0125,13.2375],"rotation":0,"texture":"#0","tintindex":0},"west":{"uv":[0.0125,0.0125,0.0125,0.4875],"rotation":0,"texture":"#0","tintindex":0},"up":{"uv":[0.0125,0.0125,0.4875,0.0125],"rotation":0,"texture":"#0","tintindex":0},"down":{"uv":[0.0125,0.0125,0.4875,0.0125],"rotation":0,"texture":"#0","tintindex":0}}}],"display":{"head":{"translation":[0.0,-6.4,0.0],"scale":[4.0,4.0,4.0]}}}