{"textures":{"0":"modelengine:entity/kriger"},"elements":[{"from":[7.428571,4.8571424,8.571428],"to":[10.857143,7.714286,12.0],"rotation":{"angle":-22.5,"axis":"z","origin":[9.142858,6.285714,10.428572]},"faces":{"east":{"uv":[9.7375,12.1375,9.0125,12.7375],"rotation":0,"texture":"#0","tintindex":0},"south":{"uv":[6.1125,12.1375,5.3875,12.7375],"rotation":0,"texture":"#0","tintindex":0},"north":{"uv":[12.7375,8.7625,12.0125,9.3625],"rotation":0,"texture":"#0","tintindex":0},"west":{"uv":[12.6125,12.0125,11.8875,12.6125],"rotation":0,"texture":"#0","tintindex":0},"up":{"uv":[11.5125,2.1125,12.2375,1.3875],"rotation":0,"texture":"#0","tintindex":0},"down":{"uv":[11.5125,4.3875,12.2375,5.1125],"rotation":0,"texture":"#0","tintindex":0}}},{"from":[7.989724,5.373006,7.4285717],"to":[9.70401,7.087292,19.428572],"rotation":{"angle":-45.0,"axis":"z","origin":[8.846868,5.944435,13.428572]},"faces":{"east":{"uv":[11.8625,4.0125,9.2625,4.3625],"rotation":0,"texture":"#0","tintindex":0},"south":{"uv":[12.6125,13.0125,12.2625,13.3625],"rotation":0,"texture":"#0","tintindex":0},"north":{"uv":[12.2375,13.0125,11.8875,13.3625],"rotation":0,"texture":"#0","tintindex":0},"west":{"uv":[11.8625,3.6375,9.2625,3.9875],"rotation":0,"texture":"#0","tintindex":0},"up":{"uv":[4.3875,11.7375,4.7375,9.1375],"rotation":0,"texture":"#0","tintindex":0},"down":{"uv":[1.8875,9.2625,2.2375,11.8625],"rotation":0,"texture":"#0","tintindex":0}}},{"from":[5.8571424,5.285714,4.571429],"to":[12.142858,6.428571,6.285714],"rotation":{"angle":-22.5,"axis":"z","origin":[9.142858,6.285714,10.428572]},"faces":{"east":{"uv":[4.3625,11.5125,4.0125,11.7375],"rotation":0,"texture":"#0","tintindex":0},"south":{"uv":[13.7375,9.6375,12.3875,9.8625],"rotation":0,"texture":"#0","tintindex":0},"north":{"uv":[13.7375,9.3875,12.3875,9.6125],"rotation":0,"texture":"#0","tintindex":0},"west":{"uv":[6.3625,9.3875,6.0125,9.6125],"rotation":0,"texture":"#0","tintindex":0},"up":{"uv":[11.2625,7.8625,12.6125,7.5125],"rotation":0,"texture":"#0","tintindex":0},"down":{"uv":[11.5125,2.1375,12.8625,2.4875],"rotation":0,"texture":"#0","tintindex":0}}},{"from":[7.5714283,5.5714283,-16.0],"to":[10.428572,6.142857,3.4285712],"rotation":{"angle":-22.5,"axis":"z","origin":[9.142858,6.285714,10.428572]},"faces":{"east":{"uv":[14.9875,8.6375,10.7625,8.7375],"rotation":0,"texture":"#0","tintindex":0},"south":{"uv":[13.7375,3.0125,13.1375,3.1125],"rotation":0,"texture":"#0","tintindex":0},"north":{"uv":[13.7375,2.8875,13.1375,2.9875],"rotation":0,"texture":"#0","tintindex":0},"west":{"uv":[13.7375,3.5125,9.5125,3.6125],"rotation":0,"texture":"#0","tintindex":0},"up":{"uv":[0.0125,6.1125,0.6125,1.8875],"rotation":0,"texture":"#0","tintindex":0},"down":{"uv":[0.6375,1.8875,1.2375,6.1125],"rotation":0,"texture":"#0","tintindex":0}}}],"display":{"head":{"translation":[0.0,-6.4,-9.714287],"scale":[4.0,4.0,4.0]}}}