{"textures":{"0":"modelengine:entity/phoenix"},"elements":[{"from":[6.857143,6.9316955,2.0416918],"to":[9.428572,9.503124,8.041692],"rotation":{"angle":0.0,"axis":"y","origin":[12.142858,-15.782591,-12.101166]},"faces":{"east":{"uv":[13.99375,11.44375,13.31875,11.74375],"rotation":0,"texture":"#0","tintindex":0},"south":{"uv":[4.18125,11.06875,3.88125,11.36875],"rotation":0,"texture":"#0","tintindex":0},"north":{"uv":[3.24375,10.75625,2.94375,11.05625],"rotation":0,"texture":"#0","tintindex":0},"west":{"uv":[11.11875,9.88125,10.44375,10.18125],"rotation":0,"texture":"#0","tintindex":0},"up":{"uv":[1.44375,9.93125,1.74375,9.25625],"rotation":0,"texture":"#0","tintindex":0},"down":{"uv":[6.81875,12.19375,7.11875,12.86875],"rotation":0,"texture":"#0","tintindex":0}}},{"from":[6.857143,3.5031242,-0.5297375],"to":[9.428572,9.503124,2.0416918],"rotation":{"angle":0.0,"axis":"y","origin":[12.142858,-15.782591,-12.101166]},"faces":{"east":{"uv":[4.11875,13.63125,3.81875,14.24375],"rotation":0,"texture":"#0","tintindex":0},"south":{"uv":[13.86875,13.56875,13.56875,14.18125],"rotation":0,"texture":"#0","tintindex":0},"north":{"uv":[13.86875,12.19375,13.56875,12.80625],"rotation":0,"texture":"#0","tintindex":0},"west":{"uv":[13.55625,13.56875,13.25625,14.18125],"rotation":0,"texture":"#0","tintindex":0},"up":{"uv":[11.13125,10.18125,11.43125,9.88125],"rotation":0,"texture":"#0","tintindex":0},"down":{"uv":[11.50625,3.31875,11.80625,3.61875],"rotation":0,"texture":"#0","tintindex":0}}},{"from":[8.142858,0.93169546,-0.5297375],"to":[8.142858,5.21741,5.4702635],"rotation":{"angle":0.0,"axis":"y","origin":[12.142858,-15.782591,-12.101166]},"faces":{"east":{"uv":[13.99375,10.94375,13.31875,11.43125],"rotation":0,"texture":"#0","tintindex":0},"south":{"uv":[0.00625,0.00625,0.00625,0.49375],"rotation":0,"texture":"#0","tintindex":0},"north":{"uv":[0.00625,0.00625,0.00625,0.49375],"rotation":0,"texture":"#0","tintindex":0},"west":{"uv":[13.31875,10.94375,13.99375,11.43125],"rotation":0,"texture":"#0","tintindex":0},"up":{"uv":[0.00625,0.68125,0.00625,0.00625],"rotation":0,"texture":"#0","tintindex":0},"down":{"uv":[0.00625,0.00625,0.00625,0.68125],"rotation":0,"texture":"#0","tintindex":0}}}],"display":{"head":{"translation":[0.0,-6.4,0.0],"scale":[4.0,4.0,4.0]}}}