{"textures":{"0":"modelengine:entity/phoenix"},"elements":[{"from":[10.2362385,-12.0,6.5032015],"to":[13.66481,-5.1428576,11.07463],"rotation":{"angle":0.0,"axis":"y","origin":[13.379095,3.7142854,9.07463]},"faces":{"east":{"uv":[3.80625,8.69375,3.31875,9.43125],"rotation":0,"texture":"#0","tintindex":0},"south":{"uv":[5.93125,13.38125,5.56875,14.11875],"rotation":0,"texture":"#0","tintindex":0},"north":{"uv":[3.30625,10.00625,2.94375,10.74375],"rotation":0,"texture":"#0","tintindex":0},"west":{"uv":[7.43125,5.31875,6.94375,6.05625],"rotation":0,"texture":"#0","tintindex":0},"up":{"uv":[8.88125,5.30625,9.24375,4.81875],"rotation":0,"texture":"#0","tintindex":0},"down":{"uv":[8.81875,12.69375,9.18125,13.18125],"rotation":0,"texture":"#0","tintindex":0}}},{"from":[8.521953,-5.1428576,2.503201],"to":[15.950524,9.714286,12.788916],"rotation":{"angle":0.0,"axis":"y","origin":[13.379095,3.7142854,9.07463]},"faces":{"east":{"uv":[10.80625,0.00625,9.69375,1.63125],"rotation":0,"texture":"#0","tintindex":0},"south":{"uv":[6.99375,10.56875,6.19375,12.18125],"rotation":0,"texture":"#0","tintindex":0},"north":{"uv":[0.80625,10.56875,0.00625,12.18125],"rotation":0,"texture":"#0","tintindex":0},"west":{"uv":[4.44375,9.44375,3.31875,11.05625],"rotation":0,"texture":"#0","tintindex":0},"up":{"uv":[12.06875,3.81875,12.86875,2.69375],"rotation":0,"texture":"#0","tintindex":0},"down":{"uv":[12.06875,3.81875,12.86875,4.94375],"rotation":0,"texture":"#0","tintindex":0}}},{"from":[14.857143,-5.1428576,12.571428],"to":[14.857143,9.714286,18.285715],"rotation":{"angle":-22.5,"axis":"y","origin":[14.857143,2.2857141,15.428572]},"faces":{"east":{"uv":[6.80625,12.19375,6.19375,13.80625],"rotation":0,"texture":"#0","tintindex":0},"south":{"uv":[0.00625,0.00625,0.00625,1.61875],"rotation":0,"texture":"#0","tintindex":0},"north":{"uv":[0.00625,0.00625,0.00625,1.61875],"rotation":0,"texture":"#0","tintindex":0},"west":{"uv":[6.19375,12.19375,6.80625,13.80625],"rotation":0,"texture":"#0","tintindex":0},"up":{"uv":[0.00625,0.61875,0.00625,0.00625],"rotation":0,"texture":"#0","tintindex":0},"down":{"uv":[0.00625,0.00625,0.00625,0.61875],"rotation":0,"texture":"#0","tintindex":0}}}],"display":{"head":{"translation":[0.0,-6.4,0.0],"scale":[4.0,4.0,4.0]}}}