{"textures":{"0":"modelengine:entity/phoenix"},"elements":[{"from":[0.28571415,8.0,8.0],"to":[15.714286,8.0,20.0],"rotation":{"angle":0.0,"axis":"y","origin":[8.0,13.428572,4.285714]},"faces":{"east":{"uv":[0.00625,0.00625,1.30625,0.00625],"rotation":0,"texture":"#0","tintindex":0},"south":{"uv":[0.00625,0.00625,1.68125,0.00625],"rotation":0,"texture":"#0","tintindex":0},"north":{"uv":[0.00625,0.00625,1.68125,0.00625],"rotation":0,"texture":"#0","tintindex":0},"west":{"uv":[0.00625,0.00625,1.30625,0.00625],"rotation":0,"texture":"#0","tintindex":0},"up":{"uv":[9.68125,1.30625,8.00625,0.00625],"rotation":0,"texture":"#0","tintindex":0},"down":{"uv":[8.00625,0.00625,9.68125,1.30625],"rotation":0,"texture":"#0","tintindex":0}}}],"display":{"head":{"translation":[0.0,-6.4,0.0],"scale":[4.0,4.0,4.0]}}}