{"textures":{"0":"modelengine:entity/pet_dupe"},"elements":[{"from":[-0.59428596,4.405752,12.619292],"to":[4.8914285,8.42861,12.619292],"rotation":{"angle":22.5,"axis":"x","origin":[8.0,6.625245,9.039934]},"faces":{"east":{"uv":[5.9375,7.25,5.9375,7.9375],"rotation":0,"texture":"#0","tintindex":0},"south":{"uv":[0.9375,0.75,1.875,1.4375],"rotation":0,"texture":"#0","tintindex":0},"north":{"uv":[0.9375,0.0,1.875,0.6875],"rotation":0,"texture":"#0","tintindex":0},"west":{"uv":[7.25,7.125,7.25,7.8125],"rotation":0,"texture":"#0","tintindex":0},"up":{"uv":[8.125,4.125,7.1875,4.125],"rotation":0,"texture":"#0","tintindex":0},"down":{"uv":[8.125,5.625,7.1875,5.625],"rotation":0,"texture":"#0","tintindex":0}}},{"from":[-0.59428596,4.405752,12.729007],"to":[4.8914285,8.42861,12.729007],"rotation":{"angle":22.5,"axis":"x","origin":[8.0,6.625245,9.039934]},"faces":{"east":{"uv":[0.0,7.3125,0.0,8.0],"rotation":0,"texture":"#0","tintindex":0},"south":{"uv":[1.9375,0.0,2.875,0.6875],"rotation":0,"texture":"#0","tintindex":0},"north":{"uv":[0.9375,1.5,1.875,2.1875],"rotation":0,"texture":"#0","tintindex":0},"west":{"uv":[0.0625,7.3125,0.0625,8.0],"rotation":0,"texture":"#0","tintindex":0},"up":{"uv":[8.1875,0.0,7.25,0.0],"rotation":0,"texture":"#0","tintindex":0},"down":{"uv":[8.1875,0.0625,7.25,0.0625],"rotation":0,"texture":"#0","tintindex":0}}},{"from":[0.33828545,4.9908953,12.692435],"to":[3.958857,8.42861,12.692435],"rotation":{"angle":22.5,"axis":"x","origin":[7.9817142,6.625245,9.039934]},"faces":{"east":{"uv":[0.125,7.3125,0.125,7.875],"rotation":0,"texture":"#0","tintindex":0},"south":{"uv":[4.125,3.5625,4.75,4.125],"rotation":0,"texture":"#0","tintindex":0},"north":{"uv":[4.0625,2.9375,4.6875,3.5],"rotation":0,"texture":"#0","tintindex":0},"west":{"uv":[0.1875,7.3125,0.1875,7.875],"rotation":0,"texture":"#0","tintindex":0},"up":{"uv":[7.875,0.125,7.25,0.125],"rotation":0,"texture":"#0","tintindex":0},"down":{"uv":[7.875,1.4375,7.25,1.4375],"rotation":0,"texture":"#0","tintindex":0}}},{"from":[1.1428566,4.661752,12.692435],"to":[3.154286,4.9908953,12.692435],"rotation":{"angle":22.5,"axis":"x","origin":[7.9451427,6.625245,9.039934]},"faces":{"east":{"uv":[4.75,3.4375,4.75,3.5],"rotation":0,"texture":"#0","tintindex":0},"south":{"uv":[7.125,4.4375,7.5,4.5],"rotation":0,"texture":"#0","tintindex":0},"north":{"uv":[7.125,4.3125,7.5,4.375],"rotation":0,"texture":"#0","tintindex":0},"west":{"uv":[4.8125,1.8125,4.8125,1.875],"rotation":0,"texture":"#0","tintindex":0},"up":{"uv":[6.125,0.4375,5.75,0.4375],"rotation":0,"texture":"#0","tintindex":0},"down":{"uv":[6.5625,6.0625,6.1875,6.0625],"rotation":0,"texture":"#0","tintindex":0}}}],"display":{"head":{"translation":[0.0,-6.4,0.0],"scale":[4.0,4.0,4.0]}}}