{"textures":{"0":"modelengine:entity/pet_dupe"},"elements":[{"from":[1.2521377,9.740887,13.789336],"to":[3.446423,11.569458,14.15505],"rotation":{"angle":-22.5,"axis":"z","origin":[3.8121376,9.740887,13.60648]},"faces":{"east":{"uv":[0.8125,1.75,0.875,2.0625],"rotation":0,"texture":"#0","tintindex":0},"south":{"uv":[5.8125,2.3125,6.1875,2.625],"rotation":0,"texture":"#0","tintindex":0},"north":{"uv":[5.75,5.75,6.125,6.0625],"rotation":0,"texture":"#0","tintindex":0},"west":{"uv":[6.75,7.0625,6.8125,7.375],"rotation":0,"texture":"#0","tintindex":0},"up":{"uv":[6.9375,1.125,6.5625,1.0625],"rotation":0,"texture":"#0","tintindex":0},"down":{"uv":[7.5,2.6875,7.125,2.75],"rotation":0,"texture":"#0","tintindex":0}}},{"from":[1.5730395,11.719884,10.863623],"to":[3.7673254,12.451313,13.789336],"rotation":{"angle":-22.5,"axis":"z","origin":[1.7558966,10.988456,11.229337]},"faces":{"east":{"uv":[6.3125,0.6875,6.8125,0.8125],"rotation":0,"texture":"#0","tintindex":0},"south":{"uv":[6.8125,0.0,7.1875,0.125],"rotation":0,"texture":"#0","tintindex":0},"north":{"uv":[4.875,2.375,5.25,2.5],"rotation":0,"texture":"#0","tintindex":0},"west":{"uv":[6.3125,4.9375,6.8125,5.0625],"rotation":0,"texture":"#0","tintindex":0},"up":{"uv":[1.0,6.0625,0.625,5.5625],"rotation":0,"texture":"#0","tintindex":0},"down":{"uv":[2.375,5.5625,2.0,6.0625],"rotation":0,"texture":"#0","tintindex":0}}},{"from":[1.0532846,9.439094,14.158709],"to":[3.2402554,11.626064,14.882822],"rotation":{"angle":-45.0,"axis":"z","origin":[2.1467695,10.532579,14.337908]},"faces":{"east":{"uv":[6.9375,0.1875,7.0625,0.5625],"rotation":0,"texture":"#0","tintindex":0},"south":{"uv":[1.5,5.6875,1.875,6.0625],"rotation":0,"texture":"#0","tintindex":0},"north":{"uv":[1.0625,5.6875,1.4375,6.0625],"rotation":0,"texture":"#0","tintindex":0},"west":{"uv":[2.0,6.9375,2.125,7.3125],"rotation":0,"texture":"#0","tintindex":0},"up":{"uv":[7.1875,3.0,6.8125,2.875],"rotation":0,"texture":"#0","tintindex":0},"down":{"uv":[7.1875,5.8125,6.8125,5.9375],"rotation":0,"texture":"#0","tintindex":0}}},{"from":[0.63008404,7.6453457,14.151394],"to":[3.5631132,10.21266,14.890137],"rotation":{"angle":-22.5,"axis":"z","origin":[1.5480275,10.940432,10.863623]},"faces":{"east":{"uv":[6.75,6.5625,6.875,7.0],"rotation":0,"texture":"#0","tintindex":0},"south":{"uv":[2.0,5.0625,2.5,5.5],"rotation":0,"texture":"#0","tintindex":0},"north":{"uv":[0.0,1.75,0.5,2.1875],"rotation":0,"texture":"#0","tintindex":0},"west":{"uv":[6.8125,1.375,6.9375,1.8125],"rotation":0,"texture":"#0","tintindex":0},"up":{"uv":[6.9375,1.3125,6.4375,1.1875],"rotation":0,"texture":"#0","tintindex":0},"down":{"uv":[7.0625,0.875,6.5625,1.0],"rotation":0,"texture":"#0","tintindex":0}}},{"from":[0.6802554,7.66167,14.919394],"to":[3.613284,10.228985,14.926708],"rotation":{"angle":0.0,"axis":"y","origin":[2.1467695,8.872185,14.520765]},"faces":{"east":{"uv":[6.75,6.5625,6.875,7.0],"rotation":0,"texture":"#0","tintindex":0},"south":{"uv":[1.9375,7.625,2.4375,8.0625],"rotation":0,"texture":"#0","tintindex":0},"north":{"uv":[1.9375,7.625,2.4375,8.0625],"rotation":0,"texture":"#0","tintindex":0},"west":{"uv":[6.8125,1.375,6.9375,1.8125],"rotation":0,"texture":"#0","tintindex":0},"up":{"uv":[6.9375,1.3125,6.4375,1.1875],"rotation":0,"texture":"#0","tintindex":0},"down":{"uv":[7.0625,0.875,6.5625,1.0],"rotation":0,"texture":"#0","tintindex":0}}},{"from":[0.73408365,7.6490026,14.15505],"to":[3.6597981,10.209003,14.886479],"rotation":{"angle":22.5,"axis":"z","origin":[2.7455125,10.940432,10.863623]},"faces":{"east":{"uv":[2.3125,6.8125,2.4375,7.25],"rotation":0,"texture":"#0","tintindex":0},"south":{"uv":[5.125,0.5625,5.625,1.0],"rotation":0,"texture":"#0","tintindex":0},"north":{"uv":[3.5,5.0625,4.0,5.5],"rotation":0,"texture":"#0","tintindex":0},"west":{"uv":[2.5,6.8125,2.625,7.25],"rotation":0,"texture":"#0","tintindex":0},"up":{"uv":[7.0625,2.4375,6.5625,2.3125],"rotation":0,"texture":"#0","tintindex":0},"down":{"uv":[7.0625,2.5,6.5625,2.625],"rotation":0,"texture":"#0","tintindex":0}}},{"from":[0.6458125,7.2869453,13.792994],"to":[4.295641,10.936774,14.151394],"rotation":{"angle":22.5,"axis":"z","origin":[2.653584,10.940432,10.863623]},"faces":{"east":{"uv":[4.5625,6.6875,4.625,7.3125],"rotation":0,"texture":"#0","tintindex":0},"south":{"uv":[0.0,3.75,0.625,4.375],"rotation":0,"texture":"#0","tintindex":0},"north":{"uv":[3.5,2.25,4.125,2.875],"rotation":0,"texture":"#0","tintindex":0},"west":{"uv":[2.1875,6.9375,2.25,7.5625],"rotation":0,"texture":"#0","tintindex":0},"up":{"uv":[7.25,2.25,6.625,2.1875],"rotation":0,"texture":"#0","tintindex":0},"down":{"uv":[7.5625,4.8125,6.9375,4.875],"rotation":0,"texture":"#0","tintindex":0}}},{"from":[4.243833,8.66132,10.867279],"to":[4.967947,11.57972,13.785679],"rotation":{"angle":22.5,"axis":"z","origin":[4.6058903,9.571949,11.229337]},"faces":{"east":{"uv":[4.75,4.8125,5.25,5.3125],"rotation":0,"texture":"#0","tintindex":0},"south":{"uv":[4.6875,6.5625,4.8125,7.0625],"rotation":0,"texture":"#0","tintindex":0},"north":{"uv":[3.8125,6.4375,3.9375,6.9375],"rotation":0,"texture":"#0","tintindex":0},"west":{"uv":[4.875,1.8125,5.375,2.3125],"rotation":0,"texture":"#0","tintindex":0},"up":{"uv":[0.75,7.125,0.625,6.625],"rotation":0,"texture":"#0","tintindex":0},"down":{"uv":[1.9375,6.625,1.8125,7.125],"rotation":0,"texture":"#0","tintindex":0}}},{"from":[1.2282724,7.6181097,10.863623],"to":[5.2511296,8.349538,13.789336],"rotation":{"angle":22.5,"axis":"z","origin":[3.9711294,8.715253,11.229337]},"faces":{"east":{"uv":[6.5625,2.6875,7.0625,2.8125],"rotation":0,"texture":"#0","tintindex":0},"south":{"uv":[5.8125,2.6875,6.5,2.8125],"rotation":0,"texture":"#0","tintindex":0},"north":{"uv":[5.6875,1.25,6.375,1.375],"rotation":0,"texture":"#0","tintindex":0},"west":{"uv":[6.5625,3.0625,7.0625,3.1875],"rotation":0,"texture":"#0","tintindex":0},"up":{"uv":[0.6875,4.9375,0.0,4.4375],"rotation":0,"texture":"#0","tintindex":0},"down":{"uv":[5.125,0.0,4.4375,0.5],"rotation":0,"texture":"#0","tintindex":0}}},{"from":[0.5262141,11.719884,10.863623],"to":[2.7205,12.451313,13.789336],"rotation":{"angle":22.5,"axis":"z","origin":[2.537643,10.988456,11.229337]},"faces":{"east":{"uv":[6.5625,4.25,7.0625,4.375],"rotation":0,"texture":"#0","tintindex":0},"south":{"uv":[6.875,4.9375,7.25,5.0625],"rotation":0,"texture":"#0","tintindex":0},"north":{"uv":[6.875,0.6875,7.25,0.8125],"rotation":0,"texture":"#0","tintindex":0},"west":{"uv":[6.5625,4.4375,7.0625,4.5625],"rotation":0,"texture":"#0","tintindex":0},"up":{"uv":[3.8125,6.0625,3.4375,5.5625],"rotation":0,"texture":"#0","tintindex":0},"down":{"uv":[2.8125,5.625,2.4375,6.125],"rotation":0,"texture":"#0","tintindex":0}}},{"from":[1.1031847,10.906364,10.871617],"to":[2.566042,12.369222,15.625902],"rotation":{"angle":-45.0,"axis":"z","origin":[2.0174704,11.2720785,11.420189]},"faces":{"east":{"uv":[5.4375,2.0,6.25,2.25],"rotation":0,"texture":"#0","tintindex":0},"south":{"uv":[2.0,6.625,2.25,6.875],"rotation":0,"texture":"#0","tintindex":0},"north":{"uv":[6.625,0.375,6.875,0.625],"rotation":0,"texture":"#0","tintindex":0},"west":{"uv":[5.4375,3.4375,6.25,3.6875],"rotation":0,"texture":"#0","tintindex":0},"up":{"uv":[3.375,5.9375,3.125,5.125],"rotation":0,"texture":"#0","tintindex":0},"down":{"uv":[5.1875,5.375,4.9375,6.1875],"rotation":0,"texture":"#0","tintindex":0}}},{"from":[0.8471165,9.740887,13.789336],"to":[3.0414023,11.569458,14.15505],"rotation":{"angle":22.5,"axis":"z","origin":[0.4814024,9.740887,13.60648]},"faces":{"east":{"uv":[4.6875,7.125,4.75,7.4375],"rotation":0,"texture":"#0","tintindex":0},"south":{"uv":[5.25,5.9375,5.625,6.25],"rotation":0,"texture":"#0","tintindex":0},"north":{"uv":[5.875,4.75,6.25,5.0625],"rotation":0,"texture":"#0","tintindex":0},"west":{"uv":[6.875,7.125,6.9375,7.4375],"rotation":0,"texture":"#0","tintindex":0},"up":{"uv":[7.5,3.125,7.125,3.0625],"rotation":0,"texture":"#0","tintindex":0},"down":{"uv":[7.5,4.1875,7.125,4.25],"rotation":0,"texture":"#0",