{"textures":{"0":"modelengine:entity/pet_dupe"},"elements":[{"from":[-0.48526955,7.156,11.657143],"to":[0.9775877,8.618857,13.120001],"rotation":{"angle":0.0,"axis":"y","origin":[4.728692,6.688482,8.0]},"faces":{"east":{"uv":[2.375,6.1875,2.625,6.4375],"rotation":0,"texture":"#0","tintindex":0},"south":{"uv":[6.25,0.875,6.5,1.125],"rotation":0,"texture":"#0","tintindex":0},"north":{"uv":[3.75,1.9375,4.0,2.1875],"rotation":0,"texture":"#0","tintindex":0},"west":{"uv":[6.25,2.3125,6.5,2.5625],"rotation":0,"texture":"#0","tintindex":0},"up":{"uv":[4.9375,6.5,4.6875,6.25],"rotation":0,"texture":"#0","tintindex":0},"down":{"uv":[6.5625,0.375,6.3125,0.625],"rotation":0,"texture":"#0","tintindex":0}}},{"from":[1.0141592,8.728572,13.193143],"to":[-0.59498405,7.1194286,11.584001],"rotation":{"angle":0.0,"axis":"y","origin":[15.297834,7.9319105,9.974857]},"faces":{"east":{"uv":[6.3125,3.3125,6.5625,3.5625],"rotation":0,"texture":"#0","tintindex":0},"south":{"uv":[6.3125,3.625,6.5625,3.875],"rotation":0,"texture":"#0","tintindex":0},"north":{"uv":[6.3125,2.0,6.5625,2.25],"rotation":0,"texture":"#0","tintindex":0},"west":{"uv":[6.3125,3.9375,6.5625,4.1875],"rotation":0,"texture":"#0","tintindex":0},"up":{"uv":[6.5625,4.875,6.3125,4.625],"rotation":0,"texture":"#0","tintindex":0},"down":{"uv":[5.25,6.3125,5.0,6.5625],"rotation":0,"texture":"#0","tintindex":0}}},{"from":[-0.11955547,6.4245715,12.022858],"to":[0.61187315,11.178858,12.754286],"rotation":{"angle":0.0,"axis":"y","origin":[4.728692,6.688482,8.0]},"faces":{"east":{"uv":[2.875,5.625,3.0,6.4375],"rotation":0,"texture":"#0","tintindex":0},"south":{"uv":[3.0625,6.0,3.1875,6.8125],"rotation":0,"texture":"#0","tintindex":0},"north":{"uv":[3.875,5.5625,4.0,6.375],"rotation":0,"texture":"#0","tintindex":0},"west":{"uv":[3.25,6.0,3.375,6.8125],"rotation":0,"texture":"#0","tintindex":0},"up":{"uv":[2.8125,6.3125,2.6875,6.1875],"rotation":0,"texture":"#0","tintindex":0},"down":{"uv":[7.125,7.125,7.0,7.25],"rotation":0,"texture":"#0","tintindex":0}}},{"from":[-0.11589813,13.711121,10.994297],"to":[0.6082163,16.263805,11.718411],"rotation":{"angle":45.0,"axis":"x","origin":[6.008692,11.197164,8.454452]},"faces":{"east":{"uv":[0.375,6.75,0.5,7.1875],"rotation":0,"texture":"#0","tintindex":0},"south":{"uv":[5.625,6.75,5.75,7.1875],"rotation":0,"texture":"#0","tintindex":0},"north":{"uv":[1.5625,6.6875,1.6875,7.125],"rotation":0,"texture":"#0","tintindex":0},"west":{"uv":[5.8125,6.75,5.9375,7.1875],"rotation":0,"texture":"#0","tintindex":0},"up":{"uv":[0.6875,7.3125,0.5625,7.1875],"rotation":0,"texture":"#0","tintindex":0},"down":{"uv":[1.6875,7.1875,1.5625,7.3125],"rotation":0,"texture":"#0","tintindex":0}}},{"from":[-0.11589813,16.587444,9.902686],"to":[0.6155305,17.318872,11.731257],"rotation":{"angle":45.0,"axis":"x","origin":[6.012349,12.614286,7.5493546]},"faces":{"east":{"uv":[7.0,1.75,7.3125,1.875],"rotation":0,"texture":"#0","tintindex":0},"south":{"uv":[7.1875,1.9375,7.3125,2.0625],"rotation":0,"texture":"#0","tintindex":0},"north":{"uv":[1.75,7.1875,1.875,7.3125],"rotation":0,"texture":"#0","tintindex":0},"west":{"uv":[7.0,3.5625,7.3125,3.6875],"rotation":0,"texture":"#0","tintindex":0},"up":{"uv":[3.8125,7.3125,3.6875,7.0],"rotation":0,"texture":"#0","tintindex":0},"down":{"uv":[7.125,5.3125,7.0,5.625],"rotation":0,"texture":"#0","tintindex":0}}},{"from":[-0.11589813,14.174131,10.708006],"to":[0.6155305,16.368418,11.439434],"rotation":{"angle":22.5,"axis":"x","origin":[6.012349,12.556047,6.7322974]},"faces":{"east":{"uv":[1.1875,6.875,1.3125,7.25],"rotation":0,"texture":"#0","tintindex":0},"south":{"uv":[1.375,6.875,1.5,7.25],"rotation":0,"texture":"#0","tintindex":0},"north":{"uv":[1.0,6.875,1.125,7.25],"rotation":0,"texture":"#0","tintindex":0},"west":{"uv":[3.0625,6.875,3.1875,7.25],"rotation":0,"texture":"#0","tintindex":0},"up":{"uv":[7.3125,3.875,7.1875,3.75],"rotation":0,"texture":"#0","tintindex":0},"down":{"uv":[7.3125,3.9375,7.1875,4.0625],"rotation":0,"texture":"#0","tintindex":0}}},{"from":[-0.11955547,2.5005846,12.833839],"to":[0.61187315,4.69487,13.5652685],"rotation":{"angle":-22.5,"axis":"x","origin":[6.008692,3.5211787,8.08045]},"faces":{"east":{"uv":[4.0,6.875,4.125,7.25],"rotation":0,"texture":"#0","tintindex":0},"south":{"uv":[4.1875,6.875,4.3125,7.25],"rotation":0,"texture":"#0","tintindex":0},"north":{"uv":[3.25,6.875,3.375,7.25],"rotation":0,"texture":"#0","tintindex":0},"west":{"uv":[4.375,6.875,4.5,7.25],"rotation":0,"texture":"#0","tintindex":0},"up":{"uv":[4.9375,7.3125,4.8125,7.1875],"rotation":0,"texture":"#0","tintindex":0},"down":{"uv":[5.125,7.1875,5.0,7.3125],"rotation":0,"texture":"#0","tintindex":0}}}],"display":{"head":{"translation":[0.0,-6.4,0.0],"scale":[4.0,4.0,4.0]}}}