{"textures":{"0":"modelengine:entity/marioboxcrate"},"elements":[{"from":[5.142857,-11.7607155,5.1673675],"to":[10.857143,-10.332144,10.881654],"rotation":{"angle":0.0,"axis":"y","origin":[8.0,-23.475,8.02451]},"faces":{"east":{"uv":[8.0,9.5,10.5,10.125],"rotation":0,"texture":"#0","tintindex":0},"south":{"uv":[8.0,9.5,10.5,10.125],"rotation":0,"texture":"#0","tintindex":0},"north":{"uv":[8.0,9.5,10.5,10.125],"rotation":0,"texture":"#0","tintindex":0},"west":{"uv":[8.0,9.5,10.5,10.125],"rotation":0,"texture":"#0","tintindex":0},"up":{"uv":[8.5,2.5,6.0,0.0],"rotation":0,"texture":"#0","tintindex":0},"down":{"uv":[8.5,2.5,6.0,5.0],"rotation":0,"texture":"#0","tintindex":0}}},{"from":[6.285714,-12.617857,5.1673675],"to":[9.714286,-11.7607155,5.453082],"rotation":{"angle":0.0,"axis":"y","origin":[8.0,-23.475,8.02451]},"faces":{"east":{"uv":[4.625,11.0,4.75,11.375],"rotation":0,"texture":"#0","tintindex":0},"south":{"uv":[7.875,11.0,9.375,11.375],"rotation":0,"texture":"#0","tintindex":0},"north":{"uv":[7.875,10.125,9.375,10.5],"rotation":0,"texture":"#0","tintindex":0},"west":{"uv":[4.75,11.0,4.875,11.375],"rotation":0,"texture":"#0","tintindex":0},"up":{"uv":[11.375,10.625,9.875,10.5],"rotation":0,"texture":"#0","tintindex":0},"down":{"uv":[12.0,9.875,10.5,10.0],"rotation":0,"texture":"#0","tintindex":0}}},{"from":[6.5714283,-10.332144,6.0245104],"to":[9.428572,-10.046429,10.02451],"rotation":{"angle":0.0,"axis":"y","origin":[8.0,-23.475,8.02451]},"faces":{"east":{"uv":[8.5,7.375,10.25,7.5],"rotation":0,"texture":"#0","tintindex":0},"south":{"uv":[9.875,10.625,11.125,10.75],"rotation":0,"texture":"#0","tintindex":0},"north":{"uv":[10.5,10.0,11.75,10.125],"rotation":0,"texture":"#0","tintindex":0},"west":{"uv":[10.5,9.375,12.25,9.5],"rotation":0,"texture":"#0","tintindex":0},"up":{"uv":[9.75,3.75,8.5,2.0],"rotation":0,"texture":"#0","tintindex":0},"down":{"uv":[9.75,3.75,8.5,5.5],"rotation":0,"texture":"#0","tintindex":0}}},{"from":[7.714286,-10.046429,7.453082],"to":[9.428572,-9.732143,9.167368],"rotation":{"angle":-45.0,"axis":"y","origin":[8.0,-9.7607155,7.738796]},"faces":{"east":{"uv":[10.875,5.0,11.625,5.125],"rotation":0,"texture":"#0","tintindex":0},"south":{"uv":[10.875,5.125,11.625,5.25],"rotation":0,"texture":"#0","tintindex":0},"north":{"uv":[1.75,10.875,2.5,11.0],"rotation":0,"texture":"#0","tintindex":0},"west":{"uv":[10.875,5.25,11.625,5.375],"rotation":0,"texture":"#0","tintindex":0},"up":{"uv":[3.25,11.0,2.5,10.25],"rotation":0,"texture":"#0","tintindex":0},"down":{"uv":[4.0,10.25,3.25,11.0],"rotation":0,"texture":"#0","tintindex":0}}},{"from":[7.428571,-10.046429,6.546918],"to":[8.571428,-9.7607155,8.261204],"rotation":{"angle":0.0,"axis":"y","origin":[8.0,-9.7607155,8.546918]},"faces":{"east":{"uv":[10.875,5.375,11.625,5.5],"rotation":0,"texture":"#0","tintindex":0},"south":{"uv":[11.0,4.0,11.5,4.125],"rotation":0,"texture":"#0","tintindex":0},"north":{"uv":[4.0,11.0,4.5,11.125],"rotation":0,"texture":"#0","tintindex":0},"west":{"uv":[9.875,10.875,10.625,11.0],"rotation":0,"texture":"#0","tintindex":0},"up":{"uv":[5.0,11.0,4.5,10.25],"rotation":0,"texture":"#0","tintindex":0},"down":{"uv":[0.5,10.375,0.0,11.125],"rotation":0,"texture":"#0","tintindex":0}}},{"from":[6.285714,-12.617857,10.59594],"to":[9.714286,-11.7607155,10.881654],"rotation":{"angle":0.0,"axis":"y","origin":[8.0,-23.475,8.02451]},"faces":{"east":{"uv":[4.75,11.0,4.625,11.375],"rotation":0,"texture":"#0","tintindex":0},"south":{"uv":[9.375,10.125,7.875,10.5],"rotation":0,"texture":"#0","tintindex":0},"north":{"uv":[9.375,11.0,7.875,11.375],"rotation":0,"texture":"#0","tintindex":0},"west":{"uv":[4.875,11.0,4.75,11.375],"rotation":0,"texture":"#0","tintindex":0},"up":{"uv":[11.375,10.5,9.875,10.625],"rotation":0,"texture":"#0","tintindex":0},"down":{"uv":[12.0,10.0,10.5,9.875],"rotation":0,"texture":"#0","tintindex":0}}},{"from":[10.571428,-12.617857,6.3102245],"to":[10.857143,-11.7607155,9.738796],"rotation":{"angle":0.0,"axis":"y","origin":[8.0,-23.475,8.02451]},"faces":{"east":{"uv":[7.875,10.125,9.375,10.5],"rotation":0,"texture":"#0","tintindex":0},"south":{"uv":[4.625,11.0,4.75,11.375],"rotation":0,"texture":"#0","tintindex":0},"north":{"uv":[4.75,11.0,4.875,11.375],"rotation":0,"texture":"#0","tintindex":0},"west":{"uv":[7.875,11.0,9.375,11.375],"rotation":0,"texture":"#0","tintindex":0},"up":{"uv":[11.375,10.625,9.875,10.5],"rotation":90,"texture":"#0","tintindex":0},"down":{"uv":[12.0,9.875,10.5,10.0],"rotation":270,"texture":"#0","tintindex":0}}},{"from":[5.142857,-12.617857,6.3102245],"to":[5.428571,-11.7607155,9.738796],"rotation":{"angle":0.0,"axis":"y","origin":[8.0,-23.475,8.02451]},"faces":{"east":{"uv":[9.375,11.0,7.875,11.375],"rotation":0,"texture":"#0","tintindex":0},"south":{"uv":[4.75,11.0,4.625,11.375],"rotation":0,"texture":"#0","tintindex":0},"north":{"uv":[4.875,11.0,4.75,11.375],"rotation":0,"texture":"#0","tintindex":0},"west":{"uv":[9.375,10.125,7.875,10.5],"rotation":0,"texture":"#0","tintindex":0},"up":{"uv":[11.375,10.5,9.875,10.625],"rotation":90,"texture":"#0","tintindex":0},"down":{"uv":[12.0,10.0,10.5,9.875],"rotation":270,"texture":"#0","tintindex":0}}}],"display":{"head":{"translation":[0.0,-6.4,0.0],"scale":[4.0,4.0,4.0]}}}