{"textures":{"0":"modelengine:entity/xm2_sleigh"},"elements":[{"from":[6.5714283,2.2857141,6.5714283],"to":[9.428572,8.0,9.428572],"rotation":{"angle":0.0,"axis":"y","origin":[16.57143,-10.285715,31.142859]},"faces":{"east":{"uv":[10.125,10.0,10.4375,10.625],"rotation":0,"texture":"#0","tintindex":0},"south":{"uv":[10.125,10.0,10.4375,10.625],"rotation":0,"texture":"#0","tintindex":0},"north":{"uv":[10.125,10.0,10.4375,10.625],"rotation":0,"texture":"#0","tintindex":0},"west":{"uv":[10.125,10.0,10.4375,10.625],"rotation":0,"texture":"#0","tintindex":0},"up":{"uv":[7.1875,9.6875,6.875,9.375],"rotation":0,"texture":"#0","tintindex":0},"down":{"uv":[4.5,10.4375,4.1875,10.75],"rotation":0,"texture":"#0","tintindex":0}}}],"display":{"head":{"translation":[0.0,-6.4,0.0],"scale":[4.0,4.0,4.0]}}}