{"textures":{"1":"modelengine:entity/xm2_sleigh_reindeer"},"elements":[{"from":[5.3264093,6.8759103,3.142857],"to":[9.897838,13.733053,8.857143],"rotation":{"angle":0.0,"axis":"y","origin":[3.0406942,-5.12409,58.000004]},"faces":{"east":{"uv":[7.5,6.25,6.25,7.75],"rotation":0,"texture":"#1","tintindex":0},"south":{"uv":[8.5,5.625,7.5,7.125],"rotation":0,"texture":"#1","tintindex":0},"north":{"uv":[8.5,4.125,7.5,5.625],"rotation":0,"texture":"#1","tintindex":0},"west":{"uv":[7.5,4.75,6.25,6.25],"rotation":0,"texture":"#1","tintindex":0},"up":{"uv":[5.0,3.0,6.0,1.75],"rotation":0,"texture":"#1","tintindex":0},"down":{"uv":[2.125,7.75,3.125,9.0],"rotation":0,"texture":"#1","tintindex":0}}},{"from":[4.469266,5.733053,1.9999995],"to":[10.754981,9.733053,9.428572],"rotation":{"angle":-22.5,"axis":"x","origin":[7.6121235,9.161625,6.0]},"faces":{"east":{"uv":[13.25,0.0,11.625,0.875],"rotation":0,"texture":"#1","tintindex":0},"south":{"uv":[13.0,0.875,11.625,1.75],"rotation":0,"texture":"#1","tintindex":0},"north":{"uv":[14.625,0.0,13.25,0.875],"rotation":0,"texture":"#1","tintindex":0},"west":{"uv":[14.625,0.875,13.0,1.75],"rotation":0,"texture":"#1","tintindex":0},"up":{"uv":[14.625,1.625,16.0,0.0],"rotation":0,"texture":"#1","tintindex":0},"down":{"uv":[14.625,1.625,16.0,3.25],"rotation":0,"texture":"#1","tintindex":0}}},{"from":[7.3264093,0.6590419,1.757791],"to":[10.754981,5.8018994,1.757791],"rotation":{"angle":22.5,"axis":"x","origin":[7.6121235,2.0876136,1.757791]},"faces":{"east":{"uv":[13.375,11.75,13.375,12.875],"rotation":0,"texture":"#1","tintindex":0},"south":{"uv":[14.625,1.75,13.875,2.875],"rotation":0,"texture":"#1","tintindex":0},"north":{"uv":[14.625,1.75,13.875,2.875],"rotation":0,"texture":"#1","tintindex":0},"west":{"uv":[13.375,10.25,13.375,11.375],"rotation":0,"texture":"#1","tintindex":0},"up":{"uv":[12.125,7.25,12.875,7.25],"rotation":0,"texture":"#1","tintindex":0},"down":{"uv":[9.25,13.25,10.0,13.25],"rotation":0,"texture":"#1","tintindex":0}}}],"display":{"head":{"translation":[0.0,-6.4,0.0],"scale":[4.0,4.0,4.0]}}}