{"textures":{"0":"modelengine:entity/xm2_sleigh"},"elements":[{"from":[0.16871548,10.856421,-10.466803],"to":[3.3687153,12.056421,-7.266802],"rotation":{"angle":-22.5,"axis":"x","origin":[1.7687154,11.456421,-8.466803]},"faces":{"east":{"uv":[4.375,3.5,4.875,3.6875],"rotation":0,"texture":"#0","tintindex":0},"south":{"uv":[4.5625,7.875,5.0625,8.0625],"rotation":0,"texture":"#0","tintindex":0},"north":{"uv":[3.875,3.5,4.375,3.6875],"rotation":0,"texture":"#0","tintindex":0},"west":{"uv":[10.4375,6.625,10.9375,6.8125],"rotation":0,"texture":"#0","tintindex":0},"up":{"uv":[3.5,6.1875,3.0,5.6875],"rotation":0,"texture":"#0","tintindex":0},"down":{"uv":[3.5,6.1875,3.0,6.6875],"rotation":0,"texture":"#0","tintindex":0}}},{"from":[0.16871548,7.9071164,-11.049063],"to":[3.3687153,11.107117,-9.849064],"rotation":{"angle":22.5,"axis":"x","origin":[1.7687154,9.907117,-10.449064]},"faces":{"east":{"uv":[4.5,10.4375,4.6875,10.9375],"rotation":0,"texture":"#0","tintindex":0},"south":{"uv":[3.375,9.9375,3.875,10.4375],"rotation":0,"texture":"#0","tintindex":0},"north":{"uv":[8.25,9.875,8.75,10.375],"rotation":0,"texture":"#0","tintindex":0},"west":{"uv":[4.6875,10.4375,4.875,10.9375],"rotation":0,"texture":"#0","tintindex":0},"up":{"uv":[10.9375,7.0,10.4375,6.8125],"rotation":0,"texture":"#0","tintindex":0},"down":{"uv":[10.9375,10.0,10.4375,10.1875],"rotation":0,"texture":"#0","tintindex":0}}},{"from":[0.16871548,5.409922,-11.355209],"to":[3.3687153,8.609922,-10.1552105],"rotation":{"angle":-22.5,"axis":"x","origin":[1.7687154,7.409922,-10.755209]},"faces":{"east":{"uv":[10.4375,10.1875,10.625,10.6875],"rotation":0,"texture":"#0","tintindex":0},"south":{"uv":[3.875,9.9375,4.375,10.4375],"rotation":0,"texture":"#0","tintindex":0},"north":{"uv":[9.9375,3.5625,10.4375,4.0625],"rotation":0,"texture":"#0","tintindex":0},"west":{"uv":[3.0625,10.5625,3.25,11.0625],"rotation":0,"texture":"#0","tintindex":0},"up":{"uv":[11.125,7.1875,10.625,7.0],"rotation":0,"texture":"#0","tintindex":0},"down":{"uv":[11.125,7.1875,10.625,7.375],"rotation":0,"texture":"#0","tintindex":0}}},{"from":[0.16871548,4.8276606,-10.405905],"to":[3.3687153,6.027661,-7.205905],"rotation":{"angle":22.5,"axis":"x","origin":[1.7687154,5.427661,-9.205906]},"faces":{"east":{"uv":[10.625,10.375,11.125,10.5625],"rotation":0,"texture":"#0","tintindex":0},"south":{"uv":[10.625,10.5625,11.125,10.75],"rotation":0,"texture":"#0","tintindex":0},"north":{"uv":[10.625,10.1875,11.125,10.375],"rotation":0,"texture":"#0","tintindex":0},"west":{"uv":[10.6875,8.25,11.1875,8.4375],"rotation":0,"texture":"#0","tintindex":0},"up":{"uv":[4.875,10.4375,4.375,9.9375],"rotation":0,"texture":"#0","tintindex":0},"down":{"uv":[10.4375,6.625,9.9375,7.125],"rotation":0,"texture":"#0","tintindex":0}}},{"from":[16.972715,4.1079664,-12.387756],"to":[16.972715,12.507967,-4.3877554],"rotation":{"angle":0.0,"axis":"y","origin":[15.328716,4.707966,-6.3877563]},"faces":{"east":{"uv":[12.9375,5.625,11.6875,6.9375],"rotation":0,"texture":"#0","tintindex":0},"south":{"uv":[10.625,10.5625,10.625,11.875],"rotation":0,"texture":"#0","tintindex":0},"north":{"uv":[10.625,10.1875,10.625,11.5],"rotation":0,"texture":"#0","tintindex":0},"west":{"uv":[12.3125,3.625,11.0625,4.9375],"rotation":0,"texture":"#0","tintindex":0},"up":{"uv":[4.375,11.1875,4.375,9.9375],"rotation":0,"texture":"#0","tintindex":0},"down":{"uv":[9.9375,6.625,9.9375,7.875],"rotation":0,"texture":"#0","tintindex":0}}},{"from":[13.764715,4.1079664,-12.387756],"to":[13.764715,12.507967,-4.3877554],"rotation":{"angle":0.0,"axis":"y","origin":[3.4087152,4.707966,-6.3877563]},"faces":{"east":{"uv":[11.0625,3.625,12.3125,4.9375],"rotation":0,"texture":"#0","tintindex":0},"south":{"uv":[10.625,10.5625,10.625,11.875],"rotation":0,"texture":"#0","tintindex":0},"north":{"uv":[10.625,10.1875,10.625,11.5],"rotation":0,"texture":"#0","tintindex":0},"west":{"uv":[11.6875,5.625,12.9375,6.9375],"rotation":0,"texture":"#0","tintindex":0},"up":{"uv":[4.375,11.1875,4.375,9.9375],"rotation":0,"texture":"#0","tintindex":0},"down":{"uv":[9.9375,6.625,9.9375,7.875],"rotation":0,"texture":"#0","tintindex":0}}},{"from":[3.3727155,4.1079664,-12.387756],"to":[3.3727155,12.507967,-4.3877554],"rotation":{"angle":0.0,"axis":"y","origin":[13.728716,4.707966,-6.3877563]},"faces":{"east":{"uv":[12.9375,5.625,11.6875,6.9375],"rotation":0,"texture":"#0","tintindex":0},"south":{"uv":[10.625,10.5625,10.625,11.875],"rotation":0,"texture":"#0","tintindex":0},"north":{"uv":[10.625,10.1875,10.625,11.5],"rotation":0,"texture":"#0","tintindex":0},"west":{"uv":[12.3125,3.625,11.0625,4.9375],"rotation":0,"texture":"#0","tintindex":0},"up":{"uv":[4.375,11.1875,4.375,9.9375],"rotation":0,"texture":"#0","tintindex":0},"down":{"uv":[9.9375,6.625,9.9375,7.875],"rotation":0,"texture":"#0","tintindex":0}}},{"from":[0.16471529,4.1079664,-12.387756],"to":[0.16471529,12.507967,-4.3877554],"rotation":{"angle":0.0,"axis":"y","origin":[1.8087153,4.707966,-6.3877563]},"faces":{"east":{"uv":[11.0625,3.625,12.3125,4.9375],"rotation":0,"texture":"#0","tintindex":0},"south":{"uv":[10.625,10.5625,10.625,11.875],"rotation":0,"texture":"#0","tintindex":0},"north":{"uv":[10.625,10.1875,10.625,11.5],"rotation":0,"texture":"#0","tintindex":0},"west":{"uv":[11.6875,5.625,12.9375,6.9375],"rotation":0,"texture":"#0","tintindex":0},"up":{"uv":[4.375,11.1875,4.375,9.9375],"rotation":0,"texture":"#0","tintindex":0},"down":{"uv":[9.9375,6.625,9.9375,7.875],"rotation":0,"texture":"#0","tintindex":0}}},{"from":[0.16871548,4.1079664,-7.587756],"to":[3.3687153,5.307966,28.012243],"rotation":{"angle":0.0,"axis":"y","origin":[1.7687154,4.707966,-5.587756]},"faces":{"east":{"uv":[8.0,4.9375,13.5625,5.125],"rotation":0,"texture":"#0","tintindex":0},"south":{"uv":[8.75,10.6875,9.25,10.875],"rotation":0,"texture":"#0","tintindex":0},"north":{"uv":[10.6875,8.4375,11.1875,8.625],"rotation":0,"texture":"#0","tintindex":0},"west":{"uv":[8.0,5.125,13.5625,5.3125],"rotation":0,"texture":"#0","tintindex":0},"up":{"uv":[6.0,8.625,5.5,3.0625],"rotation":0,"texture":"#0","tintindex":0},"down":{"uv":[0.5,5.6875,0.0,11.25],"rotation":0,"texture":"#0","tintindex":0}}},{"from":[1.3687158,14.507966,-8.387756],"to":[1.3687158,19.707966,-1.9877558],"rotation":{"angle":0.0,"axis":"y","origin":[1.7687154,4.707966,-5.587756]},"faces":{"east":{"uv":[9.9375,6.625,8.9375,7.4375],"rotation":0,"texture":"#0","tintindex":0},"south":{"uv":[0.0,0.0,0.0,0.8125],"rotation":0,"texture":"#0","tintindex":0},"north":{"uv":[0.0,0.0,0.0,0.8125],"rotation":0,"texture":"#0","tintindex":0},"west":{"uv":[8.9375,6.625,9.9375,7.4375],"rotation":0,"texture":"#0","tintindex":0},"up":{"uv":[0.0,1.0,0.0,0.0],"rotation":0,"texture":"#0","tintindex":0},"down":{"uv":[0.0,0.0,0.0,1.0],"rotation":0,"texture":"#0","tintindex":0}}},{"from":[2.1399431,4.885193,-0.8059044],"to":[2.9399433,8.485193,1.1940956],"rotation":{"angle":-22.5,"axis":"z","origin":[2.5399432,6.885193,0.19409561]},"faces":{"east":{"uv":[1.4375,10.1875,1.75,10.75],"rotation":0,"texture":"#0","tintindex":0},"south":{"uv":[5.1875,10.5,5.3125,11.0625],"rotation":0,"texture":"#0","tintindex":0},"north":{"uv":[5.1875,9.9375,5.3125,10.5],"rotation":0,"texture":"#0","tintindex":0},"west":{"uv":[1.75,10.1875,2.0625,10.75],"rotation":0,"texture":"#0","tintindex":0},"up":{"uv":[7.5,8.3125,7.375,8.0],"rotation":0,"texture":"#0","tintindex":0},"down":{"uv":[2.4375,8.375,2.3125,8.6875],"rotation":0,"texture":"#0","tintindex":0}}},{"from":[2.1399431,4.885193,18.794096],"to":[2.9399433,9.685193,20.794096],"rotation":{"angle":-22.5,"axis":"z","origin":[2.5399432,6.885193,19.794096]},"faces":{"east":{"uv":[4.875,9.9375,5.1875,10.6875],"rotation":0,"texture":"#0","tintindex":0},"south":{"uv":[5.875,2.3125,6.0,3.0625],"rotation":0,"texture":"#0","tintindex":0},"north":{"uv":[5.875,1.5625,6.0,2.3125],"rotation":0,"texture":"#0","tintindex":0},"west":{"uv":[10.0,4.0625,10.3125,4.8125],"rotation":0,"texture":"#0","tintindex":0},"up":{"uv":[3.5,9.4375,3.375,9.125],