{"textures":{"0":"modelengine:entity/fortress_turtle"},"elements":[{"name":"cube","from":[7.7,7.7,7.7],"to":[8.3,8.3,8.3],"rotation":{"angle":0.0,"axis":"x","origin":[7.7,7.7,7.7]},"faces":{"down":{"uv":[11.5625,6.53125,12.34375,7.28125],"rotation":0,"texture":"#0","tintindex":0},"east":{"uv":[11.5625,6.53125,12.34375,7.28125],"rotation":0,"texture":"#0","tintindex":0},"north":{"uv":[11.5625,6.53125,12.34375,7.28125],"rotation":0,"texture":"#0","tintindex":0},"south":{"uv":[11.5625,6.53125,12.34375,7.28125],"rotation":0,"texture":"#0","tintindex":0},"up":{"uv":[11.5625,6.53125,12.34375,7.28125],"rotation":0,"texture":"#0","tintindex":0},"west":{"uv":[11.5625,6.53125,12.34375,7.28125],"rotation":0,"texture":"#0","tintindex":0}}}],"display":{"head":{"translation":[0.0,-6.4,0.0],"rotation":[0.0,0.0,0.0],"scale":[3.8095,3.8095,3.8095]}}}