{"textures":{"0":"modelengine:entity/fortress_turtle"},"elements":[{"from":[7.714286,7.714286,7.714286],"to":[8.285714,8.285714,8.285714],"rotation":{"angle":0.0,"axis":"y","origin":[7.714286,7.714286,7.714286]},"faces":{"east":{"uv":[11.5625,6.53125,12.34375,7.28125],"rotation":0,"texture":"#0","tintindex":0},"south":{"uv":[11.5625,6.53125,12.34375,7.28125],"rotation":0,"texture":"#0","tintindex":0},"north":{"uv":[11.5625,6.53125,12.34375,7.28125],"rotation":0,"texture":"#0","tintindex":0},"west":{"uv":[11.5625,6.53125,12.34375,7.28125],"rotation":0,"texture":"#0","tintindex":0},"up":{"uv":[11.5625,6.53125,12.34375,7.28125],"rotation":0,"texture":"#0","tintindex":0},"down":{"uv":[11.5625,6.53125,12.34375,7.28125],"rotation":0,"texture":"#0","tintindex":0}}}],"display":{"head":{"translation":[0.0,-6.4,0.0],"scale":[4.0,4.0,4.0]}}}