{"textures":{"0":"modelengine:entity/elk"},"elements":[{"from":[7.0571427,5.6441193,6.6278934],"to":[8.885715,6.786977,8.913608],"rotation":{"angle":22.5,"axis":"x","origin":[8.0,4.501262,8.056465]},"faces":{"east":{"uv":[4.6375,5.6375,5.1125,5.8625],"rotation":0,"texture":"#0","tintindex":0},"south":{"uv":[1.3875,6.2625,1.7375,6.4875],"rotation":0,"texture":"#0","tintindex":0},"north":{"uv":[5.8875,3.2625,6.2375,3.4875],"rotation":0,"texture":"#0","tintindex":0},"west":{"uv":[7.8875,6.6375,8.3625,6.8625],"rotation":0,"texture":"#0","tintindex":0},"up":{"uv":[0.3625,8.2375,0.0125,7.7625],"rotation":0,"texture":"#0","tintindex":0},"down":{"uv":[3.4875,7.7625,3.1375,8.2375],"rotation":0,"texture":"#0","tintindex":0}}},{"from":[7.1142855,6.2849727,8.008781],"to":[8.828571,7.9992585,9.723066],"rotation":{"angle":0.0,"axis":"y","origin":[10.571428,13.42783,4.5802097]},"faces":{"east":{"uv":[2.0125,7.8875,2.3625,8.2375],"rotation":0,"texture":"#0","tintindex":0},"south":{"uv":[2.6375,7.8875,2.9875,8.2375],"rotation":0,"texture":"#0","tintindex":0},"north":{"uv":[1.6375,7.8875,1.9875,8.2375],"rotation":0,"texture":"#0","tintindex":0},"west":{"uv":[3.5125,7.8875,3.8625,8.2375],"rotation":0,"texture":"#0","tintindex":0},"up":{"uv":[8.2375,4.7375,7.8875,4.3875],"rotation":0,"texture":"#0","tintindex":0},"down":{"uv":[8.2375,4.7625,7.8875,5.1125],"rotation":0,"texture":"#0","tintindex":0}}},{"from":[7.1142855,5.2291102,7.5714283],"to":[8.828571,6.3719673,9.285714],"rotation":{"angle":0.0,"axis":"y","origin":[8.0,4.086253,8.428572]},"faces":{"east":{"uv":[8.0125,3.8875,8.3625,4.1125],"rotation":0,"texture":"#0","tintindex":0},"south":{"uv":[8.0125,4.1375,8.3625,4.3625],"rotation":0,"texture":"#0","tintindex":0},"north":{"uv":[8.0125,3.6375,8.3625,3.8625],"rotation":0,"texture":"#0","tintindex":0},"west":{"uv":[8.0125,7.6375,8.3625,7.8625],"rotation":0,"texture":"#0","tintindex":0},"up":{"uv":[8.2375,5.4875,7.8875,5.1375],"rotation":0,"texture":"#0","tintindex":0},"down":{"uv":[8.2375,5.5125,7.8875,5.8625],"rotation":0,"texture":"#0","tintindex":0}}}],"display":{"head":{"translation":[0.0,-6.4,0.0],"scale":[4.0,4.0,4.0]}}}