{"textures":{"0":"modelengine:entity/elk"},"elements":[{"from":[7.142857,5.212281,6.8094587],"to":[9.428572,9.7837105,10.23803],"rotation":{"angle":0.0,"axis":"y","origin":[10.571428,8.926567,3.9523158]},"faces":{"east":{"uv":[6.1375,0.7625,6.8625,1.7375],"rotation":0,"texture":"#0","tintindex":0},"south":{"uv":[6.1375,6.6375,6.6125,7.6125],"rotation":0,"texture":"#0","tintindex":0},"north":{"uv":[4.1375,6.5125,4.6125,7.4875],"rotation":0,"texture":"#0","tintindex":0},"west":{"uv":[6.1375,5.6375,6.8625,6.6125],"rotation":0,"texture":"#0","tintindex":0},"up":{"uv":[0.4875,7.7375,0.0125,7.0125],"rotation":0,"texture":"#0","tintindex":0},"down":{"uv":[5.1125,7.0125,4.6375,7.7375],"rotation":0,"texture":"#0","tintindex":0}}},{"from":[7.142857,2.3551388,6.8094587],"to":[9.428572,5.212281,9.095173],"rotation":{"angle":0.0,"axis":"y","origin":[10.571428,8.926567,3.9523158]},"faces":{"east":{"uv":[7.3875,6.2625,7.8625,6.8625],"rotation":0,"texture":"#0","tintindex":0},"south":{"uv":[1.1375,7.5125,1.6125,8.1125],"rotation":0,"texture":"#0","tintindex":0},"north":{"uv":[7.3875,5.6375,7.8625,6.2375],"rotation":0,"texture":"#0","tintindex":0},"west":{"uv":[7.5125,1.3875,7.9875,1.9875],"rotation":0,"texture":"#0","tintindex":0},"up":{"uv":[7.9875,3.4875,7.5125,3.0125],"rotation":0,"texture":"#0","tintindex":0},"down":{"uv":[7.9875,3.5125,7.5125,3.9875],"rotation":0,"texture":"#0","tintindex":0}}}],"display":{"head":{"translation":[0.0,-6.4,0.0],"scale":[4.0,4.0,4.0]}}}