{"textures":{"0":"modelengine:entity/elk"},"elements":[{"from":[6.5714283,3.8643217,5.272588],"to":[9.428572,9.007179,9.844017],"rotation":{"angle":0.0,"axis":"y","origin":[10.0,7.007179,3.5583024]},"faces":{"east":{"uv":[4.3875,1.2625,5.3625,2.3625],"rotation":0,"texture":"#0","tintindex":0},"south":{"uv":[6.2625,3.2625,6.8625,4.3625],"rotation":0,"texture":"#0","tintindex":0},"north":{"uv":[0.7625,6.2625,1.3625,7.3625],"rotation":0,"texture":"#0","tintindex":0},"west":{"uv":[4.3875,3.5125,5.3625,4.6125],"rotation":0,"texture":"#0","tintindex":0},"up":{"uv":[1.9875,7.4875,1.3875,6.5125],"rotation":0,"texture":"#0","tintindex":0},"down":{"uv":[2.6125,6.5125,2.0125,7.4875],"rotation":0,"texture":"#0","tintindex":0}}},{"from":[6.857143,3.0418415,5.6132703],"to":[9.142858,5.898985,9.0418415],"rotation":{"angle":-45.0,"axis":"x","origin":[8.0,4.470413,7.898985]},"faces":{"east":{"uv":[6.6375,6.6375,7.3625,7.2375],"rotation":0,"texture":"#0","tintindex":0},"south":{"uv":[5.6375,7.0125,6.1125,7.6125],"rotation":0,"texture":"#0","tintindex":0},"north":{"uv":[5.1375,7.0125,5.6125,7.6125],"rotation":0,"texture":"#0","tintindex":0},"west":{"uv":[6.8875,0.7625,7.6125,1.3625],"rotation":0,"texture":"#0","tintindex":0},"up":{"uv":[7.3625,5.8625,6.8875,5.1375],"rotation":0,"texture":"#0","tintindex":0},"down":{"uv":[7.3625,5.8875,6.8875,6.6125],"rotation":0,"texture":"#0","tintindex":0}}},{"from":[7.142857,0.85714245,5.5714283],"to":[8.857143,3.142857,7.285714],"rotation":{"angle":-45.0,"axis":"x","origin":[8.0,4.5714283,8.0]},"faces":{"east":{"uv":[5.1375,7.6375,5.4875,8.1125],"rotation":0,"texture":"#0","tintindex":0},"south":{"uv":[5.5125,7.6375,5.8625,8.1125],"rotation":0,"texture":"#0","tintindex":0},"north":{"uv":[1.7625,5.0125,2.1125,5.4875],"rotation":0,"texture":"#0","tintindex":0},"west":{"uv":[5.8875,7.6375,6.2375,8.1125],"rotation":0,"texture":"#0","tintindex":0},"up":{"uv":[0.7375,8.2375,0.3875,7.8875],"rotation":0,"texture":"#0","tintindex":0},"down":{"uv":[1.1125,7.8875,0.7625,8.2375],"rotation":0,"texture":"#0","tintindex":0}}}],"display":{"head":{"translation":[0.0,-6.4,0.0],"scale":[4.0,4.0,4.0]}}}