{"textures":{"0":"modelengine:entity/elk"},"elements":[{"from":[5.428571,6.7466154,5.485444],"to":[10.571428,12.460901,10.628302],"rotation":{"angle":22.5,"axis":"x","origin":[8.285714,9.318045,2.6283011]},"faces":{"east":{"uv":[1.1375,2.5125,2.2375,3.7375],"rotation":0,"texture":"#0","tintindex":0},"south":{"uv":[3.2625,0.0125,4.3625,1.2375],"rotation":0,"texture":"#0","tintindex":0},"north":{"uv":[0.0125,2.5125,1.1125,3.7375],"rotation":0,"texture":"#0","tintindex":0},"west":{"uv":[3.2625,1.2625,4.3625,2.4875],"rotation":0,"texture":"#0","tintindex":0},"up":{"uv":[4.3625,4.6125,3.2625,3.5125],"rotation":0,"texture":"#0","tintindex":0},"down":{"uv":[1.1125,3.7625,0.0125,4.8625],"rotation":0,"texture":"#0","tintindex":0}}},{"from":[5.714286,7.318044,3.7711587],"to":[10.285714,11.889473,7.7711587],"rotation":{"angle":22.5,"axis":"x","origin":[8.571428,9.318045,2.6283011]},"faces":{"east":{"uv":[5.3875,3.5125,6.2375,4.4875],"rotation":0,"texture":"#0","tintindex":0},"south":{"uv":[3.1375,4.6375,4.1125,5.6125],"rotation":0,"texture":"#0","tintindex":0},"north":{"uv":[2.1375,4.5125,3.1125,5.4875],"rotation":0,"texture":"#0","tintindex":0},"west":{"uv":[1.7625,5.5125,2.6125,6.4875],"rotation":0,"texture":"#0","tintindex":0},"up":{"uv":[3.6125,6.4875,2.6375,5.6375],"rotation":0,"texture":"#0","tintindex":0},"down":{"uv":[4.6125,5.6375,3.6375,6.4875],"rotation":0,"texture":"#0","tintindex":0}}}],"display":{"head":{"translation":[0.0,-6.4,0.0],"scale":[4.0,4.0,4.0]}}}