{"textures":{"0":"modelengine:entity/elk"},"elements":[{"from":[6.857143,8.02358,5.1419578],"to":[9.142858,8.02358,7.9991007],"rotation":{"angle":0.0,"axis":"z","origin":[8.0,8.02358,6.8562436]},"faces":{"east":{"uv":[0.6125,0.0125,0.0125,0.0125],"rotation":0,"texture":"#0","tintindex":0},"south":{"uv":[0.4875,0.0125,0.0125,0.0125],"rotation":0,"texture":"#0","tintindex":0},"north":{"uv":[0.4875,0.0125,0.0125,0.0125],"rotation":0,"texture":"#0","tintindex":0},"west":{"uv":[0.6125,0.0125,0.0125,0.0125],"rotation":0,"texture":"#0","tintindex":0},"up":{"uv":[2.6375,7.8625,3.1125,7.2625],"rotation":0,"texture":"#0","tintindex":0},"down":{"uv":[2.6375,7.2625,3.1125,7.8625],"rotation":0,"texture":"#0","tintindex":0}}},{"from":[6.857143,7.7378654,5.1419578],"to":[10.285714,13.452151,5.1419578],"rotation":{"angle":0.0,"axis":"y","origin":[9.142858,10.595009,5.1419578]},"faces":{"east":{"uv":[0.0125,0.0125,0.0125,1.2375],"rotation":0,"texture":"#0","tintindex":0},"south":{"uv":[1.0125,5.0125,1.7375,6.2375],"rotation":0,"texture":"#0","tintindex":0},"north":{"uv":[1.7375,5.0125,1.0125,6.2375],"rotation":0,"texture":"#0","tintindex":0},"west":{"uv":[0.0125,0.0125,0.0125,1.2375],"rotation":0,"texture":"#0","tintindex":0},"up":{"uv":[0.0125,0.0125,0.7375,0.0125],"rotation":0,"texture":"#0","tintindex":0},"down":{"uv":[0.0125,0.0125,0.7375,0.0125],"rotation":0,"texture":"#0","tintindex":0}}},{"from":[7.1433067,8.880723,2.9394617],"to":[7.1433067,10.595009,5.2251763],"rotation":{"angle":22.5,"axis":"y","origin":[7.1433067,12.880723,4.0823193]},"faces":{"east":{"uv":[4.9875,7.7625,4.5125,8.1125],"rotation":0,"texture":"#0","tintindex":0},"south":{"uv":[0.0125,0.0125,0.0125,0.3625],"rotation":0,"texture":"#0","tintindex":0},"north":{"uv":[0.0125,0.0125,0.0125,0.3625],"rotation":0,"texture":"#0","tintindex":0},"west":{"uv":[4.5125,7.7625,4.9875,8.1125],"rotation":0,"texture":"#0","tintindex":0},"up":{"uv":[0.0125,0.4875,0.0125,0.0125],"rotation":0,"texture":"#0","tintindex":0},"down":{"uv":[0.0125,0.0125,0.0125,0.4875],"rotation":0,"texture":"#0","tintindex":0}}},{"from":[9.714286,7.7378654,3.9991007],"to":[13.142858,13.452151,3.9991007],"rotation":{"angle":45.0,"axis":"y","origin":[11.428572,10.595009,3.9991007]},"faces":{"east":{"uv":[0.0125,0.0125,0.0125,1.2375],"rotation":0,"texture":"#0","tintindex":0},"south":{"uv":[5.3875,0.0125,6.1125,1.2375],"rotation":0,"texture":"#0","tintindex":0},"north":{"uv":[6.1125,0.0125,5.3875,1.2375],"rotation":0,"texture":"#0","tintindex":0},"west":{"uv":[0.0125,0.0125,0.0125,1.2375],"rotation":0,"texture":"#0","tintindex":0},"up":{"uv":[0.0125,0.0125,0.7375,0.0125],"rotation":0,"texture":"#0","tintindex":0},"down":{"uv":[0.0125,0.0125,0.7375,0.0125],"rotation":0,"texture":"#0","tintindex":0}}},{"from":[6.857143,13.285715,4.285714],"to":[11.428572,17.857143,4.285714],"rotation":{"angle":-22.5,"axis":"x","origin":[9.142858,15.571428,4.285714]},"faces":{"east":{"uv":[0.0125,0.0125,0.0125,0.9875],"rotation":0,"texture":"#0","tintindex":0},"south":{"uv":[4.1375,4.6375,5.1125,5.6125],"rotation":0,"texture":"#0","tintindex":0},"north":{"uv":[5.1125,4.6375,4.1375,5.6125],"rotation":0,"texture":"#0","tintindex":0},"west":{"uv":[0.0125,0.0125,0.0125,0.9875],"rotation":0,"texture":"#0","tintindex":0},"up":{"uv":[0.0125,0.0125,0.9875,0.0125],"rotation":0,"texture":"#0","tintindex":0},"down":{"uv":[0.0125,0.0125,0.9875,0.0125],"rotation":0,"texture":"#0","tintindex":0}}}],"display":{"head":{"translation":[0.0,-6.4,0.0],"scale":[4.0,4.0,4.0]}}}