{"textures":{"1":"modelengine:entity/skog_birch"},"elements":[{"from":[5.117003,-3.1867762,6.113659],"to":[7.974146,8.813225,10.113659],"rotation":{"angle":-22.5,"axis":"z","origin":[7.5348616,4.259432,11.800209]},"faces":{"east":{"uv":[2.002,9.627,2.4355,10.9355],"rotation":0,"texture":"#1","tintindex":0},"south":{"uv":[3.1895,10.1895,3.498,11.498],"rotation":0,"texture":"#1","tintindex":0},"north":{"uv":[4.627,9.8145,4.9355,11.123],"rotation":0,"texture":"#1","tintindex":0},"west":{"uv":[7.877,9.627,8.3105,10.9355],"rotation":0,"texture":"#1","tintindex":0},"up":{"uv":[10.623,1.4355,10.3145,1.002],"rotation":0,"texture":"#1","tintindex":0},"down":{"uv":[6.3105,12.002,6.002,12.4355],"rotation":0,"texture":"#1","tintindex":0}}},{"from":[5.117003,-7.7582045,6.113659],"to":[7.974146,-3.1867762,10.113659],"rotation":{"angle":-22.5,"axis":"z","origin":[7.5348616,4.259432,11.800209]},"faces":{"east":{"uv":[14.377,11.502,14.8145,12.002],"rotation":0,"texture":"#1","tintindex":0},"south":{"uv":[14.0645,11.502,14.377,12.002],"rotation":0,"texture":"#1","tintindex":0},"north":{"uv":[13.752,11.502,14.0645,12.002],"rotation":0,"texture":"#1","tintindex":0},"west":{"uv":[13.002,11.502,13.4395,12.002],"rotation":0,"texture":"#1","tintindex":0},"up":{"uv":[15.127,11.9395,14.8145,11.502],"rotation":0,"texture":"#1","tintindex":0},"down":{"uv":[13.752,10.6895,13.4395,11.127],"rotation":0,"texture":"#1","tintindex":0}}},{"from":[5.117003,-7.7582045,6.113659],"to":[5.117003,-3.1867762,10.113659],"rotation":{"angle":-22.5,"axis":"z","origin":[7.5348616,4.259432,11.800209]},"faces":{"east":{"uv":[13.002,11.502,13.4395,12.002],"rotation":0,"texture":"#1","tintindex":0},"south":{"uv":[14.0645,11.502,14.377,12.002],"rotation":0,"texture":"#1","tintindex":0},"north":{"uv":[13.752,11.502,14.0645,12.002],"rotation":0,"texture":"#1","tintindex":0},"west":{"uv":[13.002,11.502,13.4395,12.002],"rotation":0,"texture":"#1","tintindex":0},"up":{"uv":[15.127,11.9395,14.8145,11.502],"rotation":0,"texture":"#1","tintindex":0},"down":{"uv":[13.752,10.6895,13.4395,11.127],"rotation":0,"texture":"#1","tintindex":0}}},{"from":[7.974146,-7.7582045,6.113659],"to":[7.974146,-3.1867762,10.113659],"rotation":{"angle":-22.5,"axis":"z","origin":[7.5348616,4.259432,11.800209]},"faces":{"east":{"uv":[13.002,11.502,13.4395,12.002],"rotation":0,"texture":"#1","tintindex":0},"south":{"uv":[14.0645,11.502,14.377,12.002],"rotation":0,"texture":"#1","tintindex":0},"north":{"uv":[13.752,11.502,14.0645,12.002],"rotation":0,"texture":"#1","tintindex":0},"west":{"uv":[13.002,11.502,13.4395,12.002],"rotation":0,"texture":"#1","tintindex":0},"up":{"uv":[15.127,11.9395,14.8145,11.502],"rotation":0,"texture":"#1","tintindex":0},"down":{"uv":[13.752,10.6895,13.4395,11.127],"rotation":0,"texture":"#1","tintindex":0}}}],"display":{"head":{"translation":[0.0,-6.4,0.0],"scale":[4.0,4.0,4.0]}}}