{"textures":{"0":"modelengine:entity/lr_charchomp"},"elements":[{"from":[5.428571,12.772028,5.293425],"to":[10.571428,19.057743,11.007711],"rotation":{"angle":-22.5,"axis":"x","origin":[8.0,13.343456,9.293426]},"faces":{"east":{"uv":[1.2375,5.5125,0.0125,6.8625],"rotation":0,"texture":"#0","tintindex":0},"south":{"uv":[3.1375,7.2625,4.2375,8.6125],"rotation":0,"texture":"#0","tintindex":0},"north":{"uv":[0.0125,6.8875,1.1125,8.2375],"rotation":0,"texture":"#0","tintindex":0},"west":{"uv":[0.0125,5.5125,1.2375,6.8625],"rotation":0,"texture":"#0","tintindex":0},"up":{"uv":[8.8625,5.8625,7.7625,4.6375],"rotation":0,"texture":"#0","tintindex":0},"down":{"uv":[8.8625,5.8875,7.7625,7.1125],"rotation":0,"texture":"#0","tintindex":0}}},{"from":[4.285714,11.75285,4.7355413],"to":[11.714286,15.181421,11.592685],"rotation":{"angle":-22.5,"axis":"x","origin":[8.0,13.467136,8.735541]},"faces":{"east":{"uv":[8.248,3.7625,6.7625,4.5125],"rotation":0,"texture":"#0","tintindex":0},"south":{"uv":[4.8875,3.1375,6.5125,3.8875],"rotation":0,"texture":"#0","tintindex":0},"north":{"uv":[4.8875,2.1375,6.5125,2.8875],"rotation":0,"texture":"#0","tintindex":0},"west":{"uv":[6.7625,3.7625,8.248,4.5125],"rotation":0,"texture":"#0","tintindex":0},"up":{"uv":[1.623,4.0125,0.0125,2.5125],"rotation":0,"texture":"#0","tintindex":0},"down":{"uv":[3.5125,2.5125,1.8875,4.0125],"rotation":0,"texture":"#0","tintindex":0}}},{"from":[8.0,11.75285,2.4498272],"to":[8.0,15.181421,4.7355413],"rotation":{"angle":-22.5,"axis":"x","origin":[8.0,13.467136,8.735541]},"faces":{"east":{"uv":[11.4875,0.0125,11.0125,0.8625],"rotation":0,"texture":"#0","tintindex":0},"south":{"uv":[4.8875,3.0125,4.8875,3.8625],"rotation":0,"texture":"#0","tintindex":0},"north":{"uv":[4.8875,2.0125,4.8875,2.8625],"rotation":0,"texture":"#0","tintindex":0},"west":{"uv":[11.0125,0.0125,11.4875,0.8625],"rotation":0,"texture":"#0","tintindex":0},"up":{"uv":[0.0125,2.9875,0.0125,2.5125],"rotation":0,"texture":"#0","tintindex":0},"down":{"uv":[1.8875,2.5125,1.8875,2.9875],"rotation":0,"texture":"#0","tintindex":0}}},{"from":[6.8435974,9.333588,3.3227043],"to":[9.1293125,12.190731,3.3227043],"rotation":{"angle":22.5,"axis":"x","origin":[10.557883,10.344792,2.1150374]},"faces":{"east":{"uv":[4.8875,2.0125,4.8875,2.8625],"rotation":0,"texture":"#0","tintindex":0},"south":{"uv":[11.4875,0.8875,11.0125,1.4875],"rotation":0,"texture":"#0","tintindex":0},"north":{"uv":[11.0125,0.8875,11.4875,1.4875],"rotation":0,"texture":"#0","tintindex":0},"west":{"uv":[4.8875,3.0125,4.8875,3.8625],"rotation":0,"texture":"#0","tintindex":0},"up":{"uv":[0.0125,2.9875,0.0125,2.5125],"rotation":90,"texture":"#0","tintindex":0},"down":{"uv":[1.8875,2.5125,1.8875,2.9875],"rotation":270,"texture":"#0","tintindex":0}}},{"from":[4.8571424,8.200599,4.150568],"to":[11.142858,14.486313,8.721996],"rotation":{"angle":22.5,"axis":"x","origin":[7.714286,5.3434553,4.7219963]},"faces":{"east":{"uv":[2.7625,4.1375,3.7375,5.4875],"rotation":0,"texture":"#0","tintindex":0},"south":{"uv":[1.3875,4.1375,2.7375,5.4875],"rotation":0,"texture":"#0","tintindex":0},"north":{"uv":[0.0125,4.1375,1.3625,5.4875],"rotation":0,"texture":"#0","tintindex":0},"west":{"uv":[3.7375,4.1375,2.7625,5.4875],"rotation":0,"texture":"#0","tintindex":0},"up":{"uv":[1.3625,9.3625,0.0125,8.3875],"rotation":0,"texture":"#0","tintindex":0},"down":{"uv":[9.7375,0.0125,8.3875,0.9875],"rotation":0,"texture":"#0","tintindex":0}}},{"from":[5.428571,8.549521,11.061579],"to":[5.428571,13.692379,16.775864],"rotation":{"angle":-22.5,"axis":"y","origin":[5.428571,11.120951,11.061579]},"faces":{"east":{"uv":[13.2625,0.0125,14.4875,1.1125],"rotation":0,"texture":"#0","tintindex":0},"south":{"uv":[1.3875,4.1375,1.3875,5.2375],"rotation":0,"texture":"#0","tintindex":0},"north":{"uv":[0.0125,4.1375,0.0125,5.2375],"rotation":0,"texture":"#0","tintindex":0},"west":{"uv":[13.2375,0.0125,12.0125,1.1125],"rotation":0,"texture":"#0","tintindex":0},"up":{"uv":[0.0125,9.6125,0.0125,8.3875],"rotation":0,"texture":"#0","tintindex":0},"down":{"uv":[8.3875,0.0125,8.3875,1.2375],"rotation":0,"texture":"#0","tintindex":0}}},{"from":[10.527931,8.549521,11.280254],"to":[10.527931,13.692379,16.994541],"rotation":{"angle":22.5,"axis":"y","origin":[10.0,11.120951,11.061579]},"faces":{"east":{"uv":[12.0125,0.0125,13.2375,1.1125],"rotation":0,"texture":"#0","tintindex":0},"south":{"uv":[1.3875,4.1375,1.3875,5.2375],"rotation":0,"texture":"#0","tintindex":0},"north":{"uv":[0.0125,4.1375,0.0125,5.2375],"rotation":0,"texture":"#0","tintindex":0},"west":{"uv":[14.4875,0.0125,13.2625,1.1125],"rotation":0,"texture":"#0","tintindex":0},"up":{"uv":[0.0125,9.6125,0.0125,8.3875],"rotation":0,"texture":"#0","tintindex":0},"down":{"uv":[8.3875,0.0125,8.3875,1.2375],"rotation":0,"texture":"#0","tintindex":0}}},{"from":[5.428571,5.9160733,6.4303036],"to":[10.571428,8.201788,9.858875],"rotation":{"angle":0.0,"axis":"y","origin":[7.714286,-0.3696413,5.8588753]},"faces":{"east":{"uv":[3.1375,6.7625,3.8625,7.2375],"rotation":0,"texture":"#0","tintindex":0},"south":{"uv":[9.8875,6.5125,10.9875,6.9875],"rotation":0,"texture":"#0","tintindex":0},"north":{"uv":[9.7625,6.0125,10.8625,6.4875],"rotation":0,"texture":"#0","tintindex":0},"west":{"uv":[10.2625,3.6375,10.9875,4.1125],"rotation":0,"texture":"#0","tintindex":0},"up":{"uv":[6.9875,9.8625,5.8875,9.1375],"rotation":0,"texture":"#0","tintindex":0},"down":{"uv":[1.1125,9.3875,0.0125,10.1125],"rotation":0,"texture":"#0","tintindex":0}}}],"display":{"head":{"translation":[0.0,-6.4,0.0],"scale":[4.0,4.0,4.0]}}}