{"textures":{"0":"modelengine:entity/lr_charchomp","1":"modelengine:entity/lr_charchomp_flames"},"elements":[{"from":[5.142857,6.857143,-2.8571434],"to":[11.428572,11.428572,8.571428],"rotation":{"angle":0.0,"axis":"y","origin":[8.0,-3.4285717,3.4285712]},"faces":{"east":{"uv":[5.2375,1.0125,2.7625,1.9875],"rotation":0,"texture":"#0","tintindex":0},"south":{"uv":[8.3875,2.6375,9.7375,3.6125],"rotation":0,"texture":"#0","tintindex":0},"north":{"uv":[1.3875,8.3875,2.7375,9.3625],"rotation":0,"texture":"#0","tintindex":0},"west":{"uv":[2.7625,1.0125,5.2375,1.9875],"rotation":0,"texture":"#0","tintindex":0},"up":{"uv":[1.3625,2.4875,0.0125,0.0125],"rotation":0,"texture":"#0","tintindex":0},"down":{"uv":[2.7375,0.0125,1.3875,2.4875],"rotation":0,"texture":"#0","tintindex":0}}},{"from":[5.5802097,4.6584234,-2.8571434],"to":[5.5802097,6.9441376,2.8571424],"rotation":{"angle":22.5,"axis":"z","origin":[5.5802097,5.8012805,0.0]},"faces":{"east":{"uv":[9.7625,0.5125,10.9875,0.9875],"rotation":0,"texture":"#0","tintindex":0},"south":{"uv":[9.7625,0.0125,11.1125,0.4875],"rotation":0,"texture":"#0","tintindex":0},"north":{"uv":[9.2625,9.6375,10.6125,10.1125],"rotation":0,"texture":"#0","tintindex":0},"west":{"uv":[9.7625,2.2625,10.9875,2.7375],"rotation":0,"texture":"#0","tintindex":0},"up":{"uv":[2.6125,6.7375,1.2625,5.5125],"rotation":0,"texture":"#0","tintindex":0},"down":{"uv":[3.9875,5.5125,2.6375,6.7375],"rotation":0,"texture":"#0","tintindex":0}}},{"from":[10.9477215,4.8770995,-2.8571434],"to":[10.9477215,7.162814,2.8571424],"rotation":{"angle":-22.5,"axis":"z","origin":[10.41979,5.8012805,0.0]},"faces":{"east":{"uv":[10.9875,2.2625,9.7625,2.7375],"rotation":0,"texture":"#0","tintindex":0},"south":{"uv":[11.1125,0.0125,9.7625,0.4875],"rotation":0,"texture":"#0","tintindex":0},"north":{"uv":[10.6125,9.6375,9.2625,10.1125],"rotation":0,"texture":"#0","tintindex":0},"west":{"uv":[10.9875,0.5125,9.7625,0.9875],"rotation":0,"texture":"#0","tintindex":0},"up":{"uv":[1.2625,6.7375,2.6125,5.5125],"rotation":0,"texture":"#0","tintindex":0},"down":{"uv":[2.6375,5.5125,3.9875,6.7375],"rotation":0,"texture":"#0","tintindex":0}}},{"from":[5.142857,5.7684503,-2.5535936],"to":[11.428572,8.054165,-2.5535936],"rotation":{"angle":-22.5,"axis":"x","origin":[10.9006405,6.6926312,0.3035488]},"faces":{"east":{"uv":[10.9875,2.2625,9.7625,2.7375],"rotation":0,"texture":"#0","tintindex":0},"south":{"uv":[11.1125,0.0125,9.7625,0.4875],"rotation":0,"texture":"#0","tintindex":0},"north":{"uv":[10.6125,9.6375,9.2625,10.1125],"rotation":0,"texture":"#0","tintindex":0},"west":{"uv":[10.9875,0.5125,9.7625,0.9875],"rotation":0,"texture":"#0","tintindex":0},"up":{"uv":[1.2625,6.7375,2.6125,5.5125],"rotation":0,"texture":"#0","tintindex":0},"down":{"uv":[2.6375,5.5125,3.9875,6.7375],"rotation":0,"texture":"#0","tintindex":0}}},{"from":[4.7055044,11.341577,2.8571424],"to":[4.7055044,13.627291,8.571428],"rotation":{"angle":22.5,"axis":"z","origin":[4.7055044,12.484434,6.285714]},"faces":{"east":{"uv":[10.9875,5.5125,9.7625,5.9875],"rotation":0,"texture":"#0","tintindex":0},"south":{"uv":[0.0125,0.0125,0.0125,0.4875],"rotation":0,"texture":"#0","tintindex":0},"north":{"uv":[0.0125,0.0125,0.0125,0.4875],"rotation":0,"texture":"#0","tintindex":0},"west":{"uv":[9.7625,5.5125,10.9875,5.9875],"rotation":0,"texture":"#0","tintindex":0},"up":{"uv":[0.0125,1.2375,0.0125,0.0125],"rotation":0,"texture":"#0","tintindex":0},"down":{"uv":[0.0125,0.0125,0.0125,1.2375],"rotation":0,"texture":"#0","tintindex":0}}},{"from":[11.822427,11.560253,2.8571424],"to":[11.822427,13.845967,8.571428],"rotation":{"angle":-22.5,"axis":"z","origin":[11.294496,12.484434,6.285714]},"faces":{"east":{"uv":[10.9875,5.5125,9.7625,5.9875],"rotation":0,"texture":"#0","tintindex":0},"south":{"uv":[0.0125,0.0125,0.0125,0.4875],"rotation":0,"texture":"#0","tintindex":0},"north":{"uv":[0.0125,0.0125,0.0125,0.4875],"rotation":0,"texture":"#0","tintindex":0},"west":{"uv":[9.7625,5.5125,10.9875,5.9875],"rotation":0,"texture":"#0","tintindex":0},"up":{"uv":[0.0125,1.2375,0.0125,0.0125],"rotation":0,"texture":"#0","tintindex":0},"down":{"uv":[0.0125,0.0125,0.0125,1.2375],"rotation":0,"texture":"#0","tintindex":0}}},{"from":[8.0,10.285714,1.1428566],"to":[8.0,13.714286,10.285714],"rotation":{"angle":0.0,"axis":"y","origin":[8.0,-3.4285717,3.4285712]},"faces":{"east":{"uv":[3.1125,7.6375,1.1375,8.3625],"rotation":0,"texture":"#0","tintindex":0},"south":{"uv":[0.0125,0.0125,0.0125,0.7375],"rotation":0,"texture":"#0","tintindex":0},"north":{"uv":[0.0125,0.0125,0.0125,0.7375],"rotation":0,"texture":"#0","tintindex":0},"west":{"uv":[1.1375,7.6375,3.1125,8.3625],"rotation":0,"texture":"#0","tintindex":0},"up":{"uv":[0.0125,1.9875,0.0125,0.0125],"rotation":0,"texture":"#0","tintindex":0},"down":{"uv":[0.0125,0.0125,0.0125,1.9875],"rotation":0,"texture":"#0","tintindex":0}}},{"from":[5.142857,4.0,2.8571424],"to":[11.428572,6.857143,8.571428],"rotation":{"angle":0.0,"axis":"y","origin":[8.0,-3.4285717,3.4285712]},"faces":{"east":{"uv":[10.3625,8.3875,9.1375,8.9875],"rotation":0,"texture":"#0","tintindex":0},"south":{"uv":[8.7625,9.0125,10.1125,9.6125],"rotation":0,"texture":"#0","tintindex":0},"north":{"uv":[7.3875,9.0125,8.7375,9.6125],"rotation":0,"texture":"#0","tintindex":0},"west":{"uv":[9.1375,8.3875,10.3625,8.9875],"rotation":0,"texture":"#0","tintindex":0},"up":{"uv":[5.3625,7.2375,4.0125,6.0125],"rotation":0,"texture":"#0","tintindex":0},"down":{"uv":[6.7375,6.0125,5.3875,7.2375],"rotation":0,"texture":"#0","tintindex":0}}},{"from":[4.8571424,6.3738804,-1.7061281],"to":[4.8571424,13.231024,2.8653007],"rotation":{"angle":0.0,"axis":"y","origin":[8.285714,8.285714,8.0]},"faces":{"east":{"uv":[2.0125,0.0125,11.9875,12.4875],"rotation":0,"texture":"#1","tintindex":0},"south":{"uv":[0.0125,0.0125,0.0125,1.5],"rotation":0,"texture":"#1","tintindex":0},"north":{"uv":[0.0125,0.0125,0.0125,1.5],"rotation":0,"texture":"#1","tintindex":0},"west":{"uv":[2.0125,0.0125,11.9875,11.9875],"rotation":0,"texture":"#1","tintindex":0},"up":{"uv":[0.0125,0.0125,0.0125,1.0],"rotation":0,"texture":"#1","tintindex":0},"down":{"uv":[0.0125,0.0125,0.0125,1.0],"rotation":0,"texture":"#1","tintindex":0}}},{"from":[4.791897,6.7018948,-1.7061281],"to":[6.506182,6.7018948,2.8653007],"rotation":{"angle":22.5,"axis":"z","origin":[5.6490393,6.7018948,0.579586]},"faces":{"east":{"uv":[0.0125,0.0125,0.0125,1.0],"rotation":90,"texture":"#1","tintindex":0},"south":{"uv":[0.0125,0.0125,0.0125,1.5],"rotation":90,"texture":"#1","tintindex":0},"north":{"uv":[0.0125,0.0125,0.0125,1.5],"rotation":270,"texture":"#1","tintindex":0},"west":{"uv":[0.0125,0.0125,0.0125,1.0],"rotation":90,"texture":"#1","tintindex":0},"up":{"uv":[2.0125,12.0125,11.9875,15.9875],"rotation":90,"texture":"#1","tintindex":0},"down":{"uv":[2.0125,11.5125,11.9875,15.9875],"rotation":90,"texture":"#1","tintindex":0}}},{"from":[11.714286,6.3738804,-1.7061281],"to":[11.714286,13.231024,2.8653007],"rotation":{"angle":0.0,"axis":"y","origin":[7.714286,8.285714,8.0]},"faces":{"east":{"uv":[11.9875,0.0125,2.0125,11.9875],"rotation":0,"texture":"#1","tintindex":0},"south":{"uv":[0.0125,0.0125,0.0125,1.5],"rotation":0,"texture":"#1","tintindex":0},"north":{"uv":[0.0125,0.0125,0.0125,1.5],"rotation":0,"texture":"#1","tintindex":0},"west":{"uv":[11.9875,0.0125,2.0125,12.4875],"rotation":0,"texture":"#1","tintindex":0},"up":{"uv":[0.0125,0.0125,0.0125,1.0],"rotation":0,"texture":"#1","tintindex":0},"down":{"uv":[0.0125,0.0125,0.0125,1.0],"rotation":0,"texture":"#1","tintindex":0}}},{"from":[10.065818,6.7018948,-1.7061281],"to":[11.780104,6.7018948,2.8653007],"rotation":{"angle":-22.5,"axis":"z","origin":[10.92296,6.7018948,0.579586]},"faces":{"east":{"uv":[0.0125,1.0,0.0125,0.0125],"rotation":90,"texture":"#1","tintindex":0},"south":{"uv":[0.0125,1.5,0.0125,0.0125],"rotation":90,"texture":"#1","tintindex":0},"north":{"uv":[0.0125,1.5,0.0125,0.0125],"rotation":270,"texture":"#1","tintindex":0},