{"textures":{"0":"modelengine:entity/lr_charchomp"},"elements":[{"from":[5.714286,5.142857,0.0],"to":[10.857143,8.0,8.0],"rotation":{"angle":0.0,"axis":"y","origin":[8.0,-2.285715,5.714286]},"faces":{"east":{"uv":[7.3875,8.3875,9.1125,8.9875],"rotation":0,"texture":"#0","tintindex":0},"south":{"uv":[4.2625,9.6375,5.3625,10.2375],"rotation":0,"texture":"#0","tintindex":0},"north":{"uv":[1.1375,9.3875,2.2375,9.9875],"rotation":0,"texture":"#0","tintindex":0},"west":{"uv":[8.6375,1.6375,10.3625,2.2375],"rotation":0,"texture":"#0","tintindex":0},"up":{"uv":[4.8625,3.7375,3.7625,2.0125],"rotation":0,"texture":"#0","tintindex":0},"down":{"uv":[4.8625,3.7625,3.7625,5.4875],"rotation":0,"texture":"#0","tintindex":0}}},{"from":[6.0423,7.934754,0.0],"to":[6.0423,9.649039,5.714286],"rotation":{"angle":-22.5,"axis":"z","origin":[6.0423,8.791897,2.8571424]},"faces":{"east":{"uv":[11.1125,7.6375,9.8875,7.9875],"rotation":0,"texture":"#0","tintindex":0},"south":{"uv":[8.6375,2.2625,9.7375,2.6125],"rotation":0,"texture":"#0","tintindex":0},"north":{"uv":[8.6375,2.2625,9.7375,2.6125],"rotation":0,"texture":"#0","tintindex":0},"west":{"uv":[9.8875,7.6375,11.1125,7.9875],"rotation":0,"texture":"#0","tintindex":0},"up":{"uv":[8.8625,8.3625,7.7625,7.1375],"rotation":0,"texture":"#0","tintindex":0},"down":{"uv":[7.3625,7.8875,6.2625,9.1125],"rotation":0,"texture":"#0","tintindex":0}}},{"from":[10.528601,7.934535,0.0],"to":[10.528601,9.648821,5.714286],"rotation":{"angle":22.5,"axis":"z","origin":[10.528601,8.791678,2.8571424]},"faces":{"east":{"uv":[11.1125,7.6375,9.8875,7.9875],"rotation":0,"texture":"#0","tintindex":0},"south":{"uv":[8.6375,2.2625,9.7375,2.6125],"rotation":0,"texture":"#0","tintindex":0},"north":{"uv":[8.6375,2.2625,9.7375,2.6125],"rotation":0,"texture":"#0","tintindex":0},"west":{"uv":[9.8875,7.6375,11.1125,7.9875],"rotation":0,"texture":"#0","tintindex":0},"up":{"uv":[8.8625,8.3625,7.7625,7.1375],"rotation":0,"texture":"#0","tintindex":0},"down":{"uv":[7.3625,7.8875,6.2625,9.1125],"rotation":0,"texture":"#0","tintindex":0}}},{"from":[5.714286,7.934754,0.3280139],"to":[10.857143,9.649039,0.3280139],"rotation":{"angle":22.5,"axis":"x","origin":[8.285714,8.791897,0.3280139]},"faces":{"east":{"uv":[11.1125,7.6375,9.8875,7.9875],"rotation":0,"texture":"#0","tintindex":0},"south":{"uv":[8.6375,2.2625,9.7375,2.6125],"rotation":0,"texture":"#0","tintindex":0},"north":{"uv":[8.6375,2.2625,9.7375,2.6125],"rotation":0,"texture":"#0","tintindex":0},"west":{"uv":[9.8875,7.6375,11.1125,7.9875],"rotation":0,"texture":"#0","tintindex":0},"up":{"uv":[8.8625,8.3625,7.7625,7.1375],"rotation":0,"texture":"#0","tintindex":0},"down":{"uv":[7.3625,7.8875,6.2625,9.1125],"rotation":0,"texture":"#0","tintindex":0}}}],"display":{"head":{"translation":[0.0,-6.4,0.0],"scale":[4.0,4.0,4.0]}}}