{"textures":{},"elements":[{"from":[3.123783,5.843962,1.1071424],"to":[3.7237825,8.129677,1.6785712],"rotation":{"angle":45.0,"axis":"x","origin":[3.4813428,5.2578306,-0.6242857]},"faces":{"east":{"uv":[3.875,9.0,4.0,9.125],"rotation":0,"texture":"#missing","tintindex":0},"south":{"uv":[8.875,4.25,9.125,4.375],"rotation":0,"texture":"#missing","tintindex":0},"north":{"uv":[7.25,6.5,7.5,6.625],"rotation":0,"texture":"#missing","tintindex":0},"west":{"uv":[4.0,9.0,4.125,9.125],"rotation":0,"texture":"#missing","tintindex":0},"up":{"uv":[9.125,4.5,8.875,4.375],"rotation":0,"texture":"#missing","tintindex":0},"down":{"uv":[9.125,4.5,8.875,4.625],"rotation":0,"texture":"#missing","tintindex":0}}},{"from":[3.1952114,5.3011045,1.2499995],"to":[3.6523542,7.7296762,1.8214283],"rotation":{"angle":45.0,"axis":"x","origin":[3.4813428,5.2578306,-0.6242857]},"faces":{"east":{"uv":[4.25,9.0,4.375,9.125],"rotation":0,"texture":"#missing","tintindex":0},"south":{"uv":[4.375,9.0,4.5,9.125],"rotation":0,"texture":"#missing","tintindex":0},"north":{"uv":[4.125,9.0,4.25,9.125],"rotation":0,"texture":"#missing","tintindex":0},"west":{"uv":[4.5,9.0,4.625,9.125],"rotation":0,"texture":"#missing","tintindex":0},"up":{"uv":[9.125,4.75,9.0,4.625],"rotation":0,"texture":"#missing","tintindex":0},"down":{"uv":[9.125,4.75,9.0,4.875],"rotation":0,"texture":"#missing","tintindex":0}}},{"from":[2.9809256,6.4582477,1.0357141],"to":[3.86664,8.38682,1.4642854],"rotation":{"angle":45.0,"axis":"x","origin":[3.4813428,5.2578306,-0.6242857]},"faces":{"east":{"uv":[9.0,4.875,9.125,5.0],"rotation":0,"texture":"#missing","tintindex":0},"south":{"uv":[1.0,8.75,1.375,8.875],"rotation":0,"texture":"#missing","tintindex":0},"north":{"uv":[9.026563,0.875,9.123438,1.0859375],"rotation":0,"texture":"#missing","tintindex":0},"west":{"uv":[9.0,5.0,9.125,5.125],"rotation":0,"texture":"#missing","tintindex":0},"up":{"uv":[9.003125,0.984375,8.90625,0.9375],"rotation":0,"texture":"#missing","tintindex":0},"down":{"uv":[9.125,1.125,8.75,1.25],"rotation":0,"texture":"#missing","tintindex":0}}},{"from":[2.6237826,7.615391,0.8214283],"to":[4.2237825,8.615391,1.9642854],"rotation":{"angle":45.0,"axis":"x","origin":[3.4813428,5.2578306,-0.6242857]},"faces":{"east":{"uv":[5.125,9.0,5.25,9.125],"rotation":0,"texture":"#missing","tintindex":0},"south":{"uv":[8.375,3.0,8.875,3.125],"rotation":0,"texture":"#missing","tintindex":0},"north":{"uv":[6.75,6.5,6.925,6.609375],"rotation":0,"texture":"#missing","tintindex":0},"west":{"uv":[9.0,5.125,9.125,5.25],"rotation":0,"texture":"#missing","tintindex":0},"up":{"uv":[2.25,8.625,1.75,8.5],"rotation":0,"texture":"#missing","tintindex":0},"down":{"uv":[9.0,1.75,8.5,1.875],"rotation":0,"texture":"#missing","tintindex":0}}},{"from":[2.8023543,7.086819,0.9642854],"to":[4.0309258,9.01539,1.9642854],"rotation":{"angle":45.0,"axis":"x","origin":[3.4813428,5.2578306,-0.6242857]},"faces":{"east":{"uv":[9.0,5.25,9.125,5.375],"rotation":0,"texture":"#missing","tintindex":0},"south":{"uv":[0.625,9.0,0.8125,9.125],"rotation":0,"texture":"#missing","tintindex":0},"north":{"uv":[0.375,9.0,0.5625,9.125],"rotation":0,"texture":"#missing","tintindex":0},"west":{"uv":[5.5,9.0,5.625,9.125],"rotation":0,"texture":"#missing","tintindex":0},"up":{"uv":[1.0625,9.125,0.875,9.0],"rotation":0,"texture":"#missing","tintindex":0},"down":{"uv":[1.3125,9.0,1.125,9.125],"rotation":0,"texture":"#missing","tintindex":0}}},{"from":[3.2880683,9.029676,1.3928571],"to":[3.5452113,9.815391,1.5357141],"rotation":{"angle":45.0,"axis":"x","origin":[3.4813428,5.2578306,-0.6242857]},"faces":{"east":{"uv":[9.0,5.25,9.125,5.375],"rotation":0,"texture":"#missing","tintindex":0},"south":{"uv":[0.625,9.0,0.8125,9.125],"rotation":0,"texture":"#missing","tintindex":0},"north":{"uv":[0.375,9.0,0.5625,9.125],"rotation":0,"texture":"#missing","tintindex":0},"west":{"uv":[5.5,9.0,5.625,9.125],"rotation":0,"texture":"#missing","tintindex":0},"up":{"uv":[1.0625,9.125,0.875,9.0],"rotation":0,"texture":"#missing","tintindex":0},"down":{"uv":[1.3125,9.0,1.125,9.125],"rotation":0,"texture":"#missing","tintindex":0}}},{"from":[3.2880683,6.9113197,4.024731],"to":[3.5452113,7.054177,4.8104453],"rotation":{"angle":0.0,"axis":"y","origin":[3.4309254,6.982748,4.417588]},"faces":{"east":{"uv":[9.0,5.25,9.125,5.375],"rotation":90,"texture":"#missing","tintindex":0},"south":{"uv":[1.3125,9.0,1.125,9.125],"rotation":0,"texture":"#missing","tintindex":0},"north":{"uv":[1.0625,9.125,0.875,9.0],"rotation":180,"texture":"#missing","tintindex":0},"west":{"uv":[5.5,9.0,5.625,9.125],"rotation":270,"texture":"#missing","tintindex":0},"up":{"uv":[0.625,9.0,0.8125,9.125],"rotation":0,"texture":"#missing","tintindex":0},"down":{"uv":[0.375,9.0,0.5625,9.125],"rotation":180,"texture":"#missing","tintindex":0}}},{"from":[3.2952108,6.9684625,3.7890167],"to":[4.5380683,6.997034,4.6461596],"rotation":{"angle":-45.0,"axis":"y","origin":[3.4309254,6.982748,4.417588]},"faces":{"east":{"uv":[0.25,0.125,0.375,0.1875],"rotation":0,"texture":"#missing","tintindex":0},"south":{"uv":[0.25,0.25,0.375,0.3125],"rotation":0,"texture":"#missing","tintindex":0},"north":{"uv":[0.125,0.25,0.25,0.3125],"rotation":0,"texture":"#missing","tintindex":0},"west":{"uv":[0.0,0.375,0.125,0.4375],"rotation":0,"texture":"#missing","tintindex":0},"up":{"uv":[0.125,0.125,0.0,0.0],"rotation":0,"texture":"#missing","tintindex":0},"down":{"uv":[0.125,0.125,0.0,0.25],"rotation":0,"texture":"#missing","tintindex":0}}},{"from":[2.9737825,7.0256057,4.4533024],"to":[3.859497,7.054177,5.667588],"rotation":{"angle":-22.5,"axis":"x","origin":[3.4309254,6.982748,4.417588]},"faces":{"east":{"uv":[0.125,0.375,0.25,0.4375],"rotation":0,"texture":"#missing","tintindex":0},"south":{"uv":[0.375,0.125,0.5,0.1875],"rotation":0,"texture":"#missing","tintindex":0},"north":{"uv":[0.375,0.0,0.5,0.0625],"rotation":0,"texture":"#missing","tintindex":0},"west":{"uv":[0.25,0.375,0.375,0.4375],"rotation":0,"texture":"#missing","tintindex":0},"up":{"uv":[0.25,0.125,0.125,0.0],"rotation":0,"texture":"#missing","tintindex":0},"down":{"uv":[0.25,0.125,0.125,0.25],"rotation":0,"texture":"#missing","tintindex":0}}},{"from":[2.352354,6.9684625,3.5318737],"to":[3.595211,6.997034,4.3890166],"rotation":{"angle":22.5,"axis":"y","origin":[3.4309254,6.982748,4.417588]},"faces":{"east":{"uv":[0.375,0.375,0.5,0.4375],"rotation":0,"texture":"#missing","tintindex":0},"south":{"uv":[0.0,0.5,0.125,0.5625],"rotation":0,"texture":"#missing","tintindex":0},"north":{"uv":[0.375,0.25,0.5,0.3125],"rotation":0,"texture":"#missing","tintindex":0},"west":{"uv":[0.5,0.0,0.625,0.0625],"rotation":0,"texture":"#missing","tintindex":0},"up":{"uv":[0.125,0.375,0.0,0.25],"rotation":0,"texture":"#missing","tintindex":0},"down":{"uv":[0.375,0.0,0.25,0.125],"rotation":0,"texture":"#missing","tintindex":0}}}],"display":{"head":{"translation":[0.0,-6.4,0.0],"scale":[4.0,4.0,4.0]}}}