{"textures":{"0":"modelengine:entity/giant_snail"},"elements":[{"from":[3.4285712,-8.211283,2.4752975],"to":[12.571428,3.21729,15.618155],"rotation":{"angle":22.5,"axis":"x","origin":[8.0,-9.354139,11.046726]},"faces":{"east":{"uv":[2.875,2.5,0.0,5.0],"rotation":0,"texture":"#0","tintindex":0},"south":{"uv":[0.0,5.0,2.0,7.5],"rotation":0,"texture":"#0","tintindex":0},"north":{"uv":[4.875,4.5,6.875,7.0],"rotation":0,"texture":"#0","tintindex":0},"west":{"uv":[0.0,2.5,2.875,5.0],"rotation":0,"texture":"#0","tintindex":0},"up":{"uv":[4.875,2.875,2.875,0.0],"rotation":0,"texture":"#0","tintindex":0},"down":{"uv":[4.875,2.875,2.875,5.75],"rotation":0,"texture":"#0","tintindex":0}}},{"from":[3.142857,-0.9255676,2.1895833],"to":[12.857143,3.6458611,8.475298],"rotation":{"angle":22.5,"axis":"x","origin":[8.0,-9.354139,11.046726]},"faces":{"east":{"uv":[13.875,1.0,12.5,2.0],"rotation":0,"texture":"#0","tintindex":0},"south":{"uv":[13.875,3.75,16.0,4.75],"rotation":0,"texture":"#0","tintindex":0},"north":{"uv":[13.875,2.75,16.0,3.75],"rotation":0,"texture":"#0","tintindex":0},"west":{"uv":[12.5,1.0,13.875,2.0],"rotation":0,"texture":"#0","tintindex":0},"up":{"uv":[16.0,1.375,13.875,0.0],"rotation":0,"texture":"#0","tintindex":0},"down":{"uv":[16.0,1.375,13.875,2.75],"rotation":0,"texture":"#0","tintindex":0}}},{"from":[5.714286,-6.496997,15.618155],"to":[10.285714,-1.3541393,17.90387],"rotation":{"angle":22.5,"axis":"x","origin":[8.0,-9.354139,11.046726]},"faces":{"east":{"uv":[11.0,8.625,10.5,9.75],"rotation":0,"texture":"#0","tintindex":0},"south":{"uv":[1.5,9.75,2.5,10.875],"rotation":0,"texture":"#0","tintindex":0},"north":{"uv":[3.75,5.75,4.75,6.875],"rotation":0,"texture":"#0","tintindex":0},"west":{"uv":[10.5,8.625,11.0,9.75],"rotation":0,"texture":"#0","tintindex":0},"up":{"uv":[7.875,11.25,6.875,10.75],"rotation":0,"texture":"#0","tintindex":0},"down":{"uv":[1.0,10.875,0.0,11.375],"rotation":0,"texture":"#0","tintindex":0}}},{"from":[2.2857141,-6.496997,5.3324404],"to":[3.4285712,0.360147,12.761012],"rotation":{"angle":22.5,"axis":"x","origin":[8.0,-9.354139,11.046726]},"faces":{"east":{"uv":[10.25,5.75,8.625,7.25],"rotation":0,"texture":"#0","tintindex":0},"south":{"uv":[7.375,1.5,7.625,3.0],"rotation":0,"texture":"#0","tintindex":0},"north":{"uv":[9.625,0.0,9.875,1.5],"rotation":0,"texture":"#0","tintindex":0},"west":{"uv":[8.625,5.75,10.25,7.25],"rotation":0,"texture":"#0","tintindex":0},"up":{"uv":[6.25,8.625,6.0,7.0],"rotation":0,"texture":"#0","tintindex":0},"down":{"uv":[6.5,7.25,6.25,8.875],"rotation":0,"texture":"#0","tintindex":0}}},{"from":[12.571428,-6.496997,5.3324404],"to":[13.714286,0.360147,12.761012],"rotation":{"angle":22.5,"axis":"x","origin":[8.0,-9.354139,11.046726]},"faces":{"east":{"uv":[10.25,5.75,8.625,7.25],"rotation":0,"texture":"#0","tintindex":0},"south":{"uv":[7.625,1.5,7.375,3.0],"rotation":0,"texture":"#0","tintindex":0},"north":{"uv":[9.875,0.0,9.625,1.5],"rotation":0,"texture":"#0","tintindex":0},"west":{"uv":[8.625,5.75,10.25,7.25],"rotation":0,"texture":"#0","tintindex":0},"up":{"uv":[6.0,8.625,6.25,7.0],"rotation":0,"texture":"#0","tintindex":0},"down":{"uv":[6.25,7.25,6.5,8.875],"rotation":0,"texture":"#0","tintindex":0}}},{"from":[2.2857141,-9.354139,1.3324404],"to":[13.714286,-6.496997,11.6181555],"rotation":{"angle":22.5,"axis":"x","origin":[8.0,-9.354139,11.046726]},"faces":{"east":{"uv":[10.0,9.75,12.25,10.375],"rotation":0,"texture":"#0","tintindex":0},"south":{"uv":[9.875,2.125,12.375,2.75],"rotation":0,"texture":"#0","tintindex":0},"north":{"uv":[9.875,1.5,12.375,2.125],"rotation":0,"texture":"#0","tintindex":0},"west":{"uv":[10.125,2.75,12.375,3.375],"rotation":0,"texture":"#0","tintindex":0},"up":{"uv":[7.375,2.25,4.875,0.0],"rotation":0,"texture":"#0","tintindex":0},"down":{"uv":[7.375,2.25,4.875,4.5],"rotation":0,"texture":"#0","tintindex":0}}},{"from":[4.0,-11.639854,2.4752975],"to":[12.0,-5.9255686,15.046726],"rotation":{"angle":0.0,"axis":"y","origin":[8.0,-11.639854,11.046726]},"faces":{"east":{"uv":[2.75,8.5,0.0,9.75],"rotation":0,"texture":"#0","tintindex":0},"south":{"uv":[8.75,8.5,10.5,9.75],"rotation":0,"texture":"#0","tintindex":0},"north":{"uv":[8.75,7.25,10.5,8.5],"rotation":0,"texture":"#0","tintindex":0},"west":{"uv":[0.0,8.5,2.75,9.75],"rotation":0,"texture":"#0","tintindex":0},"up":{"uv":[3.75,8.5,2.0,5.75],"rotation":0,"texture":"#0","tintindex":0},"down":{"uv":[8.625,4.5,6.875,7.25],"rotation":0,"texture":"#0","tintindex":0}}},{"from":[4.8571424,4.0544434,10.838072],"to":[11.142858,5.768729,17.695215],"rotation":{"angle":22.5,"axis":"x","origin":[8.0,6.3401575,11.980928]},"faces":{"east":{"uv":[10.25,6.625,11.75,7.0],"rotation":0,"texture":"#0","tintindex":0},"south":{"uv":[3.875,10.75,5.25,11.125],"rotation":0,"texture":"#0","tintindex":0},"north":{"uv":[2.5,10.75,3.875,11.125],"rotation":0,"texture":"#0","tintindex":0},"west":{"uv":[6.875,10.375,8.375,10.75],"rotation":0,"texture":"#0","tintindex":0},"up":{"uv":[7.125,10.375,5.75,8.875],"rotation":0,"texture":"#0","tintindex":0},"down":{"uv":[8.5,8.875,7.125,10.375],"rotation":0,"texture":"#0","tintindex":0}}},{"from":[5.428571,5.768729,15.980928],"to":[10.571428,8.054443,17.695215],"rotation":{"angle":22.5,"axis":"x","origin":[8.0,6.3401575,11.980928]},"faces":{"east":{"uv":[11.0,7.875,11.375,8.375],"rotation":0,"texture":"#0","tintindex":0},"south":{"uv":[10.5,7.0,11.625,7.5],"rotation":0,"texture":"#0","tintindex":0},"north":{"uv":[10.0,10.375,11.125,10.875],"rotation":0,"texture":"#0","tintindex":0},"west":{"uv":[11.0,8.375,11.375,8.875],"rotation":0,"texture":"#0","tintindex":0},"up":{"uv":[2.125,11.25,1.0,10.875],"rotation":0,"texture":"#0","tintindex":0},"down":{"uv":[9.0,10.875,7.875,11.25],"rotation":0,"texture":"#0","tintindex":0}}},{"from":[7.428571,5.880827,22.399498],"to":[8.571428,16.166542,23.542355],"rotation":{"angle":0.0,"axis":"y","origin":[8.0,5.880827,22.970926]},"faces":{"east":{"uv":[3.625,13.75,3.875,16.0],"rotation":0,"texture":"#0","tintindex":0},"south":{"uv":[3.375,13.75,3.625,16.0],"rotation":0,"texture":"#0","tintindex":0},"north":{"uv":[3.875,13.75,4.125,16.0],"rotation":0,"texture":"#0","tintindex":0},"west":{"uv":[3.125,13.75,3.375,16.0],"rotation":0,"texture":"#0","tintindex":0},"up":{"uv":[2.875,13.75,3.125,14.0],"rotation":0,"texture":"#0","tintindex":0},"down":{"uv":[2.875,13.75,3.125,14.0],"rotation":0,"texture":"#0","tintindex":0}}},{"from":[4.647229,9.309399,23.046726],"to":[8.075801,20.166542,23.046726],"rotation":{"angle":22.5,"axis":"z","origin":[7.504372,11.0236845,23.046726]},"faces":{"east":{"uv":[8.625,12.25,8.625,14.625],"rotation":0,"texture":"#0","tintindex":0},"south":{"uv":[9.125,12.25,9.875,14.625],"rotation":0,"texture":"#0","tintindex":0},"north":{"uv":[9.875,12.25,9.125,14.625],"rotation":0,"texture":"#0","tintindex":0},"west":{"uv":[8.125,12.25,8.125,14.625],"rotation":0,"texture":"#0","tintindex":0},"up":{"uv":[7.625,12.25,7.625,13.0],"rotation":90,"texture":"#0","tintindex":0},"down":{"uv":[7.625,12.25,7.625,13.0],"rotation":270,"texture":"#0","tintindex":0}}},{"from":[7.428571,-4.1427135,22.22432],"to":[8.571428,6.1430006,23.367176],"rotation":{"angle":22.5,"axis":"x","origin":[8.0,5.5715723,22.795748]},"faces":{"east":{"uv":[4.875,13.75,5.125,16.0],"rotation":0,"texture":"#0","tintindex":0},"south":{"uv":[4.625,13.75,4.875,16.0],"rotation":0,"texture":"#0","tintindex":0},"north":{"uv":[5.125,13.75,5.375,16.0],"rotation":0,"texture":"#0","tintindex":0},"west":{"uv":[4.375,13.75,4.625,16.0],"rotation":0,"texture":"#0","tintindex":0},"up":{"uv":[4.125,13.75,4.375,14.0],"rotation":0,"texture":"#0","tintindex":0},"down":{"uv":[4.125,13.75,4.375,14.0],"rotation":0,"texture":"#0","tintindex":0}}},{"from":[6.5714283,4.0544434,9.695214],"to":[9.428572,6.9115863,11.4095],"rotation":{"angle":22.5,"axis":"x","origin":[8.0,6.3401575,11.980928]},"faces":{"east":{"uv":[10.0,10.875,10.375,11.5],"rotation":0,"texture":"#0","tintindex":0},"south":{"uv":[9.0,10.875,9.625,11.5],