{"textures":{"0":"modelengine:entity/yukio_full_hit"},"elements":[{"from":[4.5714283,5.583294,15.819336],"to":[10.857143,18.154724,22.67648],"rotation":{"angle":45.0,"axis":"x","origin":[-0.8571434,13.011866,19.533623]},"faces":{"east":{"uv":[1.8125,10.65625,2.1875,11.34375],"rotation":0,"texture":"#0","tintindex":0},"south":{"uv":[3.40625,10.71875,3.75,11.40625],"rotation":0,"texture":"#0","tintindex":0},"north":{"uv":[3.0625,10.71875,3.40625,11.40625],"rotation":0,"texture":"#0","tintindex":0},"west":{"uv":[2.1875,10.65625,2.5625,11.34375],"rotation":0,"texture":"#0","tintindex":0},"up":{"uv":[4.71875,11.90625,4.375,11.53125],"rotation":0,"texture":"#0","tintindex":0},"down":{"uv":[11.875,8.28125,11.53125,8.65625],"rotation":0,"texture":"#0","tintindex":0}}},{"from":[7.428571,-5.6769037,10.990673],"to":[7.428571,-3.3911886,21.847816],"rotation":{"angle":0.0,"axis":"y","origin":[8.0,13.751669,-42.152184]},"faces":{"east":{"uv":[11.96875,10.40625,12.5625,10.53125],"rotation":0,"texture":"#0","tintindex":0},"south":{"uv":[0.0,0.0,0.0,0.125],"rotation":0,"texture":"#0","tintindex":0},"north":{"uv":[0.0,0.0,0.0,0.125],"rotation":0,"texture":"#0","tintindex":0},"west":{"uv":[11.96875,10.53125,12.5625,10.65625],"rotation":0,"texture":"#0","tintindex":0},"up":{"uv":[0.0,0.59375,0.0,0.0],"rotation":0,"texture":"#0","tintindex":0},"down":{"uv":[0.0,0.0,0.0,0.59375],"rotation":0,"texture":"#0","tintindex":0}}},{"from":[7.428571,11.317885,5.778725],"to":[7.428571,21.032171,28.63587],"rotation":{"angle":0.0,"axis":"y","origin":[7.428571,17.889315,-17.649847]},"faces":{"east":{"uv":[7.8125,0.0,9.0625,0.53125],"rotation":0,"texture":"#0","tintindex":0},"south":{"uv":[0.0,0.0,0.0,0.53125],"rotation":0,"texture":"#0","tintindex":0},"north":{"uv":[0.0,0.0,0.0,0.53125],"rotation":0,"texture":"#0","tintindex":0},"west":{"uv":[7.8125,0.53125,9.0625,1.0625],"rotation":0,"texture":"#0","tintindex":0},"up":{"uv":[0.0,1.25,0.0,0.0],"rotation":0,"texture":"#0","tintindex":0},"down":{"uv":[0.0,0.0,0.0,1.25],"rotation":0,"texture":"#0","tintindex":0}}},{"from":[1.8978372,11.12409,8.0],"to":[1.8978372,19.12409,18.857143],"rotation":{"angle":22.5,"axis":"z","origin":[1.8978372,15.12409,13.428572]},"faces":{"east":{"uv":[10.40625,10.0625,11.0,10.5],"rotation":0,"texture":"#0","tintindex":0},"south":{"uv":[0.0,0.0,0.0,0.4375],"rotation":0,"texture":"#0","tintindex":0},"north":{"uv":[0.0,0.0,0.0,0.4375],"rotation":0,"texture":"#0","tintindex":0},"west":{"uv":[10.4375,1.0,11.03125,1.4375],"rotation":0,"texture":"#0","tintindex":0},"up":{"uv":[0.0,0.59375,0.0,0.0],"rotation":0,"texture":"#0","tintindex":0},"down":{"uv":[0.0,0.0,0.0,0.59375],"rotation":0,"texture":"#0","tintindex":0}}},{"from":[14.102163,11.12409,8.0],"to":[14.102163,19.12409,18.857143],"rotation":{"angle":-22.5,"axis":"z","origin":[14.102163,15.12409,13.428572]},"faces":{"east":{"uv":[10.4375,1.4375,11.03125,1.875],"rotation":0,"texture":"#0","tintindex":0},"south":{"uv":[0.0,0.0,0.0,0.4375],"rotation":0,"texture":"#0","tintindex":0},"north":{"uv":[0.0,0.0,0.0,0.4375],"rotation":0,"texture":"#0","tintindex":0},"west":{"uv":[5.96875,10.4375,6.5625,10.875],"rotation":0,"texture":"#0","tintindex":0},"up":{"uv":[0.0,0.59375,0.0,0.0],"rotation":0,"texture":"#0","tintindex":0},"down":{"uv":[0.0,0.0,0.0,0.59375],"rotation":0,"texture":"#0","tintindex":0}}},{"from":[5.5024595,10.198476,9.751429],"to":[9.5024605,15.912762,14.322857],"rotation":{"angle":0.0,"axis":"y","origin":[3.7881742,-0.087239265,17.75143]},"faces":{"east":{"uv":[11.875,11.59375,12.125,11.90625],"rotation":0,"texture":"#0","tintindex":0},"south":{"uv":[12.0625,9.34375,12.28125,9.65625],"rotation":0,"texture":"#0","tintindex":0},"north":{"uv":[12.0625,9.03125,12.28125,9.34375],"rotation":0,"texture":"#0","tintindex":0},"west":{"uv":[4.375,11.90625,4.625,12.21875],"rotation":0,"texture":"#0","tintindex":0},"up":{"uv":[12.34375,3.53125,12.125,3.28125],"rotation":0,"texture":"#0","tintindex":0},"down":{"uv":[7.6875,12.125,7.46875,12.375],"rotation":0,"texture":"#0","tintindex":0}}},{"from":[3.4285712,-3.4285717,8.0],"to":[12.571428,11.428572,25.142859],"rotation":{"angle":0.0,"axis":"y","origin":[8.0,-19.428574,-45.714287]},"faces":{"east":{"uv":[3.8125,6.8125,4.75,7.625],"rotation":0,"texture":"#0","tintindex":0},"south":{"uv":[6.21875,9.1875,6.71875,10.0],"rotation":0,"texture":"#0","tintindex":0},"north":{"uv":[0.4375,9.1875,0.9375,10.0],"rotation":0,"texture":"#0","tintindex":0},"west":{"uv":[1.9375,6.96875,2.875,7.78125],"rotation":0,"texture":"#0","tintindex":0},"up":{"uv":[1.4375,9.4375,0.9375,8.5],"rotation":0,"texture":"#0","tintindex":0},"down":{"uv":[9.3125,1.59375,8.8125,2.53125],"rotation":0,"texture":"#0","tintindex":0}}}],"display":{"head":{"translation":[0.0,-6.4,0.0],"scale":[4.0,4.0,4.0]}}}