{"textures":{"0":"modelengine:entity/yukio_full_hit"},"elements":[{"from":[4.0,-4.5714293,8.0],"to":[12.0,8.0,25.142859],"rotation":{"angle":0.0,"axis":"y","origin":[8.0,-22.857143,-45.714287]},"faces":{"east":{"uv":[8.28125,2.84375,9.21875,3.53125],"rotation":0,"texture":"#0","tintindex":0},"south":{"uv":[9.5625,3.96875,10.0,4.65625],"rotation":0,"texture":"#0","tintindex":0},"north":{"uv":[9.53125,9.53125,9.96875,10.21875],"rotation":0,"texture":"#0","tintindex":0},"west":{"uv":[0.0,8.5,0.9375,9.1875],"rotation":0,"texture":"#0","tintindex":0},"up":{"uv":[2.25,9.96875,1.8125,9.03125],"rotation":0,"texture":"#0","tintindex":0},"down":{"uv":[9.46875,3.53125,9.03125,4.46875],"rotation":0,"texture":"#0","tintindex":0}}},{"from":[9.142858,7.6035995,5.207297],"to":[9.142858,17.317886,28.064442],"rotation":{"angle":-22.5,"axis":"z","origin":[9.142858,12.460743,16.635868]},"faces":{"east":{"uv":[4.625,7.875,5.875,8.40625],"rotation":0,"texture":"#0","tintindex":0},"south":{"uv":[0.0,0.0,0.0,0.53125],"rotation":0,"texture":"#0","tintindex":0},"north":{"uv":[0.0,0.0,0.0,0.53125],"rotation":0,"texture":"#0","tintindex":0},"west":{"uv":[5.875,7.875,7.125,8.40625],"rotation":0,"texture":"#0","tintindex":0},"up":{"uv":[0.0,1.25,0.0,0.0],"rotation":0,"texture":"#0","tintindex":0},"down":{"uv":[0.0,0.0,0.0,1.25],"rotation":0,"texture":"#0","tintindex":0}}},{"from":[10.781772,4.981999,10.782553],"to":[15.353201,10.124856,16.49684],"rotation":{"angle":-22.5,"axis":"z","origin":[13.924629,19.553429,-56.931732]},"faces":{"east":{"uv":[11.84375,11.3125,12.15625,11.59375],"rotation":0,"texture":"#0","tintindex":0},"south":{"uv":[12.03125,5.5625,12.28125,5.84375],"rotation":0,"texture":"#0","tintindex":0},"north":{"uv":[12.03125,5.28125,12.28125,5.5625],"rotation":0,"texture":"#0","tintindex":0},"west":{"uv":[11.875,0.875,12.1875,1.15625],"rotation":0,"texture":"#0","tintindex":0},"up":{"uv":[4.875,12.21875,4.625,11.90625],"rotation":0,"texture":"#0","tintindex":0},"down":{"uv":[5.125,11.90625,4.875,12.21875],"rotation":0,"texture":"#0","tintindex":0}}},{"from":[7.428571,-6.8197603,10.990673],"to":[7.428571,-4.534046,21.847816],"rotation":{"angle":0.0,"axis":"y","origin":[8.0,10.323097,-59.295044]},"faces":{"east":{"uv":[11.96875,10.40625,12.5625,10.53125],"rotation":0,"texture":"#0","tintindex":0},"south":{"uv":[0.0,0.0,0.0,0.125],"rotation":0,"texture":"#0","tintindex":0},"north":{"uv":[0.0,0.0,0.0,0.125],"rotation":0,"texture":"#0","tintindex":0},"west":{"uv":[11.96875,10.53125,12.5625,10.65625],"rotation":0,"texture":"#0","tintindex":0},"up":{"uv":[0.0,0.59375,0.0,0.0],"rotation":0,"texture":"#0","tintindex":0},"down":{"uv":[0.0,0.0,0.0,0.59375],"rotation":0,"texture":"#0","tintindex":0}}}],"display":{"head":{"translation":[0.0,-6.4,0.0],"scale":[4.0,4.0,4.0]}}}