{"textures":{"0":"modelengine:entity/dragon_flesh"},"elements":[{"from":[6.324797,5.7745395,3.5966067],"to":[9.582797,6.2065396,6.836607],"rotation":{"angle":0.0,"axis":"y","origin":[7.9537973,5.9905396,5.216607]},"faces":{"east":{"uv":[7.5,7.875,8.0625,7.9375],"rotation":0,"texture":"#0","tintindex":0},"south":{"uv":[7.875,3.375,8.5625,3.4375],"rotation":0,"texture":"#0","tintindex":0},"north":{"uv":[7.875,4.0,8.5625,4.0625],"rotation":0,"texture":"#0","tintindex":0},"west":{"uv":[8.0,0.25,8.5625,0.3125],"rotation":0,"texture":"#0","tintindex":0},"up":{"uv":[4.9375,2.9375,4.375,2.25],"rotation":90,"texture":"#0","tintindex":0},"down":{"uv":[0.5625,4.625,0.0,5.3125],"rotation":270,"texture":"#0","tintindex":0}}},{"from":[6.8737974,5.34254,4.028607],"to":[9.033797,5.7745395,7.376607],"rotation":{"angle":0.0,"axis":"y","origin":[7.9537973,5.5585394,5.702607]},"faces":{"east":{"uv":[8.0,0.5,8.5625,0.5625],"rotation":0,"texture":"#0","tintindex":0},"south":{"uv":[8.125,6.875,8.5,6.9375],"rotation":0,"texture":"#0","tintindex":0},"north":{"uv":[8.125,7.125,8.5,7.1875],"rotation":0,"texture":"#0","tintindex":0},"west":{"uv":[8.0,2.125,8.5625,2.1875],"rotation":0,"texture":"#0","tintindex":0},"up":{"uv":[7.0625,0.75,6.5,0.375],"rotation":90,"texture":"#0","tintindex":0},"down":{"uv":[2.0625,6.5,1.5,6.875],"rotation":270,"texture":"#0","tintindex":0}}},{"from":[7.999005,3.4116783,7.7584877],"to":[8.197004,3.5844784,9.054487],"rotation":{"angle":-22.5,"axis":"x","origin":[8.053004,3.4980783,8.406487]},"faces":{"east":{"uv":[4.75,9.125,4.8125,9.1875],"rotation":0,"texture":"#0","tintindex":0},"south":{"uv":[3.0,8.75,3.125,8.8125],"rotation":0,"texture":"#0","tintindex":0},"north":{"uv":[8.0,8.75,8.125,8.8125],"rotation":0,"texture":"#0","tintindex":0},"west":{"uv":[5.0,9.125,5.0625,9.1875],"rotation":0,"texture":"#0","tintindex":0},"up":{"uv":[2.0625,9.0,2.0,8.875],"rotation":90,"texture":"#0","tintindex":0},"down":{"uv":[3.5625,8.875,3.5,9.0],"rotation":270,"texture":"#0","tintindex":0}}},{"from":[7.999005,3.466485,9.244176],"to":[8.197004,3.639285,10.000175],"rotation":{"angle":22.5,"axis":"x","origin":[8.098004,2.8328848,9.892176]},"faces":{"east":{"uv":[4.75,9.125,4.8125,9.1875],"rotation":0,"texture":"#0","tintindex":0},"south":{"uv":[3.0,8.75,3.125,8.8125],"rotation":0,"texture":"#0","tintindex":0},"north":{"uv":[8.0,8.75,8.125,8.8125],"rotation":0,"texture":"#0","tintindex":0},"west":{"uv":[5.0,9.125,5.0625,9.1875],"rotation":0,"texture":"#0","tintindex":0},"up":{"uv":[2.0625,9.0,2.0,8.875],"rotation":90,"texture":"#0","tintindex":0},"down":{"uv":[3.5625,8.875,3.5,9.0],"rotation":270,"texture":"#0","tintindex":0}}},{"from":[7.999005,3.6530805,8.972097],"to":[8.197004,3.82588,9.6020975],"rotation":{"angle":0.0,"axis":"y","origin":[8.098004,3.5054803,9.098098]},"faces":{"east":{"uv":[4.75,9.125,4.8125,9.1875],"rotation":0,"texture":"#0","tintindex":0},"south":{"uv":[3.0,8.75,3.125,8.8125],"rotation":0,"texture":"#0","tintindex":0},"north":{"uv":[8.0,8.75,8.125,8.8125],"rotation":0,"texture":"#0","tintindex":0},"west":{"uv":[5.0,9.125,5.0625,9.1875],"rotation":0,"texture":"#0","tintindex":0},"up":{"uv":[2.0625,9.0,2.0,8.875],"rotation":90,"texture":"#0","tintindex":0},"down":{"uv":[3.5625,8.875,3.5,9.0],"rotation":270,"texture":"#0","tintindex":0}}},{"from":[7.9810047,3.1702757,6.0048776],"to":[8.215005,3.3430762,7.8408775],"rotation":{"angle":0.0,"axis":"y","origin":[8.116005,3.2566762,6.9228773]},"faces":{"east":{"uv":[9.125,5.125,9.1875,5.1875],"rotation":0,"texture":"#0","tintindex":0},"south":{"uv":[7.375,8.125,7.75,8.1875],"rotation":0,"texture":"#0","tintindex":0},"north":{"uv":[7.875,8.125,8.25,8.1875],"rotation":0,"texture":"#0","tintindex":0},"west":{"uv":[5.75,9.125,5.8125,9.1875],"rotation":0,"texture":"#0","tintindex":0},"up":{"uv":[2.8125,8.5,2.75,8.125],"rotation":90,"texture":"#0","tintindex":0},"down":{"uv":[6.1875,8.125,6.125,8.5],"rotation":270,"texture":"#0","tintindex":0}}},{"from":[7.9630046,2.8470201,5.0084686],"to":[8.233005,4.29782,5.224468],"rotation":{"angle":-45.0,"axis":"x","origin":[8.044004,4.21142,5.1164684]},"faces":{"east":{"uv":[9.125,5.75,9.1875,5.8125],"rotation":0,"texture":"#0","tintindex":0},"south":{"uv":[8.375,6.125,8.625,6.1875],"rotation":0,"texture":"#0","tintindex":0},"north":{"uv":[7.625,8.375,7.875,8.4375],"rotation":0,"texture":"#0","tintindex":0},"west":{"uv":[6.0,9.125,6.0625,9.1875],"rotation":0,"texture":"#0","tintindex":0},"up":{"uv":[8.0625,8.625,8.0,8.375],"rotation":90,"texture":"#0","tintindex":0},"down":{"uv":[8.4375,8.0,8.375,8.25],"rotation":270,"texture":"#0","tintindex":0}}},{"from":[7.9090047,4.196147,4.979007],"to":[8.287004,5.3985467,5.281407],"rotation":{"angle":0.0,"axis":"y","origin":[8.098004,4.8873467,5.130207]},"faces":{"east":{"uv":[9.125,6.0,9.1875,6.0625],"rotation":0,"texture":"#0","tintindex":0},"south":{"uv":[8.25,8.375,8.5,8.4375],"rotation":0,"texture":"#0","tintindex":0},"north":{"uv":[3.75,8.5,4.0,8.5625],"rotation":0,"texture":"#0","tintindex":0},"west":{"uv":[9.125,6.25,9.1875,6.3125],"rotation":0,"texture":"#0","tintindex":0},"up":{"uv":[4.9375,8.75,4.875,8.5],"rotation":90,"texture":"#0","tintindex":0},"down":{"uv":[5.1875,8.5,5.125,8.75],"rotation":270,"texture":"#0","tintindex":0}}},{"from":[9.159798,5.962866,3.679943],"to":[9.447798,6.646866,4.093943],"rotation":{"angle":0.0,"axis":"y","origin":[9.528797,6.304866,3.778943]},"faces":{"east":{"uv":[1.875,1.625,1.9375,1.75],"rotation":0,"texture":"#0","tintindex":0},"south":{"uv":[2.0,0.75,2.0625,0.875],"rotation":0,"texture":"#0","tintindex":0},"north":{"uv":[2.125,0.75,2.1875,0.875],"rotation":0,"texture":"#0","tintindex":0},"west":{"uv":[2.0,1.625,2.0625,1.75],"rotation":0,"texture":"#0","tintindex":0},"up":{"uv":[1.0625,2.6875,1.0,2.625],"rotation":90,"texture":"#0","tintindex":0},"down":{"uv":[2.6875,1.0,2.625,1.0625],"rotation":270,"texture":"#0","tintindex":0}}},{"from":[9.177797,5.962866,5.947943],"to":[9.555798,6.646866,6.3619432],"rotation":{"angle":0.0,"axis":"y","origin":[9.528797,6.304866,3.778943]},"faces":{"east":{"uv":[2.125,1.625,2.1875,1.75],"rotation":0,"texture":"#0","tintindex":0},"south":{"uv":[2.25,0.75,2.3125,0.875],"rotation":0,"texture":"#0","tintindex":0},"north":{"uv":[2.25,1.625,2.3125,1.75],"rotation":0,"texture":"#0","tintindex":0},"west":{"uv":[1.25,2.25,1.3125,2.375],"rotation":0,"texture":"#0","tintindex":0},"up":{"uv":[1.1875,2.6875,1.125,2.625],"rotation":90,"texture":"#0","tintindex":0},"down":{"uv":[2.6875,1.125,2.625,1.1875],"rotation":270,"texture":"#0","tintindex":0}}},{"from":[6.351797,5.962866,5.947943],"to":[6.7297974,6.646866,6.3619432],"rotation":{"angle":0.0,"axis":"y","origin":[9.528797,6.304866,3.778943]},"faces":{"east":{"uv":[2.25,1.75,2.3125,1.875],"rotation":0,"texture":"#0","tintindex":0},"south":{"uv":[2.25,1.875,2.3125,2.0],"rotation":0,"texture":"#0","tintindex":0},"north":{"uv":[2.25,2.125,2.3125,2.25],"rotation":0,"texture":"#0","tintindex":0},"west":{"uv":[2.25,2.0,2.3125,2.125],"rotation":0,"texture":"#0","tintindex":0},"up":{"uv":[1.3125,2.6875,1.25,2.625],"rotation":90,"texture":"#0","tintindex":0},"down":{"uv":[2.6875,1.25,2.625,1.3125],"rotation":270,"texture":"#0","tintindex":0}}},{"from":[6.351797,5.962866,3.679943],"to":[6.639797,6.646866,4.093943],"rotation":{"angle":0.0,"axis":"y","origin":[9.528797,6.304866,3.778943]},"faces":{"east":{"uv":[2.25,2.25,2.3125,2.375],"rotation":0,"texture":"#0","tintindex":0},"south":{"uv":[2.375,0.75,2.4375,0.875],"rotation":0,"texture":"#0","tintindex":0},"north":{"uv":[2.375,1.625,2.4375,1.75],"rotation":0,"texture":"#0","tintindex":0},"west":{"uv":[1.25,2.375,1.3125,2.5],"rotation":0,"texture":"#0","tintindex":0},"up":{"uv":[1.4375,2.6875,1.375,2.625],"rotation":90,"texture":"#0","tintindex":0},"down":{"uv":[2.6875,1.375,2.625,1.4375],"rotation":270,"texture":"#0","tintindex":0}}},{"from":[8.331798,5.836866,3.679943],"to":[8.529798,6.646866,3.877943],"rotation":{"angle":0.0,"axis":"y",