{"textures":{"0":"modelengine:entity/dragon_flesh"},"elements":[{"from":[8.021944,9.016669,8.058043],"to":[8.021944,10.585398,12.462282],"rotation":{"angle":0.0,"axis":"y","origin":[8.021944,9.801033,10.260162]},"faces":{"east":{"uv":[6.4453125,0.875,7.1953125,1.125],"rotation":0,"texture":"#0","tintindex":0},"south":{"uv":[3.625,9.375,3.625,9.625],"rotation":0,"texture":"#0","tintindex":0},"north":{"uv":[9.375,3.75,9.375,4.0],"rotation":0,"texture":"#0","tintindex":0},"west":{"uv":[6.75,6.25,7.5,6.5],"rotation":0,"texture":"#0","tintindex":0},"up":{"uv":[10.125,4.125,9.375,4.125],"rotation":90,"texture":"#0","tintindex":0},"down":{"uv":[10.125,4.25,9.375,4.25],"rotation":270,"texture":"#0","tintindex":0}}},{"from":[6.639544,6.5964427,7.546957],"to":[9.302392,9.138072,12.378697],"rotation":{"angle":0.0,"axis":"y","origin":[7.9709682,7.867257,9.962828]},"faces":{"east":{"uv":[1.625,5.0,2.4375,5.4375],"rotation":0,"texture":"#0","tintindex":0},"south":{"uv":[6.625,5.25,7.0625,5.6875],"rotation":0,"texture":"#0","tintindex":0},"north":{"uv":[5.5,6.625,5.9375,7.0625],"rotation":0,"texture":"#0","tintindex":0},"west":{"uv":[2.625,5.0,3.4375,5.4375],"rotation":0,"texture":"#0","tintindex":0},"up":{"uv":[4.4375,5.4375,3.625,5.0],"rotation":90,"texture":"#0","tintindex":0},"down":{"uv":[5.9375,1.5,5.125,1.9375],"rotation":270,"texture":"#0","tintindex":0}}}],"display":{"head":{"translation":[0.0,-6.4,0.0],"scale":[4.0,4.0,4.0]}}}