{"textures":{"0":"modelengine:entity/dragon_flesh"},"elements":[{"from":[5.7702403,6.2440186,7.6120763],"to":[10.34224,10.188179,12.720476],"rotation":{"angle":0.0,"axis":"y","origin":[8.05624,8.216099,10.166277]},"faces":{"east":{"uv":[1.0,2.75,1.875,3.4375],"rotation":0,"texture":"#0","tintindex":0},"south":{"uv":[3.375,1.75,4.1875,2.4375],"rotation":0,"texture":"#0","tintindex":0},"north":{"uv":[3.375,2.625,4.1875,3.3125],"rotation":0,"texture":"#0","tintindex":0},"west":{"uv":[0.0,3.0,0.875,3.6875],"rotation":0,"texture":"#0","tintindex":0},"up":{"uv":[2.25,2.5625,1.375,1.75],"rotation":90,"texture":"#0","tintindex":0},"down":{"uv":[0.875,2.0,0.0,2.8125],"rotation":270,"texture":"#0","tintindex":0}}},{"from":[8.074241,10.204019,7.6120763],"to":[8.074241,11.988179,12.720476],"rotation":{"angle":0.0,"axis":"y","origin":[8.074241,11.096099,10.166277]},"faces":{"east":{"uv":[4.6875,6.0625,5.5625,6.375],"rotation":0,"texture":"#0","tintindex":0},"south":{"uv":[3.875,6.125,3.875,6.4375],"rotation":0,"texture":"#0","tintindex":0},"north":{"uv":[3.375,7.25,3.375,7.5625],"rotation":0,"texture":"#0","tintindex":0},"west":{"uv":[6.125,1.25,7.0,1.5625],"rotation":0,"texture":"#0","tintindex":0},"up":{"uv":[10.25,3.0,9.375,3.0],"rotation":90,"texture":"#0","tintindex":0},"down":{"uv":[10.25,3.625,9.375,3.625],"rotation":270,"texture":"#0","tintindex":0}}},{"from":[4.7650094,6.5742826,7.9851756],"to":[11.2752495,8.004635,9.565216],"rotation":{"angle":0.0,"axis":"y","origin":[8.020129,7.2894588,8.775196]},"faces":{"east":{"uv":[3.0,7.625,3.25,7.875],"rotation":0,"texture":"#0","tintindex":0},"south":{"uv":[5.875,5.875,7.0,6.125],"rotation":0,"texture":"#0","tintindex":0},"north":{"uv":[6.0,2.125,7.125,2.375],"rotation":0,"texture":"#0","tintindex":0},"west":{"uv":[7.625,4.875,7.875,5.125],"rotation":0,"texture":"#0","tintindex":0},"up":{"uv":[4.25,6.75,4.0,5.625],"rotation":90,"texture":"#0","tintindex":0},"down":{"uv":[4.625,6.0,4.375,7.125],"rotation":270,"texture":"#0","tintindex":0}}}],"display":{"head":{"translation":[0.0,-6.4,0.0],"scale":[4.0,4.0,4.0]}}}