{"textures":{"0":"modelengine:entity/troll_voodoo","1":"modelengine:entity/voodoo_staff"},"elements":[{"name":"cube","from":[0.7999997,15.8,6.5],"to":[9.8,21.2,6.5],"rotation":{"angle":22.5,"axis":"y","origin":[1.9999998,15.2,8.0]},"faces":{"down":{"uv":[0.0125,0.0125,1.8625,0.0125],"rotation":0,"texture":"#0","tintindex":0},"east":{"uv":[0.0125,0.0125,0.0125,1.1125],"rotation":0,"texture":"#0","tintindex":0},"north":{"uv":[1.8625,0.0125,0.0125,1.1125],"rotation":0,"texture":"#0","tintindex":0},"south":{"uv":[0.0125,0.0125,1.8625,1.1125],"rotation":0,"texture":"#0","tintindex":0},"up":{"uv":[0.0125,0.0125,1.8625,0.0125],"rotation":0,"texture":"#0","tintindex":0},"west":{"uv":[0.0125,0.0125,0.0125,1.1125],"rotation":0,"texture":"#0","tintindex":0}}},{"name":"cube","from":[8.6,8.0,6.8],"to":[9.8,19.400002,8.0],"rotation":{"angle":-22.5,"axis":"x","origin":[9.35,8.0,7.4]},"faces":{"down":{"uv":[8.1375,9.2625,8.3625,9.4875],"rotation":0,"texture":"#0","tintindex":0},"east":{"uv":[0.7375,6.6375,0.5125,8.9875],"rotation":0,"texture":"#0","tintindex":0},"north":{"uv":[2.8625,6.3875,2.6375,8.7375],"rotation":0,"texture":"#0","tintindex":0},"south":{"uv":[0.4875,6.6375,0.2625,8.9875],"rotation":0,"texture":"#0","tintindex":0},"up":{"uv":[7.6375,9.4875,7.8625,9.2625],"rotation":0,"texture":"#0","tintindex":0},"west":{"uv":[0.2375,6.6375,0.0125,8.9875],"rotation":0,"texture":"#0","tintindex":0}}},{"name":"cube","from":[8.3,12.8,6.5],"to":[10.1,16.400002,8.3],"rotation":{"angle":-22.5,"axis":"x","origin":[9.35,8.0,7.4]},"faces":{"down":{"uv":[9.2625,1.1375,9.6125,1.4875],"rotation":0,"texture":"#0","tintindex":0},"east":{"uv":[8.8625,8.2625,8.5125,8.9875],"rotation":0,"texture":"#0","tintindex":0},"north":{"uv":[2.6125,6.8875,2.2625,7.6125],"rotation":0,"texture":"#0","tintindex":0},"south":{"uv":[6.6125,8.5125,6.2625,9.2375],"rotation":0,"texture":"#0","tintindex":0},"up":{"uv":[9.2625,1.1125,9.6125,0.7625],"rotation":0,"texture":"#0","tintindex":0},"west":{"uv":[6.2375,8.5125,5.8875,9.2375],"rotation":0,"texture":"#0","tintindex":0}}},{"name":"cube","from":[8.0,19.400002,6.8],"to":[9.2,20.600002,8.0],"rotation":{"angle":-22.5,"axis":"x","origin":[9.35,8.0,7.4]},"faces":{"down":{"uv":[9.1375,9.2625,9.3625,9.4875],"rotation":0,"texture":"#0","tintindex":0},"east":{"uv":[9.1125,9.2625,8.8875,9.4875],"rotation":0,"texture":"#0","tintindex":0},"north":{"uv":[9.4875,8.2625,9.2625,8.4875],"rotation":0,"texture":"#0","tintindex":0},"south":{"uv":[9.4875,8.7625,9.2625,8.9875],"rotation":0,"texture":"#0","tintindex":0},"up":{"uv":[9.2625,9.2375,9.4875,9.0125],"rotation":0,"texture":"#0","tintindex":0},"west":{"uv":[9.4875,8.5125,9.2625,8.7375],"rotation":0,"texture":"#0","tintindex":0}}},{"name":"cube","from":[9.2,19.400002,6.5],"to":[11.0,21.2,8.3],"rotation":{"angle":-22.5,"axis":"x","origin":[9.35,8.0,7.4]},"faces":{"down":{"uv":[1.3875,9.1375,1.7375,9.4875],"rotation":0,"texture":"#0","tintindex":0},"east":{"uv":[0.9875,9.1375,0.6375,9.4875],"rotation":0,"texture":"#0","tintindex":0},"north":{"uv":[7.6125,5.2625,7.2625,5.6125],"rotation":0,"texture":"#0","tintindex":0},"south":{"uv":[8.8625,9.0125,8.5125,9.3625],"rotation":0,"texture":"#0","tintindex":0},"up":{"uv":[1.0125,9.4875,1.3625,9.1375],"rotation":0,"texture":"#0","tintindex":0},"west":{"uv":[9.3625,4.6375,9.0125,4.9875],"rotation":0,"texture":"#0","tintindex":0}}},{"name":"cube","from":[-1.6000004,22.400002,6.8],"to":[-0.40000033,23.600002,8.0],"rotation":{"angle":22.5,"axis":"z","origin":[4.5499997,22.400002,7.4]},"faces":{"down":{"uv":[9.3875,9.2625,9.6125,9.4875],"rotation":0,"texture":"#0","tintindex":0},"east":{"uv":[8.6125,9.3875,8.3875,9.6125],"rotation":0,"texture":"#0","tintindex":0},"north":{"uv":[9.6125,6.5125,9.3875,6.7375],"rotation":0,"texture":"#0","tintindex":0},"south":{"uv":[9.6125,7.0125,9.3875,7.2375],"rotation":0,"texture":"#0","tintindex":0},"up":{"uv":[8.6375,9.6125,8.8625,9.3875],"rotation":0,"texture":"#0","tintindex":0},"west":{"uv":[9.6125,6.7625,9.3875,6.9875],"rotation":0,"texture":"#0","tintindex":0}}},{"name":"cube","from":[-0.40000033,22.400002,6.5],"to":[1.3999997,24.2,8.3],"rotation":{"angle":22.5,"axis":"z","origin":[4.5499997,22.400002,7.4]},"faces":{"down":{"uv":[9.2625,0.3875,9.6125,0.7375],"rotation":0,"texture":"#0","tintindex":0},"east":{"uv":[9.4875,7.6375,9.1375,7.9875],"rotation":0,"texture":"#0","tintindex":0},"north":{"uv":[9.4875,5.7625,9.1375,6.1125],"rotation":0,"texture":"#0","tintindex":0},"south":{"uv":[9.4875,7.2625,9.1375,7.6125],"rotation":0,"texture":"#0","tintindex":0},"up":{"uv":[9.2625,0.3625,9.6125,0.0125],"rotation":0,"texture":"#0","tintindex":0},"west":{"uv":[9.4875,6.1375,9.1375,6.4875],"rotation":0,"texture":"#0","tintindex":0}}},{"name":"cube","from":[0.19999981,8.0,6.8],"to":[1.3999997,16.400002,8.0],"rotation":{"angle":22.5,"axis":"z","origin":[4.5499997,22.400002,7.4]},"faces":{"down":{"uv":[9.3875,4.6375,9.6125,4.8625],"rotation":0,"texture":"#0","tintindex":0},"east":{"uv":[5.8625,8.0125,5.6375,9.7375],"rotation":0,"texture":"#0","tintindex":0},"north":{"uv":[5.1125,7.5125,4.8875,9.2375],"rotation":0,"texture":"#0","tintindex":0},"south":{"uv":[5.6125,8.0125,5.3875,9.7375],"rotation":0,"texture":"#0","tintindex":0},"up":{"uv":[4.5125,9.6125,4.7375,9.3875],"rotation":0,"texture":"#0","tintindex":0},"west":{"uv":[5.3625,8.0125,5.1375,9.7375],"rotation":0,"texture":"#0","tintindex":0}}},{"name":"cube","from":[-1.0000005,14.0,6.8],"to":[0.19999981,22.400002,8.0],"rotation":{"angle":22.5,"axis":"z","origin":[4.5499997,22.400002,7.4]},"faces":{"down":{"uv":[0.6375,9.5125,0.8625,9.7375],"rotation":0,"texture":"#0","tintindex":0},"east":{"uv":[8.3625,5.2625,8.1375,6.9875],"rotation":0,"texture":"#0","tintindex":0},"north":{"uv":[7.1125,8.0125,6.8875,9.7375],"rotation":0,"texture":"#0","tintindex":0},"south":{"uv":[7.6125,8.0125,7.3875,9.7375],"rotation":0,"texture":"#0","tintindex":0},"up":{"uv":[0.0125,9.7375,0.2375,9.5125],"rotation":0,"texture":"#0","tintindex":0},"west":{"uv":[7.3625,8.0125,7.1375,9.7375],"rotation":0,"texture":"#0","tintindex":0}}},{"name":"cube","from":[2.6,11.0,7.25],"to":[9.8,15.8,7.25],"rotation":{"angle":22.5,"axis":"y","origin":[1.9999998,15.2,8.0]},"faces":{"down":{"uv":[0.0125,0.0125,1.4875,0.0125],"rotation":0,"texture":"#0","tintindex":0},"east":{"uv":[0.0125,0.0125,0.0125,0.9875],"rotation":0,"texture":"#0","tintindex":0},"north":{"uv":[4.7375,0.0125,3.2625,0.9875],"rotation":0,"texture":"#0","tintindex":0},"south":{"uv":[3.2625,0.0125,4.7375,0.9875],"rotation":0,"texture":"#0","tintindex":0},"up":{"uv":[0.0125,0.0125,1.4875,0.0125],"rotation":0,"texture":"#0","tintindex":0},"west":{"uv":[0.0125,0.0125,0.0125,0.9875],"rotation":0,"texture":"#0","tintindex":0}}}],"display":{"head":{"translation":[0.0,-6.4,0.0],"rotation":[0.0,0.0,0.0],"scale":[3.8095,3.8095,3.8095]}}}