{"textures":{"0":"modelengine:entity/troll_voodoo"},"elements":[{"from":[1.1428566,15.428572,6.5714283],"to":[9.714286,20.57143,6.5714283],"rotation":{"angle":22.5,"axis":"y","origin":[2.2857141,14.857143,8.0]},"faces":{"east":{"uv":[0.0125,0.0125,0.0125,1.1125],"rotation":0,"texture":"#0","tintindex":0},"south":{"uv":[0.0125,0.0125,1.8625,1.1125],"rotation":0,"texture":"#0","tintindex":0},"north":{"uv":[1.8625,0.0125,0.0125,1.1125],"rotation":0,"texture":"#0","tintindex":0},"west":{"uv":[0.0125,0.0125,0.0125,1.1125],"rotation":0,"texture":"#0","tintindex":0},"up":{"uv":[0.0125,0.0125,1.8625,0.0125],"rotation":0,"texture":"#0","tintindex":0},"down":{"uv":[0.0125,0.0125,1.8625,0.0125],"rotation":0,"texture":"#0","tintindex":0}}},{"from":[8.571428,8.0,6.857143],"to":[9.714286,18.857143,8.0],"rotation":{"angle":-22.5,"axis":"x","origin":[9.285714,8.0,7.428571]},"faces":{"east":{"uv":[0.7375,6.6375,0.5125,8.9875],"rotation":0,"texture":"#0","tintindex":0},"south":{"uv":[0.4875,6.6375,0.2625,8.9875],"rotation":0,"texture":"#0","tintindex":0},"north":{"uv":[2.8625,6.3875,2.6375,8.7375],"rotation":0,"texture":"#0","tintindex":0},"west":{"uv":[0.2375,6.6375,0.0125,8.9875],"rotation":0,"texture":"#0","tintindex":0},"up":{"uv":[7.6375,9.4875,7.8625,9.2625],"rotation":0,"texture":"#0","tintindex":0},"down":{"uv":[8.1375,9.2625,8.3625,9.4875],"rotation":0,"texture":"#0","tintindex":0}}},{"from":[8.285714,12.571428,6.5714283],"to":[10.0,16.0,8.285714],"rotation":{"angle":-22.5,"axis":"x","origin":[9.285714,8.0,7.428571]},"faces":{"east":{"uv":[8.8625,8.2625,8.5125,8.9875],"rotation":0,"texture":"#0","tintindex":0},"south":{"uv":[6.6125,8.5125,6.2625,9.2375],"rotation":0,"texture":"#0","tintindex":0},"north":{"uv":[2.6125,6.8875,2.2625,7.6125],"rotation":0,"texture":"#0","tintindex":0},"west":{"uv":[6.2375,8.5125,5.8875,9.2375],"rotation":0,"texture":"#0","tintindex":0},"up":{"uv":[9.2625,1.1125,9.6125,0.7625],"rotation":0,"texture":"#0","tintindex":0},"down":{"uv":[9.2625,1.1375,9.6125,1.4875],"rotation":0,"texture":"#0","tintindex":0}}},{"from":[8.0,18.857143,6.857143],"to":[9.142858,20.0,8.0],"rotation":{"angle":-22.5,"axis":"x","origin":[9.285714,8.0,7.428571]},"faces":{"east":{"uv":[9.1125,9.2625,8.8875,9.4875],"rotation":0,"texture":"#0","tintindex":0},"south":{"uv":[9.4875,8.7625,9.2625,8.9875],"rotation":0,"texture":"#0","tintindex":0},"north":{"uv":[9.4875,8.2625,9.2625,8.4875],"rotation":0,"texture":"#0","tintindex":0},"west":{"uv":[9.4875,8.5125,9.2625,8.7375],"rotation":0,"texture":"#0","tintindex":0},"up":{"uv":[9.2625,9.2375,9.4875,9.0125],"rotation":0,"texture":"#0","tintindex":0},"down":{"uv":[9.1375,9.2625,9.3625,9.4875],"rotation":0,"texture":"#0","tintindex":0}}},{"from":[9.142858,18.857143,6.5714283],"to":[10.857143,20.57143,8.285714],"rotation":{"angle":-22.5,"axis":"x","origin":[9.285714,8.0,7.428571]},"faces":{"east":{"uv":[0.9875,9.1375,0.6375,9.4875],"rotation":0,"texture":"#0","tintindex":0},"south":{"uv":[8.8625,9.0125,8.5125,9.3625],"rotation":0,"texture":"#0","tintindex":0},"north":{"uv":[7.6125,5.2625,7.2625,5.6125],"rotation":0,"texture":"#0","tintindex":0},"west":{"uv":[9.3625,4.6375,9.0125,4.9875],"rotation":0,"texture":"#0","tintindex":0},"up":{"uv":[1.0125,9.4875,1.3625,9.1375],"rotation":0,"texture":"#0","tintindex":0},"down":{"uv":[1.3875,9.1375,1.7375,9.4875],"rotation":0,"texture":"#0","tintindex":0}}},{"from":[-1.1428576,21.714287,6.857143],"to":[0.0,22.857143,8.0],"rotation":{"angle":22.5,"axis":"z","origin":[4.714286,21.714287,7.428571]},"faces":{"east":{"uv":[8.6125,9.3875,8.3875,9.6125],"rotation":0,"texture":"#0","tintindex":0},"south":{"uv":[9.6125,7.0125,9.3875,7.2375],"rotation":0,"texture":"#0","tintindex":0},"north":{"uv":[9.6125,6.5125,9.3875,6.7375],"rotation":0,"texture":"#0","tintindex":0},"west":{"uv":[9.6125,6.7625,9.3875,6.9875],"rotation":0,"texture":"#0","tintindex":0},"up":{"uv":[8.6375,9.6125,8.8625,9.3875],"rotation":0,"texture":"#0","tintindex":0},"down":{"uv":[9.3875,9.2625,9.6125,9.4875],"rotation":0,"texture":"#0","tintindex":0}}},{"from":[0.0,21.714287,6.5714283],"to":[1.7142854,23.428572,8.285714],"rotation":{"angle":22.5,"axis":"z","origin":[4.714286,21.714287,7.428571]},"faces":{"east":{"uv":[9.4875,7.6375,9.1375,7.9875],"rotation":0,"texture":"#0","tintindex":0},"south":{"uv":[9.4875,7.2625,9.1375,7.6125],"rotation":0,"texture":"#0","tintindex":0},"north":{"uv":[9.4875,5.7625,9.1375,6.1125],"rotation":0,"texture":"#0","tintindex":0},"west":{"uv":[9.4875,6.1375,9.1375,6.4875],"rotation":0,"texture":"#0","tintindex":0},"up":{"uv":[9.2625,0.3625,9.6125,0.0125],"rotation":0,"texture":"#0","tintindex":0},"down":{"uv":[9.2625,0.3875,9.6125,0.7375],"rotation":0,"texture":"#0","tintindex":0}}},{"from":[0.5714283,8.0,6.857143],"to":[1.7142854,16.0,8.0],"rotation":{"angle":22.5,"axis":"z","origin":[4.714286,21.714287,7.428571]},"faces":{"east":{"uv":[5.8625,8.0125,5.6375,9.7375],"rotation":0,"texture":"#0","tintindex":0},"south":{"uv":[5.6125,8.0125,5.3875,9.7375],"rotation":0,"texture":"#0","tintindex":0},"north":{"uv":[5.1125,7.5125,4.8875,9.2375],"rotation":0,"texture":"#0","tintindex":0},"west":{"uv":[5.3625,8.0125,5.1375,9.7375],"rotation":0,"texture":"#0","tintindex":0},"up":{"uv":[4.5125,9.6125,4.7375,9.3875],"rotation":0,"texture":"#0","tintindex":0},"down":{"uv":[9.3875,4.6375,9.6125,4.8625],"rotation":0,"texture":"#0","tintindex":0}}},{"from":[-0.57142925,13.714286,6.857143],"to":[0.5714283,21.714287,8.0],"rotation":{"angle":22.5,"axis":"z","origin":[4.714286,21.714287,7.428571]},"faces":{"east":{"uv":[8.3625,5.2625,8.1375,6.9875],"rotation":0,"texture":"#0","tintindex":0},"south":{"uv":[7.6125,8.0125,7.3875,9.7375],"rotation":0,"texture":"#0","tintindex":0},"north":{"uv":[7.1125,8.0125,6.8875,9.7375],"rotation":0,"texture":"#0","tintindex":0},"west":{"uv":[7.3625,8.0125,7.1375,9.7375],"rotation":0,"texture":"#0","tintindex":0},"up":{"uv":[0.0125,9.7375,0.2375,9.5125],"rotation":0,"texture":"#0","tintindex":0},"down":{"uv":[0.6375,9.5125,0.8625,9.7375],"rotation":0,"texture":"#0","tintindex":0}}},{"from":[2.8571424,10.857143,7.285714],"to":[9.714286,15.428572,7.285714],"rotation":{"angle":22.5,"axis":"y","origin":[2.2857141,14.857143,8.0]},"faces":{"east":{"uv":[0.0125,0.0125,0.0125,0.9875],"rotation":0,"texture":"#0","tintindex":0},"south":{"uv":[3.2625,0.0125,4.7375,0.9875],"rotation":0,"texture":"#0","tintindex":0},"north":{"uv":[4.7375,0.0125,3.2625,0.9875],"rotation":0,"texture":"#0","tintindex":0},"west":{"uv":[0.0125,0.0125,0.0125,0.9875],"rotation":0,"texture":"#0","tintindex":0},"up":{"uv":[0.0125,0.0125,1.4875,0.0125],"rotation":0,"texture":"#0","tintindex":0},"down":{"uv":[0.0125,0.0125,1.4875,0.0125],"rotation":0,"texture":"#0","tintindex":0}}}],"display":{"head":{"translation":[0.0,-6.4,0.0],"scale":[4.0,4.0,4.0]}}}