{"textures":{"0":"modelengine:entity/troll_voodoo","1":"modelengine:entity/voodoo_staff"},"elements":[{"name":"cube","from":[6.2,15.8,6.5],"to":[15.2,21.2,6.5],"rotation":{"angle":-22.5,"axis":"y","origin":[14.0,15.2,8.0]},"faces":{"down":{"uv":[1.8625,0.0125,0.0125,0.0125],"rotation":0,"texture":"#0","tintindex":0},"east":{"uv":[0.0125,0.0125,0.0125,1.1125],"rotation":0,"texture":"#0","tintindex":0},"north":{"uv":[0.0125,0.0125,1.8625,1.1125],"rotation":0,"texture":"#0","tintindex":0},"south":{"uv":[1.8625,0.0125,0.0125,1.1125],"rotation":0,"texture":"#0","tintindex":0},"up":{"uv":[1.8625,0.0125,0.0125,0.0125],"rotation":0,"texture":"#0","tintindex":0},"west":{"uv":[0.0125,0.0125,0.0125,1.1125],"rotation":0,"texture":"#0","tintindex":0}}},{"name":"cube","from":[6.2,8.0,6.8],"to":[7.4,19.400002,8.0],"rotation":{"angle":-22.5,"axis":"x","origin":[6.6499996,8.0,7.4]},"faces":{"down":{"uv":[8.3625,9.2625,8.1375,9.4875],"rotation":0,"texture":"#0","tintindex":0},"east":{"uv":[0.0125,6.6375,0.2375,8.9875],"rotation":0,"texture":"#0","tintindex":0},"north":{"uv":[2.6375,6.3875,2.8625,8.7375],"rotation":0,"texture":"#0","tintindex":0},"south":{"uv":[0.2625,6.6375,0.4875,8.9875],"rotation":0,"texture":"#0","tintindex":0},"up":{"uv":[7.8625,9.4875,7.6375,9.2625],"rotation":0,"texture":"#0","tintindex":0},"west":{"uv":[0.5125,6.6375,0.7375,8.9875],"rotation":0,"texture":"#0","tintindex":0}}},{"name":"cube","from":[5.8999996,12.8,6.5],"to":[7.7,16.400002,8.3],"rotation":{"angle":-22.5,"axis":"x","origin":[6.6499996,8.0,7.4]},"faces":{"down":{"uv":[9.6125,1.1375,9.2625,1.4875],"rotation":0,"texture":"#0","tintindex":0},"east":{"uv":[5.8875,8.5125,6.2375,9.2375],"rotation":0,"texture":"#0","tintindex":0},"north":{"uv":[2.2625,6.8875,2.6125,7.6125],"rotation":0,"texture":"#0","tintindex":0},"south":{"uv":[6.2625,8.5125,6.6125,9.2375],"rotation":0,"texture":"#0","tintindex":0},"up":{"uv":[9.6125,1.1125,9.2625,0.7625],"rotation":0,"texture":"#0","tintindex":0},"west":{"uv":[8.5125,8.2625,8.8625,8.9875],"rotation":0,"texture":"#0","tintindex":0}}},{"name":"cube","from":[6.8,19.400002,6.8],"to":[8.0,20.600002,8.0],"rotation":{"angle":-22.5,"axis":"x","origin":[6.6499996,8.0,7.4]},"faces":{"down":{"uv":[9.3625,9.2625,9.1375,9.4875],"rotation":0,"texture":"#0","tintindex":0},"east":{"uv":[9.2625,8.5125,9.4875,8.7375],"rotation":0,"texture":"#0","tintindex":0},"north":{"uv":[9.2625,8.2625,9.4875,8.4875],"rotation":0,"texture":"#0","tintindex":0},"south":{"uv":[9.2625,8.7625,9.4875,8.9875],"rotation":0,"texture":"#0","tintindex":0},"up":{"uv":[9.4875,9.2375,9.2625,9.0125],"rotation":0,"texture":"#0","tintindex":0},"west":{"uv":[8.8875,9.2625,9.1125,9.4875],"rotation":0,"texture":"#0","tintindex":0}}},{"name":"cube","from":[5.0,19.400002,6.5],"to":[6.8,21.2,8.3],"rotation":{"angle":-22.5,"axis":"x","origin":[6.6499996,8.0,7.4]},"faces":{"down":{"uv":[1.7375,9.1375,1.3875,9.4875],"rotation":0,"texture":"#0","tintindex":0},"east":{"uv":[9.0125,4.6375,9.3625,4.9875],"rotation":0,"texture":"#0","tintindex":0},"north":{"uv":[7.2625,5.2625,7.6125,5.6125],"rotation":0,"texture":"#0","tintindex":0},"south":{"uv":[8.5125,9.0125,8.8625,9.3625],"rotation":0,"texture":"#0","tintindex":0},"up":{"uv":[1.3625,9.4875,1.0125,9.1375],"rotation":0,"texture":"#0","tintindex":0},"west":{"uv":[0.6375,9.1375,0.9875,9.4875],"rotation":0,"texture":"#0","tintindex":0}}},{"name":"cube","from":[16.400002,22.400002,6.8],"to":[17.6,23.600002,8.0],"rotation":{"angle":-22.5,"axis":"z","origin":[11.45,22.400002,7.4]},"faces":{"down":{"uv":[9.6125,9.2625,9.3875,9.4875],"rotation":0,"texture":"#0","tintindex":0},"east":{"uv":[9.3875,6.7625,9.6125,6.9875],"rotation":0,"texture":"#0","tintindex":0},"north":{"uv":[9.3875,6.5125,9.6125,6.7375],"rotation":0,"texture":"#0","tintindex":0},"south":{"uv":[9.3875,7.0125,9.6125,7.2375],"rotation":0,"texture":"#0","tintindex":0},"up":{"uv":[8.8625,9.6125,8.6375,9.3875],"rotation":0,"texture":"#0","tintindex":0},"west":{"uv":[8.3875,9.3875,8.6125,9.6125],"rotation":0,"texture":"#0","tintindex":0}}},{"name":"cube","from":[14.6,22.400002,6.5],"to":[16.400002,24.2,8.3],"rotation":{"angle":-22.5,"axis":"z","origin":[11.45,22.400002,7.4]},"faces":{"down":{"uv":[9.6125,0.3875,9.2625,0.7375],"rotation":0,"texture":"#0","tintindex":0},"east":{"uv":[9.1375,6.1375,9.4875,6.4875],"rotation":0,"texture":"#0","tintindex":0},"north":{"uv":[9.1375,5.7625,9.4875,6.1125],"rotation":0,"texture":"#0","tintindex":0},"south":{"uv":[9.1375,7.2625,9.4875,7.6125],"rotation":0,"texture":"#0","tintindex":0},"up":{"uv":[9.6125,0.3625,9.2625,0.0125],"rotation":0,"texture":"#0","tintindex":0},"west":{"uv":[9.1375,7.6375,9.4875,7.9875],"rotation":0,"texture":"#0","tintindex":0}}},{"name":"cube","from":[14.6,8.0,6.8],"to":[15.8,16.400002,8.0],"rotation":{"angle":-22.5,"axis":"z","origin":[11.45,22.400002,7.4]},"faces":{"down":{"uv":[9.6125,4.6375,9.3875,4.8625],"rotation":0,"texture":"#0","tintindex":0},"east":{"uv":[5.1375,8.0125,5.3625,9.7375],"rotation":0,"texture":"#0","tintindex":0},"north":{"uv":[4.8875,7.5125,5.1125,9.2375],"rotation":0,"texture":"#0","tintindex":0},"south":{"uv":[5.3875,8.0125,5.6125,9.7375],"rotation":0,"texture":"#0","tintindex":0},"up":{"uv":[4.7375,9.6125,4.5125,9.3875],"rotation":0,"texture":"#0","tintindex":0},"west":{"uv":[5.6375,8.0125,5.8625,9.7375],"rotation":0,"texture":"#0","tintindex":0}}},{"name":"cube","from":[15.8,14.0,6.8],"to":[17.0,22.400002,8.0],"rotation":{"angle":-22.5,"axis":"z","origin":[11.45,22.400002,7.4]},"faces":{"down":{"uv":[0.8625,9.5125,0.6375,9.7375],"rotation":0,"texture":"#0","tintindex":0},"east":{"uv":[7.1375,8.0125,7.3625,9.7375],"rotation":0,"texture":"#0","tintindex":0},"north":{"uv":[6.8875,8.0125,7.1125,9.7375],"rotation":0,"texture":"#0","tintindex":0},"south":{"uv":[7.3875,8.0125,7.6125,9.7375],"rotation":0,"texture":"#0","tintindex":0},"up":{"uv":[0.2375,9.7375,0.0125,9.5125],"rotation":0,"texture":"#0","tintindex":0},"west":{"uv":[8.1375,5.2625,8.3625,6.9875],"rotation":0,"texture":"#0","tintindex":0}}},{"name":"cube","from":[6.2,11.0,7.25],"to":[13.400001,15.8,7.25],"rotation":{"angle":-22.5,"axis":"y","origin":[14.0,15.2,8.0]},"faces":{"down":{"uv":[1.4875,0.0125,0.0125,0.0125],"rotation":0,"texture":"#0","tintindex":0},"east":{"uv":[0.0125,0.0125,0.0125,0.9875],"rotation":0,"texture":"#0","tintindex":0},"north":{"uv":[3.2625,0.0125,4.7375,0.9875],"rotation":0,"texture":"#0","tintindex":0},"south":{"uv":[4.7375,0.0125,3.2625,0.9875],"rotation":0,"texture":"#0","tintindex":0},"up":{"uv":[1.4875,0.0125,0.0125,0.0125],"rotation":0,"texture":"#0","tintindex":0},"west":{"uv":[0.0125,0.0125,0.0125,0.9875],"rotation":0,"texture":"#0","tintindex":0}}}],"display":{"head":{"translation":[0.0,-6.4,0.0],"rotation":[0.0,0.0,0.0],"scale":[3.8095,3.8095,3.8095]}}}