{"textures":{"0":"modelengine:entity/troll_voodoo","1":"modelengine:entity/voodoo_staff"},"elements":[{"name":"cube","from":[3.4999998,11.91129,7.392457],"to":[11.900001,16.11129,11.592458],"rotation":{"angle":0.0,"axis":"x","origin":[7.7,14.01129,9.492457]},"faces":{"down":{"uv":[3.4875,3.1375,1.7625,3.9875],"rotation":0,"texture":"#0","tintindex":0},"east":{"uv":[6.1375,0.6375,6.9875,1.4875],"rotation":0,"texture":"#0","tintindex":0},"north":{"uv":[0.0125,2.2625,1.7375,3.1125],"rotation":0,"texture":"#0","tintindex":0},"south":{"uv":[1.7625,2.2625,3.4875,3.1125],"rotation":0,"texture":"#0","tintindex":0},"up":{"uv":[1.7375,3.9875,0.0125,3.1375],"rotation":0,"texture":"#0","tintindex":0},"west":{"uv":[3.0125,6.1375,3.8625,6.9875],"rotation":0,"texture":"#0","tintindex":0}}},{"name":"cube","from":[6.2,15.468757,7.162223],"to":[9.2,17.268757,10.162223],"rotation":{"angle":-22.5,"axis":"x","origin":[8.0,16.368757,8.662223]},"faces":{"down":{"uv":[8.7375,7.6375,8.1375,8.2375],"rotation":0,"texture":"#0","tintindex":0},"east":{"uv":[8.7625,2.0125,9.3625,2.3625],"rotation":0,"texture":"#0","tintindex":0},"north":{"uv":[8.3875,0.0125,8.9875,0.3625],"rotation":0,"texture":"#0","tintindex":0},"south":{"uv":[8.7625,2.3875,9.3625,2.7375],"rotation":0,"texture":"#0","tintindex":0},"up":{"uv":[8.7375,7.6125,8.1375,7.0125],"rotation":0,"texture":"#0","tintindex":0},"west":{"uv":[2.6375,8.7625,3.2375,9.1125],"rotation":0,"texture":"#0","tintindex":0}}},{"name":"cube","from":[4.7,9.759974,7.3258386],"to":[10.700001,12.759973,10.925838],"rotation":{"angle":22.5,"axis":"x","origin":[7.7,10.659973,9.125839]},"faces":{"down":{"uv":[7.1125,1.7625,5.8875,2.4875],"rotation":0,"texture":"#0","tintindex":0},"east":{"uv":[3.5125,7.3875,4.2375,7.9875],"rotation":0,"texture":"#0","tintindex":0},"north":{"uv":[0.0125,6.0125,1.2375,6.6125],"rotation":0,"texture":"#0","tintindex":0},"south":{"uv":[6.1375,0.0125,7.3625,0.6125],"rotation":0,"texture":"#0","tintindex":0},"up":{"uv":[6.4875,6.2375,5.2625,5.5125],"rotation":0,"texture":"#0","tintindex":0},"west":{"uv":[6.8875,7.3875,7.6125,7.9875],"rotation":0,"texture":"#0","tintindex":0}}},{"name":"cube","from":[4.3999996,7.359973,7.025839],"to":[11.0,9.759974,11.225839],"rotation":{"angle":22.5,"axis":"x","origin":[7.7,10.659973,9.125839]},"faces":{"down":{"uv":[5.8625,4.6375,4.5125,5.4875],"rotation":0,"texture":"#0","tintindex":0},"east":{"uv":[7.8875,2.2625,8.7375,2.7375],"rotation":0,"texture":"#0","tintindex":0},"north":{"uv":[1.2625,6.3875,2.6125,6.8625],"rotation":0,"texture":"#0","tintindex":0},"south":{"uv":[6.5125,2.5125,7.8625,2.9875],"rotation":0,"texture":"#0","tintindex":0},"up":{"uv":[5.8625,4.6125,4.5125,3.7625],"rotation":0,"texture":"#0","tintindex":0},"west":{"uv":[3.3875,8.0125,4.2375,8.4875],"rotation":0,"texture":"#0","tintindex":0}}},{"name":"cube","from":[4.3999996,4.669221,3.3772516],"to":[11.0,9.469221,3.3772516],"rotation":{"angle":45.0,"axis":"x","origin":[7.7,5.8692207,3.3772516]},"faces":{"down":{"uv":[1.3625,0.0125,0.0125,0.0125],"rotation":0,"texture":"#0","tintindex":0},"east":{"uv":[0.0125,0.0125,0.0125,0.9875],"rotation":0,"texture":"#0","tintindex":0},"north":{"uv":[0.0125,4.0125,1.3625,4.9875],"rotation":0,"texture":"#0","tintindex":0},"south":{"uv":[1.3625,4.0125,0.0125,4.9875],"rotation":0,"texture":"#0","tintindex":0},"up":{"uv":[1.3625,0.0125,0.0125,0.0125],"rotation":0,"texture":"#0","tintindex":0},"west":{"uv":[0.0125,0.0125,0.0125,0.9875],"rotation":0,"texture":"#0","tintindex":0}}},{"name":"cube","from":[5.8999996,6.5,6.2],"to":[9.5,8.9,9.8],"rotation":{"angle":0.0,"axis":"x","origin":[7.7,5.6,8.0]},"faces":{"down":{"uv":[7.7375,0.6375,7.0125,1.3625],"rotation":0,"texture":"#0","tintindex":0},"east":{"uv":[8.2625,3.7625,8.9875,4.2375],"rotation":0,"texture":"#0","tintindex":0},"north":{"uv":[8.2625,3.2625,8.9875,3.7375],"rotation":0,"texture":"#0","tintindex":0},"south":{"uv":[8.2625,4.2625,8.9875,4.7375],"rotation":0,"texture":"#0","tintindex":0},"up":{"uv":[2.2375,7.6125,1.5125,6.8875],"rotation":0,"texture":"#0","tintindex":0},"west":{"uv":[8.2625,4.7625,8.9875,5.2375],"rotation":0,"texture":"#0","tintindex":0}}},{"name":"cube","from":[4.3999996,11.502102,5.4832687],"to":[11.0,16.902102,5.4832687],"rotation":{"angle":45.0,"axis":"x","origin":[6.8,14.202102,5.4832687]},"faces":{"down":{"uv":[1.3625,0.0125,0.0125,0.0125],"rotation":0,"texture":"#0","tintindex":0},"east":{"uv":[0.0125,0.0125,0.0125,1.1125],"rotation":0,"texture":"#0","tintindex":0},"north":{"uv":[1.8875,0.0125,3.2375,1.1125],"rotation":0,"texture":"#0","tintindex":0},"south":{"uv":[3.2375,0.0125,1.8875,1.1125],"rotation":0,"texture":"#0","tintindex":0},"up":{"uv":[1.3625,0.0125,0.0125,0.0125],"rotation":0,"texture":"#0","tintindex":0},"west":{"uv":[0.0125,0.0125,0.0125,1.1125],"rotation":0,"texture":"#0","tintindex":0}}}],"display":{"head":{"translation":[0.0,-6.4,0.0],"rotation":[0.0,0.0,0.0],"scale":[3.8095,3.8095,3.8095]}}}