{"textures":{"0":"modelengine:entity/troll_voodoo","1":"modelengine:entity/voodoo_staff"},"elements":[{"name":"cube","from":[7.4,7.3624864,3.2703981],"to":[8.6,9.162486,6.270398],"rotation":{"angle":-22.5,"axis":"x","origin":[6.2,8.562487,3.870398]},"faces":{"down":{"uv":[9.2375,0.0125,9.0125,0.6125],"rotation":0,"texture":"#0","tintindex":0},"east":{"uv":[2.0125,5.0125,2.6125,5.3625],"rotation":0,"texture":"#0","tintindex":0},"north":{"uv":[4.6375,9.0125,4.8625,9.3625],"rotation":0,"texture":"#0","tintindex":0},"south":{"uv":[6.6375,9.1375,6.8625,9.4875],"rotation":0,"texture":"#0","tintindex":0},"up":{"uv":[6.8625,9.1125,6.6375,8.5125],"rotation":0,"texture":"#0","tintindex":0},"west":{"uv":[1.2625,6.0125,1.8625,6.3625],"rotation":0,"texture":"#0","tintindex":0}}},{"name":"cube","from":[5.6,8.190214,5.323469],"to":[10.4,10.590215,10.123468],"rotation":{"angle":0.0,"axis":"x","origin":[8.0,9.390215,7.723469]},"faces":{"down":{"uv":[1.9875,5.0125,1.0125,5.9875],"rotation":0,"texture":"#0","tintindex":0},"east":{"uv":[7.2625,3.0125,8.2375,3.4875],"rotation":0,"texture":"#0","tintindex":0},"north":{"uv":[5.8875,7.1375,6.8625,7.6125],"rotation":0,"texture":"#0","tintindex":0},"south":{"uv":[7.2625,4.7625,8.2375,5.2375],"rotation":0,"texture":"#0","tintindex":0},"up":{"uv":[0.9875,5.9875,0.0125,5.0125],"rotation":0,"texture":"#0","tintindex":0},"west":{"uv":[7.3875,0.0125,8.3625,0.4875],"rotation":0,"texture":"#0","tintindex":0}}},{"name":"cube","from":[9.8,6.9902143,7.723469],"to":[16.400002,11.190214,7.723469],"rotation":{"angle":-45.0,"axis":"y","origin":[9.8,9.090215,7.723469]},"faces":{"down":{"uv":[1.3625,0.0125,0.0125,0.0125],"rotation":0,"texture":"#0","tintindex":0},"east":{"uv":[0.0125,0.0125,0.0125,0.8625],"rotation":0,"texture":"#0","tintindex":0},"north":{"uv":[4.5125,2.0125,5.8625,2.8625],"rotation":0,"texture":"#0","tintindex":0},"south":{"uv":[4.5125,2.8875,5.8625,3.7375],"rotation":0,"texture":"#0","tintindex":0},"up":{"uv":[1.3625,0.0125,0.0125,0.0125],"rotation":0,"texture":"#0","tintindex":0},"west":{"uv":[0.0125,0.0125,0.0125,0.8625],"rotation":0,"texture":"#0","tintindex":0}}},{"name":"cube","from":[6.2,6.8,5.6],"to":[9.8,9.2,9.2],"rotation":{"angle":-22.5,"axis":"x","origin":[8.0,8.0,8.0]},"faces":{"down":{"uv":[1.4875,6.8875,0.7625,7.6125],"rotation":0,"texture":"#0","tintindex":0},"east":{"uv":[8.2625,1.0125,8.9875,1.4875],"rotation":0,"texture":"#0","tintindex":0},"north":{"uv":[8.2625,0.5125,8.9875,0.9875],"rotation":0,"texture":"#0","tintindex":0},"south":{"uv":[8.2625,1.5125,8.9875,1.9875],"rotation":0,"texture":"#0","tintindex":0},"up":{"uv":[7.2375,5.6125,6.5125,4.8875],"rotation":0,"texture":"#0","tintindex":0},"west":{"uv":[8.2625,2.7625,8.9875,3.2375],"rotation":0,"texture":"#0","tintindex":0}}},{"name":"cube","from":[5.6,10.566826,10.008894],"to":[10.4,10.566826,14.808894],"rotation":{"angle":-22.5,"axis":"x","origin":[8.0,10.866825,10.008894]},"faces":{"down":{"uv":[2.0125,5.3875,2.9875,6.3625],"rotation":0,"texture":"#0","tintindex":0},"east":{"uv":[0.0125,0.0125,0.9875,0.0125],"rotation":0,"texture":"#0","tintindex":0},"north":{"uv":[0.0125,0.0125,0.9875,0.0125],"rotation":0,"texture":"#0","tintindex":0},"south":{"uv":[0.0125,0.0125,0.9875,0.0125],"rotation":0,"texture":"#0","tintindex":0},"up":{"uv":[2.9875,6.3625,2.0125,5.3875],"rotation":0,"texture":"#0","tintindex":0},"west":{"uv":[0.0125,0.0125,0.9875,0.0125],"rotation":0,"texture":"#0","tintindex":0}}},{"name":"cube","from":[-0.40000033,6.9902143,7.723469],"to":[6.2,11.190214,7.723469],"rotation":{"angle":45.0,"axis":"y","origin":[6.2,9.090215,7.723469]},"faces":{"down":{"uv":[0.0125,0.0125,1.3625,0.0125],"rotation":0,"texture":"#0","tintindex":0},"east":{"uv":[0.0125,0.0125,0.0125,0.8625],"rotation":0,"texture":"#0","tintindex":0},"north":{"uv":[5.8625,2.0125,4.5125,2.8625],"rotation":0,"texture":"#0","tintindex":0},"south":{"uv":[5.8625,2.8875,4.5125,3.7375],"rotation":0,"texture":"#0","tintindex":0},"up":{"uv":[0.0125,0.0125,1.3625,0.0125],"rotation":0,"texture":"#0","tintindex":0},"west":{"uv":[0.0125,0.0125,0.0125,0.8625],"rotation":0,"texture":"#0","tintindex":0}}}],"display":{"head":{"translation":[0.0,-6.4,0.0],"rotation":[0.0,0.0,0.0],"scale":[3.8095,3.8095,3.8095]}}}