{"textures":{"0":"modelengine:entity/troll_voodoo"},"elements":[{"from":[7.428571,7.428571,7.428571],"to":[8.571428,8.571428,8.571428],"rotation":{"angle":0.0,"axis":"y","origin":[8.0,7.428571,8.0]},"faces":{"east":{"uv":[9.2625,4.3875,9.4875,4.6125],"rotation":0,"texture":"#0","tintindex":0},"south":{"uv":[4.8875,9.2625,5.1125,9.4875],"rotation":0,"texture":"#0","tintindex":0},"north":{"uv":[4.2625,9.2625,4.4875,9.4875],"rotation":0,"texture":"#0","tintindex":0},"west":{"uv":[5.8875,9.2625,6.1125,9.4875],"rotation":0,"texture":"#0","tintindex":0},"up":{"uv":[6.3625,9.4875,6.1375,9.2625],"rotation":0,"texture":"#0","tintindex":0},"down":{"uv":[6.6125,9.2625,6.3875,9.4875],"rotation":0,"texture":"#0","tintindex":0}}}],"display":{"head":{"translation":[0.0,-6.4,0.0],"scale":[4.0,4.0,4.0]}}}