{"textures":{"0":"modelengine:entity/troll_voodoo","1":"modelengine:entity/voodoo_staff"},"elements":[{"name":"cube","from":[5.8999996,1.9999998,6.2],"to":[8.9,8.6,9.8],"rotation":{"angle":0.0,"axis":"x","origin":[7.1,7.4,9.2]},"faces":{"down":{"uv":[2.0125,7.6375,2.6125,8.3625],"rotation":0,"texture":"#0","tintindex":0},"east":{"uv":[4.2375,4.7625,3.5125,6.1125],"rotation":0,"texture":"#0","tintindex":0},"north":{"uv":[6.4875,2.5125,5.8875,3.8625],"rotation":0,"texture":"#0","tintindex":0},"south":{"uv":[6.4875,3.8875,5.8875,5.2375],"rotation":0,"texture":"#0","tintindex":0},"up":{"uv":[1.3875,8.3625,1.9875,7.6375],"rotation":0,"texture":"#0","tintindex":0},"west":{"uv":[3.4875,4.0125,2.7625,5.3625],"rotation":0,"texture":"#0","tintindex":0}}},{"name":"cube","from":[6.5,1.312132,6.4849243],"to":[8.3,3.112132,8.884924],"rotation":{"angle":-45.0,"axis":"x","origin":[7.4,2.212132,7.684924]},"faces":{"down":{"uv":[8.8875,8.2625,9.2375,8.7375],"rotation":0,"texture":"#0","tintindex":0},"east":{"uv":[8.2375,4.3875,7.7625,4.7375],"rotation":0,"texture":"#0","tintindex":0},"north":{"uv":[4.2375,6.1375,3.8875,6.4875],"rotation":0,"texture":"#0","tintindex":0},"south":{"uv":[3.8625,7.0125,3.5125,7.3625],"rotation":0,"texture":"#0","tintindex":0},"up":{"uv":[8.7625,8.2375,9.1125,7.7625],"rotation":0,"texture":"#0","tintindex":0},"west":{"uv":[7.7375,3.5125,7.2625,3.8625],"rotation":0,"texture":"#0","tintindex":0}}}],"display":{"head":{"translation":[0.0,-6.4,0.0],"rotation":[0.0,0.0,0.0],"scale":[3.8095,3.8095,3.8095]}}}