{"textures":{"0":"modelengine:entity/troll_voodoo"},"elements":[{"from":[9.842978,5.051684,6.5714283],"to":[10.985835,6.7659693,9.428572],"rotation":{"angle":22.5,"axis":"z","origin":[9.557263,6.480255,7.714286]},"faces":{"east":{"uv":[9.3625,6.8875,8.7625,7.2375],"rotation":0,"texture":"#0","tintindex":0},"south":{"uv":[2.6125,9.2625,2.3875,9.6125],"rotation":0,"texture":"#0","tintindex":0},"north":{"uv":[2.3625,9.2625,2.1375,9.6125],"rotation":0,"texture":"#0","tintindex":0},"west":{"uv":[9.3625,6.5125,8.7625,6.8625],"rotation":0,"texture":"#0","tintindex":0},"up":{"uv":[9.0125,1.8625,9.2375,1.2625],"rotation":0,"texture":"#0","tintindex":0},"down":{"uv":[9.0125,2.7625,9.2375,3.3625],"rotation":0,"texture":"#0","tintindex":0}}},{"from":[9.842978,6.7659693,6.5714283],"to":[10.985835,7.908827,8.285714],"rotation":{"angle":22.5,"axis":"z","origin":[9.557263,6.480255,7.714286]},"faces":{"east":{"uv":[8.2375,2.7625,7.8875,2.9875],"rotation":0,"texture":"#0","tintindex":0},"south":{"uv":[7.1125,1.5125,6.8875,1.7375],"rotation":0,"texture":"#0","tintindex":0},"north":{"uv":[3.4875,2.0125,3.2625,2.2375],"rotation":0,"texture":"#0","tintindex":0},"west":{"uv":[5.8625,1.7625,5.5125,1.9875],"rotation":0,"texture":"#0","tintindex":0},"up":{"uv":[9.2625,3.1125,9.4875,2.7625],"rotation":0,"texture":"#0","tintindex":0},"down":{"uv":[9.2625,3.1375,9.4875,3.4875],"rotation":0,"texture":"#0","tintindex":0}}},{"from":[8.700121,5.051684,6.5714283],"to":[9.842978,8.480255,9.428572],"rotation":{"angle":22.5,"axis":"z","origin":[9.557263,6.480255,7.714286]},"faces":{"east":{"uv":[1.3625,7.6375,0.7625,8.3625],"rotation":0,"texture":"#0","tintindex":0},"south":{"uv":[4.8625,8.2625,4.6375,8.9875],"rotation":0,"texture":"#0","tintindex":0},"north":{"uv":[4.4875,4.7625,4.2625,5.4875],"rotation":0,"texture":"#0","tintindex":0},"west":{"uv":[4.8625,7.5125,4.2625,8.2375],"rotation":0,"texture":"#0","tintindex":0},"up":{"uv":[9.0125,3.9875,9.2375,3.3875],"rotation":0,"texture":"#0","tintindex":0},"down":{"uv":[9.0125,4.0125,9.2375,4.6125],"rotation":0,"texture":"#0","tintindex":0}}}],"display":{"head":{"translation":[0.0,-6.4,0.0],"scale":[4.0,4.0,4.0]}}}