{"textures":{"0":"modelengine:entity/troll_voodoo"},"elements":[{"from":[6.985835,3.9483156,4.5714283],"to":[9.271549,7.948316,8.0],"rotation":{"angle":0.0,"axis":"y","origin":[10.985835,5.948316,6.0]},"faces":{"east":{"uv":[6.5125,3.0125,7.2375,3.8625],"rotation":0,"texture":"#0","tintindex":0},"south":{"uv":[5.8875,7.6375,6.3625,8.4875],"rotation":0,"texture":"#0","tintindex":0},"north":{"uv":[7.6375,5.2625,8.1125,6.1125],"rotation":0,"texture":"#0","tintindex":0},"west":{"uv":[3.8875,6.5125,4.6125,7.3625],"rotation":0,"texture":"#0","tintindex":0},"up":{"uv":[3.4875,6.1125,3.0125,5.3875],"rotation":0,"texture":"#0","tintindex":0},"down":{"uv":[1.2375,8.3875,0.7625,9.1125],"rotation":0,"texture":"#0","tintindex":0}}},{"from":[7.5572634,-0.05168438,5.142857],"to":[9.271549,3.9483156,7.428571],"rotation":{"angle":0.0,"axis":"y","origin":[10.985835,1.9483161,6.0]},"faces":{"east":{"uv":[7.6375,6.1375,8.1125,6.9875],"rotation":0,"texture":"#0","tintindex":0},"south":{"uv":[8.3875,5.2625,8.7375,6.1125],"rotation":0,"texture":"#0","tintindex":0},"north":{"uv":[2.2625,8.3875,2.6125,9.2375],"rotation":0,"texture":"#0","tintindex":0},"west":{"uv":[6.3875,7.6375,6.8625,8.4875],"rotation":0,"texture":"#0","tintindex":0},"up":{"uv":[9.1125,7.7375,8.7625,7.2625],"rotation":0,"texture":"#0","tintindex":0},"down":{"uv":[7.9875,8.7625,7.6375,9.2375],"rotation":0,"texture":"#0","tintindex":0}}}],"display":{"head":{"translation":[0.0,-6.4,0.0],"scale":[4.0,4.0,4.0]}}}