{"textures":{"0":"modelengine:entity/troll_voodoo","1":"modelengine:entity/voodoo_staff"},"elements":[{"name":"cube","from":[6.9351263,3.7457318,4.3999996],"to":[9.335127,7.945732,8.0],"rotation":{"angle":0.0,"axis":"x","origin":[11.135126,5.8457317,5.8999996]},"faces":{"down":{"uv":[1.2375,8.3875,0.7625,9.1125],"rotation":0,"texture":"#0","tintindex":0},"east":{"uv":[6.5125,3.0125,7.2375,3.8625],"rotation":0,"texture":"#0","tintindex":0},"north":{"uv":[7.6375,5.2625,8.1125,6.1125],"rotation":0,"texture":"#0","tintindex":0},"south":{"uv":[5.8875,7.6375,6.3625,8.4875],"rotation":0,"texture":"#0","tintindex":0},"up":{"uv":[3.4875,6.1125,3.0125,5.3875],"rotation":0,"texture":"#0","tintindex":0},"west":{"uv":[3.8875,6.5125,4.6125,7.3625],"rotation":0,"texture":"#0","tintindex":0}}},{"name":"cube","from":[7.5351267,-0.45426822,5.0],"to":[9.335127,3.7457318,7.4],"rotation":{"angle":0.0,"axis":"x","origin":[11.135126,1.6457318,5.8999996]},"faces":{"down":{"uv":[7.9875,8.7625,7.6375,9.2375],"rotation":0,"texture":"#0","tintindex":0},"east":{"uv":[7.6375,6.1375,8.1125,6.9875],"rotation":0,"texture":"#0","tintindex":0},"north":{"uv":[2.2625,8.3875,2.6125,9.2375],"rotation":0,"texture":"#0","tintindex":0},"south":{"uv":[8.3875,5.2625,8.7375,6.1125],"rotation":0,"texture":"#0","tintindex":0},"up":{"uv":[9.1125,7.7375,8.7625,7.2625],"rotation":0,"texture":"#0","tintindex":0},"west":{"uv":[6.3875,7.6375,6.8625,8.4875],"rotation":0,"texture":"#0","tintindex":0}}}],"display":{"head":{"translation":[0.0,-6.4,0.0],"rotation":[0.0,0.0,0.0],"scale":[3.8095,3.8095,3.8095]}}}