{"textures":{"0":"modelengine:entity/troll_voodoo"},"elements":[{"from":[7.142857,2.2857141,6.285714],"to":[10.0,8.571428,9.714286],"rotation":{"angle":0.0,"axis":"y","origin":[8.857143,7.428571,9.142858]},"faces":{"east":{"uv":[2.7625,4.0125,3.4875,5.3625],"rotation":0,"texture":"#0","tintindex":0},"south":{"uv":[5.8875,3.8875,6.4875,5.2375],"rotation":0,"texture":"#0","tintindex":0},"north":{"uv":[5.8875,2.5125,6.4875,3.8625],"rotation":0,"texture":"#0","tintindex":0},"west":{"uv":[3.5125,4.7625,4.2375,6.1125],"rotation":0,"texture":"#0","tintindex":0},"up":{"uv":[1.9875,8.3625,1.3875,7.6375],"rotation":0,"texture":"#0","tintindex":0},"down":{"uv":[2.6125,7.6375,2.0125,8.3625],"rotation":0,"texture":"#0","tintindex":0}}},{"from":[7.714286,1.6306019,6.5570707],"to":[9.428572,3.3448877,8.842785],"rotation":{"angle":-45.0,"axis":"x","origin":[8.571428,2.4877448,7.699928]},"faces":{"east":{"uv":[7.2625,3.5125,7.7375,3.8625],"rotation":0,"texture":"#0","tintindex":0},"south":{"uv":[3.5125,7.0125,3.8625,7.3625],"rotation":0,"texture":"#0","tintindex":0},"north":{"uv":[3.8875,6.1375,4.2375,6.4875],"rotation":0,"texture":"#0","tintindex":0},"west":{"uv":[7.7625,4.3875,8.2375,4.7375],"rotation":0,"texture":"#0","tintindex":0},"up":{"uv":[9.1125,8.2375,8.7625,7.7625],"rotation":0,"texture":"#0","tintindex":0},"down":{"uv":[9.2375,8.2625,8.8875,8.7375],"rotation":0,"texture":"#0","tintindex":0}}}],"display":{"head":{"translation":[0.0,-6.4,0.0],"scale":[4.0,4.0,4.0]}}}