{"textures":{"0":"modelengine:entity/troll_voodoo"},"elements":[{"from":[4.8571424,6.857143,5.0],"to":[11.142858,6.857143,9.0],"rotation":{"angle":-22.5,"axis":"x","origin":[8.0,4.8571424,5.5714283]},"faces":{"east":{"uv":[0.0125,0.0125,0.8625,0.0125],"rotation":0,"texture":"#0","tintindex":0},"south":{"uv":[0.0125,0.0125,1.3625,0.0125],"rotation":0,"texture":"#0","tintindex":0},"north":{"uv":[0.0125,0.0125,1.3625,0.0125],"rotation":0,"texture":"#0","tintindex":0},"west":{"uv":[0.0125,0.0125,0.8625,0.0125],"rotation":0,"texture":"#0","tintindex":0},"up":{"uv":[6.1125,0.8625,4.7625,0.0125],"rotation":0,"texture":"#0","tintindex":0},"down":{"uv":[4.7625,0.0125,6.1125,0.8625],"rotation":0,"texture":"#0","tintindex":0}}}],"display":{"head":{"translation":[0.0,-6.4,0.0],"scale":[4.0,4.0,4.0]}}}