{"textures":{"0":"modelengine:entity/goblintek_coil"},"elements":[{"from":[4.0,-11.089287,3.7857141],"to":[12.571428,-8.5178585,12.357143],"rotation":{"angle":0.0,"axis":"y","origin":[8.285714,-14.5178585,8.071428]},"faces":{"east":{"uv":[8.275,0.025,10.725,0.725],"rotation":0,"texture":"#0","tintindex":0},"south":{"uv":[8.275,0.775,10.725,1.475],"rotation":0,"texture":"#0","tintindex":0},"north":{"uv":[7.275,7.775,9.725,8.475],"rotation":0,"texture":"#0","tintindex":0},"west":{"uv":[8.275,1.525,10.725,2.225],"rotation":0,"texture":"#0","tintindex":0},"up":{"uv":[2.475,2.475,0.025,0.025],"rotation":0,"texture":"#0","tintindex":0},"down":{"uv":[2.475,2.525,0.025,4.975],"rotation":0,"texture":"#0","tintindex":0}}},{"from":[4.0,-14.5178585,3.7857141],"to":[12.571428,-13.660715,12.357143],"rotation":{"angle":0.0,"axis":"y","origin":[8.285714,-14.5178585,8.071428]},"faces":{"east":{"uv":[11.275,10.775,13.725,10.975],"rotation":0,"texture":"#0","tintindex":0},"south":{"uv":[11.275,11.025,13.725,11.225],"rotation":0,"texture":"#0","tintindex":0},"north":{"uv":[10.775,2.025,13.225,2.225],"rotation":0,"texture":"#0","tintindex":0},"west":{"uv":[11.775,0.775,14.225,0.975],"rotation":0,"texture":"#0","tintindex":0},"up":{"uv":[4.975,2.475,2.525,0.025],"rotation":0,"texture":"#0","tintindex":0},"down":{"uv":[4.975,2.525,2.525,4.975],"rotation":0,"texture":"#0","tintindex":0}}},{"from":[10.857143,-13.660715,4.642857],"to":[11.714286,-7.660715,5.5],"rotation":{"angle":0.0,"axis":"y","origin":[8.285714,-14.5178585,8.071428]},"faces":{"east":{"uv":[6.025,11.275,6.225,12.975],"rotation":0,"texture":"#0","tintindex":0},"south":{"uv":[4.525,12.275,4.725,13.975],"rotation":0,"texture":"#0","tintindex":0},"north":{"uv":[2.025,7.275,2.225,8.975],"rotation":0,"texture":"#0","tintindex":0},"west":{"uv":[4.775,12.275,4.975,13.975],"rotation":0,"texture":"#0","tintindex":0},"up":{"uv":[6.225,4.475,6.025,4.275],"rotation":0,"texture":"#0","tintindex":0},"down":{"uv":[6.225,4.525,6.025,4.725],"rotation":0,"texture":"#0","tintindex":0}}},{"from":[4.8571424,-13.660715,4.642857],"to":[5.714286,-7.660715,5.5],"rotation":{"angle":0.0,"axis":"y","origin":[8.285714,-14.5178585,8.071428]},"faces":{"east":{"uv":[5.275,12.275,5.475,13.975],"rotation":0,"texture":"#0","tintindex":0},"south":{"uv":[12.275,5.275,12.475,6.975],"rotation":0,"texture":"#0","tintindex":0},"north":{"uv":[5.025,12.275,5.225,13.975],"rotation":0,"texture":"#0","tintindex":0},"west":{"uv":[5.525,12.275,5.725,13.975],"rotation":0,"texture":"#0","tintindex":0},"up":{"uv":[6.225,4.975,6.025,4.775],"rotation":0,"texture":"#0","tintindex":0},"down":{"uv":[7.225,2.275,7.025,2.475],"rotation":0,"texture":"#0","tintindex":0}}},{"from":[10.857143,-13.660715,10.642858],"to":[11.714286,-7.660715,11.5],"rotation":{"angle":0.0,"axis":"y","origin":[8.285714,-14.5178585,8.071428]},"faces":{"east":{"uv":[12.275,7.025,12.475,8.725],"rotation":0,"texture":"#0","tintindex":0},"south":{"uv":[12.275,11.275,12.475,12.975],"rotation":0,"texture":"#0","tintindex":0},"north":{"uv":[5.775,12.275,5.975,13.975],"rotation":0,"texture":"#0","tintindex":0},"west":{"uv":[11.775,12.275,11.975,13.975],"rotation":0,"texture":"#0","tintindex":0},"up":{"uv":[7.225,2.725,7.025,2.525],"rotation":0,"texture":"#0","tintindex":0},"down":{"uv":[8.475,2.275,8.275,2.475],"rotation":0,"texture":"#0","tintindex":0}}},{"from":[4.8571424,-13.660715,10.642858],"to":[5.714286,-7.660715,11.5],"rotation":{"angle":0.0,"axis":"y","origin":[8.285714,-14.5178585,8.071428]},"faces":{"east":{"uv":[12.525,5.275,12.725,6.975],"rotation":0,"texture":"#0","tintindex":0},"south":{"uv":[12.525,7.025,12.725,8.725],"rotation":0,"texture":"#0","tintindex":0},"north":{"uv":[12.025,12.275,12.225,13.975],"rotation":0,"texture":"#0","tintindex":0},"west":{"uv":[8.775,12.525,8.975,14.225],"rotation":0,"texture":"#0","tintindex":0},"up":{"uv":[8.475,2.725,8.275,2.525],"rotation":0,"texture":"#0","tintindex":0},"down":{"uv":[8.975,7.525,8.775,7.725],"rotation":0,"texture":"#0","tintindex":0}}},{"from":[6.5714283,-10.232143,6.357143],"to":[10.0,0.053571224,9.785714],"rotation":{"angle":0.0,"axis":"y","origin":[8.285714,-14.5178585,8.071428]},"faces":{"east":{"uv":[2.275,7.025,3.225,9.975],"rotation":0,"texture":"#0","tintindex":0},"south":{"uv":[3.275,7.025,4.225,9.975],"rotation":0,"texture":"#0","tintindex":0},"north":{"uv":[6.275,6.275,7.225,9.225],"rotation":0,"texture":"#0","tintindex":0},"west":{"uv":[4.275,7.025,5.225,9.975],"rotation":0,"texture":"#0","tintindex":0},"up":{"uv":[9.725,10.975,8.775,10.025],"rotation":0,"texture":"#0","tintindex":0},"down":{"uv":[11.725,0.025,10.775,0.975],"rotation":0,"texture":"#0","tintindex":0}}},{"from":[4.8571424,-1.6607151,4.642857],"to":[9.142858,0.053571224,6.357143],"rotation":{"angle":0.0,"axis":"y","origin":[8.285714,-14.5178585,8.071428]},"faces":{"east":{"uv":[8.275,5.775,8.725,6.225],"rotation":0,"texture":"#0","tintindex":0},"south":{"uv":[3.775,11.775,4.975,12.225],"rotation":0,"texture":"#0","tintindex":0},"north":{"uv":[2.525,11.775,3.725,12.225],"rotation":0,"texture":"#0","tintindex":0},"west":{"uv":[12.525,12.275,12.975,12.725],"rotation":0,"texture":"#0","tintindex":0},"up":{"uv":[12.975,4.225,11.775,3.775],"rotation":0,"texture":"#0","tintindex":0},"down":{"uv":[12.975,4.275,11.775,4.725],"rotation":0,"texture":"#0","tintindex":0}}},{"from":[4.8571424,-6.8035717,6.357143],"to":[6.5714283,0.053571224,8.071428],"rotation":{"angle":0.0,"axis":"y","origin":[8.285714,-14.5178585,8.071428]},"faces":{"east":{"uv":[10.775,7.275,11.225,9.225],"rotation":0,"texture":"#0","tintindex":0},"south":{"uv":[10.775,9.275,11.225,11.225],"rotation":0,"texture":"#0","tintindex":0},"north":{"uv":[10.775,5.275,11.225,7.225],"rotation":0,"texture":"#0","tintindex":0},"west":{"uv":[6.275,11.025,6.725,12.975],"rotation":0,"texture":"#0","tintindex":0},"up":{"uv":[13.225,0.475,12.775,0.025],"rotation":0,"texture":"#0","tintindex":0},"down":{"uv":[1.475,12.775,1.025,13.225],"rotation":0,"texture":"#0","tintindex":0}}},{"from":[4.8571424,-6.8035717,8.071428],"to":[6.5714283,-5.089286,11.5],"rotation":{"angle":0.0,"axis":"y","origin":[8.285714,-14.5178585,8.071428]},"faces":{"east":{"uv":[8.525,3.775,9.475,4.225],"rotation":0,"texture":"#0","tintindex":0},"south":{"uv":[1.525,12.775,1.975,13.225],"rotation":0,"texture":"#0","tintindex":0},"north":{"uv":[12.775,1.025,13.225,1.475],"rotation":0,"texture":"#0","tintindex":0},"west":{"uv":[11.775,4.775,12.725,5.225],"rotation":0,"texture":"#0","tintindex":0},"up":{"uv":[10.225,12.725,9.775,11.775],"rotation":0,"texture":"#0","tintindex":0},"down":{"uv":[10.725,11.775,10.275,12.725],"rotation":0,"texture":"#0","tintindex":0}}},{"from":[6.5714283,-6.8035717,9.785714],"to":[9.142858,-5.089286,11.5],"rotation":{"angle":0.0,"axis":"y","origin":[8.285714,-14.5178585,8.071428]},"faces":{"east":{"uv":[12.775,1.525,13.225,1.975],"rotation":0,"texture":"#0","tintindex":0},"south":{"uv":[12.525,2.275,13.225,2.725],"rotation":0,"texture":"#0","tintindex":0},"north":{"uv":[12.275,8.775,12.975,9.225],"rotation":0,"texture":"#0","tintindex":0},"west":{"uv":[2.025,12.775,2.475,13.225],"rotation":0,"texture":"#0","tintindex":0},"up":{"uv":[13.225,3.225,12.525,2.775],"rotation":0,"texture":"#0","tintindex":0},"down":{"uv":[9.725,12.525,9.025,12.975],"rotation":0,"texture":"#0","tintindex":0}}},{"from":[7.428571,-10.232143,9.785714],"to":[9.142858,-6.8035717,11.5],"rotation":{"angle":0.0,"axis":"y","origin":[8.285714,-14.5178585,8.071428]},"faces":{"east":{"uv":[11.275,11.775,11.725,12.725],"rotation":0,"texture":"#0","tintindex":0},"south":{"uv":[11.775,11.275,12.225,12.225],"rotation":0,"texture":"#0","tintindex":0},"north":{"uv":[10.775,11.775,11.225,12.725],"rotation":0,"texture":"#0","tintindex":0},"west":{"uv":[12.025,2.275,12.475,3.225],"rotation":0,"texture":"#0","tintindex":0},"up":{"uv":[2.975,13.225,2.525,12.775],"rotation":0,"texture":"#0","tintindex":0},"down":{"uv":[3.475,12.775,3.025,13.225],"rotation":0,