{"textures":{"0":"modelengine:entity/goblintek_coil"},"elements":[{"from":[6.9079876,16.481577,5.9116125],"to":[10.336559,25.910149,9.340184],"rotation":{"angle":0.0,"axis":"y","origin":[8.622273,-1.518424,7.625898]},"faces":{"east":{"uv":[0.025,7.275,0.975,9.975],"rotation":0,"texture":"#0","tintindex":0},"south":{"uv":[7.275,0.025,8.225,2.725],"rotation":0,"texture":"#0","tintindex":0},"north":{"uv":[5.275,7.025,6.225,9.725],"rotation":0,"texture":"#0","tintindex":0},"west":{"uv":[1.025,7.275,1.975,9.975],"rotation":0,"texture":"#0","tintindex":0},"up":{"uv":[9.725,11.975,8.775,11.025],"rotation":0,"texture":"#0","tintindex":0},"down":{"uv":[5.975,11.275,5.025,12.225],"rotation":0,"texture":"#0","tintindex":0}}},{"from":[7.7651305,15.6244335,5.054469],"to":[12.050845,20.767292,10.197327],"rotation":{"angle":-22.5,"axis":"z","origin":[8.622273,21.195862,7.625898]},"faces":{"east":{"uv":[7.025,2.775,8.475,4.225],"rotation":0,"texture":"#0","tintindex":0},"south":{"uv":[8.525,2.275,9.725,3.725],"rotation":0,"texture":"#0","tintindex":0},"north":{"uv":[8.275,4.275,9.475,5.725],"rotation":0,"texture":"#0","tintindex":0},"west":{"uv":[7.275,6.275,8.725,7.725],"rotation":0,"texture":"#0","tintindex":0},"up":{"uv":[8.475,9.975,7.275,8.525],"rotation":0,"texture":"#0","tintindex":0},"down":{"uv":[9.725,8.525,8.525,9.975],"rotation":0,"texture":"#0","tintindex":0}}},{"from":[4.336559,18.195862,6.3401837],"to":[7.7651305,23.338718,8.9116125],"rotation":{"angle":22.5,"axis":"z","origin":[8.622273,21.195862,8.054469]},"faces":{"east":{"uv":[7.275,10.025,7.975,11.475],"rotation":0,"texture":"#0","tintindex":0},"south":{"uv":[9.775,5.275,10.725,6.725],"rotation":0,"texture":"#0","tintindex":0},"north":{"uv":[5.275,9.775,6.225,11.225],"rotation":0,"texture":"#0","tintindex":0},"west":{"uv":[8.025,10.025,8.725,11.475],"rotation":0,"texture":"#0","tintindex":0},"up":{"uv":[5.975,4.975,5.025,4.275],"rotation":0,"texture":"#0","tintindex":0},"down":{"uv":[12.725,0.025,11.775,0.725],"rotation":0,"texture":"#0","tintindex":0}}},{"from":[6.0508447,16.481577,8.483041],"to":[9.479416,20.767292,11.9116125],"rotation":{"angle":22.5,"axis":"x","origin":[6.9079876,21.195862,11.05447]},"faces":{"east":{"uv":[2.025,10.025,2.975,11.225],"rotation":0,"texture":"#0","tintindex":0},"south":{"uv":[3.025,10.025,3.975,11.225],"rotation":0,"texture":"#0","tintindex":0},"north":{"uv":[1.025,10.025,1.975,11.225],"rotation":0,"texture":"#0","tintindex":0},"west":{"uv":[4.025,10.025,4.975,11.225],"rotation":0,"texture":"#0","tintindex":0},"up":{"uv":[12.225,6.225,11.275,5.275],"rotation":0,"texture":"#0","tintindex":0},"down":{"uv":[12.225,6.275,11.275,7.225],"rotation":0,"texture":"#0","tintindex":0}}},{"from":[4.336559,16.695862,4.1973267],"to":[12.050845,19.267292,11.9116125],"rotation":{"angle":0.0,"axis":"y","origin":[8.622273,22.267292,7.625898]},"faces":{"east":{"uv":[9.525,4.525,11.725,5.225],"rotation":0,"texture":"#0","tintindex":0},"south":{"uv":[9.775,2.275,11.975,2.975],"rotation":0,"texture":"#0","tintindex":0},"north":{"uv":[9.525,3.775,11.725,4.475],"rotation":0,"texture":"#0","tintindex":0},"west":{"uv":[9.775,3.025,11.975,3.725],"rotation":0,"texture":"#0","tintindex":0},"up":{"uv":[2.225,7.225,0.025,5.025],"rotation":0,"texture":"#0","tintindex":0},"down":{"uv":[7.225,0.025,5.025,2.225],"rotation":0,"texture":"#0","tintindex":0}}},{"from":[5.1937017,15.6244335,5.9116125],"to":[7.7651305,17.338718,9.340184],"rotation":{"angle":0.0,"axis":"y","origin":[8.622273,21.195862,7.625898]},"faces":{"east":{"uv":[2.525,12.275,3.475,12.725],"rotation":0,"texture":"#0","tintindex":0},"south":{"uv":[12.525,11.775,13.225,12.225],"rotation":0,"texture":"#0","tintindex":0},"north":{"uv":[12.525,11.275,13.225,11.725],"rotation":0,"texture":"#0","tintindex":0},"west":{"uv":[3.525,12.275,4.475,12.725],"rotation":0,"texture":"#0","tintindex":0},"up":{"uv":[1.725,12.725,1.025,11.775],"rotation":0,"texture":"#0","tintindex":0},"down":{"uv":[2.475,11.775,1.775,12.725],"rotation":0,"texture":"#0","tintindex":0}}}],"display":{"head":{"translation":[0.0,-6.4,0.0],"scale":[4.0,4.0,4.0]}}}