{"textures":{"0":"modelengine:entity/goblintek_coil"},"elements":[{"from":[7.5714283,18.973215,7.678571],"to":[8.428572,19.830357,8.535714],"rotation":{"angle":0.0,"axis":"y","origin":[7.5714283,18.973215,7.678571]},"faces":{"east":{"uv":[14.025,5.775,14.975,6.725],"rotation":0,"texture":"#0","tintindex":0},"south":{"uv":[14.025,5.775,14.975,6.725],"rotation":0,"texture":"#0","tintindex":0},"north":{"uv":[14.025,5.775,14.975,6.725],"rotation":0,"texture":"#0","tintindex":0},"west":{"uv":[14.025,5.775,14.975,6.725],"rotation":0,"texture":"#0","tintindex":0},"up":{"uv":[14.025,5.775,14.975,6.725],"rotation":0,"texture":"#0","tintindex":0},"down":{"uv":[14.025,5.775,14.975,6.725],"rotation":0,"texture":"#0","tintindex":0}}}],"display":{"head":{"translation":[0.0,-6.4,0.0],"scale":[4.0,4.0,4.0]}}}