{"textures":{"0":"modelengine:entity/zahar","1":"modelengine:entity/zahar_metal_gold"},"elements":[{"name":"cube","from":[6.0401554,4.4017944,3.7999997],"to":[9.640156,8.001795,8.0],"rotation":{"angle":0.0,"axis":"x","origin":[15.040156,17.001793,1.0999997]},"faces":{"down":{"uv":[10.4875,4.8875,9.7625,5.7375],"rotation":0,"texture":"#0","tintindex":0},"east":{"uv":[2.2625,9.7625,3.1125,10.4875],"rotation":0,"texture":"#0","tintindex":0},"north":{"uv":[10.3875,8.8875,11.1125,9.6125],"rotation":0,"texture":"#0","tintindex":0},"south":{"uv":[0.5125,10.5125,1.2375,11.2375],"rotation":0,"texture":"#0","tintindex":0},"up":{"uv":[10.4875,4.8625,9.7625,4.0125],"rotation":0,"texture":"#0","tintindex":0},"west":{"uv":[9.7625,3.2625,10.6125,3.9875],"rotation":0,"texture":"#0","tintindex":0}}},{"name":"cube","from":[6.0401554,0.20179415,4.3999996],"to":[9.040155,4.4017944,8.0],"rotation":{"angle":0.0,"axis":"x","origin":[15.040156,15.801794,1.0999997]},"faces":{"down":{"uv":[6.2375,11.1375,5.6375,11.8625],"rotation":0,"texture":"#0","tintindex":0},"east":{"uv":[8.0125,9.7625,8.7375,10.6125],"rotation":0,"texture":"#0","tintindex":0},"north":{"uv":[10.8875,10.5125,11.4875,11.3625],"rotation":0,"texture":"#0","tintindex":0},"south":{"uv":[11.0125,5.7625,11.6125,6.6125],"rotation":0,"texture":"#0","tintindex":0},"up":{"uv":[11.7375,5.3625,11.1375,4.6375],"rotation":0,"texture":"#0","tintindex":0},"west":{"uv":[8.7625,9.7625,9.4875,10.6125],"rotation":0,"texture":"#0","tintindex":0}}},{"name":"cube","from":[7.8401556,-0.2417252,3.5305905],"to":[9.640156,1.558275,4.1305904],"rotation":{"angle":0.0,"axis":"x","origin":[12.340156,-10.741726,-20.76941]},"faces":{"down":{"uv":[5.8875,6.6125,6.2375,6.5125],"rotation":0,"texture":"#0","tintindex":0},"east":{"uv":[3.6375,1.7375,3.9875,1.6375],"rotation":270,"texture":"#0","tintindex":0},"north":{"uv":[0.0125,12.8625,0.3625,12.5125],"rotation":0,"texture":"#0","tintindex":0},"south":{"uv":[12.5125,0.0125,12.8625,0.3625],"rotation":180,"texture":"#0","tintindex":0},"up":{"uv":[3.2625,1.7375,3.6125,1.6375],"rotation":180,"texture":"#0","tintindex":0},"west":{"uv":[7.0125,1.2375,7.3625,1.1375],"rotation":90,"texture":"#0","tintindex":0}}},{"name":"cube","from":[8.140156,0.058274984,4.1305904],"to":[9.340157,1.2582749,5.9305906],"rotation":{"angle":0.0,"axis":"x","origin":[12.340156,-10.741726,-20.76941]},"faces":{"down":{"uv":[12.7625,4.7375,12.9875,4.3875],"rotation":0,"texture":"#0","tintindex":0},"east":{"uv":[12.7625,4.3625,12.9875,4.0125],"rotation":270,"texture":"#0","tintindex":0},"north":{"uv":[12.7625,12.7375,12.9875,12.5125],"rotation":0,"texture":"#0","tintindex":0},"south":{"uv":[12.7625,12.7625,12.9875,12.9875],"rotation":180,"texture":"#0","tintindex":0},"up":{"uv":[12.7625,3.9875,12.9875,3.6375],"rotation":180,"texture":"#0","tintindex":0},"west":{"uv":[12.7625,5.1125,12.9875,4.7625],"rotation":90,"texture":"#0","tintindex":0}}},{"name":"cube","from":[7.2401557,-0.84172535,5.9305906],"to":[10.240156,2.1582751,8.930592],"rotation":{"angle":0.0,"axis":"x","origin":[12.340156,-10.741726,-20.76941]},"faces":{"down":{"uv":[11.5125,8.6125,12.1125,8.0125],"rotation":0,"texture":"#0","tintindex":0},"east":{"uv":[7.0125,12.1125,7.6125,11.5125],"rotation":270,"texture":"#0","tintindex":0},"north":{"uv":[9.2625,12.1125,9.8625,11.5125],"rotation":0,"texture":"#0","tintindex":0},"south":{"uv":[11.5125,10.3875,12.1125,10.9875],"rotation":180,"texture":"#0","tintindex":0},"up":{"uv":[11.5125,3.4875,12.1125,2.8875],"rotation":180,"texture":"#0","tintindex":0},"west":{"uv":[8.6375,12.1125,9.2375,11.5125],"rotation":90,"texture":"#0","tintindex":0}}},{"name":"cube","from":[6.5,-1.5100007,4.46],"to":[9.5,0.8899994,7.9399996],"rotation":{"angle":22.5,"axis":"z","origin":[8.0,-0.6100006,6.2]},"faces":{"down":{"uv":[11.8625,0.0125,11.2625,0.7375],"rotation":0,"texture":"#0","tintindex":0},"east":{"uv":[2.8875,11.7625,3.6125,12.2375],"rotation":0,"texture":"#0","tintindex":0},"north":{"uv":[5.6375,11.8875,6.2375,12.3625],"rotation":0,"texture":"#0","tintindex":0},"south":{"uv":[8.0125,11.8875,8.6125,12.3625],"rotation":0,"texture":"#0","tintindex":0},"up":{"uv":[11.7375,9.3625,11.1375,8.6375],"rotation":0,"texture":"#0","tintindex":0},"west":{"uv":[11.7625,3.8875,12.4875,4.3625],"rotation":0,"texture":"#0","tintindex":0}}},{"name":"cube","from":[8.9,-0.31000066,4.3999996],"to":[10.1,0.8899994,6.2],"rotation":{"angle":22.5,"axis":"z","origin":[8.0,-0.6100006,6.2]},"faces":{"down":{"uv":[12.9875,3.2625,12.7625,3.6125],"rotation":0,"texture":"#0","tintindex":0},"east":{"uv":[2.8875,12.7625,3.2375,12.9875],"rotation":0,"texture":"#0","tintindex":0},"north":{"uv":[12.7625,12.0125,12.9875,12.2375],"rotation":0,"texture":"#0","tintindex":0},"south":{"uv":[12.7625,12.2625,12.9875,12.4875],"rotation":0,"texture":"#0","tintindex":0},"up":{"uv":[3.4875,13.1125,3.2625,12.7625],"rotation":0,"texture":"#0","tintindex":0},"west":{"uv":[12.7625,3.0125,13.1125,3.2375],"rotation":0,"texture":"#0","tintindex":0}}}],"display":{"head":{"translation":[0.0,-6.4,0.0],"rotation":[0.0,0.0,0.0],"scale":[3.8095,3.8095,3.8095]}}}
