{"textures":{"0":"modelengine:entity/zahar"},"elements":[{"from":[8.0,1.7142854,4.285714],"to":[11.428572,9.714286,11.714286],"rotation":{"angle":0.0,"axis":"y","origin":[4.5714283,16.57143,6.285714]},"faces":{"east":{"uv":[0.7625,14.275,2.3625,15.9875],"rotation":0,"texture":"#0","tintindex":0},"south":{"uv":[0.725,14.275,0.0125,15.9875],"rotation":0,"texture":"#0","tintindex":0},"north":{"uv":[0.0125,14.275,0.725,15.9875],"rotation":0,"texture":"#0","tintindex":0},"west":{"uv":[2.3875,14.275,3.9875,15.9875],"rotation":0,"texture":"#0","tintindex":0},"up":{"uv":[4.7375,15.9875,4.0125,14.525],"rotation":0,"texture":"#0","tintindex":0},"down":{"uv":[5.4875,14.525,4.7625,15.9875],"rotation":0,"texture":"#0","tintindex":0}}},{"from":[8.0,9.714286,4.285714],"to":[8.285714,12.571428,11.714286],"rotation":{"angle":22.5,"axis":"z","origin":[8.0,9.714286,8.0]},"faces":{"east":{"uv":[1.6375,0.0125,3.1375,0.6125],"rotation":0,"texture":"#0","tintindex":0},"south":{"uv":[0.0125,6.3875,0.075,7.0125],"rotation":0,"texture":"#0","tintindex":0},"north":{"uv":[0.0125,6.3875,0.075,7.0125],"rotation":0,"texture":"#0","tintindex":0},"west":{"uv":[6.0125,6.6375,6.6375,8.2375],"rotation":270,"texture":"#0","tintindex":0},"up":{"uv":[6.325,8.2375,6.2625,6.6375],"rotation":0,"texture":"#0","tintindex":0},"down":{"uv":[6.6375,6.6375,6.7,8.2375],"rotation":0,"texture":"#0","tintindex":0}}},{"from":[8.285714,12.285715,4.285714],"to":[10.285714,12.571428,11.714286],"rotation":{"angle":22.5,"axis":"z","origin":[8.0,9.714286,8.0]},"faces":{"east":{"uv":[0.0125,0.0125,1.6125,0.075],"rotation":0,"texture":"#0","tintindex":0},"south":{"uv":[0.4875,6.3875,0.0125,6.45],"rotation":0,"texture":"#0","tintindex":0},"north":{"uv":[0.0125,6.3875,0.4875,6.45],"rotation":0,"texture":"#0","tintindex":0},"west":{"uv":[1.6375,0.0125,3.2625,0.075],"rotation":0,"texture":"#0","tintindex":0},"up":{"uv":[1.6125,0.4875,0.0125,0.0125],"rotation":90,"texture":"#0","tintindex":0},"down":{"uv":[7.1375,6.6375,6.6375,8.2375],"rotation":0,"texture":"#0","tintindex":0}}}],"display":{"head":{"translation":[0.0,-6.4,0.0],"scale":[4.0,4.0,4.0]}}}