{"textures":{"0":"modelengine:entity/red_hero_display"},"elements":[{"from":[4.149371,7.920243,3.567957],"to":[11.843086,15.176815,11.261672],"rotation":{"angle":0.0,"axis":"y","origin":[7.9962287,11.064565,8.944815]},"faces":{"east":{"uv":[1.125,9.125,2.25,10.1875],"rotation":0,"texture":"#0","tintindex":0},"south":{"uv":[0.0,10.25,1.125,11.3125],"rotation":0,"texture":"#0","tintindex":0},"north":{"uv":[1.125,8.0,2.25,9.0625],"rotation":0,"texture":"#0","tintindex":0},"west":{"uv":[2.25,8.0,3.375,9.0625],"rotation":0,"texture":"#0","tintindex":0},"up":{"uv":[1.125,9.125,0.0,8.0],"rotation":0,"texture":"#0","tintindex":0},"down":{"uv":[1.125,9.125,0.0,10.25],"rotation":0,"texture":"#0","tintindex":0}}},{"from":[4.721943,8.811671,8.8051],"to":[11.2705145,14.754671,13.001672],"rotation":{"angle":0.0,"axis":"y","origin":[7.9962287,11.064565,8.944815]},"faces":{"east":{"uv":[3.25,9.125,3.875,10.0],"rotation":0,"texture":"#0","tintindex":0},"south":{"uv":[2.25,9.125,3.1875,10.0],"rotation":0,"texture":"#0","tintindex":0},"north":{"uv":[1.125,10.25,2.0625,11.125],"rotation":0,"texture":"#0","tintindex":0},"west":{"uv":[2.0,11.25,2.625,12.125],"rotation":0,"texture":"#0","tintindex":0},"up":{"uv":[3.1875,10.625,2.25,10.0],"rotation":0,"texture":"#0","tintindex":0},"down":{"uv":[3.0625,10.625,2.125,11.25],"rotation":0,"texture":"#0","tintindex":0}}},{"from":[5.2662287,6.945243,8.357028],"to":[10.726229,9.5681,12.7284565],"rotation":{"angle":0.0,"axis":"y","origin":[7.9962287,11.064565,8.944815]},"faces":{"east":{"uv":[0.875,11.875,1.5,12.25],"rotation":0,"texture":"#0","tintindex":0},"south":{"uv":[3.5,11.75,4.3125,12.125],"rotation":0,"texture":"#0","tintindex":0},"north":{"uv":[2.625,11.75,3.4375,12.125],"rotation":0,"texture":"#0","tintindex":0},"west":{"uv":[3.875,9.125,4.5,9.5],"rotation":0,"texture":"#0","tintindex":0},"up":{"uv":[4.0625,10.625,3.25,10.0],"rotation":0,"texture":"#0","tintindex":0},"down":{"uv":[0.8125,11.375,0.0,12.0],"rotation":0,"texture":"#0","tintindex":0}}},{"from":[3.7208,10.2881,5.2616715],"to":[12.292229,12.8595295,7.8331003],"rotation":{"angle":0.0,"axis":"y","origin":[7.9962287,11.064565,8.944815]},"faces":{"east":{"uv":[3.875,11.375,4.25,11.75],"rotation":0,"texture":"#0","tintindex":0},"south":{"uv":[3.375,8.375,4.625,8.75],"rotation":0,"texture":"#0","tintindex":0},"north":{"uv":[3.375,8.0,4.625,8.375],"rotation":0,"texture":"#0","tintindex":0},"west":{"uv":[0.0,12.0,0.375,12.375],"rotation":0,"texture":"#0","tintindex":0},"up":{"uv":[4.625,9.125,3.375,8.75],"rotation":0,"texture":"#0","tintindex":0},"down":{"uv":[3.875,11.375,2.625,11.75],"rotation":0,"texture":"#0","tintindex":0}}},{"from":[5.327943,10.0631,2.8929572],"to":[10.685086,14.777386,4.607243],"rotation":{"angle":0.0,"axis":"y","origin":[7.9962287,11.064565,8.944815]},"faces":{"east":{"uv":[1.5,11.875,1.75,12.5625],"rotation":0,"texture":"#0","tintindex":0},"south":{"uv":[3.125,10.625,3.9375,11.3125],"rotation":0,"texture":"#0","tintindex":0},"north":{"uv":[1.125,11.125,1.9375,11.8125],"rotation":0,"texture":"#0","tintindex":0},"west":{"uv":[1.75,11.875,2.0,12.5625],"rotation":0,"texture":"#0","tintindex":0},"up":{"uv":[4.6875,9.75,3.875,9.5],"rotation":0,"texture":"#0","tintindex":0},"down":{"uv":[4.6875,9.75,3.875,10.0],"rotation":0,"texture":"#0","tintindex":0}}}],"display":{"head":{"translation":[0.0,-6.4,0.0],"scale":[4.0,4.0,4.0]}}}