{"textures":{"0":"modelengine:entity/bear"},"elements":[{"from":[4.8571424,6.787817,0.5021019],"to":[11.142858,6.787817,3.930674],"rotation":{"angle":-45.0,"axis":"x","origin":[8.0,6.787817,2.2163877]},"faces":{"east":{"uv":[0.0,0.0,0.375,0.0],"rotation":0,"texture":"#0","tintindex":0},"south":{"uv":[0.0,0.0,0.6875,0.0],"rotation":0,"texture":"#0","tintindex":0},"north":{"uv":[0.0,0.0,0.6875,0.0],"rotation":0,"texture":"#0","tintindex":0},"west":{"uv":[0.0,0.0,0.375,0.0],"rotation":0,"texture":"#0","tintindex":0},"up":{"uv":[7.6875,5.0625,7.0,4.6875],"rotation":0,"texture":"#0","tintindex":0},"down":{"uv":[7.6875,4.6875,7.0,5.0625],"rotation":0,"texture":"#0","tintindex":0}}},{"from":[4.8571424,4.5714283,3.4285712],"to":[11.142858,8.0,9.142858],"rotation":{"angle":0.0,"axis":"y","origin":[8.0,6.0,12.857143]},"faces":{"east":{"uv":[7.5625,1.4375,8.1875,1.8125],"rotation":0,"texture":"#0","tintindex":0},"south":{"uv":[7.3125,3.9375,8.0,4.3125],"rotation":0,"texture":"#0","tintindex":0},"north":{"uv":[7.3125,3.5625,8.0,3.9375],"rotation":0,"texture":"#0","tintindex":0},"west":{"uv":[7.5625,5.0625,8.1875,5.4375],"rotation":0,"texture":"#0","tintindex":0},"up":{"uv":[6.8125,4.5,6.125,3.875],"rotation":0,"texture":"#0","tintindex":0},"down":{"uv":[6.875,5.125,6.1875,5.75],"rotation":0,"texture":"#0","tintindex":0}}},{"from":[8.0,2.8571424,2.2857141],"to":[8.0,6.285714,5.142857],"rotation":{"angle":0.0,"axis":"y","origin":[10.0,4.5714283,3.7142854]},"faces":{"east":{"uv":[8.125,6.3125,7.8125,6.6875],"rotation":0,"texture":"#0","tintindex":0},"south":{"uv":[0.0,0.0,0.0,0.375],"rotation":0,"texture":"#0","tintindex":0},"north":{"uv":[0.0,0.0,0.0,0.375],"rotation":0,"texture":"#0","tintindex":0},"west":{"uv":[7.8125,6.3125,8.125,6.6875],"rotation":0,"texture":"#0","tintindex":0},"up":{"uv":[0.0,0.3125,0.0,0.0],"rotation":0,"texture":"#0","tintindex":0},"down":{"uv":[0.0,0.0,0.0,0.3125],"rotation":0,"texture":"#0","tintindex":0}}},{"from":[6.285714,2.8571424,2.2857141],"to":[6.285714,6.285714,5.142857],"rotation":{"angle":22.5,"axis":"y","origin":[6.285714,4.5714283,3.7142854]},"faces":{"east":{"uv":[8.125,6.3125,7.8125,6.6875],"rotation":0,"texture":"#0","tintindex":0},"south":{"uv":[0.0,0.0,0.0,0.375],"rotation":0,"texture":"#0","tintindex":0},"north":{"uv":[0.0,0.0,0.0,0.375],"rotation":0,"texture":"#0","tintindex":0},"west":{"uv":[7.8125,6.3125,8.125,6.6875],"rotation":0,"texture":"#0","tintindex":0},"up":{"uv":[0.0,0.3125,0.0,0.0],"rotation":0,"texture":"#0","tintindex":0},"down":{"uv":[0.0,0.0,0.0,0.3125],"rotation":0,"texture":"#0","tintindex":0}}},{"from":[9.714286,2.8571424,2.2857141],"to":[9.714286,6.285714,5.142857],"rotation":{"angle":-22.5,"axis":"y","origin":[10.0,4.5714283,3.7142854]},"faces":{"east":{"uv":[8.125,6.3125,7.8125,6.6875],"rotation":0,"texture":"#0","tintindex":0},"south":{"uv":[0.0,0.0,0.0,0.375],"rotation":0,"texture":"#0","tintindex":0},"north":{"uv":[0.0,0.0,0.0,0.375],"rotation":0,"texture":"#0","tintindex":0},"west":{"uv":[7.8125,6.3125,8.125,6.6875],"rotation":0,"texture":"#0","tintindex":0},"up":{"uv":[0.0,0.3125,0.0,0.0],"rotation":0,"texture":"#0","tintindex":0},"down":{"uv":[0.0,0.0,0.0,0.3125],"rotation":0,"texture":"#0","tintindex":0}}}],"display":{"head":{"translation":[0.0,-6.4,0.0],"scale":[4.0,4.0,4.0]}}}