{"textures":{"0":"modelengine:entity/fortress_turtle"},"elements":[{"name":"cube","from":[4.0249996,1.3999997,3.1999998],"to":[28.625,12.8,12.8],"rotation":{"angle":0.0,"axis":"x","origin":[-5.575001,15.8,1.9999998]},"faces":{"down":{"uv":[4.909375,6.253125,6.184375,6.746875],"rotation":0,"texture":"#0","tintindex":0},"east":{"uv":[7.278125,8.534375,6.784375,9.121875],"rotation":0,"texture":"#0","tintindex":0},"north":{"uv":[2.059375,5.346875,0.784375,5.934375],"rotation":0,"texture":"#0","tintindex":0},"south":{"uv":[3.340625,5.721875,2.065625,6.309375],"rotation":0,"texture":"#0","tintindex":0},"up":{"uv":[0.596875,6.434375,1.871875,5.940625],"rotation":0,"texture":"#0","tintindex":0},"west":{"uv":[6.778125,8.534375,6.284375,9.121875],"rotation":0,"texture":"#0","tintindex":0}}}],"display":{"head":{"translation":[0.0,-6.4,0.0],"rotation":[0.0,0.0,0.0],"scale":[3.8095,3.8095,3.8095]}}}