{"textures":{"0":"modelengine:entity/fortress_turtle"},"elements":[{"from":[-11.6428585,1.7142854,3.4285712],"to":[11.785714,12.571428,12.571428],"rotation":{"angle":0.0,"axis":"y","origin":[20.928572,15.428572,2.2857141]},"faces":{"east":{"uv":[6.284375,8.534375,6.778125,9.121875],"rotation":0,"texture":"#0","tintindex":0},"south":{"uv":[2.065625,5.721875,3.340625,6.309375],"rotation":0,"texture":"#0","tintindex":0},"north":{"uv":[0.784375,5.346875,2.059375,5.934375],"rotation":0,"texture":"#0","tintindex":0},"west":{"uv":[6.784375,8.534375,7.278125,9.121875],"rotation":0,"texture":"#0","tintindex":0},"up":{"uv":[1.871875,6.434375,0.596875,5.940625],"rotation":0,"texture":"#0","tintindex":0},"down":{"uv":[6.184375,6.253125,4.909375,6.746875],"rotation":0,"texture":"#0","tintindex":0}}}],"display":{"head":{"translation":[0.0,-6.4,0.0],"scale":[4.0,4.0,4.0]}}}