{"textures":{"0":"modelengine:entity/fortress_turtle"},"elements":[{"name":"cube","from":[0.19034266,6.8,-7.1858387],"to":[4.9903426,13.400001,3.0141616],"rotation":{"angle":-22.5,"axis":"y","origin":[3.1903427,11.0,-1.4858389]},"faces":{"down":{"uv":[0.528125,8.284375,0.284375,8.809375],"rotation":0,"texture":"#0","tintindex":0},"east":{"uv":[9.284375,4.784375,9.809375,5.121875],"rotation":0,"texture":"#0","tintindex":0},"north":{"uv":[3.628125,9.784375,3.871875,10.121875],"rotation":0,"texture":"#0","tintindex":0},"south":{"uv":[4.878125,9.784375,5.121875,10.121875],"rotation":0,"texture":"#0","tintindex":0},"up":{"uv":[6.121875,7.278125,5.878125,6.753125],"rotation":0,"texture":"#0","tintindex":0},"west":{"uv":[8.690625,9.284375,9.215625,9.621875],"rotation":0,"texture":"#0","tintindex":0}}},{"name":"cube","from":[-0.40965748,11.6,-7.785839],"to":[4.9903426,15.8,1.2141614],"rotation":{"angle":-22.5,"axis":"y","origin":[3.1903427,11.0,-1.4858389]},"faces":{"down":{"uv":[11.815625,0.503125,11.534375,0.971875],"rotation":0,"texture":"#0","tintindex":0},"east":{"uv":[10.940625,0.003125,11.409375,0.221875],"rotation":0,"texture":"#0","tintindex":0},"north":{"uv":[11.221875,0.503125,11.503125,0.721875],"rotation":0,"texture":"#0","tintindex":0},"south":{"uv":[11.409375,0.003125,11.690625,0.221875],"rotation":0,"texture":"#0","tintindex":0},"up":{"uv":[11.221875,0.690625,10.940625,0.221875],"rotation":0,"texture":"#0","tintindex":0},"west":{"uv":[11.253125,0.253125,11.721875,0.471875],"rotation":0,"texture":"#0","tintindex":0}}},{"name":"cube","from":[10.990343,11.6,-7.785839],"to":[16.390343,15.8,1.2141614],"rotation":{"angle":22.5,"axis":"y","origin":[12.790343,11.0,-1.4858389]},"faces":{"down":{"uv":[11.534375,0.503125,11.815625,0.971875],"rotation":0,"texture":"#0","tintindex":0},"east":{"uv":[11.721875,0.253125,11.253125,0.471875],"rotation":0,"texture":"#0","tintindex":0},"north":{"uv":[11.503125,0.503125,11.221875,0.721875],"rotation":0,"texture":"#0","tintindex":0},"south":{"uv":[11.690625,0.003125,11.409375,0.215625],"rotation":0,"texture":"#0","tintindex":0},"up":{"uv":[10.940625,0.684375,11.221875,0.221875],"rotation":0,"texture":"#0","tintindex":0},"west":{"uv":[11.409375,0.003125,10.940625,0.215625],"rotation":0,"texture":"#0","tintindex":0}}},{"name":"cube","from":[10.990343,6.8,-7.1858387],"to":[15.790344,13.400001,3.0141616],"rotation":{"angle":22.5,"axis":"y","origin":[12.790343,11.0,-1.4858389]},"faces":{"down":{"uv":[0.284375,8.284375,0.528125,8.809375],"rotation":0,"texture":"#0","tintindex":0},"east":{"uv":[9.215625,9.284375,8.690625,9.621875],"rotation":0,"texture":"#0","tintindex":0},"north":{"uv":[3.871875,9.784375,3.628125,10.121875],"rotation":0,"texture":"#0","tintindex":0},"south":{"uv":[5.121875,9.784375,4.878125,10.121875],"rotation":0,"texture":"#0","tintindex":0},"up":{"uv":[5.878125,7.278125,6.121875,6.753125],"rotation":0,"texture":"#0","tintindex":0},"west":{"uv":[9.809375,4.784375,9.284375,5.121875],"rotation":0,"texture":"#0","tintindex":0}}},{"name":"cube","from":[2.6,5.6,-7.9000006],"to":[13.400001,13.400001,4.1],"rotation":{"angle":0.0,"axis":"x","origin":[5.6,11.0,-2.2000003]},"faces":{"down":{"uv":[8.778125,6.128125,8.221875,6.746875],"rotation":0,"texture":"#0","tintindex":0},"east":{"uv":[8.784375,7.940625,9.403125,8.340625],"rotation":0,"texture":"#0","tintindex":0},"north":{"uv":[9.003125,0.003125,9.559375,0.403125],"rotation":0,"texture":"#0","tintindex":0},"south":{"uv":[9.003125,8.878125,9.559375,9.278125],"rotation":0,"texture":"#0","tintindex":0},"up":{"uv":[2.809375,8.809375,2.253125,8.190625],"rotation":0,"texture":"#0","tintindex":0},"west":{"uv":[0.284375,8.815625,0.903125,9.215625],"rotation":0,"texture":"#0","tintindex":0}}},{"name":"cube","from":[2.5806856,8.3077755,-6.8870935],"to":[13.380686,16.107773,4.512907],"rotation":{"angle":-22.5,"axis":"x","origin":[7.3806863,12.207775,-0.5870929]},"faces":{"down":{"uv":[7.840625,8.253125,7.284375,8.840625],"rotation":0,"texture":"#0","tintindex":0},"east":{"uv":[5.878125,3.315625,6.465625,3.715625],"rotation":0,"texture":"#0","tintindex":0},"north":{"uv":[9.096875,6.565625,9.653125,6.965625],"rotation":0,"texture":"#0","tintindex":0},"south":{"uv":[9.128125,3.221875,9.684375,3.621875],"rotation":0,"texture":"#0","tintindex":0},"up":{"uv":[8.809375,4.871875,8.253125,4.284375],"rotation":0,"texture":"#0","tintindex":0},"west":{"uv":[8.409375,8.878125,8.996875,9.278125],"rotation":0,"texture":"#0","tintindex":0}}},{"name":"cube","from":[1.3999997,-1.0000005,4.1],"to":[14.6,14.0,11.3],"rotation":{"angle":0.0,"axis":"x","origin":[5.6,11.0,9.8]},"faces":{"down":{"uv":[9.465625,6.190625,8.784375,6.559375],"rotation":0,"texture":"#0","tintindex":0},"east":{"uv":[8.565625,7.159375,8.934375,7.934375],"rotation":0,"texture":"#0","tintindex":0},"north":{"uv":[6.534375,5.409375,7.215625,6.184375],"rotation":0,"texture":"#0","tintindex":0},"south":{"uv":[3.628125,6.565625,4.309375,7.340625],"rotation":0,"texture":"#0","tintindex":0},"up":{"uv":[9.465625,6.184375,8.784375,5.815625],"rotation":0,"texture":"#0","tintindex":0},"west":{"uv":[8.628125,0.003125,8.996875,0.778125],"rotation":0,"texture":"#0","tintindex":0}}}],"display":{"head":{"translation":[0.0,-6.4,0.0],"rotation":[0.0,0.0,0.0],"scale":[3.8095,3.8095,3.8095]}}}