{"textures":{"0":"modelengine:entity/fortress_turtle"},"elements":[{"name":"cube","from":[1.9999998,0.7999997,-3.999998],"to":[12.8,14.6,8.0],"rotation":{"angle":0.0,"axis":"x","origin":[5.0,12.8,1.6999998]},"faces":{"down":{"uv":[1.653125,8.190625,1.096875,8.809375],"rotation":0,"texture":"#0","tintindex":0},"east":{"uv":[6.846875,4.034375,7.465625,4.746875],"rotation":0,"texture":"#0","tintindex":0},"north":{"uv":[1.128125,7.471875,1.684375,8.184375],"rotation":0,"texture":"#0","tintindex":0},"south":{"uv":[2.284375,7.471875,2.840625,8.184375],"rotation":0,"texture":"#0","tintindex":0},"up":{"uv":[1.090625,8.809375,0.534375,8.190625],"rotation":0,"texture":"#0","tintindex":0},"west":{"uv":[6.971875,6.690625,7.590625,7.403125],"rotation":0,"texture":"#0","tintindex":0}}},{"name":"cube","from":[7.4,14.6,-8.799998],"to":[7.4,18.2,8.0],"rotation":{"angle":0.0,"axis":"x","origin":[5.0,12.8,1.6999998]},"faces":{"down":{"uv":[1.096875,8.190625,1.096875,9.065625],"rotation":0,"texture":"#0","tintindex":0},"east":{"uv":[12.221875,3.721875,11.346875,3.909375],"rotation":0,"texture":"#0","tintindex":0},"north":{"uv":[1.128125,7.471875,1.128125,7.659375],"rotation":0,"texture":"#0","tintindex":0},"south":{"uv":[2.284375,7.471875,2.284375,7.659375],"rotation":0,"texture":"#0","tintindex":0},"up":{"uv":[0.534375,9.065625,0.534375,8.190625],"rotation":0,"texture":"#0","tintindex":0},"west":{"uv":[11.346875,3.721875,12.221875,3.909375],"rotation":0,"texture":"#0","tintindex":0}}}],"display":{"head":{"translation":[0.0,-6.4,0.0],"rotation":[0.0,0.0,0.0],"scale":[3.8095,3.8095,3.8095]}}}