{"textures":{"0":"modelengine:entity/fortress_turtle"},"elements":[{"name":"cube","from":[2.1293917,8.153699,1.0999997],"to":[12.3293915,8.153699,14.900001],"rotation":{"angle":0.0,"axis":"x","origin":[-2.070609,-32.6463,2.2999997]},"faces":{"down":{"uv":[3.628125,7.690625,4.153125,8.403125],"rotation":0,"texture":"#0","tintindex":0},"east":{"uv":[0.003125,0.003125,0.715625,0.003125],"rotation":0,"texture":"#0","tintindex":0},"north":{"uv":[0.003125,0.003125,0.528125,0.003125],"rotation":0,"texture":"#0","tintindex":0},"south":{"uv":[0.003125,0.003125,0.528125,0.003125],"rotation":0,"texture":"#0","tintindex":0},"up":{"uv":[3.628125,8.403125,4.153125,7.690625],"rotation":0,"texture":"#0","tintindex":0},"west":{"uv":[0.003125,0.003125,0.715625,0.003125],"rotation":0,"texture":"#0","tintindex":0}}},{"name":"cube","from":[-7.682165,6.2020597,1.0999997],"to":[2.5178347,6.2020597,14.900001],"rotation":{"angle":22.5,"axis":"z","origin":[-2.5821657,6.2020597,8.0]},"faces":{"down":{"uv":[4.684375,7.690625,4.159375,8.403125],"rotation":0,"texture":"#0","tintindex":0},"east":{"uv":[0.003125,0.003125,0.715625,0.003125],"rotation":0,"texture":"#0","tintindex":0},"north":{"uv":[0.003125,0.003125,0.528125,0.003125],"rotation":0,"texture":"#0","tintindex":0},"south":{"uv":[0.003125,0.003125,0.528125,0.003125],"rotation":0,"texture":"#0","tintindex":0},"up":{"uv":[4.684375,8.403125,4.159375,7.690625],"rotation":0,"texture":"#0","tintindex":0},"west":{"uv":[0.003125,0.003125,0.715625,0.003125],"rotation":0,"texture":"#0","tintindex":0}}},{"name":"cube","from":[-16.0,0.6442547,1.0999997],"to":[-5.8,0.6442547,14.900001],"rotation":{"angle":45.0,"axis":"z","origin":[-10.9000025,0.6442547,8.0]},"faces":{"down":{"uv":[6.153125,7.784375,5.628125,8.496875],"rotation":0,"texture":"#0","tintindex":0},"east":{"uv":[0.003125,0.003125,0.715625,0.003125],"rotation":0,"texture":"#0","tintindex":0},"north":{"uv":[0.003125,0.003125,0.528125,0.003125],"rotation":0,"texture":"#0","tintindex":0},"south":{"uv":[0.003125,0.003125,0.528125,0.003125],"rotation":0,"texture":"#0","tintindex":0},"up":{"uv":[6.153125,8.496875,5.628125,7.784375],"rotation":0,"texture":"#0","tintindex":0},"west":{"uv":[0.003125,0.003125,0.715625,0.003125],"rotation":0,"texture":"#0","tintindex":0}}}],"display":{"head":{"translation":[-16.112106,-6.4,0.0],"rotation":[0.0,0.0,0.0],"scale":[3.8095,3.8095,3.8095]}}}