{"textures":{"0":"modelengine:entity/pet_vote"},"elements":[{"from":[7.5714283,8.211567,7.792857],"to":[8.428572,9.497281,8.364285],"rotation":{"angle":0.0,"axis":"y","origin":[8.0,8.854424,8.078571]},"faces":{"east":{"uv":[7.75,12.5,7.5,13.125],"rotation":0,"texture":"#0","tintindex":0},"south":{"uv":[13.125,12.0,12.75,12.625],"rotation":0,"texture":"#0","tintindex":0},"north":{"uv":[13.125,11.25,12.75,11.875],"rotation":0,"texture":"#0","tintindex":0},"west":{"uv":[12.0,12.25,11.75,12.875],"rotation":0,"texture":"#0","tintindex":0},"up":{"uv":[13.0,9.5,13.375,9.25],"rotation":0,"texture":"#0","tintindex":0},"down":{"uv":[5.75,13.25,6.125,13.5],"rotation":0,"texture":"#0","tintindex":0}}},{"from":[7.714286,7.06871,7.65],"to":[8.285714,8.354424,8.221429],"rotation":{"angle":0.0,"axis":"y","origin":[8.0,7.711567,7.9357142]},"faces":{"east":{"uv":[5.0,13.0,4.75,13.625],"rotation":0,"texture":"#0","tintindex":0},"south":{"uv":[4.75,13.0,4.5,13.625],"rotation":0,"texture":"#0","tintindex":0},"north":{"uv":[4.25,13.0,4.0,13.625],"rotation":0,"texture":"#0","tintindex":0},"west":{"uv":[4.5,13.0,4.25,13.625],"rotation":0,"texture":"#0","tintindex":0},"up":{"uv":[11.75,11.0,12.0,10.75],"rotation":0,"texture":"#0","tintindex":0},"down":{"uv":[3.25,12.0,3.5,12.25],"rotation":0,"texture":"#0","tintindex":0}}},{"from":[7.1155224,7.074147,7.707143],"to":[7.686951,8.359861,8.278571],"rotation":{"angle":-22.5,"axis":"z","origin":[7.401237,7.7170043,7.992857]},"faces":{"east":{"uv":[13.25,7.0,13.0,7.625],"rotation":0,"texture":"#0","tintindex":0},"south":{"uv":[5.75,13.0,5.5,13.625],"rotation":0,"texture":"#0","tintindex":0},"north":{"uv":[5.25,13.0,5.0,13.625],"rotation":0,"texture":"#0","tintindex":0},"west":{"uv":[5.5,13.0,5.25,13.625],"rotation":0,"texture":"#0","tintindex":0},"up":{"uv":[3.25,12.5,3.5,12.25],"rotation":0,"texture":"#0","tintindex":0},"down":{"uv":[12.25,8.25,12.5,8.5],"rotation":0,"texture":"#0","tintindex":0}}},{"from":[8.313048,7.074147,7.707143],"to":[8.884478,8.359861,8.278571],"rotation":{"angle":22.5,"axis":"z","origin":[8.598763,7.7170043,7.992857]},"faces":{"east":{"uv":[1.25,13.25,1.0,13.875],"rotation":0,"texture":"#0","tintindex":0},"south":{"uv":[12.0,13.0,11.75,13.625],"rotation":0,"texture":"#0","tintindex":0},"north":{"uv":[13.25,7.75,13.0,8.375],"rotation":0,"texture":"#0","tintindex":0},"west":{"uv":[13.25,8.5,13.0,9.125],"rotation":0,"texture":"#0","tintindex":0},"up":{"uv":[13.25,6.0,13.5,5.75],"rotation":0,"texture":"#0","tintindex":0},"down":{"uv":[13.25,6.0,13.5,6.25],"rotation":0,"texture":"#0","tintindex":0}}}],"display":{"head":{"translation":[0.0,-6.4,0.0],"scale":[4.0,4.0,4.0]}}}