{"textures":{"0":"modelengine:entity/golemking_corrupted"},"elements":[{"from":[1.4285712,7.421404,1.147646],"to":[14.571428,11.992832,10.2905035],"rotation":{"angle":22.5,"axis":"x","origin":[8.0,7.421404,5.719075]},"faces":{"east":{"uv":[1.0,4.0,2.0,4.5],"rotation":0,"texture":"#0","tintindex":0},"south":{"uv":[7.375,6.5625,8.8125,7.0625],"rotation":0,"texture":"#0","tintindex":0},"north":{"uv":[0.0,2.5,1.4375,3.0],"rotation":0,"texture":"#0","tintindex":0},"west":{"uv":[9.625,6.375,10.625,6.875],"rotation":0,"texture":"#0","tintindex":0},"up":{"uv":[5.1875,2.5625,3.75,1.5625],"rotation":0,"texture":"#0","tintindex":0},"down":{"uv":[2.4375,4.5625,1.0,5.5625],"rotation":0,"texture":"#0","tintindex":0}}},{"from":[-1.4285717,9.895443,2.549077],"to":[17.428572,19.038301,11.691935],"rotation":{"angle":0.0,"axis":"y","origin":[7.714286,-8.390272,-11.736639]},"faces":{"east":{"uv":[5.5625,3.8125,6.5625,4.8125],"rotation":0,"texture":"#0","tintindex":0},"south":{"uv":[1.6875,1.0,3.75,2.0],"rotation":0,"texture":"#0","tintindex":0},"north":{"uv":[1.6875,0.0,3.75,1.0],"rotation":0,"texture":"#0","tintindex":0},"west":{"uv":[5.625,2.4375,6.625,3.4375],"rotation":0,"texture":"#0","tintindex":0},"up":{"uv":[3.75,3.0,1.6875,2.0],"rotation":0,"texture":"#0","tintindex":0},"down":{"uv":[2.0625,3.0,0.0,4.0],"rotation":0,"texture":"#0","tintindex":0}}},{"from":[3.7142854,13.895443,-0.87949467],"to":[7.142857,24.181158,8.263363],"rotation":{"angle":0.0,"axis":"y","origin":[7.714286,-8.390272,-11.736639]},"faces":{"east":{"uv":[4.5,5.0625,5.5,6.1875],"rotation":0,"texture":"#0","tintindex":0},"south":{"uv":[7.75,9.875,8.125,11.0],"rotation":0,"texture":"#0","tintindex":0},"north":{"uv":[1.375,9.4375,1.75,10.5625],"rotation":0,"texture":"#0","tintindex":0},"west":{"uv":[5.5,5.0625,6.5,6.1875],"rotation":0,"texture":"#0","tintindex":0},"up":{"uv":[5.75,11.625,5.375,10.625],"rotation":0,"texture":"#0","tintindex":0},"down":{"uv":[3.75,10.9375,3.375,11.9375],"rotation":0,"texture":"#0","tintindex":0}}},{"from":[-5.4285717,16.752586,6.549077],"to":[9.428572,20.752586,13.40622],"rotation":{"angle":0.0,"axis":"y","origin":[7.714286,-8.390272,-11.736639]},"faces":{"east":{"uv":[3.75,2.5625,4.5,3.0],"rotation":0,"texture":"#0","tintindex":0},"south":{"uv":[4.5,7.8125,6.125,8.25],"rotation":0,"texture":"#0","tintindex":0},"north":{"uv":[7.5,5.1875,9.125,5.625],"rotation":0,"texture":"#0","tintindex":0},"west":{"uv":[6.625,3.0,7.375,3.4375],"rotation":0,"texture":"#0","tintindex":0},"up":{"uv":[6.375,0.75,4.75,0.0],"rotation":0,"texture":"#0","tintindex":0},"down":{"uv":[6.375,0.75,4.75,1.5],"rotation":0,"texture":"#0","tintindex":0}}},{"from":[-3.7142859,13.895443,4.834791],"to":[3.7142854,24.181158,8.263363],"rotation":{"angle":0.0,"axis":"y","origin":[7.714286,-8.390272,-11.736639]},"faces":{"east":{"uv":[8.125,9.875,8.5,11.0],"rotation":0,"texture":"#0","tintindex":0},"south":{"uv":[7.1875,7.1875,8.0,8.3125],"rotation":0,"texture":"#0","tintindex":0},"north":{"uv":[6.375,7.1875,7.1875,8.3125],"rotation":0,"texture":"#0","tintindex":0},"west":{"uv":[10.0,3.0625,10.375,4.1875],"rotation":0,"texture":"#0","tintindex":0},"up":{"uv":[6.4375,3.8125,5.625,3.4375],"rotation":0,"texture":"#0","tintindex":0},"down":{"uv":[7.3125,5.8125,6.5,6.1875],"rotation":0,"texture":"#0","tintindex":0}}}],"display":{"head":{"translation":[0.0,-6.4,0.0],"scale":[4.0,4.0,4.0]}}}