{"textures":{"0":"modelengine:entity/golemking_corrupted"},"elements":[{"from":[4.5714283,3.448142,1.4285712],"to":[11.428572,8.591,8.285714],"rotation":{"angle":0.0,"axis":"y","origin":[28.57143,-4.551858,-12.285715]},"faces":{"east":{"uv":[10.0625,5.6875,10.8125,6.25],"rotation":0,"texture":"#0","tintindex":0},"south":{"uv":[2.75,10.125,3.5,10.6875],"rotation":0,"texture":"#0","tintindex":0},"north":{"uv":[9.75,1.625,10.5,2.1875],"rotation":0,"texture":"#0","tintindex":0},"west":{"uv":[10.125,6.875,10.875,7.4375],"rotation":0,"texture":"#0","tintindex":0},"up":{"uv":[9.375,8.75,8.625,8.0],"rotation":0,"texture":"#0","tintindex":0},"down":{"uv":[1.75,8.6875,1.0,9.4375],"rotation":0,"texture":"#0","tintindex":0}}},{"from":[3.4285712,-10.837572,-1.4285717],"to":[12.571428,3.448142,10.0],"rotation":{"angle":0.0,"axis":"y","origin":[28.57143,-4.551858,-12.285715]},"faces":{"east":{"uv":[2.0625,3.0,3.3125,4.5625],"rotation":0,"texture":"#0","tintindex":0},"south":{"uv":[0.0,4.0,1.0,5.5625],"rotation":0,"texture":"#0","tintindex":0},"north":{"uv":[3.75,0.0,4.75,1.5625],"rotation":0,"texture":"#0","tintindex":0},"west":{"uv":[3.3125,3.0,4.5625,4.5625],"rotation":0,"texture":"#0","tintindex":0},"up":{"uv":[4.5,5.8125,3.5,4.5625],"rotation":0,"texture":"#0","tintindex":0},"down":{"uv":[5.5625,3.8125,4.5625,5.0625],"rotation":0,"texture":"#0","tintindex":0}}},{"from":[5.714286,-4.551858,-4.285715],"to":[10.285714,0.01957035,-1.4285717],"rotation":{"angle":0.0,"axis":"y","origin":[28.57143,-4.551858,-12.285715]},"faces":{"east":{"uv":[10.875,6.875,11.1875,7.375],"rotation":0,"texture":"#0","tintindex":0},"south":{"uv":[11.8125,8.0,12.3125,8.5],"rotation":0,"texture":"#0","tintindex":0},"north":{"uv":[11.8125,2.375,12.3125,2.875],"rotation":0,"texture":"#0","tintindex":0},"west":{"uv":[11.875,4.875,12.1875,5.375],"rotation":0,"texture":"#0","tintindex":0},"up":{"uv":[8.125,3.0,7.625,2.6875],"rotation":0,"texture":"#0","tintindex":0},"down":{"uv":[11.8125,2.5625,11.3125,2.875],"rotation":0,"texture":"#0","tintindex":0}}},{"from":[5.714286,-4.551858,10.0],"to":[10.285714,0.01957035,12.857143],"rotation":{"angle":0.0,"axis":"y","origin":[28.57143,-4.551858,-12.285715]},"faces":{"east":{"uv":[5.3125,12.25,5.625,12.75],"rotation":0,"texture":"#0","tintindex":0},"south":{"uv":[9.25,11.8125,9.75,12.3125],"rotation":0,"texture":"#0","tintindex":0},"north":{"uv":[8.3125,11.8125,8.8125,12.3125],"rotation":0,"texture":"#0","tintindex":0},"west":{"uv":[8.4375,12.3125,8.75,12.8125],"rotation":0,"texture":"#0","tintindex":0},"up":{"uv":[12.8125,6.5625,12.3125,6.25],"rotation":0,"texture":"#0","tintindex":0},"down":{"uv":[9.6875,12.3125,9.1875,12.625],"rotation":0,"texture":"#0","tintindex":0}}},{"from":[1.7142854,-12.551859,-2.5714293],"to":[5.142857,-6.837572,11.142858],"rotation":{"angle":22.5,"axis":"z","origin":[2.8571424,-8.266144,4.285714]},"faces":{"east":{"uv":[3.375,7.1875,4.875,7.8125],"rotation":0,"texture":"#0","tintindex":0},"south":{"uv":[2.5625,11.9375,2.9375,12.5625],"rotation":0,"texture":"#0","tintindex":0},"north":{"uv":[4.75,10.0,5.125,10.625],"rotation":0,"texture":"#0","tintindex":0},"west":{"uv":[4.875,7.1875,6.375,7.8125],"rotation":0,"texture":"#0","tintindex":0},"up":{"uv":[2.125,10.1875,1.75,8.6875],"rotation":0,"texture":"#0","tintindex":0},"down":{"uv":[9.0,8.75,8.625,10.25],"rotation":0,"texture":"#0","tintindex":0}}},{"from":[8.513312,-16.0,-3.0299568],"to":[11.941884,-9.142857,0.9700432],"rotation":{"angle":22.5,"axis":"x","origin":[10.285714,-13.123287,0.5714283]},"faces":{"east":{"uv":[6.25,11.1875,6.6875,11.9375],"rotation":0,"texture":"#0","tintindex":0},"south":{"uv":[2.9375,11.3125,3.3125,12.0625],"rotation":0,"texture":"#0","tintindex":0},"north":{"uv":[7.125,11.1875,7.5,11.9375],"rotation":0,"texture":"#0","tintindex":0},"west":{"uv":[6.6875,11.1875,7.125,11.9375],"rotation":0,"texture":"#0","tintindex":0},"up":{"uv":[12.625,2.375,12.25,1.9375],"rotation":0,"texture":"#0","tintindex":0},"down":{"uv":[12.625,7.125,12.25,7.5625],"rotation":0,"texture":"#0","tintindex":0}}}],"display":{"head":{"translation":[0.0,-8.763998,0.0],"scale":[4.0,4.0,4.0]}}}