{"textures":{"0":"modelengine:entity/elf"},"elements":[{"from":[6.857143,10.857143,6.857143],"to":[13.142858,12.0,13.142858],"rotation":{"angle":0.0,"axis":"y","origin":[8.0,8.0,8.0]},"faces":{"east":{"uv":[10.758,2.008,13.492,2.492],"rotation":0,"texture":"#0","tintindex":0},"south":{"uv":[10.758,2.508,13.492,2.992],"rotation":0,"texture":"#0","tintindex":0},"north":{"uv":[10.758,1.508,13.492,1.992],"rotation":0,"texture":"#0","tintindex":0},"west":{"uv":[8.508,11.008,11.242,11.492],"rotation":0,"texture":"#0","tintindex":0},"up":{"uv":[2.742,2.742,0.008,0.008],"rotation":0,"texture":"#0","tintindex":0},"down":{"uv":[2.742,2.758,0.008,5.492],"rotation":0,"texture":"#0","tintindex":0}}},{"from":[7.142857,12.0,7.142857],"to":[12.857143,13.714286,12.857143],"rotation":{"angle":0.0,"axis":"y","origin":[8.0,8.0,8.0]},"faces":{"east":{"uv":[9.258,8.758,11.742,9.492],"rotation":0,"texture":"#0","tintindex":0},"south":{"uv":[9.508,0.008,11.992,0.742],"rotation":0,"texture":"#0","tintindex":0},"north":{"uv":[9.258,8.008,11.742,8.742],"rotation":0,"texture":"#0","tintindex":0},"west":{"uv":[9.508,0.758,11.992,1.492],"rotation":0,"texture":"#0","tintindex":0},"up":{"uv":[5.242,2.492,2.758,0.008],"rotation":0,"texture":"#0","tintindex":0},"down":{"uv":[5.242,2.508,2.758,4.992],"rotation":0,"texture":"#0","tintindex":0}}},{"from":[8.571428,12.285715,8.285714],"to":[13.714286,14.571428,11.714286],"rotation":{"angle":0.0,"axis":"y","origin":[8.0,8.0,8.0]},"faces":{"east":{"uv":[2.508,10.508,3.992,11.492],"rotation":0,"texture":"#0","tintindex":0},"south":{"uv":[9.258,7.008,11.492,7.992],"rotation":0,"texture":"#0","tintindex":0},"north":{"uv":[9.258,6.008,11.492,6.992],"rotation":0,"texture":"#0","tintindex":0},"west":{"uv":[4.008,10.508,5.492,11.492],"rotation":0,"texture":"#0","tintindex":0},"up":{"uv":[6.742,10.492,4.508,9.008],"rotation":0,"texture":"#0","tintindex":0},"down":{"uv":[11.492,4.508,9.258,5.992],"rotation":0,"texture":"#0","tintindex":0}}},{"from":[13.142858,12.0,9.142858],"to":[14.857143,13.714286,10.857143],"rotation":{"angle":0.0,"axis":"y","origin":[8.0,8.0,8.0]},"faces":{"east":{"uv":[1.508,12.008,2.242,12.742],"rotation":0,"texture":"#0","tintindex":0},"south":{"uv":[5.508,12.008,6.242,12.742],"rotation":0,"texture":"#0","tintindex":0},"north":{"uv":[12.008,0.758,12.742,1.492],"rotation":0,"texture":"#0","tintindex":0},"west":{"uv":[7.258,12.008,7.992,12.742],"rotation":0,"texture":"#0","tintindex":0},"up":{"uv":[11.992,12.742,11.258,12.008],"rotation":0,"texture":"#0","tintindex":0},"down":{"uv":[12.742,12.008,12.008,12.742],"rotation":0,"texture":"#0","tintindex":0}}}],"display":{"head":{"translation":[0.0,-6.4,0.0],"scale":[4.0,4.0,4.0]}}}