{"textures":{"0":"modelengine:entity/elf"},"elements":[{"from":[5.714286,8.0,5.142857],"to":[10.857143,13.142858,10.285714],"rotation":{"angle":0.0,"axis":"y","origin":[6.285714,8.0,5.714286]},"faces":{"east":{"uv":[5.258,4.508,7.492,6.742],"rotation":0,"texture":"#0","tintindex":0},"south":{"uv":[0.008,5.508,2.242,7.742],"rotation":0,"texture":"#0","tintindex":0},"north":{"uv":[5.258,2.258,7.492,4.492],"rotation":0,"texture":"#0","tintindex":0},"west":{"uv":[5.258,6.758,7.492,8.992],"rotation":0,"texture":"#0","tintindex":0},"up":{"uv":[4.492,9.492,2.258,7.258],"rotation":0,"texture":"#0","tintindex":0},"down":{"uv":[9.742,2.258,7.508,4.492],"rotation":0,"texture":"#0","tintindex":0}}},{"from":[7.0857143,8.142858,4.8999996],"to":[11.085714,13.285715,10.528572],"rotation":{"angle":0.0,"axis":"y","origin":[6.285714,8.0,5.714286]},"faces":{"east":{"uv":[2.758,5.008,5.242,7.242],"rotation":0,"texture":"#0","tintindex":0},"south":{"uv":[7.758,0.008,9.492,2.242],"rotation":0,"texture":"#0","tintindex":0},"north":{"uv":[0.008,7.758,1.742,9.992],"rotation":0,"texture":"#0","tintindex":0},"west":{"uv":[5.258,0.008,7.742,2.242],"rotation":0,"texture":"#0","tintindex":0},"up":{"uv":[9.242,6.992,7.508,4.508],"rotation":0,"texture":"#0","tintindex":0},"down":{"uv":[9.242,7.008,7.508,9.492],"rotation":0,"texture":"#0","tintindex":0}}},{"from":[5.3714285,10.528572,4.9714284],"to":[7.0857143,11.671429,10.457143],"rotation":{"angle":0.0,"axis":"y","origin":[6.285714,8.0,5.714286]},"faces":{"east":{"uv":[11.008,9.508,13.492,9.992],"rotation":0,"texture":"#0","tintindex":0},"south":{"uv":[7.258,12.758,7.992,13.242],"rotation":0,"texture":"#0","tintindex":0},"north":{"uv":[12.758,6.758,13.492,7.242],"rotation":0,"texture":"#0","tintindex":0},"west":{"uv":[11.008,10.008,13.492,10.492],"rotation":0,"texture":"#0","tintindex":0},"up":{"uv":[7.492,11.492,6.758,9.008],"rotation":0,"texture":"#0","tintindex":0},"down":{"uv":[2.492,9.508,1.758,11.992],"rotation":0,"texture":"#0","tintindex":0}}},{"from":[8.285714,9.285714,2.8571424],"to":[8.857143,11.0,4.0],"rotation":{"angle":-22.5,"axis":"y","origin":[4.285714,7.5714283,3.4285712]},"faces":{"east":{"uv":[12.508,4.008,12.992,4.742],"rotation":0,"texture":"#0","tintindex":0},"south":{"uv":[1.508,10.008,1.742,10.742],"rotation":0,"texture":"#0","tintindex":0},"north":{"uv":[9.508,1.508,9.742,2.242],"rotation":0,"texture":"#0","tintindex":0},"west":{"uv":[4.508,12.508,4.992,13.242],"rotation":0,"texture":"#0","tintindex":0},"up":{"uv":[11.242,10.992,11.008,10.508],"rotation":0,"texture":"#0","tintindex":0},"down":{"uv":[1.742,11.508,1.508,11.992],"rotation":0,"texture":"#0","tintindex":0}}},{"from":[8.285714,9.857143,1.7142854],"to":[8.857143,11.0,2.8571424],"rotation":{"angle":-22.5,"axis":"y","origin":[4.285714,7.5714283,3.4285712]},"faces":{"east":{"uv":[8.508,10.508,8.992,10.992],"rotation":0,"texture":"#0","tintindex":0},"south":{"uv":[13.008,13.008,13.242,13.492],"rotation":0,"texture":"#0","tintindex":0},"north":{"uv":[8.258,13.008,8.492,13.492],"rotation":0,"texture":"#0","tintindex":0},"west":{"uv":[11.508,12.758,11.992,13.242],"rotation":0,"texture":"#0","tintindex":0},"up":{"uv":[1.242,13.742,1.008,13.258],"rotation":0,"texture":"#0","tintindex":0},"down":{"uv":[1.492,13.258,1.258,13.742],"rotation":0,"texture":"#0","tintindex":0}}},{"from":[8.236855,9.857143,12.480831],"to":[8.808283,11.0,13.623688],"rotation":{"angle":22.5,"axis":"y","origin":[4.285714,7.5714283,11.77516]},"faces":{"east":{"uv":[2.258,6.758,2.742,7.242],"rotation":0,"texture":"#0","tintindex":0},"south":{"uv":[2.258,12.008,2.492,12.492],"rotation":0,"texture":"#0","tintindex":0},"north":{"uv":[7.258,11.508,7.492,11.992],"rotation":0,"texture":"#0","tintindex":0},"west":{"uv":[1.758,9.008,2.242,9.492],"rotation":0,"texture":"#0","tintindex":0},"up":{"uv":[6.492,12.492,6.258,12.008],"rotation":0,"texture":"#0","tintindex":0},"down":{"uv":[2.492,12.508,2.258,12.992],"rotation":0,"texture":"#0","tintindex":0}}},{"from":[8.236855,9.285714,11.337974],"to":[8.808283,11.0,12.480831],"rotation":{"angle":22.5,"axis":"y","origin":[4.285714,7.5714283,11.77516]},"faces":{"east":{"uv":[12.508,5.758,12.992,6.492],"rotation":0,"texture":"#0","tintindex":0},"south":{"uv":[1.508,10.758,1.742,11.492],"rotation":0,"texture":"#0","tintindex":0},"north":{"uv":[6.508,10.508,6.742,11.242],"rotation":0,"texture":"#0","tintindex":0},"west":{"uv":[12.508,7.508,12.992,8.242],"rotation":0,"texture":"#0","tintindex":0},"up":{"uv":[2.492,13.492,2.258,13.008],"rotation":0,"texture":"#0","tintindex":0},"down":{"uv":[8.242,13.008,8.008,13.492],"rotation":0,"texture":"#0","tintindex":0}}}],"display":{"head":{"translation":[0.0,-6.4,0.0],"scale":[4.0,4.0,4.0]}}}