{"textures":{"0":"modelengine:entity/elf"},"elements":[{"from":[7.143129,6.0,7.4410343],"to":[8.857415,8.285714,8.583891],"rotation":{"angle":0.0,"axis":"y","origin":[5.714286,3.142857,7.428571]},"faces":{"east":{"uv":[4.008,9.508,4.492,10.492],"rotation":0,"texture":"#0","tintindex":0},"south":{"uv":[10.008,11.508,10.742,12.492],"rotation":0,"texture":"#0","tintindex":0},"north":{"uv":[9.258,11.508,9.992,12.492],"rotation":0,"texture":"#0","tintindex":0},"west":{"uv":[8.008,12.008,8.492,12.992],"rotation":0,"texture":"#0","tintindex":0},"up":{"uv":[3.742,12.992,3.008,12.508],"rotation":0,"texture":"#0","tintindex":0},"down":{"uv":[13.242,3.008,12.508,3.492],"rotation":0,"texture":"#0","tintindex":0}}},{"from":[7.085986,6.5714283,7.383891],"to":[8.914557,7.142857,8.641034],"rotation":{"angle":0.0,"axis":"y","origin":[5.714286,3.142857,7.428571]},"faces":{"east":{"uv":[13.258,4.758,13.742,4.992],"rotation":0,"texture":"#0","tintindex":0},"south":{"uv":[13.008,12.758,13.742,12.992],"rotation":0,"texture":"#0","tintindex":0},"north":{"uv":[10.008,13.008,10.742,13.242],"rotation":0,"texture":"#0","tintindex":0},"west":{"uv":[5.008,13.258,5.492,13.492],"rotation":0,"texture":"#0","tintindex":0},"up":{"uv":[6.492,13.242,5.758,12.758],"rotation":0,"texture":"#0","tintindex":0},"down":{"uv":[7.242,12.758,6.508,13.242],"rotation":0,"texture":"#0","tintindex":0}}}],"display":{"head":{"translation":[0.0,-6.4,0.0],"scale":[4.0,4.0,4.0]}}}