{"textures":{"0":"modelengine:entity/elf"},"elements":[{"from":[7.143129,5.8571424,7.4410343],"to":[8.857415,8.142858,8.583891],"rotation":{"angle":0.0,"axis":"y","origin":[5.714286,3.0,7.428571]},"faces":{"east":{"uv":[1.008,12.258,1.492,13.242],"rotation":0,"texture":"#0","tintindex":0},"south":{"uv":[11.758,7.758,12.492,8.742],"rotation":0,"texture":"#0","tintindex":0},"north":{"uv":[11.758,3.008,12.492,3.992],"rotation":0,"texture":"#0","tintindex":0},"west":{"uv":[12.258,6.508,12.742,7.492],"rotation":0,"texture":"#0","tintindex":0},"up":{"uv":[13.242,3.992,12.508,3.508],"rotation":0,"texture":"#0","tintindex":0},"down":{"uv":[4.492,12.508,3.758,12.992],"rotation":0,"texture":"#0","tintindex":0}}},{"from":[7.085986,6.428571,7.383891],"to":[8.914557,7.0,8.641034],"rotation":{"angle":0.0,"axis":"y","origin":[5.714286,3.0,7.4428573]},"faces":{"east":{"uv":[13.258,3.758,13.742,3.992],"rotation":0,"texture":"#0","tintindex":0},"south":{"uv":[9.258,13.008,9.992,13.242],"rotation":0,"texture":"#0","tintindex":0},"north":{"uv":[13.008,8.008,13.742,8.242],"rotation":0,"texture":"#0","tintindex":0},"west":{"uv":[4.508,13.258,4.992,13.492],"rotation":0,"texture":"#0","tintindex":0},"up":{"uv":[2.242,13.242,1.508,12.758],"rotation":0,"texture":"#0","tintindex":0},"down":{"uv":[5.742,12.758,5.008,13.242],"rotation":0,"texture":"#0","tintindex":0}}}],"display":{"head":{"translation":[0.0,-6.4,0.0],"scale":[4.0,4.0,4.0]}}}