{"textures":{"0":"modelengine:entity/lorebun_idle"},"elements":[{"from":[5.885714,5.4201884,4.8948517],"to":[10.171429,9.705903,9.180566],"rotation":{"angle":0.0,"axis":"y","origin":[8.3714285,8.717143,7.4142857]},"faces":{"east":{"uv":[15.0,11.625,15.5,12.125],"rotation":0,"texture":"#0","tintindex":0},"south":{"uv":[14.5,11.625,14.0,12.125],"rotation":0,"texture":"#0","tintindex":0},"north":{"uv":[15.5,11.625,16.0,12.125],"rotation":0,"texture":"#0","tintindex":0},"west":{"uv":[15.0,11.625,14.5,12.125],"rotation":0,"texture":"#0","tintindex":0},"up":{"uv":[15.0,11.625,14.5,11.125],"rotation":0,"texture":"#0","tintindex":0},"down":{"uv":[15.5,11.125,15.0,11.625],"rotation":0,"texture":"#0","tintindex":0}}},{"from":[5.3714285,5.2729006,0.55714273],"to":[10.685715,8.015758,4.4142857],"rotation":{"angle":0.0,"axis":"y","origin":[10.942858,4.945714,1.8428569]},"faces":{"east":{"uv":[11.25,8.25,11.75,8.625],"rotation":0,"texture":"#0","tintindex":0},"south":{"uv":[11.25,8.625,11.75,9.0],"rotation":0,"texture":"#0","tintindex":0},"north":{"uv":[11.75,8.625,12.25,9.0],"rotation":0,"texture":"#0","tintindex":0},"west":{"uv":[11.75,8.25,12.25,8.625],"rotation":0,"texture":"#0","tintindex":0},"up":{"uv":[11.75,8.25,11.25,7.75],"rotation":0,"texture":"#0","tintindex":0},"down":{"uv":[12.25,7.75,11.75,8.25],"rotation":0,"texture":"#0","tintindex":0}}},{"from":[5.714286,5.2885714,2.613647],"to":[10.342857,7.774286,9.385076],"rotation":{"angle":0.0,"axis":"y","origin":[8.3714285,7.517143,4.842857]},"faces":{"east":{"uv":[3.25,11.5,4.0,11.75],"rotation":0,"texture":"#0","tintindex":0},"south":{"uv":[4.0,11.75,4.5,12.0],"rotation":0,"texture":"#0","tintindex":0},"north":{"uv":[5.0,11.75,4.5,12.0],"rotation":0,"texture":"#0","tintindex":0},"west":{"uv":[3.25,11.75,4.0,12.0],"rotation":0,"texture":"#0","tintindex":0},"up":{"uv":[5.25,11.0,4.75,11.75],"rotation":0,"texture":"#0","tintindex":0},"down":{"uv":[4.5,11.0,4.0,11.75],"rotation":0,"texture":"#0","tintindex":0}}}],"display":{"head":{"translation":[0.0,-6.4,0.0],"scale":[4.0,4.0,4.0]}}}