{"textures":{"0":"modelengine:entity/lorebun"},"elements":[{"from":[5.6571426,5.2885714,2.613647],"to":[10.285714,7.774286,9.385076],"rotation":{"angle":0.0,"axis":"y","origin":[7.6285715,7.517143,4.842857]},"faces":{"east":{"uv":[4.0,11.75,3.25,12.0],"rotation":0,"texture":"#0","tintindex":0},"south":{"uv":[4.5,11.75,4.0,12.0],"rotation":0,"texture":"#0","tintindex":0},"north":{"uv":[4.5,11.75,5.0,12.0],"rotation":0,"texture":"#0","tintindex":0},"west":{"uv":[4.0,11.5,3.25,11.75],"rotation":0,"texture":"#0","tintindex":0},"up":{"uv":[4.75,11.0,5.25,11.75],"rotation":0,"texture":"#0","tintindex":0},"down":{"uv":[4.0,11.0,4.5,11.75],"rotation":0,"texture":"#0","tintindex":0}}},{"from":[5.8285713,5.4201884,4.8948517],"to":[10.114286,9.705903,9.180566],"rotation":{"angle":0.0,"axis":"y","origin":[7.6285715,8.717143,7.4142857]},"faces":{"east":{"uv":[14.5,11.625,15.0,12.125],"rotation":0,"texture":"#0","tintindex":0},"south":{"uv":[14.0,11.625,14.5,12.125],"rotation":0,"texture":"#0","tintindex":0},"north":{"uv":[16.0,11.625,15.5,12.125],"rotation":0,"texture":"#0","tintindex":0},"west":{"uv":[15.5,11.625,15.0,12.125],"rotation":0,"texture":"#0","tintindex":0},"up":{"uv":[14.5,11.625,15.0,11.125],"rotation":0,"texture":"#0","tintindex":0},"down":{"uv":[15.0,11.125,15.5,11.625],"rotation":0,"texture":"#0","tintindex":0}}},{"from":[5.3142858,5.2729006,0.55714273],"to":[10.6285715,8.015758,4.4142857],"rotation":{"angle":0.0,"axis":"y","origin":[5.0571427,4.945714,1.8428569]},"faces":{"east":{"uv":[12.25,8.25,11.75,8.625],"rotation":0,"texture":"#0","tintindex":0},"south":{"uv":[11.75,8.625,11.25,9.0],"rotation":0,"texture":"#0","tintindex":0},"north":{"uv":[12.25,8.625,11.75,9.0],"rotation":0,"texture":"#0","tintindex":0},"west":{"uv":[11.75,8.25,11.25,8.625],"rotation":0,"texture":"#0","tintindex":0},"up":{"uv":[11.25,8.25,11.75,7.75],"rotation":0,"texture":"#0","tintindex":0},"down":{"uv":[11.75,7.75,12.25,8.25],"rotation":0,"texture":"#0","tintindex":0}}}],"display":{"head":{"translation":[0.0,-6.4,0.0],"scale":[4.0,4.0,4.0]}}}