{"textures":{"0":"modelengine:entity/lrd_yukio_iceshards"},"elements":[{"from":[5.3140936,2.857142,4.8714285],"to":[12.171236,32.0,11.728572],"rotation":{"angle":0.0,"axis":"y","origin":[11.599808,2.857142,11.157143]},"faces":{"east":{"uv":[0.75,3.1875,1.5,6.375],"rotation":0,"texture":"#0","tintindex":0},"south":{"uv":[1.5,3.1875,2.25,6.375],"rotation":0,"texture":"#0","tintindex":0},"north":{"uv":[0.0,3.1875,0.75,6.375],"rotation":0,"texture":"#0","tintindex":0},"west":{"uv":[2.25,3.1875,3.0,6.375],"rotation":0,"texture":"#0","tintindex":0},"up":{"uv":[8.0,0.75,7.25,0.0],"rotation":0,"texture":"#0","tintindex":0},"down":{"uv":[8.0,0.75,7.25,1.5],"rotation":0,"texture":"#0","tintindex":0}}},{"from":[3.6285453,16.264568,4.8714285],"to":[6.485688,17.407425,11.728572],"rotation":{"angle":22.5,"axis":"z","origin":[4.7714024,15.693139,8.3]},"faces":{"east":{"uv":[5.3125,1.625,6.0625,1.75],"rotation":0,"texture":"#0","tintindex":0},"south":{"uv":[5.3125,1.875,5.625,2.0],"rotation":0,"texture":"#0","tintindex":0},"north":{"uv":[5.125,4.6875,5.4375,4.8125],"rotation":0,"texture":"#0","tintindex":0},"west":{"uv":[5.3125,1.75,6.0625,1.875],"rotation":0,"texture":"#0","tintindex":0},"up":{"uv":[1.5625,8.125,1.25,7.375],"rotation":0,"texture":"#0","tintindex":0},"down":{"uv":[7.6875,1.5,7.375,2.25],"rotation":0,"texture":"#0","tintindex":0}}},{"from":[3.0595112,1.9824371,4.8714285],"to":[5.345226,16.83958,11.728572],"rotation":{"angle":0.0,"axis":"y","origin":[4.2023687,15.125295,8.3]},"faces":{"east":{"uv":[5.125,3.0625,5.875,4.6875],"rotation":0,"texture":"#0","tintindex":0},"south":{"uv":[0.0,7.375,0.25,9.0],"rotation":0,"texture":"#0","tintindex":0},"north":{"uv":[3.6875,6.9375,3.9375,8.5625],"rotation":0,"texture":"#0","tintindex":0},"west":{"uv":[5.3125,0.0,6.0625,1.625],"rotation":0,"texture":"#0","tintindex":0},"up":{"uv":[1.8125,8.125,1.5625,7.375],"rotation":0,"texture":"#0","tintindex":0},"down":{"uv":[2.0625,7.375,1.8125,8.125],"rotation":0,"texture":"#0","tintindex":0}}},{"from":[3.028379,2.857142,4.842857],"to":[12.171236,32.0,4.842857],"rotation":{"angle":0.0,"axis":"y","origin":[11.599808,2.857142,11.157143]},"faces":{"east":{"uv":[0.0,0.0,0.0,3.1875],"rotation":0,"texture":"#0","tintindex":0},"south":{"uv":[1.0,0.0,2.0,3.1875],"rotation":0,"texture":"#0","tintindex":0},"north":{"uv":[0.0,0.0,1.0,3.1875],"rotation":0,"texture":"#0","tintindex":0},"west":{"uv":[0.0,0.0,0.0,3.1875],"rotation":0,"texture":"#0","tintindex":0},"up":{"uv":[1.0,0.0,0.0,0.0],"rotation":0,"texture":"#0","tintindex":0},"down":{"uv":[1.0,0.0,0.0,0.0],"rotation":0,"texture":"#0","tintindex":0}}},{"from":[3.028379,2.857142,11.814286],"to":[12.171236,32.0,11.814286],"rotation":{"angle":0.0,"axis":"y","origin":[11.599808,2.857142,18.128572]},"faces":{"east":{"uv":[0.0,0.0,0.0,3.1875],"rotation":0,"texture":"#0","tintindex":0},"south":{"uv":[3.0,0.0,4.0,3.1875],"rotation":0,"texture":"#0","tintindex":0},"north":{"uv":[2.0,0.0,3.0,3.1875],"rotation":0,"texture":"#0","tintindex":0},"west":{"uv":[0.0,0.0,0.0,3.1875],"rotation":0,"texture":"#0","tintindex":0},"up":{"uv":[1.0,0.0,0.0,0.0],"rotation":0,"texture":"#0","tintindex":0},"down":{"uv":[1.0,0.0,0.0,0.0],"rotation":0,"texture":"#0","tintindex":0}}}],"display":{"head":{"translation":[0.0,14.759226,0.0],"scale":[4.0,4.0,4.0]}}}