{"textures":{"0":"modelengine:entity/hellhound"},"elements":[{"from":[7.142857,6.6203017,1.9708457],"to":[8.857143,8.906016,5.970846],"rotation":{"angle":-22.5,"axis":"x","origin":[4.428571,13.763159,7.1137033]},"faces":{"east":{"uv":[6.8875,6.2625,7.7375,6.7375],"rotation":0,"texture":"#0","tintindex":0},"south":{"uv":[6.6375,8.2625,6.9875,8.7375],"rotation":0,"texture":"#0","tintindex":0},"north":{"uv":[5.2625,8.2625,5.6125,8.7375],"rotation":0,"texture":"#0","tintindex":0},"west":{"uv":[2.2625,7.0125,3.1125,7.4875],"rotation":0,"texture":"#0","tintindex":0},"up":{"uv":[6.9875,8.2375,6.6375,7.3875],"rotation":0,"texture":"#0","tintindex":0},"down":{"uv":[7.7375,7.2625,7.3875,8.1125],"rotation":0,"texture":"#0","tintindex":0}}},{"from":[7.142857,7.1917305,-0.8862972],"to":[8.857143,8.906016,1.9708457],"rotation":{"angle":-22.5,"axis":"x","origin":[4.428571,13.763159,7.1137033]},"faces":{"east":{"uv":[4.1375,8.1375,4.7375,8.4875],"rotation":0,"texture":"#0","tintindex":0},"south":{"uv":[8.6375,0.7625,8.9875,1.1125],"rotation":0,"texture":"#0","tintindex":0},"north":{"uv":[0.6375,8.6375,0.9875,8.9875],"rotation":0,"texture":"#0","tintindex":0},"west":{"uv":[8.1375,7.8875,8.7375,8.2375],"rotation":0,"texture":"#0","tintindex":0},"up":{"uv":[7.7375,8.7375,7.3875,8.1375],"rotation":0,"texture":"#0","tintindex":0},"down":{"uv":[8.6125,1.2625,8.2625,1.8625],"rotation":0,"texture":"#0","tintindex":0}}}],"display":{"head":{"translation":[0.0,-6.4,0.0],"scale":[4.0,4.0,4.0]}}}