{"textures":{"0":"modelengine:entity/hellhound"},"elements":[{"from":[7.857143,4.334587,5.3994174],"to":[10.142858,9.477445,10.542274],"rotation":{"angle":0.0,"axis":"y","origin":[5.5714283,7.4774446,8.827989]},"faces":{"east":{"uv":[0.0125,4.3875,1.1125,5.4875],"rotation":0,"texture":"#0","tintindex":0},"south":{"uv":[5.7625,6.6375,6.2375,7.7375],"rotation":0,"texture":"#0","tintindex":0},"north":{"uv":[5.2625,6.6375,5.7375,7.7375],"rotation":0,"texture":"#0","tintindex":0},"west":{"uv":[1.1375,4.3875,2.2375,5.4875],"rotation":0,"texture":"#0","tintindex":0},"up":{"uv":[7.2375,2.2375,6.7625,1.1375],"rotation":0,"texture":"#0","tintindex":0},"down":{"uv":[7.2375,2.2625,6.7625,3.3625],"rotation":0,"texture":"#0","tintindex":0}}},{"from":[9.3343315,2.048873,10.207136],"to":[9.3343315,9.477445,12.49285],"rotation":{"angle":-45.0,"axis":"y","origin":[9.3343315,5.763159,11.349993]},"faces":{"east":{"uv":[6.2625,2.3875,6.7375,3.9875],"rotation":0,"texture":"#0","tintindex":0},"south":{"uv":[0.0125,0.0125,0.0125,1.6125],"rotation":0,"texture":"#0","tintindex":0},"north":{"uv":[0.0125,0.0125,0.0125,1.6125],"rotation":0,"texture":"#0","tintindex":0},"west":{"uv":[6.7375,2.3875,6.2625,3.9875],"rotation":0,"texture":"#0","tintindex":0},"up":{"uv":[0.0125,0.4875,0.0125,0.0125],"rotation":0,"texture":"#0","tintindex":0},"down":{"uv":[0.0125,0.0125,0.0125,0.4875],"rotation":0,"texture":"#0","tintindex":0}}},{"from":[7.857143,2.048873,7.685132],"to":[10.142858,4.334587,10.542274],"rotation":{"angle":0.0,"axis":"y","origin":[5.5714283,7.4774446,8.827989]},"faces":{"east":{"uv":[5.2625,7.7625,5.8625,8.2375],"rotation":0,"texture":"#0","tintindex":0},"south":{"uv":[8.1375,3.5125,8.6125,3.9875],"rotation":0,"texture":"#0","tintindex":0},"north":{"uv":[1.0125,8.1375,1.4875,8.6125],"rotation":0,"texture":"#0","tintindex":0},"west":{"uv":[7.7625,5.8875,8.3625,6.3625],"rotation":0,"texture":"#0","tintindex":0},"up":{"uv":[8.2375,7.8625,7.7625,7.2625],"rotation":0,"texture":"#0","tintindex":0},"down":{"uv":[2.7375,7.8875,2.2625,8.4875],"rotation":0,"texture":"#0","tintindex":0}}}],"display":{"head":{"translation":[0.0,-6.4,0.0],"scale":[4.0,4.0,4.0]}}}