{"textures":{"0":"modelengine:entity/hellhound"},"elements":[{"name":"cube","from":[5.75,4.1513166,5.269388],"to":[8.15,9.551317,10.669388],"rotation":{"angle":0.0,"axis":"x","origin":[10.55,7.451317,8.869389]},"faces":{"down":{"uv":[6.7625,2.2625,7.2375,3.3625],"rotation":0,"texture":"#0","tintindex":0},"east":{"uv":[2.2375,4.3875,1.1375,5.4875],"rotation":0,"texture":"#0","tintindex":0},"north":{"uv":[5.7375,6.6375,5.2625,7.7375],"rotation":0,"texture":"#0","tintindex":0},"south":{"uv":[6.2375,6.6375,5.7625,7.7375],"rotation":0,"texture":"#0","tintindex":0},"up":{"uv":[6.7625,2.2375,7.2375,1.1375],"rotation":0,"texture":"#0","tintindex":0},"west":{"uv":[1.1125,4.3875,0.0125,5.4875],"rotation":0,"texture":"#0","tintindex":0}}},{"name":"cube","from":[6.5989523,1.7513174,10.317492],"to":[6.5989523,9.551317,12.717493],"rotation":{"angle":45.0,"axis":"y","origin":[6.5989523,5.6513166,11.517492]},"faces":{"down":{"uv":[0.0125,0.0125,0.0125,0.4875],"rotation":0,"texture":"#0","tintindex":0},"east":{"uv":[6.2625,2.3875,6.7375,3.9875],"rotation":0,"texture":"#0","tintindex":0},"north":{"uv":[0.0125,0.0125,0.0125,1.6125],"rotation":0,"texture":"#0","tintindex":0},"south":{"uv":[0.0125,0.0125,0.0125,1.6125],"rotation":0,"texture":"#0","tintindex":0},"up":{"uv":[0.0125,0.4875,0.0125,0.0125],"rotation":0,"texture":"#0","tintindex":0},"west":{"uv":[6.7375,2.3875,6.2625,3.9875],"rotation":0,"texture":"#0","tintindex":0}}},{"name":"cube","from":[5.75,1.7513174,7.6693883],"to":[8.15,4.1513166,10.669388],"rotation":{"angle":0.0,"axis":"x","origin":[10.55,7.451317,8.869389]},"faces":{"down":{"uv":[2.2625,7.8875,2.7375,8.4875],"rotation":0,"texture":"#0","tintindex":0},"east":{"uv":[8.3625,5.8875,7.7625,6.3625],"rotation":0,"texture":"#0","tintindex":0},"north":{"uv":[1.4875,8.1375,1.0125,8.6125],"rotation":0,"texture":"#0","tintindex":0},"south":{"uv":[8.6125,3.5125,8.1375,3.9875],"rotation":0,"texture":"#0","tintindex":0},"up":{"uv":[7.7625,7.8625,8.2375,7.2625],"rotation":0,"texture":"#0","tintindex":0},"west":{"uv":[5.8625,7.7625,5.2625,8.2375],"rotation":0,"texture":"#0","tintindex":0}}}],"display":{"head":{"translation":[0.0,-6.4,0.0],"rotation":[0.0,0.0,0.0],"scale":[3.8095,3.8095,3.8095]}}}
