{"textures":{"0":"modelengine:entity/hellhound"},"elements":[{"name":"cube","from":[7.1,6.551317,1.6693879],"to":[8.9,8.951317,5.869388],"rotation":{"angle":-22.5,"axis":"x","origin":[11.75,14.051318,7.0693884]},"faces":{"down":{"uv":[7.3875,7.2625,7.7375,8.1125],"rotation":0,"texture":"#0","tintindex":0},"east":{"uv":[3.1125,7.0125,2.2625,7.4875],"rotation":0,"texture":"#0","tintindex":0},"north":{"uv":[5.6125,8.2625,5.2625,8.7375],"rotation":0,"texture":"#0","tintindex":0},"south":{"uv":[6.9875,8.2625,6.6375,8.7375],"rotation":0,"texture":"#0","tintindex":0},"up":{"uv":[6.6375,8.2375,6.9875,7.3875],"rotation":0,"texture":"#0","tintindex":0},"west":{"uv":[7.7375,6.2625,6.8875,6.7375],"rotation":0,"texture":"#0","tintindex":0}}},{"name":"cube","from":[7.1,7.1513166,-1.3306122],"to":[8.9,8.951317,1.6693879],"rotation":{"angle":-22.5,"axis":"x","origin":[11.75,14.051318,7.0693884]},"faces":{"down":{"uv":[8.2625,1.2625,8.6125,1.8625],"rotation":0,"texture":"#0","tintindex":0},"east":{"uv":[8.7375,7.8875,8.1375,8.2375],"rotation":0,"texture":"#0","tintindex":0},"north":{"uv":[0.9875,8.6375,0.6375,8.9875],"rotation":0,"texture":"#0","tintindex":0},"south":{"uv":[8.9875,0.7625,8.6375,1.1125],"rotation":0,"texture":"#0","tintindex":0},"up":{"uv":[7.3875,8.7375,7.7375,8.1375],"rotation":0,"texture":"#0","tintindex":0},"west":{"uv":[4.7375,8.1375,4.1375,8.4875],"rotation":0,"texture":"#0","tintindex":0}}}],"display":{"head":{"translation":[0.0,-6.4,0.0],"rotation":[0.0,0.0,0.0],"scale":[3.8095,3.8095,3.8095]}}}
