{"textures":{"0":"modelengine:entity/hellhound"},"elements":[{"from":[6.7818713,6.9556823,1.346941],"to":[9.067586,8.669968,4.2040834],"rotation":{"angle":0.0,"axis":"y","origin":[7.5818715,-1.0443182,8.775513]},"faces":{"east":{"uv":[8.2625,4.0125,8.8625,4.3625],"rotation":0,"texture":"#0","tintindex":0},"south":{"uv":[2.2625,8.5125,2.7375,8.8625],"rotation":0,"texture":"#0","tintindex":0},"north":{"uv":[8.3875,6.7625,8.8625,7.1125],"rotation":0,"texture":"#0","tintindex":0},"west":{"uv":[8.2625,4.3875,8.8625,4.7375],"rotation":0,"texture":"#0","tintindex":0},"up":{"uv":[3.6125,8.3625,3.1375,7.7625],"rotation":0,"texture":"#0","tintindex":0},"down":{"uv":[4.1125,7.7625,3.6375,8.3625],"rotation":0,"texture":"#0","tintindex":0}}},{"from":[6.4390144,6.9556823,4.2040834],"to":[9.296157,8.669968,6.489798],"rotation":{"angle":0.0,"axis":"y","origin":[7.5818715,-1.0443182,8.775513]},"faces":{"east":{"uv":[2.7625,1.3875,3.2375,1.7375],"rotation":0,"texture":"#0","tintindex":0},"south":{"uv":[8.2625,2.2625,8.8625,2.6125],"rotation":0,"texture":"#0","tintindex":0},"north":{"uv":[8.2625,1.8875,8.8625,2.2375],"rotation":0,"texture":"#0","tintindex":0},"west":{"uv":[8.2625,5.5125,8.7375,5.8625],"rotation":0,"texture":"#0","tintindex":0},"up":{"uv":[8.2375,4.6125,7.6375,4.1375],"rotation":0,"texture":"#0","tintindex":0},"down":{"uv":[8.2375,5.3875,7.6375,5.8625],"rotation":0,"texture":"#0","tintindex":0}}},{"from":[6.496157,8.669968,4.061227],"to":[9.3533,9.241397,4.632655],"rotation":{"angle":0.0,"axis":"y","origin":[7.5818715,-1.0443182,8.775513]},"faces":{"east":{"uv":[2.2625,8.8875,2.3625,8.9875],"rotation":0,"texture":"#0","tintindex":0},"south":{"uv":[8.6375,1.7625,9.2375,1.8625],"rotation":0,"texture":"#0","tintindex":0},"north":{"uv":[8.5125,6.6375,9.1125,6.7375],"rotation":0,"texture":"#0","tintindex":0},"west":{"uv":[8.8875,2.2625,8.9875,2.3625],"rotation":0,"texture":"#0","tintindex":0},"up":{"uv":[9.2375,3.9875,8.6375,3.8875],"rotation":0,"texture":"#0","tintindex":0},"down":{"uv":[9.3625,6.2625,8.7625,6.3625],"rotation":0,"texture":"#0","tintindex":0}}},{"from":[5.9521856,8.669968,4.6450205],"to":[9.952186,9.241397,6.359306],"rotation":{"angle":0.0,"axis":"y","origin":[7.6664715,-1.0443182,8.6450205]},"faces":{"east":{"uv":[2.7625,8.6375,3.1125,8.7375],"rotation":0,"texture":"#0","tintindex":0},"south":{"uv":[8.3875,7.1375,9.2375,7.2375],"rotation":0,"texture":"#0","tintindex":0},"north":{"uv":[5.3875,2.3875,6.2375,2.4875],"rotation":0,"texture":"#0","tintindex":0},"west":{"uv":[7.7625,8.6375,8.1125,8.7375],"rotation":0,"texture":"#0","tintindex":0},"up":{"uv":[3.1125,7.8625,2.2625,7.5125],"rotation":0,"texture":"#0","tintindex":0},"down":{"uv":[8.4875,3.1375,7.6375,3.4875],"rotation":0,"texture":"#0","tintindex":0}}},{"from":[5.9521856,6.9556823,6.359306],"to":[9.952186,9.812825,8.6450205],"rotation":{"angle":0.0,"axis":"y","origin":[7.6664715,-1.0443182,8.6450205]},"faces":{"east":{"uv":[7.7625,1.5125,8.2375,2.1125],"rotation":0,"texture":"#0","tintindex":0},"south":{"uv":[6.7625,4.0125,7.6125,4.6125],"rotation":0,"texture":"#0","tintindex":0},"north":{"uv":[6.7625,3.3875,7.6125,3.9875],"rotation":0,"texture":"#0","tintindex":0},"west":{"uv":[7.7625,2.1375,8.2375,2.7375],"rotation":0,"texture":"#0","tintindex":0},"up":{"uv":[7.8625,7.2375,7.0125,6.7625],"rotation":0,"texture":"#0","tintindex":0},"down":{"uv":[7.9875,0.0125,7.1375,0.4875],"rotation":0,"texture":"#0","tintindex":0}}},{"from":[9.414504,6.9556823,4.1550627],"to":[9.985932,8.098539,5.29792],"rotation":{"angle":45.0,"axis":"y","origin":[9.700218,7.5271106,5.012206]},"faces":{"east":{"uv":[1.5125,7.5125,1.7375,7.7375],"rotation":0,"texture":"#0","tintindex":0},"south":{"uv":[8.1375,1.2625,8.2375,1.4875],"rotation":0,"texture":"#0","tintindex":0},"north":{"uv":[8.0125,0.7625,8.1125,0.9875],"rotation":0,"texture":"#0","tintindex":0},"west":{"uv":[1.5125,7.7625,1.7375,7.9875],"rotation":0,"texture":"#0","tintindex":0},"up":{"uv":[4.7375,8.7375,4.6375,8.5125],"rotation":0,"texture":"#0","tintindex":0},"down":{"uv":[6.4875,8.5125,6.3875,8.7375],"rotation":0,"texture":"#0","tintindex":0}}},{"from":[9.414504,6.9556823,5.29792],"to":[9.985932,7.5271106,5.8693485],"rotation":{"angle":45.0,"axis":"y","origin":[9.700218,7.5271106,5.012206]},"faces":{"east":{"uv":[4.2625,1.2625,4.3625,1.3625],"rotation":0,"texture":"#0","tintindex":0},"south":{"uv":[2.0125,5.5125,2.1125,5.6125],"rotation":0,"texture":"#0","tintindex":0},"north":{"uv":[4.1375,1.2625,4.2375,1.3625],"rotation":0,"texture":"#0","tintindex":0},"west":{"uv":[2.1375,5.5125,2.2375,5.6125],"rotation":0,"texture":"#0","tintindex":0},"up":{"uv":[6.7375,1.7375,6.6375,1.6375],"rotation":0,"texture":"#0","tintindex":0},"down":{"uv":[6.3625,6.6375,6.2625,6.7375],"rotation":0,"texture":"#0","tintindex":0}}},{"from":[9.936912,6.9556823,5.4162664],"to":[10.508341,7.5271106,7.130553],"rotation":{"angle":0.0,"axis":"y","origin":[10.222626,7.5271106,5.1305523]},"faces":{"east":{"uv":[1.3875,8.7625,1.7375,8.8625],"rotation":0,"texture":"#0","tintindex":0},"south":{"uv":[8.1375,4.0125,8.2375,4.1125],"rotation":0,"texture":"#0","tintindex":0},"north":{"uv":[7.1375,1.0125,7.2375,1.1125],"rotation":0,"texture":"#0","tintindex":0},"west":{"uv":[2.7625,8.7625,3.1125,8.8625],"rotation":0,"texture":"#0","tintindex":0},"up":{"uv":[5.3625,1.2375,5.2625,0.8875],"rotation":0,"texture":"#0","tintindex":0},"down":{"uv":[6.3625,5.6375,6.2625,5.9875],"rotation":0,"texture":"#0","tintindex":0}}},{"from":[5.749239,6.9556823,4.1550627],"to":[6.3206673,8.098539,5.29792],"rotation":{"angle":-45.0,"axis":"y","origin":[6.034953,7.5271106,5.012206]},"faces":{"east":{"uv":[1.5125,8.0125,1.7375,8.2375],"rotation":0,"texture":"#0","tintindex":0},"south":{"uv":[4.6375,8.7625,4.7375,8.9875],"rotation":0,"texture":"#0","tintindex":0},"north":{"uv":[6.5125,8.5125,6.6125,8.7375],"rotation":0,"texture":"#0","tintindex":0},"west":{"uv":[1.5125,8.2625,1.7375,8.4875],"rotation":0,"texture":"#0","tintindex":0},"up":{"uv":[6.9875,8.9875,6.8875,8.7625],"rotation":0,"texture":"#0","tintindex":0},"down":{"uv":[0.4875,8.8875,0.3875,9.1125],"rotation":0,"texture":"#0","tintindex":0}}},{"from":[5.749239,6.9556823,5.29792],"to":[6.3206673,7.5271106,5.8693485],"rotation":{"angle":-45.0,"axis":"y","origin":[6.034953,7.5271106,5.012206]},"faces":{"east":{"uv":[4.0125,8.3875,4.1125,8.4875],"rotation":0,"texture":"#0","tintindex":0},"south":{"uv":[8.5125,3.3875,8.6125,3.4875],"rotation":0,"texture":"#0","tintindex":0},"north":{"uv":[3.8875,8.3875,3.9875,8.4875],"rotation":0,"texture":"#0","tintindex":0},"west":{"uv":[1.3875,8.6375,1.4875,8.7375],"rotation":0,"texture":"#0","tintindex":0},"up":{"uv":[0.6125,8.9875,0.5125,8.8875],"rotation":0,"texture":"#0","tintindex":0},"down":{"uv":[8.9875,2.1375,8.8875,2.2375],"rotation":0,"texture":"#0","tintindex":0}}},{"from":[5.226831,6.9556823,5.4162664],"to":[5.7982597,7.5271106,7.130553],"rotation":{"angle":0.0,"axis":"y","origin":[5.5125456,7.5271106,5.1305523]},"faces":{"east":{"uv":[8.8875,1.8875,9.2375,1.9875],"rotation":0,"texture":"#0","tintindex":0},"south":{"uv":[8.3875,2.6375,8.4875,2.7375],"rotation":0,"texture":"#0","tintindex":0},"north":{"uv":[8.2625,2.6375,8.3625,2.7375],"rotation":0,"texture":"#0","tintindex":0},"west":{"uv":[8.8875,2.0125,9.2375,2.1125],"rotation":0,"texture":"#0","tintindex":0},"up":{"uv":[3.2375,7.7375,3.1375,7.3875],"rotation":0,"texture":"#0","tintindex":0},"down":{"uv":[7.7375,5.8875,7.6375,6.2375],"rotation":0,"texture":"#0","tintindex":0}}},{"from":[6.7818713,5.812825,1.346941],"to":[9.067586,6.9556823,4.775512],"rotation":{"angle":0.0,"axis":"y","origin":[7.5818715,-1.0443182,8.775513]},"faces":{"east":{"uv":[8.1375,8.2625,8.8625,8.4875],"rotation":0,"texture":"#0","tintindex":0},"south":{"uv":[6.3875,8.7625,6.8625,8.9875],"rotation":0,"texture":"#0","tintindex":0},"north":{"uv":[8.7625,6.0125,9.2375,6.2375],"rotation":0,"texture":"#0","tintindex":0},"west":{"uv":[8.3875,0.0125,9.1125,0.2375],"rotation":0,