{"textures":{"0":"modelengine:entity/hellhound"},"elements":[{"name":"cube","from":[6.7209644,6.903466,1.014288],"to":[9.120965,8.703466,4.014288],"rotation":{"angle":0.0,"axis":"x","origin":[7.560965,-1.4965343,8.814288]},"faces":{"down":{"uv":[4.1125,7.7625,3.6375,8.3625],"rotation":0,"texture":"#0","tintindex":0},"east":{"uv":[8.2625,4.0125,8.8625,4.3625],"rotation":0,"texture":"#0","tintindex":0},"north":{"uv":[8.3875,6.7625,8.8625,7.1125],"rotation":0,"texture":"#0","tintindex":0},"south":{"uv":[2.2625,8.5125,2.7375,8.8625],"rotation":0,"texture":"#0","tintindex":0},"up":{"uv":[3.6125,8.3625,3.1375,7.7625],"rotation":0,"texture":"#0","tintindex":0},"west":{"uv":[8.2625,4.3875,8.8625,4.7375],"rotation":0,"texture":"#0","tintindex":0}}},{"name":"cube","from":[6.360965,6.903466,4.014288],"to":[9.360966,8.703466,6.4142885],"rotation":{"angle":0.0,"axis":"x","origin":[7.560965,-1.4965343,8.814288]},"faces":{"down":{"uv":[8.2375,5.3875,7.6375,5.8625],"rotation":0,"texture":"#0","tintindex":0},"east":{"uv":[2.7625,1.3875,3.2375,1.7375],"rotation":0,"texture":"#0","tintindex":0},"north":{"uv":[8.2625,1.8875,8.8625,2.2375],"rotation":0,"texture":"#0","tintindex":0},"south":{"uv":[8.2625,2.2625,8.8625,2.6125],"rotation":0,"texture":"#0","tintindex":0},"up":{"uv":[8.2375,4.6125,7.6375,4.1375],"rotation":0,"texture":"#0","tintindex":0},"west":{"uv":[8.2625,5.5125,8.7375,5.8625],"rotation":0,"texture":"#0","tintindex":0}}},{"name":"cube","from":[6.4209647,8.703466,3.864288],"to":[9.420965,9.303467,4.464288],"rotation":{"angle":0.0,"axis":"x","origin":[7.560965,-1.4965343,8.814288]},"faces":{"down":{"uv":[9.3625,6.2625,8.7625,6.3625],"rotation":0,"texture":"#0","tintindex":0},"east":{"uv":[2.2625,8.8875,2.3625,8.9875],"rotation":0,"texture":"#0","tintindex":0},"north":{"uv":[8.5125,6.6375,9.1125,6.7375],"rotation":0,"texture":"#0","tintindex":0},"south":{"uv":[8.6375,1.7625,9.2375,1.8625],"rotation":0,"texture":"#0","tintindex":0},"up":{"uv":[9.2375,3.9875,8.6375,3.8875],"rotation":0,"texture":"#0","tintindex":0},"west":{"uv":[8.8875,2.2625,8.9875,2.3625],"rotation":0,"texture":"#0","tintindex":0}}},{"name":"cube","from":[5.8497953,8.703466,4.4772716],"to":[10.049795,9.303467,6.2772713],"rotation":{"angle":0.0,"axis":"x","origin":[7.649795,-1.4965343,8.677272]},"faces":{"down":{"uv":[8.4875,3.1375,7.6375,3.4875],"rotation":0,"texture":"#0","tintindex":0},"east":{"uv":[2.7625,8.6375,3.1125,8.7375],"rotation":0,"texture":"#0","tintindex":0},"north":{"uv":[5.3875,2.3875,6.2375,2.4875],"rotation":0,"texture":"#0","tintindex":0},"south":{"uv":[8.3875,7.1375,9.2375,7.2375],"rotation":0,"texture":"#0","tintindex":0},"up":{"uv":[3.1125,7.8625,2.2625,7.5125],"rotation":0,"texture":"#0","tintindex":0},"west":{"uv":[7.7625,8.6375,8.1125,8.7375],"rotation":0,"texture":"#0","tintindex":0}}},{"name":"cube","from":[5.8497953,6.903466,6.2772713],"to":[10.049795,9.903466,8.677272],"rotation":{"angle":0.0,"axis":"x","origin":[7.649795,-1.4965343,8.677272]},"faces":{"down":{"uv":[7.9875,0.0125,7.1375,0.4875],"rotation":0,"texture":"#0","tintindex":0},"east":{"uv":[7.7625,1.5125,8.2375,2.1125],"rotation":0,"texture":"#0","tintindex":0},"north":{"uv":[6.7625,3.3875,7.6125,3.9875],"rotation":0,"texture":"#0","tintindex":0},"south":{"uv":[6.7625,4.0125,7.6125,4.6125],"rotation":0,"texture":"#0","tintindex":0},"up":{"uv":[7.8625,7.2375,7.0125,6.7625],"rotation":0,"texture":"#0","tintindex":0},"west":{"uv":[7.7625,2.1375,8.2375,2.7375],"rotation":0,"texture":"#0","tintindex":0}}},{"name":"cube","from":[9.4852295,6.903466,3.962816],"to":[10.08523,8.103466,5.162816],"rotation":{"angle":45.0,"axis":"y","origin":[9.785229,7.503466,4.862816]},"faces":{"down":{"uv":[6.4875,8.5125,6.3875,8.7375],"rotation":0,"texture":"#0","tintindex":0},"east":{"uv":[1.5125,7.5125,1.7375,7.7375],"rotation":0,"texture":"#0","tintindex":0},"north":{"uv":[8.0125,0.7625,8.1125,0.9875],"rotation":0,"texture":"#0","tintindex":0},"south":{"uv":[8.1375,1.2625,8.2375,1.4875],"rotation":0,"texture":"#0","tintindex":0},"up":{"uv":[4.7375,8.7375,4.6375,8.5125],"rotation":0,"texture":"#0","tintindex":0},"west":{"uv":[1.5125,7.7625,1.7375,7.9875],"rotation":0,"texture":"#0","tintindex":0}}},{"name":"cube","from":[9.4852295,6.903466,5.162816],"to":[10.08523,7.503466,5.7628164],"rotation":{"angle":45.0,"axis":"y","origin":[9.785229,7.503466,4.862816]},"faces":{"down":{"uv":[6.3625,6.6375,6.2625,6.7375],"rotation":0,"texture":"#0","tintindex":0},"east":{"uv":[4.2625,1.2625,4.3625,1.3625],"rotation":0,"texture":"#0","tintindex":0},"north":{"uv":[4.1375,1.2625,4.2375,1.3625],"rotation":0,"texture":"#0","tintindex":0},"south":{"uv":[2.0125,5.5125,2.1125,5.6125],"rotation":0,"texture":"#0","tintindex":0},"up":{"uv":[6.7375,1.7375,6.6375,1.6375],"rotation":0,"texture":"#0","tintindex":0},"west":{"uv":[2.1375,5.5125,2.2375,5.6125],"rotation":0,"texture":"#0","tintindex":0}}},{"name":"cube","from":[10.033757,6.903466,5.287081],"to":[10.633757,7.503466,7.087081],"rotation":{"angle":0.0,"axis":"x","origin":[10.333757,7.503466,4.9870806]},"faces":{"down":{"uv":[6.3625,5.6375,6.2625,5.9875],"rotation":0,"texture":"#0","tintindex":0},"east":{"uv":[1.3875,8.7625,1.7375,8.8625],"rotation":0,"texture":"#0","tintindex":0},"north":{"uv":[7.1375,1.0125,7.2375,1.1125],"rotation":0,"texture":"#0","tintindex":0},"south":{"uv":[8.1375,4.0125,8.2375,4.1125],"rotation":0,"texture":"#0","tintindex":0},"up":{"uv":[5.3625,1.2375,5.2625,0.8875],"rotation":0,"texture":"#0","tintindex":0},"west":{"uv":[2.7625,8.7625,3.1125,8.8625],"rotation":0,"texture":"#0","tintindex":0}}},{"name":"cube","from":[5.636701,6.903466,3.962816],"to":[6.236701,8.103466,5.162816],"rotation":{"angle":-45.0,"axis":"y","origin":[5.936701,7.503466,4.862816]},"faces":{"down":{"uv":[0.4875,8.8875,0.3875,9.1125],"rotation":0,"texture":"#0","tintindex":0},"east":{"uv":[1.5125,8.0125,1.7375,8.2375],"rotation":0,"texture":"#0","tintindex":0},"north":{"uv":[6.5125,8.5125,6.6125,8.7375],"rotation":0,"texture":"#0","tintindex":0},"south":{"uv":[4.6375,8.7625,4.7375,8.9875],"rotation":0,"texture":"#0","tintindex":0},"up":{"uv":[6.9875,8.9875,6.8875,8.7625],"rotation":0,"texture":"#0","tintindex":0},"west":{"uv":[1.5125,8.2625,1.7375,8.4875],"rotation":0,"texture":"#0","tintindex":0}}},{"name":"cube","from":[5.636701,6.903466,5.162816],"to":[6.236701,7.503466,5.7628164],"rotation":{"angle":-45.0,"axis":"y","origin":[5.936701,7.503466,4.862816]},"faces":{"down":{"uv":[8.9875,2.1375,8.8875,2.2375],"rotation":0,"texture":"#0","tintindex":0},"east":{"uv":[4.0125,8.3875,4.1125,8.4875],"rotation":0,"texture":"#0","tintindex":0},"north":{"uv":[3.8875,8.3875,3.9875,8.4875],"rotation":0,"texture":"#0","tintindex":0},"south":{"uv":[8.5125,3.3875,8.6125,3.4875],"rotation":0,"texture":"#0","tintindex":0},"up":{"uv":[0.6125,8.9875,0.5125,8.8875],"rotation":0,"texture":"#0","tintindex":0},"west":{"uv":[1.3875,8.6375,1.4875,8.7375],"rotation":0,"texture":"#0","tintindex":0}}},{"name":"cube","from":[5.0881724,6.903466,5.287081],"to":[5.6881723,7.503466,7.087081],"rotation":{"angle":0.0,"axis":"x","origin":[5.3881726,7.503466,4.9870806]},"faces":{"down":{"uv":[7.7375,5.8875,7.6375,6.2375],"rotation":0,"texture":"#0","tintindex":0},"east":{"uv":[8.8875,1.8875,9.2375,1.9875],"rotation":0,"texture":"#0","tintindex":0},"north":{"uv":[8.2625,2.6375,8.3625,2.7375],"rotation":0,"texture":"#0","tintindex":0},"south":{"uv":[8.3875,2.6375,8.4875,2.7375],"rotation":0,"texture":"#0","tintindex":0},"up":{"uv":[3.2375,7.7375,3.1375,7.3875],"rotation":0,"texture":"#0","tintindex":0},"west":{"uv":[8.8875,2.0125,9.2375,2.1125],"rotation":0,"texture":"#0","tintindex":0}}},{"name":"cube","from":[6.7209644,5.703466,1.014288],"to":[9.120965,6.903466,4.6142883],"rotation":{"angle":0.0,"axis":"x","origin":[7.560965,-1.4965343,8.814288]},"faces":{"down":{"uv":[7.7375,4.6375,7.2625,5.3625],"rotation":0,"texture":"#0","tintindex":0},"east":{"uv":[8.1375,8.2625,8.8625,8.4875],"rotation":0,"texture":"#0","tintindex":0},