{"textures":{"0":"modelengine:entity/hellhound"},"elements":[{"from":[7.214286,6.928571,2.642857],"to":[8.928572,7.5,4.928571],"rotation":{"angle":0.0,"axis":"y","origin":[7.7285714,0.0714283,9.5]},"faces":{"east":{"uv":[7.7625,5.2625,8.2375,5.3625],"rotation":0,"texture":"#0","tintindex":0},"south":{"uv":[1.3875,8.8875,1.7375,8.9875],"rotation":0,"texture":"#0","tintindex":0},"north":{"uv":[0.0125,8.8875,0.3625,8.9875],"rotation":0,"texture":"#0","tintindex":0},"west":{"uv":[8.2625,7.7625,8.7375,7.8625],"rotation":0,"texture":"#0","tintindex":0},"up":{"uv":[5.1125,8.8625,4.7625,8.3875],"rotation":0,"texture":"#0","tintindex":0},"down":{"uv":[8.7375,5.8875,8.3875,6.3625],"rotation":0,"texture":"#0","tintindex":0}}},{"from":[7.214286,5.785714,2.642857],"to":[8.928572,6.928571,6.0714283],"rotation":{"angle":0.0,"axis":"y","origin":[7.7285714,0.0714283,9.5]},"faces":{"east":{"uv":[8.2625,7.2625,8.9875,7.4875],"rotation":0,"texture":"#0","tintindex":0},"south":{"uv":[7.2625,5.3875,7.6125,5.6125],"rotation":0,"texture":"#0","tintindex":0},"north":{"uv":[7.2625,3.1375,7.6125,3.3625],"rotation":0,"texture":"#0","tintindex":0},"west":{"uv":[8.2625,7.5125,8.9875,7.7375],"rotation":0,"texture":"#0","tintindex":0},"up":{"uv":[6.2375,8.4875,5.8875,7.7625],"rotation":0,"texture":"#0","tintindex":0},"down":{"uv":[3.1125,7.8875,2.7625,8.6125],"rotation":0,"texture":"#0","tintindex":0}}},{"from":[6.357143,5.785714,6.0714283],"to":[9.785714,6.928571,8.928572],"rotation":{"angle":0.0,"axis":"y","origin":[7.7285714,0.0714283,9.5]},"faces":{"east":{"uv":[8.5125,3.1375,9.1125,3.3625],"rotation":0,"texture":"#0","tintindex":0},"south":{"uv":[8.3875,0.5125,9.1125,0.7375],"rotation":0,"texture":"#0","tintindex":0},"north":{"uv":[8.3875,0.2625,9.1125,0.4875],"rotation":0,"texture":"#0","tintindex":0},"west":{"uv":[8.5125,6.3875,9.1125,6.6125],"rotation":0,"texture":"#0","tintindex":0},"up":{"uv":[6.9875,7.3625,6.2625,6.7625],"rotation":0,"texture":"#0","tintindex":0},"down":{"uv":[7.6125,5.6375,6.8875,6.2375],"rotation":0,"texture":"#0","tintindex":0}}},{"from":[9.785714,6.357143,7.214286],"to":[10.357143,8.642858,8.928572],"rotation":{"angle":0.0,"axis":"y","origin":[7.7285714,0.0714283,9.5]},"faces":{"east":{"uv":[3.1375,8.3875,3.4875,8.8625],"rotation":0,"texture":"#0","tintindex":0},"south":{"uv":[3.7625,4.8875,3.8625,5.3625],"rotation":0,"texture":"#0","tintindex":0},"north":{"uv":[3.7625,4.3875,3.8625,4.8625],"rotation":0,"texture":"#0","tintindex":0},"west":{"uv":[3.5125,8.3875,3.8625,8.8625],"rotation":0,"texture":"#0","tintindex":0},"up":{"uv":[6.6125,0.8625,6.5125,0.5125],"rotation":0,"texture":"#0","tintindex":0},"down":{"uv":[3.2375,7.0125,3.1375,7.3625],"rotation":0,"texture":"#0","tintindex":0}}},{"from":[5.8142853,6.357143,7.214286],"to":[6.385714,8.642858,8.928572],"rotation":{"angle":0.0,"axis":"y","origin":[7.7285714,0.0714283,9.5]},"faces":{"east":{"uv":[7.0125,8.3875,7.3625,8.8625],"rotation":0,"texture":"#0","tintindex":0},"south":{"uv":[6.6375,1.1375,6.7375,1.6125],"rotation":0,"texture":"#0","tintindex":0},"north":{"uv":[6.5125,0.0125,6.6125,0.4875],"rotation":0,"texture":"#0","tintindex":0},"west":{"uv":[8.5125,2.6375,8.8625,3.1125],"rotation":0,"texture":"#0","tintindex":0},"up":{"uv":[4.2375,8.1125,4.1375,7.7625],"rotation":0,"texture":"#0","tintindex":0},"down":{"uv":[5.2375,8.3875,5.1375,8.7375],"rotation":0,"texture":"#0","tintindex":0}}}],"display":{"head":{"translation":[0.0,-6.4,0.0],"scale":[4.0,4.0,4.0]}}}