{"textures":{"0":"modelengine:entity/hellhound"},"elements":[{"from":[6.857143,7.166699,5.9652877],"to":[9.142858,8.309556,8.822431],"rotation":{"angle":0.0,"axis":"y","origin":[12.0,14.59527,12.251002]},"faces":{"east":{"uv":[0.6125,8.6375,0.0125,8.8625],"rotation":0,"texture":"#0","tintindex":0},"south":{"uv":[9.2375,7.7625,8.7625,7.9875],"rotation":0,"texture":"#0","tintindex":0},"north":{"uv":[7.8625,8.7625,7.3875,8.9875],"rotation":0,"texture":"#0","tintindex":0},"west":{"uv":[8.7375,8.5125,8.1375,8.7375],"rotation":0,"texture":"#0","tintindex":0},"up":{"uv":[7.7625,5.2375,8.2375,4.6375],"rotation":0,"texture":"#0","tintindex":0},"down":{"uv":[4.7625,7.7625,5.2375,8.3625],"rotation":0,"texture":"#0","tintindex":0}}},{"from":[6.857143,7.5714283,5.714286],"to":[9.142858,8.714286,6.857143],"rotation":{"angle":-22.5,"axis":"x","origin":[8.0,8.0,6.857143]},"faces":{"east":{"uv":[1.7375,8.5125,1.5125,8.7375],"rotation":0,"texture":"#0","tintindex":0},"south":{"uv":[9.2375,8.0125,8.7625,8.2375],"rotation":0,"texture":"#0","tintindex":0},"north":{"uv":[8.3625,8.7625,7.8875,8.9875],"rotation":0,"texture":"#0","tintindex":0},"west":{"uv":[5.8625,8.2625,5.6375,8.4875],"rotation":0,"texture":"#0","tintindex":0},"up":{"uv":[8.3875,8.9875,8.8625,8.7625],"rotation":0,"texture":"#0","tintindex":0},"down":{"uv":[8.7625,8.5125,9.2375,8.7375],"rotation":0,"texture":"#0","tintindex":0}}}],"display":{"head":{"translation":[0.0,-6.4,0.0],"scale":[4.0,4.0,4.0]}}}