{"textures":{"0":"modelengine:entity/hellhound"},"elements":[{"name":"cube","from":[6.95,5.5866876,4.6535788],"to":[9.35,7.9866877,8.853579],"rotation":{"angle":-22.5,"axis":"x","origin":[12.35,11.586688,7.6535788]},"faces":{"down":{"uv":[7.2625,1.5125,7.7375,2.3625],"rotation":0,"texture":"#0","tintindex":0},"east":{"uv":[8.1125,1.0125,7.2625,1.4875],"rotation":0,"texture":"#0","tintindex":0},"north":{"uv":[0.9875,8.1375,0.5125,8.6125],"rotation":0,"texture":"#0","tintindex":0},"south":{"uv":[8.6125,0.7625,8.1375,1.2375],"rotation":0,"texture":"#0","tintindex":0},"up":{"uv":[1.0125,8.1125,1.4875,7.2625],"rotation":0,"texture":"#0","tintindex":0},"west":{"uv":[7.9875,0.5125,7.1375,0.9875],"rotation":0,"texture":"#0","tintindex":0}}},{"name":"cube","from":[6.95,6.416298,1.0079062],"to":[8.75,8.216298,4.6079063],"rotation":{"angle":-22.5,"axis":"x","origin":[12.35,11.8162985,8.207907]},"faces":{"down":{"uv":[8.0125,0.0125,8.3625,0.7375],"rotation":0,"texture":"#0","tintindex":0},"east":{"uv":[8.4875,6.3875,7.7625,6.7375],"rotation":0,"texture":"#0","tintindex":0},"north":{"uv":[1.3625,8.6375,1.0125,8.9875],"rotation":0,"texture":"#0","tintindex":0},"south":{"uv":[8.9875,1.1375,8.6375,1.4875],"rotation":0,"texture":"#0","tintindex":0},"up":{"uv":[7.7625,8.6125,8.1125,7.8875],"rotation":0,"texture":"#0","tintindex":0},"west":{"uv":[8.4875,2.7625,7.7625,3.1125],"rotation":0,"texture":"#0","tintindex":0}}}],"display":{"head":{"translation":[0.0,-6.4,0.0],"rotation":[0.0,0.0,0.0],"scale":[3.8095,3.8095,3.8095]}}}
