{"textures":{"0":"modelengine:entity/hellhound"},"elements":[{"name":"cube","from":[8.099999,5.1314945,7.052865],"to":[10.5,9.931496,11.252866],"rotation":{"angle":-22.5,"axis":"x","origin":[5.3999996,5.731495,10.052866]},"faces":{"down":{"uv":[0.9875,7.2625,0.5125,8.1125],"rotation":0,"texture":"#0","tintindex":0},"east":{"uv":[3.2625,5.3875,4.1125,6.3625],"rotation":0,"texture":"#0","tintindex":0},"north":{"uv":[3.2625,4.3875,3.7375,5.3625],"rotation":0,"texture":"#0","tintindex":0},"south":{"uv":[6.7625,4.6375,7.2375,5.6125],"rotation":0,"texture":"#0","tintindex":0},"up":{"uv":[0.4875,8.1125,0.0125,7.2625],"rotation":0,"texture":"#0","tintindex":0},"west":{"uv":[4.1375,5.3875,4.9875,6.3625],"rotation":0,"texture":"#0","tintindex":0}}},{"name":"cube","from":[8.7,2.7314947,8.852865],"to":[10.5,5.1314945,11.252866],"rotation":{"angle":-22.5,"axis":"x","origin":[5.3999996,5.731495,10.052866]},"faces":{"down":{"uv":[6.3625,8.5125,6.0125,8.9875],"rotation":0,"texture":"#0","tintindex":0},"east":{"uv":[7.8875,6.7625,8.3625,7.2375],"rotation":0,"texture":"#0","tintindex":0},"north":{"uv":[3.8875,8.5125,4.2375,8.9875],"rotation":0,"texture":"#0","tintindex":0},"south":{"uv":[4.2625,8.5125,4.6125,8.9875],"rotation":0,"texture":"#0","tintindex":0},"up":{"uv":[5.9875,8.9875,5.6375,8.5125],"rotation":0,"texture":"#0","tintindex":0},"west":{"uv":[0.0125,8.1375,0.4875,8.6125],"rotation":0,"texture":"#0","tintindex":0}}},{"name":"cube","from":[10.5,3.3314948,11.252866],"to":[10.5,9.931496,13.652865],"rotation":{"angle":-22.5,"axis":"x","origin":[5.3999996,5.731495,10.052866]},"faces":{"down":{"uv":[0.0125,0.0125,0.0125,0.4875],"rotation":0,"texture":"#0","tintindex":0},"east":{"uv":[3.2625,6.3875,3.7375,7.7375],"rotation":0,"texture":"#0","tintindex":0},"north":{"uv":[0.0125,0.0125,0.0125,1.3625],"rotation":0,"texture":"#0","tintindex":0},"south":{"uv":[0.0125,0.0125,0.0125,1.3625],"rotation":0,"texture":"#0","tintindex":0},"up":{"uv":[0.0125,0.4875,0.0125,0.0125],"rotation":0,"texture":"#0","tintindex":0},"west":{"uv":[3.7375,6.3875,3.2625,7.7375],"rotation":0,"texture":"#0","tintindex":0}}}],"display":{"head":{"translation":[0.0,-6.4,0.0],"rotation":[0.0,0.0,0.0],"scale":[3.8095,3.8095,3.8095]}}}