{"textures":{"0":"modelengine:entity/hellhound"},"elements":[{"name":"cube","from":[6.6499996,5.5866876,4.6535788],"to":[9.05,7.9866877,8.853579],"rotation":{"angle":-22.5,"axis":"x","origin":[3.6499999,11.586688,7.6535788]},"faces":{"down":{"uv":[7.7375,1.5125,7.2625,2.3625],"rotation":0,"texture":"#0","tintindex":0},"east":{"uv":[7.1375,0.5125,7.9875,0.9875],"rotation":0,"texture":"#0","tintindex":0},"north":{"uv":[0.5125,8.1375,0.9875,8.6125],"rotation":0,"texture":"#0","tintindex":0},"south":{"uv":[8.1375,0.7625,8.6125,1.2375],"rotation":0,"texture":"#0","tintindex":0},"up":{"uv":[1.4875,8.1125,1.0125,7.2625],"rotation":0,"texture":"#0","tintindex":0},"west":{"uv":[7.2625,1.0125,8.1125,1.4875],"rotation":0,"texture":"#0","tintindex":0}}},{"name":"cube","from":[7.25,6.416298,1.0079062],"to":[9.05,8.216298,4.6079063],"rotation":{"angle":-22.5,"axis":"x","origin":[3.6499999,11.8162985,8.207907]},"faces":{"down":{"uv":[8.3625,0.0125,8.0125,0.7375],"rotation":0,"texture":"#0","tintindex":0},"east":{"uv":[7.7625,2.7625,8.4875,3.1125],"rotation":0,"texture":"#0","tintindex":0},"north":{"uv":[1.0125,8.6375,1.3625,8.9875],"rotation":0,"texture":"#0","tintindex":0},"south":{"uv":[8.6375,1.1375,8.9875,1.4875],"rotation":0,"texture":"#0","tintindex":0},"up":{"uv":[8.1125,8.6125,7.7625,7.8875],"rotation":0,"texture":"#0","tintindex":0},"west":{"uv":[7.7625,6.3875,8.4875,6.7375],"rotation":0,"texture":"#0","tintindex":0}}}],"display":{"head":{"translation":[0.0,-6.4,0.0],"rotation":[0.0,0.0,0.0],"scale":[3.8095,3.8095,3.8095]}}}
