{"textures":{"0":"modelengine:entity/hellhound"},"elements":[{"from":[7.142857,8.0,7.714286],"to":[8.857143,8.0,12.857143],"rotation":{"angle":0.0,"axis":"y","origin":[8.0,-15.1428585,26.285715]},"faces":{"east":{"uv":[0.0125,0.0125,1.1125,0.0125],"rotation":0,"texture":"#0","tintindex":0},"south":{"uv":[0.0125,0.0125,0.3625,0.0125],"rotation":0,"texture":"#0","tintindex":0},"north":{"uv":[0.0125,0.0125,0.3625,0.0125],"rotation":0,"texture":"#0","tintindex":0},"west":{"uv":[0.0125,0.0125,1.1125,0.0125],"rotation":0,"texture":"#0","tintindex":0},"up":{"uv":[7.3625,8.3625,7.0125,7.2625],"rotation":0,"texture":"#0","tintindex":0},"down":{"uv":[7.3625,7.2625,7.0125,8.3625],"rotation":0,"texture":"#0","tintindex":0}}}],"display":{"head":{"translation":[0.0,-6.4,0.0],"scale":[4.0,4.0,4.0]}}}