{"textures":{"0":"modelengine:entity/hellhound"},"elements":[{"name":"cube","from":[6.8,8.602319,7.283234],"to":[9.2,8.602319,12.683234],"rotation":{"angle":22.5,"axis":"x","origin":[8.0,6.502318,6.083234]},"faces":{"down":{"uv":[6.8625,5.6375,6.3875,6.7375],"rotation":0,"texture":"#0","tintindex":0},"east":{"uv":[0.0125,0.0125,1.1125,0.0125],"rotation":0,"texture":"#0","tintindex":0},"north":{"uv":[0.0125,0.0125,0.4875,0.0125],"rotation":0,"texture":"#0","tintindex":0},"south":{"uv":[0.0125,0.0125,0.4875,0.0125],"rotation":0,"texture":"#0","tintindex":0},"up":{"uv":[6.8625,6.7375,6.3875,5.6375],"rotation":0,"texture":"#0","tintindex":0},"west":{"uv":[0.0125,0.0125,1.1125,0.0125],"rotation":0,"texture":"#0","tintindex":0}}}],"display":{"head":{"translation":[0.0,-6.4,0.0],"rotation":[0.0,0.0,0.0],"scale":[3.8095,3.8095,3.8095]}}}
