{"textures":{"0":"modelengine:entity/hellhound"},"elements":[{"from":[6.857143,10.553264,7.714286],"to":[9.142858,10.553264,12.857143],"rotation":{"angle":22.5,"axis":"x","origin":[8.0,8.553264,1.4285712]},"faces":{"east":{"uv":[0.0125,0.0125,1.1125,0.0125],"rotation":0,"texture":"#0","tintindex":0},"south":{"uv":[0.0125,0.0125,0.4875,0.0125],"rotation":0,"texture":"#0","tintindex":0},"north":{"uv":[0.0125,0.0125,0.4875,0.0125],"rotation":0,"texture":"#0","tintindex":0},"west":{"uv":[0.0125,0.0125,1.1125,0.0125],"rotation":0,"texture":"#0","tintindex":0},"up":{"uv":[7.1125,1.1125,6.6375,0.0125],"rotation":0,"texture":"#0","tintindex":0},"down":{"uv":[7.1125,0.0125,6.6375,1.1125],"rotation":0,"texture":"#0","tintindex":0}}}],"display":{"head":{"translation":[0.0,-6.4,0.0],"scale":[4.0,4.0,4.0]}}}