{"textures":{"0":"modelengine:entity/hellhound"},"elements":[{"from":[6.857143,8.573637,7.317366],"to":[9.142858,8.573637,12.460224],"rotation":{"angle":22.5,"axis":"x","origin":[8.0,6.5736365,6.174509]},"faces":{"east":{"uv":[0.0125,0.0125,1.1125,0.0125],"rotation":0,"texture":"#0","tintindex":0},"south":{"uv":[0.0125,0.0125,0.4875,0.0125],"rotation":0,"texture":"#0","tintindex":0},"north":{"uv":[0.0125,0.0125,0.4875,0.0125],"rotation":0,"texture":"#0","tintindex":0},"west":{"uv":[0.0125,0.0125,1.1125,0.0125],"rotation":0,"texture":"#0","tintindex":0},"up":{"uv":[6.8625,6.7375,6.3875,5.6375],"rotation":0,"texture":"#0","tintindex":0},"down":{"uv":[6.8625,5.6375,6.3875,6.7375],"rotation":0,"texture":"#0","tintindex":0}}}],"display":{"head":{"translation":[0.0,-6.4,0.0],"scale":[4.0,4.0,4.0]}}}